Order ID,Order Date,Ship Date,Ship Mode,Customer ID
CA-2016-152156,11-08-16,11-11-16,Second Class,CG-12520
CA-2016-138688,06-12-16,6/16/2016,Second Class,DV-13045
US-2015-108966,10-11-15,10/18/2015,Standard Class,SO-20335
CA-2014-115812,06-09-14,6/14/2014,Standard Class,BH-11710
CA-2017-114412,4/15/2017,4/20/2017,Standard Class,AA-10480
CA-2016-161389,12-05-16,12-10-16,Standard Class,IM-15070
US-2015-118983,11/22/2015,11/26/2015,Standard Class,HP-14815
CA-2014-105893,11-11-14,11/18/2014,Standard Class,PK-19075
CA-2014-167164,5/13/2014,5/15/2014,Second Class,AG-10270
CA-2014-143336,8/27/2014,09-01-14,Second Class,ZD-21925
CA-2016-137330,12-09-16,12/13/2016,Standard Class,KB-16585
US-2017-156909,7/16/2017,7/18/2017,Second Class,SF-20065
CA-2015-106320,9/25/2015,9/30/2015,Standard Class,EB-13870
CA-2016-121755,1/16/2016,1/20/2016,Second Class,EH-13945
US-2015-150630,9/17/2015,9/21/2015,Standard Class,TB-21520
CA-2017-107727,10/19/2017,10/23/2017,Second Class,MA-17560
CA-2016-117590,12-08-16,12-10-16,First Class,GH-14485
CA-2015-117415,12/27/2015,12/31/2015,Standard Class,SN-20710
CA-2017-120999,09-10-17,9/15/2017,Standard Class,LC-16930
CA-2016-101343,7/17/2016,7/22/2016,Standard Class,RA-19885
CA-2017-139619,9/19/2017,9/23/2017,Standard Class,ES-14080
CA-2016-118255,03-11-16,3/13/2016,First Class,ON-18715
CA-2014-146703,10/20/2014,10/25/2014,Second Class,PO-18865
CA-2016-169194,6/20/2016,6/25/2016,Standard Class,LH-16900
CA-2015-115742,4/18/2015,4/22/2015,Standard Class,DP-13000
CA-2016-105816,12-11-16,12/17/2016,Standard Class,JM-15265
CA-2016-111682,6/17/2016,6/18/2016,First Class,TB-21055
CA-2015-135545,11/24/2015,11/30/2015,Standard Class,KM-16720
US-2015-164175,4/30/2015,05-05-15,Standard Class,PS-18970
CA-2014-106376,12-05-14,12-10-14,Standard Class,BS-11590
CA-2016-119823,06-04-16,06-06-16,First Class,KD-16270
CA-2016-106075,9/18/2016,9/23/2016,Standard Class,HM-14980
CA-2017-114440,9/14/2017,9/17/2017,Second Class,TB-21520
US-2015-134026,4/26/2015,05-02-15,Standard Class,JE-15745
US-2017-118038,12-09-17,12-11-17,First Class,KB-16600
US-2014-147606,11/26/2014,12-01-14,Second Class,JE-15745
CA-2016-127208,06-12-16,6/15/2016,First Class,SC-20770
CA-2014-139451,10-12-14,10/16/2014,Standard Class,DN-13690
CA-2015-149734,09-03-15,09-08-15,Standard Class,JC-16105
US-2017-119662,11/13/2017,11/16/2017,First Class,CS-12400
CA-2017-140088,5/28/2017,5/30/2017,Second Class,PO-18865
CA-2017-155558,10/26/2017,11-02-17,Standard Class,PG-18895
CA-2016-159695,04-05-16,04-10-16,Second Class,GM-14455
CA-2016-109806,9/17/2016,9/22/2016,Standard Class,JS-15685
CA-2015-149587,1/31/2015,02-05-15,Second Class,KB-16315
US-2017-109484,11-06-17,11-12-17,Standard Class,RB-19705
CA-2017-161018,11-09-17,11-11-17,Second Class,PN-18775
CA-2017-157833,6/17/2017,6/20/2017,First Class,KD-16345
CA-2016-149223,09-06-16,09-11-16,Standard Class,ER-13855
CA-2016-158568,8/29/2016,09-02-16,Standard Class,RB-19465
CA-2016-129903,12-01-16,12-04-16,Second Class,GZ-14470
US-2015-156867,11/13/2015,11/17/2015,Standard Class,LC-16870
CA-2017-119004,11/23/2017,11/28/2017,Standard Class,JM-15250
CA-2015-129476,10/15/2015,10/20/2015,Standard Class,PA-19060
CA-2017-146780,12/25/2017,12/30/2017,Standard Class,CV-12805
CA-2016-128867,11-03-16,11-10-16,Standard Class,CL-12565
CA-2014-115259,8/25/2014,8/27/2014,Second Class,RC-19960
CA-2015-110457,03-02-15,03-06-15,Standard Class,DK-13090
US-2015-136476,04-05-15,04-10-15,Standard Class,GG-14650
CA-2016-103730,06-12-16,6/15/2016,First Class,SC-20725
US-2014-152030,12/26/2014,12/28/2014,Second Class,AD-10180
US-2014-134614,9/20/2014,9/25/2014,Standard Class,PF-19165
US-2017-107272,11-05-17,11-12-17,Standard Class,TS-21610
US-2016-125969,11-06-16,11-10-16,Second Class,LS-16975
US-2017-164147,02-02-17,02-05-17,First Class,DW-13585
CA-2016-145583,10/13/2016,10/19/2016,Standard Class,LC-16885
CA-2016-110366,09-05-16,09-07-16,Second Class,JD-15895
CA-2017-106180,9/18/2017,9/23/2017,Standard Class,SH-19975
CA-2017-155376,12/22/2017,12/27/2017,Standard Class,SG-20080
CA-2015-110744,09-07-15,09-12-15,Standard Class,HA-14920
CA-2014-110072,10/22/2014,10/28/2014,Standard Class,MG-17680
CA-2016-114489,12-05-16,12-09-16,Standard Class,JE-16165
CA-2016-158834,3/13/2016,3/16/2016,First Class,TW-21025
CA-2015-124919,5/31/2015,06-02-15,First Class,SP-20650
CA-2015-118948,5/28/2015,06-03-15,Standard Class,NK-18490
CA-2014-104269,03-01-14,03-06-14,Second Class,DB-13060
CA-2016-114104,11/20/2016,11/24/2016,Standard Class,NP-18670
CA-2016-162733,05-11-16,05-12-16,First Class,TT-21070
CA-2015-119697,12/28/2015,12/31/2015,Second Class,EM-13960
CA-2016-154508,11/16/2016,11/20/2016,Standard Class,RD-19900
CA-2016-113817,11-07-16,11-11-16,Standard Class,MJ-17740
CA-2014-139892,09-08-14,09-12-14,Standard Class,BM-11140
CA-2014-118962,08-05-14,08-09-14,Standard Class,CS-12130
US-2014-100853,9/14/2014,9/19/2014,Standard Class,JB-15400
US-2017-152366,4/21/2017,4/25/2017,Second Class,SJ-20500
US-2015-101511,11/21/2015,11/23/2015,Second Class,JE-15745
CA-2015-137225,12/15/2015,12/19/2015,Standard Class,JK-15640
CA-2014-166191,12-05-14,12-09-14,Second Class,DK-13150
CA-2014-158274,11/19/2014,11/24/2014,Second Class,RM-19675
CA-2016-105018,11/28/2016,12-02-16,Standard Class,SK-19990
CA-2014-123260,8/26/2014,8/30/2014,Standard Class,FM-14290
CA-2016-157000,7/16/2016,7/22/2016,Standard Class,AM-10360
CA-2015-102281,10-12-15,10/14/2015,First Class,MP-17470
CA-2015-131457,10/31/2015,11-06-15,Standard Class,MZ-17515
CA-2014-140004,3/21/2014,3/25/2014,Standard Class,CB-12025
CA-2017-107720,11-06-17,11/13/2017,Standard Class,VM-21685
US-2017-124303,07-06-17,7/13/2017,Standard Class,FH-14365
CA-2017-105074,6/24/2017,6/29/2017,Standard Class,MB-17305
CA-2014-133690,08-03-14,08-05-14,First Class,BS-11755
US-2017-116701,12/17/2017,12/21/2017,Second Class,LC-17140
CA-2017-126382,06-03-17,06-07-17,Standard Class,HK-14890
CA-2017-108329,12-09-17,12/14/2017,Standard Class,LE-16810
CA-2017-135860,12-01-17,12-07-17,Standard Class,JH-15985
CA-2015-101007,02-09-15,2/13/2015,Second Class,MS-17980
CA-2015-146262,01-02-15,01-09-15,Standard Class,VW-21775
CA-2016-130162,10/28/2016,11-01-16,Standard Class,JH-15910
CA-2015-169397,12/24/2015,12/27/2015,First Class,JB-15925
CA-2015-163055,08-09-15,8/16/2015,Standard Class,DS-13180
US-2015-145436,2/28/2015,03-04-15,Standard Class,VD-21670
US-2014-156216,9/13/2014,9/17/2014,Standard Class,EA-14035
US-2017-100930,04-07-17,04-12-17,Standard Class,CS-12400
CA-2017-160514,11-12-17,11/16/2017,Standard Class,DB-13120
CA-2016-157749,06-04-16,06-09-16,Second Class,KL-16645
CA-2014-131926,06-01-14,06-06-14,Second Class,DW-13480
CA-2016-154739,12-10-16,12/15/2016,Second Class,LH-17155
CA-2016-145625,09-11-16,9/17/2016,Standard Class,KC-16540
CA-2016-146941,12-10-16,12/13/2016,First Class,DL-13315
US-2015-159982,11/28/2015,12-04-15,Standard Class,DR-12880
CA-2017-163139,12-01-17,12-03-17,Second Class,CC-12670
US-2017-155299,06-08-17,06-12-17,Standard Class,Dl-13600
US-2014-106992,9/19/2014,9/21/2014,Second Class,SB-20290
CA-2016-125318,06-06-16,6/13/2016,Standard Class,RC-19825
CA-2015-155040,11-10-15,11/15/2015,Standard Class,AH-10210
CA-2017-136826,6/16/2017,6/20/2017,Standard Class,CB-12535
CA-2016-111010,1/22/2016,1/28/2016,Standard Class,PG-18895
US-2017-145366,12-09-17,12/13/2017,Standard Class,CA-12310
CA-2017-163979,12/28/2017,01-02-18,Second Class,KH-16690
CA-2015-155334,7/30/2015,7/31/2015,First Class,HA-14920
CA-2017-118136,9/16/2017,9/17/2017,First Class,BB-10990
CA-2017-132976,10/13/2017,10/17/2017,Standard Class,AG-10495
US-2015-161991,9/26/2015,9/28/2015,Second Class,SC-20725
CA-2015-130890,11-02-15,11-06-15,Standard Class,JO-15280
CA-2015-130883,9/26/2015,10-02-15,Standard Class,TB-21520
CA-2016-112697,12/18/2016,12/20/2016,Second Class,AH-10195
CA-2016-110772,11/20/2016,11/24/2016,Second Class,NZ-18565
CA-2014-111451,12/26/2014,12/28/2014,First Class,KL-16555
CA-2016-142545,10/28/2016,11-03-16,Standard Class,JD-15895
US-2017-152380,11/19/2017,11/23/2017,Standard Class,JH-15910
CA-2015-144253,05-04-15,05-09-15,Second Class,AS-10225
CA-2014-130960,12/30/2014,01-04-15,Standard Class,KB-16600
CA-2014-111003,06-01-14,06-06-14,Standard Class,CR-12625
CA-2017-126774,4/15/2017,4/17/2017,First Class,SH-20395
CA-2016-142902,09-12-16,9/14/2016,Second Class,BP-11185
CA-2014-120887,9/27/2014,10-03-14,Standard Class,TS-21205
CA-2014-167850,08-09-14,8/16/2014,Standard Class,AG-10525
CA-2014-164259,12/28/2014,12/30/2014,First Class,SP-20860
CA-2014-164973,11-04-14,11-09-14,Standard Class,NM-18445
CA-2014-156601,9/19/2014,9/24/2014,Standard Class,FA-14230
CA-2016-162138,4/23/2016,4/27/2016,Standard Class,GK-14620
CA-2017-153339,11-03-17,11-05-17,Second Class,DJ-13510
US-2016-141544,8/30/2016,09-01-16,First Class,PO-18850
US-2016-150147,4/25/2016,4/29/2016,Second Class,JL-15850
CA-2015-137946,09-01-15,09-04-15,Second Class,DB-13615
CA-2014-129924,07-12-14,7/17/2014,Standard Class,AC-10420
CA-2015-128167,6/22/2015,6/26/2015,Second Class,KL-16645
CA-2014-122336,4/13/2014,4/17/2014,Second Class,JD-15895
US-2015-120712,12/20/2015,12/24/2015,Standard Class,CS-12130
CA-2017-169901,6/15/2017,6/19/2017,Standard Class,CC-12550
CA-2017-134306,07-08-17,07-12-17,Standard Class,TD-20995
CA-2016-129714,09-01-16,09-03-16,First Class,AB-10060
CA-2016-138520,04-08-16,4/13/2016,Standard Class,JL-15505
CA-2016-130001,4/23/2016,4/28/2016,Standard Class,HK-14890
CA-2017-155698,03-08-17,03-11-17,First Class,VB-21745
CA-2017-144904,9/25/2017,10-01-17,Standard Class,KW-16435
CA-2014-123344,9/24/2014,9/29/2014,Standard Class,JD-16060
CA-2016-155516,10/21/2016,10/21/2016,Same Day,MK-17905
CA-2017-104745,5/29/2017,06-04-17,Standard Class,GT-14755
US-2014-119137,7/23/2014,7/27/2014,Standard Class,AG-10900
US-2016-134656,9/28/2016,10-01-16,First Class,MM-18280
US-2017-134481,8/27/2017,09-01-17,Standard Class,AR-10405
CA-2015-130792,4/28/2015,05-05-15,Standard Class,RA-19915
CA-2016-134775,10/28/2016,10/29/2016,First Class,AS-10285
CA-2015-125395,6/26/2015,6/29/2015,Second Class,LA-16780
US-2015-168935,11/27/2015,12-02-15,Standard Class,DO-13435
CA-2015-122756,12-03-15,12-07-15,Standard Class,DK-13225
CA-2014-115973,11/24/2014,11/26/2014,First Class,NG-18430
CA-2017-101798,12-11-17,12/15/2017,Standard Class,MV-18190
US-2014-135972,9/21/2014,9/23/2014,Second Class,JG-15115
US-2014-134971,06-07-14,06-10-14,Second Class,BP-11095
CA-2017-102946,6/30/2017,07-05-17,Standard Class,VP-21730
CA-2017-165603,10/17/2017,10/19/2017,Second Class,SS-20140
CA-2015-122259,10/31/2015,11-04-15,Standard Class,HP-14815
CA-2016-108987,09-08-16,09-10-16,Second Class,AG-10675
CA-2014-113166,12/24/2014,12/26/2014,First Class,LF-17185
CA-2014-155208,4/16/2014,4/20/2014,Standard Class,SP-20650
CA-2017-117933,12/24/2017,12/29/2017,Standard Class,RF-19840
CA-2017-117457,12-08-17,12-12-17,Standard Class,KH-16510
CA-2017-142636,11-03-17,11-07-17,Standard Class,KC-16675
CA-2017-122105,6/24/2017,6/28/2017,Standard Class,CJ-12010
CA-2016-148796,4/14/2016,4/18/2016,Standard Class,PB-19150
CA-2017-154816,11-06-17,11-10-17,Standard Class,VB-21745
CA-2017-110478,03-04-17,03-09-17,Standard Class,SP-20860
CA-2014-142048,6/22/2014,6/25/2014,First Class,JE-15745
CA-2017-125388,10/19/2017,10/23/2017,Standard Class,MP-17965
CA-2017-155705,8/21/2017,8/23/2017,Second Class,NF-18385
CA-2017-149160,11/23/2017,11/26/2017,Second Class,JM-15265
CA-2014-101476,09-12-14,9/13/2014,First Class,SD-20485
CA-2017-152275,10-01-17,10-08-17,Standard Class,KH-16630
US-2016-123750,4/15/2016,4/21/2016,Standard Class,RB-19795
CA-2016-127369,06-06-16,06-07-16,First Class,DB-13060
US-2014-150574,12/19/2014,12/25/2014,Standard Class,MK-18160
CA-2016-147375,06-12-16,6/14/2016,Second Class,PO-19180
CA-2017-130043,9/15/2017,9/19/2017,Standard Class,BB-11545
CA-2017-157252,1/20/2017,1/23/2017,Second Class,CV-12805
CA-2016-115756,09-05-16,09-07-16,Second Class,PK-19075
CA-2017-154214,3/20/2017,3/25/2017,Second Class,TB-21595
CA-2016-166674,04-01-16,04-03-16,Second Class,RB-19360
CA-2017-147277,10/20/2017,10/24/2017,Standard Class,EB-13705
CA-2016-100153,12/13/2016,12/17/2016,Standard Class,KH-16630
US-2014-110674,02-12-14,2/18/2014,Standard Class,SC-20095
US-2016-157945,9/26/2016,10-01-16,Standard Class,NF-18385
CA-2015-109638,12/15/2015,12/22/2015,Standard Class,JH-15985
CA-2016-109869,4/22/2016,4/29/2016,Standard Class,TN-21040
US-2015-101399,1/17/2015,1/24/2015,Standard Class,JS-15940
CA-2017-154907,3/31/2017,04-04-17,Standard Class,DS-13180
US-2016-100419,12/16/2016,12/20/2016,Second Class,CC-12670
CA-2015-154144,12/20/2015,12/24/2015,Standard Class,MH-17785
CA-2014-144666,11-09-14,11-11-14,Second Class,JP-15520
CA-2016-103891,07-12-16,7/19/2016,Standard Class,KH-16690
CA-2016-152632,10/27/2016,11-02-16,Standard Class,JE-15475
CA-2016-100790,6/26/2016,07-02-16,Standard Class,JG-15805
CA-2014-134677,10-06-14,10-10-14,Standard Class,XP-21865
CA-2014-127691,7/22/2014,7/27/2014,Standard Class,EM-14065
CA-2017-140963,06-10-17,6/13/2017,First Class,MT-18070
CA-2014-154627,10/29/2014,10/31/2014,First Class,SA-20830
CA-2014-133753,06-09-14,6/13/2014,Second Class,CW-11905
CA-2014-113362,9/14/2014,9/19/2014,Standard Class,AJ-10960
CA-2016-169166,05-09-16,5/14/2016,Standard Class,SS-20590
US-2016-120929,3/18/2016,3/21/2016,Second Class,RO-19780
CA-2015-134782,12/27/2015,12/31/2015,Standard Class,MD-17350
CA-2016-126158,7/25/2016,7/31/2016,Standard Class,SC-20095
US-2016-105578,5/30/2016,06-04-16,Standard Class,MY-17380
CA-2017-134978,11-12-17,11/15/2017,Second Class,EB-13705
CA-2015-145352,3/16/2015,3/22/2015,Standard Class,CM-12385
CA-2017-135307,11/26/2017,11/27/2017,First Class,LS-17245
CA-2016-106341,10/20/2016,10/23/2016,First Class,LF-17185
CA-2017-163405,12/21/2017,12/25/2017,Standard Class,BN-11515
CA-2017-127432,1/22/2017,1/27/2017,Standard Class,AD-10180
CA-2015-157812,3/22/2015,3/26/2015,Standard Class,DB-13210
CA-2017-145142,1/23/2017,1/25/2017,First Class,MC-17605
US-2016-139486,5/21/2016,5/23/2016,First Class,LH-17155
CA-2015-158792,12/26/2015,01-02-16,Standard Class,BD-11605
CA-2017-113558,10/21/2017,10/26/2017,Standard Class,PH-18790
US-2015-138303,09-03-15,09-07-15,Standard Class,MG-18145
CA-2015-102848,11-07-15,11-09-15,Second Class,KB-16240
US-2017-129441,09-07-17,09-11-17,Standard Class,JC-15340
CA-2016-168753,5/29/2016,06-01-16,Second Class,RL-19615
CA-2016-126613,07-10-16,7/16/2016,Standard Class,AA-10375
US-2017-122637,09-03-17,09-08-17,Second Class,EP-13915
CA-2015-147851,12-03-15,12-08-15,Standard Class,MP-17470
CA-2015-134894,12-07-15,12-11-15,Standard Class,DK-12985
CA-2014-140795,02-01-14,02-03-14,First Class,BD-11500
CA-2016-136924,7/14/2016,7/17/2016,First Class,ES-14080
US-2015-120161,12/18/2015,12/23/2015,Standard Class,LM-17065
CA-2014-103849,05-11-14,5/16/2014,Standard Class,PG-18895
CA-2017-162929,11/19/2017,11/22/2017,First Class,AS-10135
CA-2015-113173,11/15/2015,11/17/2015,Second Class,DK-13225
CA-2016-136406,4/15/2016,4/17/2016,Second Class,BD-11320
CA-2017-112774,09-11-17,09-12-17,First Class,RC-19960
CA-2017-101945,11/24/2017,11/28/2017,Standard Class,GT-14710
CA-2017-100650,6/29/2017,07-03-17,Second Class,DK-13225
CA-2014-155852,03-03-14,03-07-14,Second Class,AJ-10945
CA-2016-113243,06-10-16,6/15/2016,Standard Class,OT-18730
CA-2017-118731,11/20/2017,11/22/2017,Second Class,LP-17080
CA-2014-145576,9/14/2014,9/18/2014,Second Class,CA-12775
CA-2015-130736,12-07-15,12-09-15,First Class,JF-15490
CA-2017-137099,12-07-17,12-10-17,First Class,FP-14320
CA-2017-156951,10-01-17,10-08-17,Standard Class,EB-13840
CA-2017-164826,12/28/2017,01-04-18,Standard Class,JF-15415
CA-2016-127250,11-03-16,11-07-16,Standard Class,SF-20200
CA-2015-149713,9/18/2015,9/22/2015,Second Class,TG-21640
CA-2017-118640,7/20/2017,7/26/2017,Standard Class,CS-11950
CA-2015-132906,09-10-15,9/14/2015,Standard Class,CC-12145
CA-2017-145233,12-01-17,12-05-17,Standard Class,DV-13465
CA-2015-128139,07-03-15,07-09-15,Standard Class,BD-11725
US-2016-156986,3/20/2016,3/24/2016,Standard Class,ZC-21910
CA-2014-135405,01-09-14,1/13/2014,Standard Class,MS-17830
CA-2014-131450,08-08-14,8/15/2014,Standard Class,LR-16915
CA-2016-120180,7/14/2016,7/16/2016,First Class,TP-21130
US-2016-100720,7/16/2016,7/21/2016,Standard Class,CK-12205
CA-2014-149958,3/15/2014,3/19/2014,Standard Class,AS-10240
US-2014-105767,5/23/2014,5/27/2014,Standard Class,AR-10510
CA-2016-161816,4/28/2016,05-01-16,First Class,NB-18655
CA-2016-121223,09-11-16,9/13/2016,Second Class,GD-14590
CA-2017-138611,11/14/2017,11/17/2017,Second Class,CK-12595
CA-2017-117947,8/18/2017,8/23/2017,Second Class,NG-18355
US-2014-111171,12/26/2014,12/31/2014,Standard Class,CA-12265
CA-2015-138009,11/29/2015,12-03-15,Standard Class,SF-20965
CA-2017-163020,9/15/2017,9/19/2017,Standard Class,MO-17800
CA-2017-153787,5/19/2017,5/23/2017,Standard Class,AT-10735
CA-2017-133431,12/17/2017,12/21/2017,Standard Class,LC-17140
US-2016-135720,12-11-16,12/13/2016,Second Class,FM-14380
CA-2017-144694,9/24/2017,9/26/2017,Second Class,BD-11605
CA-2015-168004,10-04-15,10-09-15,Second Class,DJ-13420
US-2016-123470,8/15/2016,8/21/2016,Standard Class,ME-17725
CA-2016-115917,5/20/2016,5/25/2016,Standard Class,RB-19465
CA-2016-147067,12/18/2016,12/22/2016,Standard Class,JD-16150
CA-2017-167913,7/30/2017,08-03-17,Second Class,JL-15835
CA-2017-106103,06-10-17,6/15/2017,Standard Class,SC-20305
US-2017-127719,7/21/2017,7/25/2017,Standard Class,TW-21025
CA-2017-126221,12/30/2017,01-05-18,Standard Class,CC-12430
CA-2016-103947,04-01-16,04-08-16,Standard Class,BB-10990
CA-2016-160745,12-11-16,12/16/2016,Second Class,AR-10825
CA-2016-132661,10/23/2016,10/29/2016,Standard Class,SR-20740
CA-2017-140844,6/19/2017,6/23/2017,Standard Class,AR-10405
CA-2016-137239,8/22/2016,8/28/2016,Standard Class,CR-12730
US-2016-156097,9/19/2016,9/19/2016,Same Day,EH-14125
CA-2015-146563,8/24/2015,8/28/2015,Standard Class,CB-12025
CA-2016-123666,3/26/2016,3/30/2016,Standard Class,SP-20545
CA-2016-143308,11-04-16,11-04-16,Same Day,RC-19825
CA-2017-132682,06-08-17,06-10-17,Second Class,TH-21235
CA-2014-156314,12/24/2014,12/26/2014,First Class,RP-19390
US-2017-106663,06-09-17,6/13/2017,Standard Class,MO-17800
CA-2017-111178,6/15/2017,6/22/2017,Standard Class,TD-20995
CA-2017-130351,12-05-17,12-08-17,First Class,RB-19570
US-2017-119438,3/18/2017,3/23/2017,Standard Class,CD-11980
CA-2016-164511,11/19/2016,11/24/2016,Standard Class,DJ-13630
US-2017-168116,11-04-17,11-04-17,Same Day,GT-14635
CA-2014-157784,07-05-14,07-08-14,First Class,MC-17845
CA-2017-161480,12/25/2017,12/29/2017,Standard Class,RA-19285
US-2014-117135,6/21/2014,6/23/2014,Second Class,NP-18325
CA-2015-131534,3/28/2015,04-02-15,Standard Class,AB-10165
CA-2015-119291,5/14/2015,5/17/2015,First Class,JO-15550
CA-2017-114552,09-02-17,09-08-17,Standard Class,Dl-13600
CA-2016-163755,11-04-16,11-08-16,Second Class,AS-10285
CA-2015-142027,04-09-15,4/14/2015,Standard Class,JK-15370
CA-2014-138527,09-12-14,9/17/2014,Standard Class,BN-11470
CA-2014-112158,12-02-14,12-04-14,First Class,DP-13165
CA-2014-113887,04-05-14,04-07-14,First Class,TH-21550
CA-2017-146136,09-03-17,09-07-17,Standard Class,AP-10915
US-2017-100048,5/19/2017,5/24/2017,Standard Class,RS-19765
CA-2014-153150,07-01-14,07-06-14,Second Class,Dl-13600
CA-2014-130092,01-11-14,1/14/2014,First Class,SV-20365
CA-2017-108910,9/24/2017,9/29/2017,Standard Class,KC-16540
CA-2014-104472,06-02-14,06-07-14,Standard Class,CK-12325
CA-2016-112942,2/13/2016,2/18/2016,Standard Class,RD-19810
CA-2016-142335,12/15/2016,12/19/2016,Standard Class,MP-17965
CA-2014-117429,10-07-14,10/13/2014,Standard Class,MR-17545
CA-2016-114713,07-07-16,07-12-16,Standard Class,SC-20695
CA-2017-144113,9/16/2017,9/20/2017,Standard Class,JF-15355
US-2016-150861,12-03-16,12-06-16,First Class,EG-13900
CA-2017-131954,1/21/2017,1/25/2017,Standard Class,DS-13030
CA-2014-132500,09-08-14,09-12-14,Standard Class,GZ-14470
CA-2014-112326,01-04-14,01-08-14,Standard Class,PO-19195
US-2016-146710,8/27/2016,09-01-16,Standard Class,SS-20875
CA-2014-124429,5/27/2014,5/27/2014,Same Day,MH-17785
CA-2016-150889,3/20/2016,3/22/2016,Second Class,PB-19105
CA-2017-126074,10-02-17,10-06-17,Standard Class,RF-19735
CA-2016-110499,04-07-16,04-09-16,First Class,YC-21895
CA-2015-135272,12-07-15,12-12-15,Standard Class,MS-17830
CA-2016-140928,9/18/2016,9/22/2016,Standard Class,NB-18655
CA-2014-106803,12/29/2014,01-02-15,Standard Class,DC-13285
CA-2017-117240,7/23/2017,7/28/2017,Standard Class,CP-12340
CA-2017-133333,9/18/2017,9/22/2017,Standard Class,BF-11020
CA-2015-112319,8/31/2015,09-05-15,Standard Class,AR-10510
CA-2017-126046,11-03-17,11-07-17,Standard Class,JC-16105
CA-2015-114923,02-08-15,2/13/2015,Standard Class,LH-17020
CA-2014-162775,1/13/2014,1/15/2014,Second Class,CS-12250
CA-2014-106810,5/14/2014,5/20/2014,Standard Class,AJ-10795
CA-2016-157245,5/19/2016,5/24/2016,Standard Class,LE-16810
CA-2017-104220,1/30/2017,02-05-17,Standard Class,BV-11245
CA-2014-165974,6/29/2014,07-06-14,Standard Class,DL-12865
CA-2015-144267,8/21/2015,8/23/2015,First Class,NZ-18565
US-2015-157014,10-03-15,10-06-15,Second Class,BM-11785
CA-2015-154921,5/23/2015,5/28/2015,Standard Class,EA-14035
CA-2017-129567,3/17/2017,3/21/2017,Second Class,CL-12565
CA-2015-154620,12-12-15,12/16/2015,Standard Class,LT-17110
CA-2015-115938,6/26/2015,6/30/2015,Standard Class,SA-20830
CA-2016-105256,5/20/2016,5/20/2016,Same Day,JK-15730
CA-2014-156433,9/20/2014,9/26/2014,Standard Class,ES-14020
CA-2017-151428,9/21/2017,9/26/2017,Standard Class,RH-19495
CA-2015-124653,12/24/2015,12/26/2015,First Class,DB-13120
CA-2015-101910,11/27/2015,12-03-15,Standard Class,CD-11920
CA-2017-105809,2/20/2017,2/23/2017,First Class,HW-14935
CA-2016-136133,8/18/2016,8/23/2016,Second Class,HW-14935
CA-2016-115504,03-12-16,3/17/2016,Standard Class,MC-18130
CA-2017-135783,4/22/2017,4/24/2017,First Class,GM-14440
CA-2014-134313,11-01-14,11-07-14,Standard Class,RA-19915
CA-2015-140921,02-03-15,02-05-15,First Class,AA-10375
CA-2014-151995,10/13/2014,10/15/2014,First Class,ZC-21910
CA-2017-143686,5/14/2017,5/14/2017,Same Day,PJ-19015
CA-2015-106565,3/20/2015,3/23/2015,First Class,BW-11110
CA-2016-149370,9/15/2016,9/19/2016,Standard Class,DB-13210
CA-2014-140858,6/28/2014,07-02-14,Standard Class,CA-12775
CA-2017-101434,6/20/2017,6/27/2017,Standard Class,TR-21325
US-2014-102071,05-09-14,5/15/2014,Standard Class,PG-18820
CA-2017-126956,8/21/2017,8/28/2017,Standard Class,GT-14710
CA-2017-129462,6/16/2017,6/21/2017,Second Class,JE-15745
CA-2016-165316,7/23/2016,7/27/2016,Standard Class,JB-15400
US-2014-115987,09-08-14,9/13/2014,Second Class,LH-17020
US-2017-156083,11-04-17,11-11-17,Standard Class,JL-15175
US-2016-137547,03-07-16,03-12-16,Standard Class,EB-13705
CA-2015-100454,11/20/2015,11/25/2015,Standard Class,BM-11650
CA-2016-161669,11-07-16,11-09-16,First Class,EM-14095
CA-2015-114300,10/13/2015,10/17/2015,Standard Class,AF-10885
CA-2017-107503,01-01-17,01-06-17,Standard Class,GA-14725
CA-2014-107755,02-07-14,02-12-14,Standard Class,CK-12760
CA-2016-152534,6/20/2016,6/25/2016,Second Class,DP-13105
CA-2016-113747,5/28/2016,06-04-16,Standard Class,VD-21670
CA-2016-123274,2/19/2016,2/24/2016,Standard Class,GT-14710
CA-2014-125612,08-03-14,08-08-14,Standard Class,BK-11260
CA-2017-161984,04-10-17,4/15/2017,Standard Class,SJ-20125
CA-2014-133851,06-09-14,6/16/2014,Standard Class,CM-12445
CA-2016-134474,01-05-16,01-07-16,Second Class,AJ-10795
CA-2014-149020,01-10-14,1/15/2014,Standard Class,AJ-10780
CA-2016-134362,9/29/2016,10-02-16,First Class,LS-16945
CA-2014-136742,04-06-14,04-10-14,Standard Class,GP-14740
CA-2016-158099,09-03-16,09-05-16,First Class,PK-18910
CA-2015-131128,10/19/2015,10/20/2015,First Class,TB-21520
CA-2014-148488,12-10-14,12/15/2014,Standard Class,SM-20005
CA-2017-114636,8/25/2017,8/29/2017,Standard Class,GA-14725
CA-2016-116736,1/17/2016,1/21/2016,Standard Class,CC-12430
US-2014-158638,9/17/2014,9/21/2014,Standard Class,AG-10765
CA-2017-111689,11/30/2017,12-02-17,Second Class,HP-14815
CA-2015-129098,10-09-15,10/13/2015,Standard Class,DK-13090
US-2017-123463,12/23/2017,12/23/2017,Same Day,GZ-14470
CA-2016-165148,10/22/2016,10/24/2016,First Class,PM-19135
CA-2014-134061,4/29/2014,05-04-14,Standard Class,LL-16840
CA-2015-143602,4/25/2015,4/28/2015,Second Class,JS-15595
CA-2017-115364,6/26/2017,07-02-17,Standard Class,OT-18730
CA-2017-150707,10/14/2017,10/19/2017,Standard Class,EL-13735
CA-2014-104976,12-09-14,12/16/2014,Standard Class,CK-12760
CA-2017-132934,6/20/2017,6/26/2017,Standard Class,JE-15475
CA-2017-133256,6/26/2017,6/27/2017,First Class,TH-21550
CA-2016-105494,11-10-16,11-12-16,First Class,PC-18745
CA-2016-140634,10-03-16,10-06-16,Second Class,HL-15040
CA-2014-144407,09-09-14,9/15/2014,Standard Class,MS-17365
CA-2017-160983,10/29/2017,10/31/2017,Second Class,GB-14530
US-2016-114622,04-10-16,04-12-16,First Class,JR-16210
CA-2017-150959,11-11-17,11/13/2017,First Class,TD-20995
CA-2017-132353,9/15/2017,9/17/2017,First Class,DB-13060
CA-2016-130477,04-08-16,04-12-16,Standard Class,LC-17140
CA-2017-143259,12/30/2017,01-03-18,Standard Class,PO-18865
CA-2017-137596,09-02-17,09-07-17,Standard Class,BE-11335
CA-2015-133627,5/31/2015,06-07-15,Standard Class,SC-20050
CA-2017-102519,11/27/2017,11/29/2017,First Class,BM-11650
US-2014-141215,6/15/2014,6/21/2014,Standard Class,KL-16555
CA-2016-165218,03-05-16,03-11-16,Standard Class,RW-19630
CA-2014-138296,12-05-14,12-12-14,Standard Class,RC-19825
CA-2015-111164,04-11-15,4/15/2015,Standard Class,SE-20110
CA-2016-149797,9/15/2016,9/20/2016,Standard Class,AH-10075
CA-2014-132962,9/13/2014,9/16/2014,First Class,JM-15535
CA-2015-115091,10-05-15,10-09-15,Standard Class,JJ-15760
CA-2017-144932,4/14/2017,4/17/2017,First Class,AB-10165
CA-2017-114216,09-02-17,09-06-17,Standard Class,RK-19300
CA-2016-140081,6/20/2016,6/24/2016,Standard Class,CG-12040
US-2017-111745,11-05-17,11-06-17,First Class,RA-19885
CA-2015-148250,12/13/2015,12/17/2015,Standard Class,RP-19270
CA-2016-105760,6/19/2016,6/20/2016,First Class,KC-16255
CA-2016-142958,12/13/2016,12/20/2016,Standard Class,RW-19630
CA-2015-120880,5/29/2015,06-03-15,Standard Class,JL-15850
US-2015-140200,7/26/2015,7/28/2015,First Class,CA-12775
US-2017-110576,11/28/2017,12-02-17,Standard Class,RB-19795
CA-2017-131156,04-03-17,04-07-17,Standard Class,KH-16360
CA-2017-136539,12/28/2017,01-01-18,Standard Class,GH-14665
CA-2017-119305,11/30/2017,12-04-17,Standard Class,SW-20275
CA-2017-102414,5/15/2017,5/18/2017,Second Class,JA-15970
CA-2015-112571,9/22/2015,9/22/2015,Same Day,DL-12925
CA-2017-152142,11/14/2017,11/19/2017,Standard Class,LW-16990
CA-2015-160059,11/27/2015,12-01-15,Standard Class,TB-21190
CA-2016-120859,09-01-16,09-04-16,First Class,CV-12805
CA-2014-127488,9/22/2014,9/24/2014,Second Class,MS-17365
CA-2017-135279,04-09-17,04-11-17,First Class,BS-11800
CA-2014-115791,1/16/2014,1/18/2014,Second Class,DL-13315
US-2017-103247,10-05-17,10-08-17,Second Class,PO-19195
US-2017-100209,07-09-17,7/15/2017,Standard Class,TD-20995
CA-2017-159366,01-07-17,01-10-17,First Class,BW-11110
CA-2016-145499,5/30/2016,5/31/2016,First Class,RW-19690
CA-2015-157035,12-09-15,12-12-15,First Class,KB-16600
CA-2016-144939,10-03-16,10-08-16,Standard Class,EB-13870
CA-2014-163419,11-11-14,11/14/2014,Second Class,TZ-21580
CA-2017-100314,9/29/2017,10-05-17,Standard Class,AS-10630
CA-2015-146829,03-10-15,03-10-15,Same Day,TS-21340
CA-2017-167899,5/21/2017,5/26/2017,Standard Class,JG-15805
CA-2015-153549,3/29/2015,3/31/2015,Second Class,SL-20155
CA-2016-110023,09-09-16,09-11-16,First Class,TS-21610
CA-2016-105585,8/26/2016,8/27/2016,First Class,RF-19735
CA-2014-117639,5/21/2014,5/25/2014,Standard Class,MW-18235
CA-2015-162537,10/28/2015,11-03-15,Standard Class,RD-19585
CA-2016-155488,11/13/2016,11/17/2016,Standard Class,FM-14290
CA-2015-124891,7/31/2015,7/31/2015,Same Day,RH-19495
CA-2015-126445,8/27/2015,8/31/2015,Standard Class,RA-19945
CA-2015-111199,11/13/2015,11/17/2015,Standard Class,JK-15730
CA-2015-105312,11-06-15,11-09-15,First Class,MT-17815
US-2017-106705,12/26/2017,01-01-18,Standard Class,PO-18850
CA-2017-135034,08-01-17,08-03-17,First Class,AT-10735
CA-2014-158540,11/24/2014,11/26/2014,First Class,VG-21790
CA-2017-118437,6/17/2017,6/21/2017,Second Class,PF-19165
US-2015-126214,12/21/2015,12/24/2015,Second Class,JS-15880
CA-2015-133025,9/17/2015,9/19/2015,Second Class,MO-17800
CA-2015-108665,07-06-15,07-10-15,Standard Class,KM-16225
CA-2015-124450,4/27/2015,05-03-15,Standard Class,GT-14710
CA-2015-167269,6/16/2015,6/20/2015,Standard Class,PB-19150
CA-2017-106964,12/17/2017,12/20/2017,First Class,HR-14770
CA-2016-126529,01-11-16,1/13/2016,Second Class,DE-13255
CA-2014-163552,07-11-14,7/15/2014,Standard Class,LA-16780
CA-2016-109820,11/20/2016,11/22/2016,First Class,AG-10390
CA-2016-113061,4/22/2016,4/26/2016,Standard Class,EL-13735
CA-2015-127418,6/13/2015,6/14/2015,First Class,JJ-15445
CA-2017-121818,11/20/2017,11/21/2017,First Class,JH-15430
CA-2016-127670,3/20/2016,3/24/2016,Standard Class,RD-19660
CA-2016-102981,09-06-16,09-09-16,Second Class,MO-17500
CA-2017-115651,07-09-17,07-12-17,First Class,NS-18640
CA-2017-152702,10-12-17,10/16/2017,Standard Class,SN-20710
CA-2016-169103,03-08-16,3/13/2016,Standard Class,ZC-21910
CA-2014-139192,5/27/2014,06-01-14,Second Class,LC-16885
US-2015-153500,07-03-15,07-05-15,First Class,DG-13300
CA-2015-110667,04-04-15,04-08-15,Standard Class,NF-18595
CA-2017-167150,12-10-17,12/17/2017,Standard Class,BP-11185
CA-2016-105284,11/24/2016,12-01-16,Standard Class,MG-17650
US-2015-125374,3/23/2015,3/29/2015,Standard Class,JD-16060
CA-2015-161263,4/16/2015,4/21/2015,Standard Class,TS-21160
CA-2016-157686,10-01-16,10-02-16,First Class,BD-11620
US-2017-139955,9/28/2017,9/30/2017,Second Class,CM-12160
US-2015-150161,7/25/2015,7/29/2015,Standard Class,RB-19795
CA-2015-144652,11/20/2015,11/26/2015,Standard Class,SN-20560
CA-2016-152814,4/28/2016,05-02-16,Standard Class,EH-14005
CA-2017-106943,11/14/2017,11/19/2017,Standard Class,FO-14305
CA-2016-134348,11-12-16,11/19/2016,Standard Class,MS-17710
CA-2016-161781,9/29/2016,9/30/2016,First Class,CC-12100
CA-2017-132521,9/23/2017,9/25/2017,Second Class,DW-13540
CA-2015-110016,11/29/2015,12-04-15,Standard Class,BT-11395
US-2016-143819,03-01-16,03-05-16,Standard Class,KD-16270
CA-2016-167584,08-12-16,08-12-16,Same Day,LC-16870
CA-2016-166163,8/15/2016,8/20/2016,Second Class,CY-12745
CA-2017-158407,06-04-17,06-10-17,Standard Class,LW-16990
CA-2015-143490,12-06-15,12/13/2015,Standard Class,NP-18325
CA-2015-165085,12/27/2015,12/31/2015,Standard Class,BT-11485
CA-2017-160423,1/21/2017,1/26/2017,Standard Class,PS-19045
CA-2014-159338,6/25/2014,6/28/2014,First Class,NS-18640
CA-2016-107216,6/14/2016,6/17/2016,First Class,PV-18985
US-2017-145863,4/21/2017,4/27/2017,Standard Class,RP-19390
CA-2016-112340,10/21/2016,10/27/2016,Standard Class,NM-18520
US-2016-110156,11/19/2016,11/24/2016,Standard Class,EH-13945
CA-2017-140585,12/18/2017,12/23/2017,Second Class,RA-19915
CA-2016-144855,7/22/2016,7/24/2016,Second Class,DL-13495
CA-2015-142755,09-04-15,09-08-15,Standard Class,CS-12355
US-2014-147627,1/20/2014,1/26/2014,Standard Class,HL-15040
CA-2015-105970,03-02-15,03-07-15,Standard Class,PA-19060
CA-2016-112102,04-12-16,4/16/2016,Standard Class,BD-11605
US-2016-114776,12-06-16,12-07-16,First Class,GG-14650
US-2016-134908,06-05-16,06-09-16,Standard Class,JS-15940
US-2016-148803,12-11-16,12-11-16,Same Day,LR-16915
CA-2016-152170,11-12-16,11/15/2016,Second Class,FH-14275
CA-2014-146969,9/29/2014,10-03-14,Standard Class,AP-10915
CA-2015-112452,04-04-15,04-04-15,Same Day,NC-18340
CA-2015-113971,05-08-15,5/14/2015,Standard Class,CB-12535
CA-2017-160395,12/31/2016,01-06-17,Standard Class,KL-16555
CA-2014-136567,12/20/2014,12/21/2014,First Class,PS-19045
CA-2016-149314,07-02-16,07-07-16,Second Class,GB-14530
CA-2017-147039,6/29/2017,07-04-17,Standard Class,AA-10315
CA-2014-126522,09-01-14,09-05-14,Second Class,LT-16765
CA-2014-127964,03-03-14,03-08-14,Standard Class,AP-10720
CA-2014-117709,05-04-14,05-08-14,Standard Class,PM-18940
CA-2015-125416,11-02-15,11-02-15,Same Day,KC-16540
CA-2017-145226,12-08-17,12-10-17,Second Class,DL-13315
US-2014-100279,03-10-14,3/14/2014,Standard Class,SW-20275
CA-2014-158064,4/21/2014,4/25/2014,Standard Class,AA-10375
US-2015-104430,10/22/2015,10/26/2015,Standard Class,LT-17110
CA-2015-132080,8/22/2015,8/25/2015,First Class,DP-13105
CA-2016-161207,8/29/2016,09-03-16,Standard Class,AB-10060
CA-2014-120243,12/27/2014,12/30/2014,Second Class,AT-10435
CA-2016-113621,12-01-16,12-05-16,Standard Class,JE-15745
CA-2016-168081,4/24/2016,4/27/2016,Second Class,CA-12055
CA-2014-128146,6/21/2014,6/25/2014,Standard Class,DB-13060
CA-2017-138779,1/14/2017,1/15/2017,First Class,RB-19570
CA-2014-127131,11/24/2014,11/30/2014,Standard Class,HR-14830
CA-2017-117212,2/26/2017,2/28/2017,Second Class,BT-11530
US-2015-130519,9/15/2015,9/15/2015,Same Day,NG-18355
CA-2016-130946,04-08-16,04-12-16,Standard Class,ZC-21910
CA-2016-114727,7/18/2016,7/24/2016,Standard Class,LS-16945
CA-2017-133235,08-01-17,08-04-17,First Class,LH-16750
CA-2016-137050,7/14/2016,7/18/2016,Second Class,SW-20755
US-2017-118087,09-09-17,9/13/2017,Standard Class,SP-20620
CA-2014-110184,07-12-14,7/16/2014,Standard Class,BF-11170
CA-2016-126004,12-04-16,12-05-16,First Class,BM-11140
CA-2017-100013,11-06-17,11-11-17,Standard Class,ZC-21910
CA-2015-132570,10/31/2015,11-02-15,Second Class,KT-16480
CA-2016-153682,5/30/2016,06-01-16,First Class,BG-11695
CA-2016-144344,10/28/2016,10/28/2016,Same Day,PG-18820
CA-2014-127012,08-11-14,8/15/2014,Standard Class,GM-14680
CA-2016-128727,8/29/2016,09-04-16,Standard Class,MO-17800
US-2016-162859,2/15/2016,2/22/2016,Standard Class,PG-18820
CA-2017-133641,5/14/2017,5/21/2017,Standard Class,EJ-14155
CA-2014-168494,12-12-14,12/14/2014,Second Class,NP-18700
CA-2017-115602,12/18/2017,12/24/2017,Standard Class,DJ-13630
CA-2015-154956,07-04-15,07-09-15,Standard Class,IM-15070
CA-2017-144638,03-10-17,3/14/2017,Standard Class,MH-18115
US-2016-168620,12/24/2016,12/28/2016,Second Class,RB-19795
CA-2017-117079,10/23/2017,10/27/2017,Standard Class,JR-15700
US-2016-144393,10/28/2016,11-04-16,Standard Class,SM-20950
CA-2017-105053,07-07-17,07-09-17,Second Class,CS-12355
CA-2016-155992,10-01-16,10-02-16,First Class,CC-12220
CA-2017-110380,09-02-17,09-07-17,Standard Class,PF-19225
US-2014-167738,12/24/2014,12/29/2014,Standard Class,JC-16105
CA-2017-121412,9/23/2017,9/27/2017,Standard Class,BG-11695
CA-2017-100426,06-04-17,06-08-17,Standard Class,DC-12850
US-2016-103646,4/21/2016,4/26/2016,Standard Class,SP-20545
CA-2016-119186,5/26/2016,5/26/2016,Same Day,MS-17710
CA-2016-148698,05-02-16,05-07-16,Standard Class,BD-11770
CA-2014-163293,09-08-14,09-11-14,First Class,KC-16255
CA-2016-160815,09-05-16,09-06-16,First Class,TR-21325
CA-2017-122154,04-09-17,04-11-17,First Class,SA-20830
US-2015-149692,12-06-15,12-12-15,Standard Class,KW-16435
CA-2016-119445,6/26/2016,07-03-16,Standard Class,GM-14500
CA-2015-124268,07-04-15,07-08-15,Standard Class,AD-10180
CA-2016-154711,11/22/2016,11/26/2016,Standard Class,TB-21355
CA-2016-163384,11-10-16,11-12-16,First Class,CC-12430
CA-2015-101707,8/27/2015,09-01-15,Standard Class,PF-19165
CA-2015-138898,5/25/2015,5/29/2015,Standard Class,JH-16180
CA-2017-115427,12/30/2017,01-03-18,Standard Class,EB-13975
CA-2016-134425,12-08-16,12-12-16,Second Class,QJ-19255
CA-2015-121391,10-04-15,10-07-15,First Class,AA-10315
CA-2016-137043,12/23/2016,12/25/2016,Second Class,LC-17140
CA-2015-115847,9/19/2015,9/24/2015,Second Class,TC-21535
US-2017-126179,07-03-17,07-07-17,Standard Class,CS-12460
CA-2016-101966,7/14/2016,7/16/2016,Second Class,BM-11785
CA-2016-141397,6/20/2016,6/21/2016,First Class,RC-19825
CA-2016-141082,12-09-16,12/13/2016,Standard Class,FM-14380
US-2016-134488,9/24/2016,10-01-16,Standard Class,PK-19075
CA-2016-145919,12/18/2016,12/23/2016,Standard Class,HG-14965
CA-2017-157651,12-10-17,12/14/2017,Standard Class,HA-14920
CA-2014-160773,07-01-14,07-05-14,Standard Class,LW-16825
CA-2017-167703,02-03-17,02-08-17,Standard Class,MC-17575
CA-2017-121804,03-03-17,03-08-17,Standard Class,LP-17095
CA-2017-162635,10-09-17,10-10-17,First Class,EB-14170
CA-2014-107153,9/28/2014,10-03-14,Standard Class,GZ-14545
US-2014-117058,5/27/2014,5/30/2014,First Class,LE-16810
CA-2015-120439,6/14/2015,6/18/2015,Standard Class,AD-10180
CA-2016-128258,3/30/2016,04-01-16,First Class,CP-12085
CA-2017-106033,10/15/2017,10/18/2017,Second Class,FG-14260
CA-2016-142762,5/23/2016,5/27/2016,Standard Class,LD-17005
CA-2017-127705,06-02-17,06-06-17,Standard Class,AB-10255
CA-2014-122567,2/16/2014,2/21/2014,Standard Class,MN-17935
CA-2014-121664,05-06-14,05-10-14,Standard Class,HP-14815
CA-2016-122133,5/16/2016,5/23/2016,Standard Class,JR-15670
US-2017-123281,04-02-17,04-07-17,Standard Class,JF-15190
CA-2017-100524,3/31/2017,04-02-17,Second Class,CM-12115
CA-2017-113481,01-02-17,01-04-17,First Class,AS-10045
CA-2015-131758,5/28/2015,06-01-15,Standard Class,KB-16315
CA-2014-118339,3/17/2014,3/24/2014,Standard Class,BN-11515
CA-2014-153976,10-03-14,10-08-14,Second Class,BP-11290
CA-2016-162901,3/28/2016,3/31/2016,First Class,AS-10045
CA-2017-162978,05-04-17,05-09-17,Standard Class,LW-16990
US-2014-160444,07-05-14,07-05-14,Same Day,DC-12850
CA-2016-145247,05-05-16,05-07-16,First Class,ND-18370
CA-2017-160045,4/26/2017,4/27/2017,First Class,LB-16735
US-2014-151925,9/26/2014,10-01-14,Second Class,KT-16465
CA-2017-125199,10/19/2017,10/25/2017,Standard Class,HM-14860
US-2017-155425,11-10-17,11-11-17,First Class,AB-10600
CA-2017-133249,07-08-17,07-11-17,First Class,SZ-20035
US-2015-103471,12/24/2015,12/28/2015,Standard Class,JR-15670
CA-2017-136672,03-07-17,03-12-17,Standard Class,MG-17890
US-2014-157021,04-01-14,04-06-14,Second Class,KM-16720
CA-2015-120362,9/14/2015,9/19/2015,Standard Class,CA-12265
CA-2014-126361,08-04-14,08-09-14,Second Class,VD-21670
US-2016-100566,09-03-16,09-09-16,Standard Class,JK-16120
US-2016-108504,02-05-16,02-05-16,Same Day,PP-18955
CA-2017-124828,07-03-17,07-04-17,First Class,YS-21880
US-2017-117247,10-09-17,10/14/2017,Standard Class,CK-12760
CA-2016-124485,11/24/2016,11/26/2016,First Class,NC-18340
CA-2016-159212,11-01-16,11-05-16,Standard Class,KM-16375
US-2016-161396,4/19/2016,4/25/2016,Standard Class,GM-14455
US-2014-118486,04-06-14,04-08-14,First Class,SD-20485
CA-2016-130407,09-02-16,09-06-16,Standard Class,KD-16270
US-2016-122245,9/25/2016,9/30/2016,Standard Class,AB-10105
CA-2017-105144,11-04-17,11-11-17,Standard Class,SZ-20035
CA-2016-136329,07-09-16,7/13/2016,Standard Class,JD-15895
CA-2014-146640,6/30/2014,07-05-14,Standard Class,HA-14905
CA-2017-115994,1/28/2017,1/31/2017,Second Class,BT-11305
CA-2015-126697,9/21/2015,9/24/2015,First Class,SV-20815
CA-2015-124800,9/26/2015,9/30/2015,Standard Class,RW-19540
US-2015-164448,10/31/2015,11-04-15,Second Class,DK-12835
CA-2017-122700,11/26/2017,11/30/2017,Standard Class,LT-17110
CA-2014-120768,12/19/2014,12/21/2014,Second Class,IM-15070
US-2016-153129,12/26/2016,12/30/2016,Standard Class,FP-14320
CA-2017-106852,6/20/2017,6/27/2017,Standard Class,ST-20530
CA-2015-139731,10/15/2015,10/15/2015,Same Day,JE-15745
CA-2017-122735,04-12-17,4/15/2017,Second Class,BD-11320
CA-2017-128160,12/19/2017,12/24/2017,Second Class,MM-17920
CA-2017-117695,08-05-17,08-08-17,First Class,PW-19030
CA-2015-166135,10-01-15,10-06-15,Standard Class,SC-20440
CA-2016-133725,5/23/2016,5/28/2016,Standard Class,KL-16645
CA-2017-102337,6/13/2017,6/16/2017,First Class,SD-20485
US-2014-112564,4/23/2014,4/24/2014,First Class,TS-21160
CA-2015-145821,05-01-15,05-07-15,Standard Class,JB-15400
US-2015-160150,7/19/2015,7/20/2015,First Class,TS-21085
CA-2016-133711,11/26/2016,11/29/2016,First Class,MC-17425
CA-2017-148474,06-12-17,6/19/2017,Standard Class,ME-17320
CA-2015-111297,8/17/2015,8/21/2015,Standard Class,SC-20440
CA-2016-123722,9/25/2016,10-01-16,Standard Class,NH-18610
CA-2014-155271,05-04-14,05-04-14,Same Day,AA-10480
CA-2015-119907,12-01-15,12-08-15,Standard Class,LC-17140
US-2016-128902,03-11-16,3/15/2016,Standard Class,MB-18085
CA-2016-152289,8/26/2016,8/28/2016,First Class,LC-16930
US-2016-104794,12/16/2016,12/19/2016,First Class,KD-16495
CA-2014-151708,08-08-14,8/14/2014,Standard Class,MB-17305
CA-2015-100769,5/16/2015,5/16/2015,Same Day,TH-21550
CA-2017-139199,12-09-17,12/13/2017,Standard Class,DK-12835
US-2015-161466,9/24/2015,9/27/2015,Second Class,ON-18715
CA-2017-164959,07-11-17,7/15/2017,Standard Class,KN-16390
US-2015-105676,12-01-15,12-02-15,Same Day,NM-18520
CA-2016-113138,11/19/2016,11/25/2016,Standard Class,NP-18685
US-2017-104955,3/19/2017,3/24/2017,Standard Class,CG-12040
CA-2016-121958,11/13/2016,11/17/2016,Standard Class,CS-12505
CA-2017-121468,11/19/2017,11/20/2017,First Class,KD-16345
US-2016-108455,12-02-16,12-08-16,Standard Class,MK-18160
CA-2017-101210,8/25/2017,8/28/2017,Second Class,DW-13540
US-2016-108098,10/14/2016,10/18/2016,Standard Class,CP-12340
CA-2014-119032,11/27/2014,12-03-14,Standard Class,MS-17770
CA-2015-140410,11-03-15,11-07-15,Standard Class,CM-12655
CA-2014-136280,11/29/2014,12-06-14,Standard Class,Co-12640
CA-2017-151911,4/30/2017,05-05-17,Second Class,DL-13495
CA-2017-166436,11/24/2017,11/28/2017,Standard Class,TS-21370
CA-2017-139661,10/30/2017,11-03-17,Standard Class,JW-15220
CA-2014-123925,12/17/2014,12/19/2014,Second Class,RF-19840
CA-2017-152485,09-04-17,09-08-17,Standard Class,JD-15790
CA-2016-141586,10/17/2016,10/20/2016,First Class,NK-18490
CA-2017-130386,11-12-17,11/18/2017,Standard Class,NG-18430
CA-2016-100468,11/24/2016,12-01-16,Standard Class,AT-10435
CA-2015-153388,08-01-15,08-07-15,Standard Class,PC-19000
CA-2017-154935,12/24/2017,12/29/2017,Standard Class,AR-10540
CA-2016-134208,9/17/2016,9/23/2016,Standard Class,CS-12505
CA-2017-108294,12-10-17,12-10-17,Same Day,LS-16975
CA-2017-103611,09-12-17,9/15/2017,First Class,JM-15535
CA-2017-100384,6/24/2017,07-01-17,Standard Class,NH-18610
CA-2017-112809,8/18/2017,8/22/2017,Standard Class,RA-19915
US-2017-160759,12-11-17,12/17/2017,Standard Class,AI-10855
CA-2017-148446,12-10-17,12/14/2017,Second Class,MC-17845
CA-2014-111059,02-03-14,02-06-14,Second Class,TB-21400
CA-2017-116204,02-11-17,2/14/2017,Second Class,VW-21775
CA-2017-109946,4/16/2017,4/21/2017,Standard Class,PL-18925
CA-2015-144806,12-06-15,12-11-15,Standard Class,GH-14425
CA-2016-122392,7/22/2016,7/27/2016,Standard Class,CJ-12010
CA-2015-148432,11-07-15,11-10-15,Second Class,MC-18130
CA-2015-103793,3/26/2015,3/31/2015,Standard Class,BV-11245
CA-2017-159884,8/31/2017,09-05-17,Standard Class,JF-15490
CA-2016-139885,12-04-16,12-08-16,Standard Class,EB-13840
CA-2017-124086,02-10-17,2/14/2017,Standard Class,MP-18175
CA-2016-112389,10/29/2016,11-02-16,Standard Class,JM-15655
CA-2017-121888,9/15/2017,9/17/2017,Second Class,CL-11890
CA-2014-166884,03-11-14,3/16/2014,Second Class,CK-12205
CA-2014-107181,02-04-14,02-08-14,Standard Class,DB-13270
CA-2014-150245,12/31/2014,01-04-15,Second Class,PC-18745
CA-2015-111395,11/23/2015,11/27/2015,Standard Class,VB-21745
CA-2014-134278,07-06-14,07-08-14,First Class,EP-13915
US-2017-124926,11/13/2017,11/18/2017,Second Class,ME-17320
CA-2016-159345,6/17/2016,6/22/2016,Standard Class,IG-15085
CA-2014-130274,05-03-14,05-05-14,First Class,JS-15940
CA-2017-158386,10/16/2017,10/21/2017,Standard Class,BO-11425
CA-2015-111507,02-06-15,2/13/2015,Standard Class,VW-21775
CA-2017-120761,09-04-17,09-08-17,Standard Class,AB-10150
CA-2016-109176,05-09-16,5/15/2016,Standard Class,JW-16075
CA-2015-112116,3/16/2015,3/18/2015,Second Class,JE-15475
CA-2016-126809,04-09-16,4/13/2016,Standard Class,EB-13750
CA-2014-105172,04-04-14,04-09-14,Standard Class,PK-18910
CA-2017-107293,09-05-17,09-06-17,First Class,CS-12400
US-2017-102890,6/30/2017,6/30/2017,Same Day,SG-20470
CA-2015-158554,11-09-15,11-09-15,Same Day,CM-12190
CA-2014-116239,03-04-14,03-04-14,Same Day,CL-12565
CA-2015-132101,3/19/2015,3/25/2015,Standard Class,JO-15550
CA-2015-129112,11/29/2015,11/30/2015,First Class,AW-10840
US-2017-152002,06-11-17,06-11-17,Same Day,DV-13465
CA-2017-165029,11/26/2017,11/30/2017,Standard Class,AH-10075
US-2014-157385,11/23/2014,11/25/2014,First Class,SC-20095
CA-2014-101602,12/15/2014,12/18/2014,First Class,MC-18100
CA-2016-109057,4/22/2016,4/27/2016,Standard Class,TT-21460
CA-2016-154403,5/23/2016,5/27/2016,Standard Class,AP-10720
CA-2016-102456,2/27/2016,03-01-16,First Class,DL-12865
CA-2015-131338,08-09-15,08-12-15,First Class,NP-18325
CA-2016-109911,05-12-16,5/16/2016,Standard Class,VG-21805
US-2016-132423,4/15/2016,4/19/2016,Standard Class,MY-18295
CA-2015-122826,6/23/2015,6/25/2015,Second Class,RD-19480
CA-2014-117317,10/19/2014,10/19/2014,Same Day,JF-15490
CA-2015-118423,3/24/2015,3/27/2015,First Class,DP-13390
CA-2017-149181,05-08-17,05-12-17,Standard Class,MD-17350
CA-2017-132234,10/16/2017,10/18/2017,First Class,MY-17380
CA-2017-158876,11/19/2017,11/21/2017,Second Class,AB-10150
CA-2016-164672,05-08-16,5/13/2016,Second Class,GB-14530
US-2016-132857,12-11-16,12/17/2016,Standard Class,CA-12775
CA-2017-116645,11/30/2017,12-04-17,Standard Class,ME-17725
US-2016-115819,4/19/2016,4/24/2016,Second Class,JO-15280
CA-2014-156349,5/26/2014,5/30/2014,Standard Class,ML-17395
CA-2017-138380,12/21/2017,12/25/2017,Standard Class,YS-21880
US-2016-113509,3/15/2016,3/19/2016,Standard Class,PL-18925
CA-2015-130022,08-10-15,8/16/2015,Standard Class,JK-16120
US-2016-118780,09-10-16,9/14/2016,Second Class,PN-18775
CA-2017-108560,07-08-17,7/15/2017,Standard Class,JC-15385
CA-2015-157084,12/19/2015,12/24/2015,Standard Class,JG-15160
CA-2015-164539,11/16/2015,11/22/2015,Standard Class,PO-19180
CA-2015-143119,9/24/2015,9/30/2015,Standard Class,MC-17275
CA-2017-101049,6/21/2017,6/25/2017,Second Class,AS-10240
CA-2016-106530,05-08-16,05-08-16,Same Day,CL-12565
CA-2014-168984,11/26/2014,12-02-14,Standard Class,NW-18400
CA-2016-157266,5/26/2016,06-01-16,Standard Class,TB-21280
US-2014-134712,11/29/2014,12-04-14,Standard Class,BS-11380
CA-2015-111829,3/19/2015,3/20/2015,First Class,FH-14365
CA-2015-105221,11-01-15,11-03-15,First Class,VM-21685
CA-2015-120341,9/26/2015,9/29/2015,Second Class,SF-20200
CA-2014-135699,8/29/2014,8/29/2014,Same Day,HH-15010
US-2017-132444,11/18/2017,11/21/2017,First Class,CD-12280
CA-2014-127159,05-12-14,5/15/2014,First Class,HL-15040
CA-2017-161809,1/20/2017,1/26/2017,Standard Class,TH-21100
CA-2017-127285,10/30/2017,11-06-17,Standard Class,MM-18055
CA-2017-144526,4/30/2017,05-06-17,Standard Class,QJ-19255
CA-2016-128531,11/24/2016,11/26/2016,Second Class,NS-18505
US-2015-157154,01-10-15,1/15/2015,Standard Class,MM-17920
CA-2017-159457,10/19/2017,10/26/2017,Standard Class,RD-19480
CA-2016-107615,3/22/2016,3/25/2016,First Class,RB-19645
CA-2017-111647,07-03-17,07-07-17,Standard Class,RD-19585
CA-2015-150560,12-11-15,12-12-15,First Class,SW-20455
CA-2015-143077,9/17/2015,9/21/2015,Standard Class,SF-20965
CA-2016-122728,5/18/2016,5/24/2016,Standard Class,EB-13930
CA-2014-122882,09-07-14,9/13/2014,Standard Class,SB-20290
US-2016-101497,9/29/2016,10-01-16,Second Class,PS-18760
CA-2016-147585,11-07-16,11-12-16,Standard Class,CB-12535
CA-2017-149489,4/24/2017,4/27/2017,First Class,DK-12835
CA-2017-143798,12-10-17,12-12-17,First Class,AW-10840
CA-2014-142839,8/16/2014,8/20/2014,Standard Class,TS-21610
CA-2017-129833,12-09-17,12/15/2017,Standard Class,HF-14995
US-2016-154361,3/14/2016,3/19/2016,Standard Class,HZ-14950
US-2016-158708,6/26/2016,6/29/2016,Second Class,AB-10255
CA-2015-156335,9/25/2015,9/28/2015,Second Class,PO-19195
CA-2015-148376,12/27/2015,12/31/2015,Standard Class,AG-10900
CA-2014-135657,06-03-14,06-07-14,Second Class,SC-20725
CA-2015-114069,7/13/2015,7/15/2015,Second Class,ND-18370
CA-2014-139857,02-02-14,02-06-14,Standard Class,CD-12790
CA-2016-106306,03-08-16,03-08-16,Same Day,PG-18820
CA-2015-100545,11/22/2015,11/26/2015,Standard Class,IM-15070
CA-2017-123491,10/30/2017,11-05-17,Standard Class,JK-15205
CA-2015-145401,1/30/2015,02-04-15,Standard Class,JP-15520
US-2017-124968,09-08-17,9/13/2017,Second Class,MM-18055
CA-2017-104003,10-07-17,10/13/2017,Standard Class,DC-13285
CA-2016-154788,4/30/2016,05-04-16,Standard Class,JL-15835
CA-2016-169943,5/19/2016,5/24/2016,Standard Class,BN-11515
US-2015-123218,12/20/2015,12/25/2015,Standard Class,KD-16345
CA-2015-127453,12/19/2015,12/20/2015,First Class,JK-15370
US-2017-164056,4/29/2017,05-04-17,Second Class,FM-14215
CA-2016-106894,02-07-16,02-07-16,Same Day,CA-12265
CA-2014-125136,9/28/2014,10-03-14,Standard Class,KD-16495
US-2016-131149,07-10-16,7/14/2016,Standard Class,LH-17155
CA-2017-101483,7/29/2017,08-01-17,Second Class,AG-10675
CA-2015-130204,09-03-15,09-09-15,Standard Class,DB-13120
CA-2014-110527,08-09-14,8/16/2014,Standard Class,ED-13885
CA-2017-152807,10/30/2017,11-03-17,Standard Class,MC-18100
CA-2014-133270,06-06-14,06-09-14,First Class,BM-11785
CA-2016-155670,8/13/2016,8/17/2016,Second Class,EM-14065
US-2014-157406,4/25/2014,4/29/2014,Standard Class,DA-13450
CA-2015-139094,11/22/2015,11/27/2015,Standard Class,MO-17800
CA-2017-168837,10/14/2017,10/17/2017,First Class,JW-15955
CA-2017-116715,12-02-17,12-05-17,First Class,VW-21775
CA-2015-135622,12-08-15,12-11-15,Second Class,TT-21460
US-2015-107349,7/13/2015,7/15/2015,First Class,SL-20155
CA-2014-139017,05-11-14,5/17/2014,Standard Class,RM-19375
CA-2014-141817,01-05-14,01-12-14,Standard Class,MB-18085
CA-2015-130785,09-05-15,09-09-15,Standard Class,AG-10900
CA-2016-110254,08-04-16,08-08-16,Standard Class,ML-17755
US-2014-158057,3/22/2014,3/26/2014,Standard Class,CC-12685
CA-2017-146024,03-02-17,03-08-17,Standard Class,SC-20770
CA-2016-129686,11/27/2016,11/29/2016,Second Class,GG-14650
CA-2014-118976,4/28/2014,05-03-14,Standard Class,MY-18295
CA-2015-105347,11/24/2015,11/28/2015,Standard Class,DP-13000
CA-2016-124667,11-11-16,11/16/2016,Standard Class,BD-11770
CA-2015-111094,07-09-15,7/13/2015,Standard Class,CB-12535
CA-2017-166317,9/22/2017,9/26/2017,Standard Class,JE-15610
CA-2015-154326,2/15/2015,2/19/2015,Standard Class,RP-19855
CA-2014-102008,9/30/2014,10-04-14,Standard Class,RA-19915
CA-2014-120474,12-01-14,12-03-14,First Class,RP-19390
CA-2014-104773,12-08-14,12/13/2014,Standard Class,TB-21175
CA-2016-140774,09-05-16,09-10-16,Standard Class,BE-11455
US-2017-139465,8/27/2017,8/30/2017,First Class,MR-17545
CA-2016-100965,07-07-16,07-11-16,Standard Class,RM-19375
CA-2016-121034,08-08-16,08-10-16,Second Class,JF-15565
CA-2016-149461,11/13/2016,11/19/2016,Standard Class,AS-10135
CA-2017-158379,9/22/2017,9/26/2017,Second Class,JA-15970
US-2016-116729,12/25/2016,12/28/2016,First Class,GK-14620
CA-2016-164938,02-11-16,2/13/2016,First Class,PB-19210
CA-2016-165484,10/23/2016,10/29/2016,Standard Class,HK-14890
CA-2014-132612,06-09-14,06-11-14,Second Class,FO-14305
US-2017-161193,11/20/2017,11/26/2017,Standard Class,BT-11680
CA-2015-131597,9/14/2015,9/18/2015,Standard Class,SP-20620
CA-2015-164833,06-04-15,06-04-15,Same Day,LL-16840
CA-2015-125423,12/13/2015,12/15/2015,Second Class,MC-17575
US-2014-130379,5/25/2014,5/29/2014,Standard Class,JL-15235
CA-2016-168956,2/16/2016,2/20/2016,Standard Class,EA-14035
CA-2016-167507,12/22/2016,12/28/2016,Standard Class,SA-20830
CA-2016-109344,02-08-16,02-11-16,Second Class,CH-12070
US-2015-140851,7/13/2015,7/15/2015,Second Class,ND-18460
CA-2014-103373,5/18/2014,5/24/2014,Standard Class,BS-11755
CA-2017-145884,10/21/2017,10/21/2017,Same Day,SL-20155
CA-2015-131422,11-05-15,11-09-15,Standard Class,GB-14530
CA-2017-162691,08-01-17,08-07-17,Standard Class,AS-10045
CA-2014-141278,6/21/2014,6/24/2014,First Class,RM-19375
CA-2017-122693,2/19/2017,2/21/2017,Second Class,NH-18610
CA-2014-117345,08-01-14,08-05-14,Standard Class,BF-10975
CA-2016-157763,7/18/2016,7/23/2016,Standard Class,KH-16330
CA-2015-135391,02-09-15,02-11-15,Second Class,FA-14230
US-2017-113852,7/29/2017,08-02-17,Standard Class,GW-14605
US-2017-158512,01-12-17,1/17/2017,Second Class,DA-13450
CA-2017-128370,09-10-17,09-10-17,Same Day,FH-14275
CA-2015-160472,7/20/2015,7/25/2015,Second Class,RK-19300
CA-2014-114643,6/13/2014,6/17/2014,Standard Class,FM-14215
US-2017-158218,05-12-17,5/15/2017,Second Class,AC-10420
CA-2015-121608,09-03-15,09-05-15,First Class,JB-15400
US-2017-121251,3/26/2017,3/27/2017,First Class,GM-14440
CA-2014-151078,11-12-14,11-12-14,Same Day,RF-19840
US-2016-100839,10/13/2016,10/17/2016,Standard Class,NC-18625
US-2017-116659,11-12-17,11-12-17,Same Day,NG-18355
CA-2017-118857,4/15/2017,4/18/2017,First Class,AH-10075
CA-2015-127110,6/25/2015,07-01-15,Standard Class,CH-12070
CA-2016-148201,8/26/2016,8/29/2016,Second Class,CC-12145
CA-2014-116932,7/21/2014,7/25/2014,Standard Class,ME-18010
CA-2017-142888,11/21/2017,11/25/2017,Standard Class,BP-11230
CA-2014-147914,06-04-14,06-09-14,Standard Class,MP-17470
US-2016-112977,03-10-16,3/16/2016,Standard Class,CJ-12010
CA-2017-112039,3/25/2017,3/29/2017,Standard Class,JC-15775
CA-2017-118885,12/29/2017,01-02-18,Standard Class,JG-15160
US-2017-166611,3/28/2017,04-02-17,Standard Class,CK-12760
CA-2015-109512,03-05-15,03-05-15,Same Day,LF-17185
CA-2016-118570,11/13/2016,11/17/2016,Standard Class,CC-12430
CA-2017-154718,1/19/2017,1/23/2017,Second Class,DL-12865
CA-2016-147578,4/22/2016,4/26/2016,Second Class,PG-18895
CA-2014-140165,5/13/2014,5/15/2014,First Class,EH-14005
CA-2014-142587,10/21/2014,10/22/2014,First Class,TB-21520
CA-2014-157623,3/14/2014,3/18/2014,Standard Class,DK-13225
CA-2017-145310,12/22/2017,12/24/2017,Second Class,JP-15520
CA-2016-100083,11/24/2016,11/29/2016,Standard Class,CD-11980
US-2017-108063,12-02-17,12-05-17,First Class,AS-10090
CA-2015-109197,12/31/2015,01-04-16,Standard Class,JO-15280
CA-2017-141789,10-03-17,10-06-17,First Class,AC-10450
CA-2014-169775,8/29/2014,09-02-14,Second Class,RA-19945
CA-2016-140543,6/29/2016,07-03-16,Second Class,Co-12640
CA-2016-151141,8/20/2016,8/23/2016,First Class,DW-13480
CA-2017-167094,10/21/2017,10/22/2017,First Class,DK-12835
CA-2017-154410,10/21/2017,10/24/2017,First Class,MD-17860
US-2016-150567,5/17/2016,5/21/2016,Standard Class,RP-19855
CA-2015-157959,02-03-15,02-04-15,First Class,RW-19540
CA-2017-105886,12/18/2017,12/23/2017,Standard Class,DB-13660
CA-2016-105963,11/15/2016,11/22/2016,Standard Class,SC-20770
CA-2017-121503,07-03-17,07-06-17,Second Class,FH-14275
CA-2014-103366,1/15/2014,1/17/2014,First Class,EH-13990
CA-2017-124597,4/30/2017,05-05-17,Standard Class,AS-10630
CA-2015-105634,11-08-15,11/14/2015,Standard Class,HA-14905
CA-2015-123673,10/30/2015,11-01-15,Second Class,CH-12070
US-2017-111423,8/17/2017,8/19/2017,First Class,EH-13765
CA-2015-125178,10-03-15,10-09-15,Standard Class,MZ-17515
CA-2016-156685,07-08-16,07-10-16,Second Class,SC-20230
CA-2017-126865,12-05-17,12-07-17,Second Class,NP-18325
CA-2017-102834,03-09-17,3/13/2017,Standard Class,LW-16990
US-2016-139710,06-09-16,6/15/2016,Standard Class,GM-14680
CA-2017-121538,11/28/2017,12-01-17,First Class,RH-19495
US-2017-101539,3/16/2017,3/18/2017,Second Class,VM-21685
CA-2016-152121,11/27/2016,11/29/2016,Second Class,CC-12670
CA-2017-161200,08-06-17,08-10-17,Second Class,SV-20365
CA-2017-101245,11/27/2017,12-03-17,Standard Class,LW-16990
CA-2015-141768,5/25/2015,5/27/2015,Second Class,NP-18685
CA-2016-112109,07-08-16,07-12-16,Standard Class,JE-15715
CA-2017-144064,8/29/2017,09-01-17,First Class,CP-12085
CA-2016-108581,6/20/2016,6/26/2016,Standard Class,EA-14035
CA-2017-157987,09-02-17,09-06-17,Standard Class,AC-10615
CA-2017-110905,09-10-17,9/15/2017,Second Class,RW-19690
CA-2017-165841,12/21/2017,12/28/2017,Standard Class,DB-13210
CA-2017-117485,9/23/2017,9/29/2017,Standard Class,BD-11320
CA-2017-140242,05-06-17,05-11-17,Standard Class,ML-17755
CA-2014-148950,12/14/2014,12/19/2014,Standard Class,JD-16015
CA-2014-110408,10/18/2014,10/20/2014,Second Class,AS-10225
CA-2015-109939,05-08-15,05-12-15,Standard Class,AA-10375
CA-2016-112669,4/14/2016,4/14/2016,Same Day,KT-16465
CA-2015-119592,12/14/2015,12/16/2015,Second Class,MM-18280
CA-2014-122749,12-03-14,12-09-14,Standard Class,NG-18430
CA-2014-164721,11/25/2014,11/27/2014,Second Class,LW-16825
CA-2016-147417,7/25/2016,7/27/2016,First Class,CB-12415
CA-2015-127509,11-09-15,11/13/2015,Standard Class,AS-10090
CA-2017-111374,2/24/2017,2/28/2017,Standard Class,CB-12415
CA-2017-133648,6/25/2017,07-02-17,Standard Class,ML-17755
US-2017-147221,12-02-17,12-04-17,Second Class,JS-16030
CA-2014-131905,02-06-14,02-09-14,First Class,ND-18460
CA-2017-166128,04-11-17,4/18/2017,Standard Class,LW-17215
CA-2017-163510,12/25/2017,12/28/2017,Second Class,JW-15955
US-2017-143028,04-11-17,4/18/2017,Standard Class,SC-20050
CA-2014-111150,12/31/2014,01-04-15,Standard Class,RW-19630
CA-2017-165386,08-03-17,08-04-17,First Class,CM-12190
CA-2014-116407,11/15/2014,11/21/2014,Standard Class,JF-15190
CA-2015-155761,12-11-15,12-11-15,Same Day,SC-20800
CA-2016-145905,9/18/2016,9/23/2016,Standard Class,AM-10705
CA-2015-113110,3/19/2015,3/23/2015,Standard Class,BK-11260
CA-2016-168354,9/19/2016,9/21/2016,First Class,RH-19510
US-2017-111241,8/20/2017,8/22/2017,Second Class,GM-14500
CA-2015-114237,3/13/2015,3/15/2015,First Class,MC-17275
CA-2016-113516,09-08-16,09-10-16,Second Class,VM-21685
CA-2015-117961,11/26/2015,11/30/2015,Standard Class,GP-14740
CA-2016-128923,12-09-16,12/13/2016,Standard Class,GB-14530
CA-2017-162481,9/25/2017,9/29/2017,Standard Class,CT-11995
CA-2015-119214,1/23/2015,1/27/2015,Standard Class,CW-11905
CA-2015-122287,6/18/2015,6/23/2015,Standard Class,SN-20560
CA-2015-104493,10-02-15,10-08-15,Standard Class,EB-13705
US-2017-158946,11/18/2017,11/23/2017,Standard Class,JW-15220
CA-2014-129168,8/17/2014,8/23/2014,Standard Class,KB-16585
CA-2016-131835,7/17/2016,7/21/2016,Standard Class,MC-17590
CA-2015-142237,07-11-15,7/13/2015,First Class,CK-12595
CA-2016-136434,12-01-16,12-07-16,Standard Class,RD-19480
CA-2017-120376,12/22/2017,12/25/2017,First Class,TP-21130
CA-2014-106439,10/31/2014,11-04-14,Standard Class,GG-14650
CA-2015-133452,4/13/2015,4/19/2015,Standard Class,ZC-21910
CA-2016-146521,7/21/2016,7/23/2016,Second Class,CC-12610
US-2017-110996,11/20/2017,11/25/2017,Standard Class,KA-16525
CA-2016-129693,11/26/2016,12-02-16,Standard Class,TC-20980
CA-2017-122504,11-07-17,11-12-17,Second Class,DB-13270
CA-2014-131051,12-01-14,12-05-14,Standard Class,TR-21325
CA-2017-140676,09-12-17,9/15/2017,First Class,BF-11080
CA-2015-120103,12/24/2015,12/29/2015,Standard Class,MS-17365
CA-2017-104647,2/23/2017,03-01-17,Standard Class,CK-12595
CA-2014-110352,11/23/2014,11/29/2014,Standard Class,ED-13885
CA-2016-140501,6/23/2016,6/28/2016,Standard Class,IM-15070
CA-2015-139290,10/26/2015,10/30/2015,Standard Class,MY-17380
CA-2017-166142,7/15/2017,7/19/2017,Standard Class,MM-17260
CA-2014-145926,11/17/2014,11/21/2014,Standard Class,MP-17470
CA-2015-149678,4/13/2015,4/15/2015,Second Class,AW-10840
US-2015-164357,11/25/2015,11/29/2015,Standard Class,SF-20065
US-2016-146570,5/15/2016,5/20/2016,Standard Class,SN-20710
CA-2017-124401,09-07-17,09-12-17,Standard Class,RD-19900
US-2014-140116,03-10-14,3/17/2014,Standard Class,KT-16480
CA-2014-123295,7/18/2014,7/18/2014,Same Day,AH-10120
CA-2017-167101,3/24/2017,3/28/2017,Second Class,BM-11650
US-2014-167633,9/30/2014,10-05-14,Standard Class,BW-11200
US-2014-152723,9/26/2014,9/26/2014,Same Day,HG-14965
CA-2015-164882,10/31/2015,10/31/2015,Same Day,SG-20080
CA-2015-159786,10-12-15,10/17/2015,Second Class,RK-19300
CA-2016-130267,9/19/2016,9/23/2016,Standard Class,SW-20245
CA-2017-155460,4/13/2017,4/15/2017,First Class,RW-19630
US-2017-168690,01-07-17,1/13/2017,Standard Class,TS-21085
CA-2017-158246,11-09-17,11-11-17,First Class,JB-15400
CA-2017-167381,9/22/2017,9/24/2017,Second Class,EH-14005
CA-2017-144862,12-01-17,12-05-17,Standard Class,EH-14005
CA-2014-126032,6/23/2014,6/28/2014,Standard Class,BS-11665
CA-2015-134859,10-04-15,10-09-15,Standard Class,JK-16120
US-2014-114188,5/20/2014,5/22/2014,Second Class,RF-19345
CA-2015-156524,11/20/2015,11/26/2015,Standard Class,DL-12865
CA-2015-122210,11/30/2015,12-04-15,Standard Class,WB-21850
CA-2015-156377,12/31/2015,01-05-16,Standard Class,TB-21625
US-2017-157896,11/16/2017,11/16/2017,Same Day,CB-12415
CA-2014-159520,06-06-14,06-11-14,Standard Class,GT-14635
CA-2016-155481,09-01-16,09-05-16,Standard Class,DK-13225
US-2016-152051,6/25/2016,6/29/2016,Standard Class,TS-21160
CA-2014-141607,12-12-14,12/17/2014,Standard Class,WB-21850
CA-2017-102771,3/31/2017,04-05-17,Standard Class,DO-13435
US-2017-139969,11/19/2017,11/26/2017,Standard Class,AF-10870
CA-2014-167360,11/24/2014,11/29/2014,Second Class,RB-19435
CA-2015-123505,11/22/2015,11/26/2015,Standard Class,AR-10540
CA-2016-117282,7/14/2016,7/18/2016,Standard Class,DR-12880
US-2016-120460,4/30/2016,05-05-16,Standard Class,BF-11170
CA-2016-111115,7/25/2016,7/27/2016,Second Class,LB-16735
CA-2014-124646,6/22/2014,6/24/2014,First Class,DV-13465
CA-2017-148166,10/21/2017,10/26/2017,Standard Class,NK-18490
CA-2016-159737,09-03-16,09-09-16,Standard Class,CS-11950
CA-2016-141019,5/14/2016,5/14/2016,Same Day,LH-17155
CA-2016-101938,01-07-16,01-12-16,Standard Class,DW-13480
CA-2017-166296,3/13/2017,3/19/2017,Standard Class,KF-16285
CA-2016-154018,10/13/2016,10/19/2016,Standard Class,HA-14920
CA-2017-117870,1/27/2017,1/30/2017,Second Class,JH-15820
US-2017-137491,11/19/2017,11/25/2017,Standard Class,LC-16930
CA-2014-152296,08-01-14,08-03-14,First Class,IL-15100
CA-2016-112025,7/30/2016,08-04-16,Standard Class,LS-16975
CA-2015-132507,7/30/2015,08-03-15,Second Class,CC-12610
CA-2016-125738,10/15/2016,10/21/2016,Standard Class,PB-18805
CA-2016-128818,05-07-16,05-11-16,Standard Class,CJ-12010
CA-2017-124576,08-01-17,08-04-17,Second Class,HK-14890
CA-2016-101378,7/14/2016,7/14/2016,Same Day,RH-19600
CA-2017-143063,08-10-17,8/15/2017,Standard Class,IL-15100
CA-2016-118913,6/25/2016,6/29/2016,Standard Class,AS-10240
CA-2016-128412,12-10-16,12/17/2016,Standard Class,AP-10915
CA-2016-136483,12-01-16,12-06-16,Standard Class,AG-10390
CA-2014-163013,11/28/2014,12-04-14,Standard Class,BF-11080
CA-2015-135363,3/28/2015,04-02-15,Standard Class,CK-12205
US-2014-165659,06-01-14,06-06-14,Standard Class,LT-17110
CA-2015-138002,09-06-15,09-12-15,Standard Class,BT-11305
CA-2015-128860,6/29/2015,07-05-15,Standard Class,SC-20725
CA-2016-164350,09-10-16,09-12-16,Second Class,CG-12040
US-2014-103905,7/14/2014,7/20/2014,Standard Class,AW-10930
CA-2015-129854,8/22/2015,8/26/2015,Standard Class,RB-19705
CA-2014-125556,11/14/2014,11/16/2014,Second Class,ML-17410
CA-2016-162313,11/27/2016,11/30/2016,First Class,VB-21745
CA-2017-107874,11/21/2017,11/25/2017,Standard Class,SW-20275
CA-2017-129378,10-01-17,10-02-17,First Class,NS-18505
CA-2014-151953,9/20/2014,9/25/2014,Standard Class,DB-13555
CA-2017-130841,7/28/2017,08-01-17,Standard Class,MH-17620
CA-2015-131884,12-06-15,12-06-15,Same Day,DK-13375
CA-2017-121909,7/31/2017,08-05-17,Standard Class,EA-14035
CA-2016-106383,3/19/2016,3/21/2016,Second Class,BT-11440
CA-2017-130771,7/29/2017,08-03-17,Standard Class,LA-16780
CA-2016-139157,10-01-16,10-05-16,Standard Class,GM-14680
CA-2014-128055,3/31/2014,04-05-14,Standard Class,AA-10315
CA-2017-157091,6/26/2017,07-01-17,Standard Class,DB-13405
CA-2017-132122,07-09-17,7/14/2017,Standard Class,JH-15820
CA-2015-123232,12/14/2015,12/16/2015,Second Class,DJ-13630
CA-2017-104066,12-05-17,12-10-17,Standard Class,QJ-19255
CA-2015-145849,9/15/2015,9/17/2015,Second Class,CT-11995
CA-2016-122322,7/15/2016,7/21/2016,Standard Class,RH-19510
CA-2017-166849,4/20/2017,4/26/2017,Standard Class,SJ-20125
CA-2016-146633,11/15/2016,11/17/2016,Second Class,TG-21310
US-2016-126893,11/26/2016,12-01-16,Standard Class,CT-11995
CA-2017-103380,11/21/2017,11/25/2017,Standard Class,BF-11005
CA-2015-116092,2/15/2015,2/18/2015,Second Class,JM-16195
CA-2016-117849,4/15/2016,4/17/2016,Second Class,JK-16120
CA-2015-169201,9/28/2015,10-01-15,First Class,HG-14965
CA-2016-164091,9/17/2016,9/22/2016,Standard Class,LA-16780
CA-2017-105214,6/16/2017,6/19/2017,First Class,TS-21610
CA-2015-117611,11-08-15,11-10-15,Second Class,MZ-17335
US-2015-137960,12/18/2015,12/18/2015,Same Day,MW-18220
CA-2017-122994,02-06-17,02-09-17,First Class,MV-17485
CA-2016-131065,11/14/2016,11/16/2016,Second Class,AA-10375
CA-2017-149146,10-12-17,10-12-17,Same Day,SM-20320
CA-2017-137470,9/17/2017,9/17/2017,Same Day,TP-21415
CA-2017-105480,12/20/2017,12/26/2017,Standard Class,DK-13225
CA-2017-164917,12-02-17,12-07-17,Standard Class,MK-17905
CA-2015-102036,9/21/2015,9/27/2015,Standard Class,CS-12130
CA-2015-142944,03-06-15,03-11-15,Standard Class,JL-15850
CA-2014-157882,10-03-14,10-08-14,Second Class,AR-10405
CA-2014-104283,6/27/2014,07-01-14,Standard Class,LM-17065
CA-2017-142622,10/30/2017,11-02-17,First Class,JK-15625
CA-2016-132143,09-03-16,09-05-16,First Class,FM-14215
CA-2015-153108,03-05-15,03-09-15,Standard Class,SF-20200
CA-2016-112676,05-05-16,05-08-16,First Class,PJ-18835
CA-2017-165687,11/17/2017,11/23/2017,Standard Class,CS-12355
US-2017-112928,06-01-17,06-05-17,Second Class,BB-10990
CA-2017-143343,06-10-17,6/13/2017,First Class,BW-11200
CA-2017-115154,01-08-17,01-11-17,First Class,RS-19420
CA-2015-149342,4/20/2015,4/25/2015,Standard Class,TS-21160
CA-2015-130995,11-01-15,11-06-15,Standard Class,QJ-19255
CA-2017-127929,12/23/2017,12/27/2017,Standard Class,FM-14215
CA-2015-113145,11-01-15,11-05-15,Standard Class,VD-21670
CA-2014-162362,11/14/2014,11/18/2014,Standard Class,JL-15505
CA-2016-106558,1/17/2016,1/21/2016,Standard Class,DL-13495
CA-2017-157931,9/17/2017,9/22/2017,Second Class,MO-17800
CA-2016-115574,12/23/2016,12/24/2016,First Class,BP-11185
CA-2015-160794,08-06-15,08-08-15,First Class,MS-17980
CA-2017-116225,11-05-17,11-09-17,Standard Class,SV-20935
US-2017-120418,06-11-17,06-12-17,First Class,BC-11125
CA-2017-122035,7/20/2017,7/25/2017,Standard Class,EM-13825
CA-2015-117828,12/23/2015,12/26/2015,First Class,BD-11500
CA-2017-165491,3/20/2017,3/24/2017,Standard Class,HW-14935
CA-2015-109470,12/31/2015,01-03-16,Second Class,KC-16255
CA-2015-105102,9/15/2015,9/19/2015,Second Class,BM-11575
CA-2017-138422,9/23/2017,9/26/2017,First Class,KN-16705
US-2015-147739,12/25/2015,12/29/2015,Standard Class,JD-16150
CA-2016-155187,9/24/2016,9/26/2016,Second Class,LA-16780
CA-2017-169285,3/21/2017,3/25/2017,Standard Class,RW-19690
CA-2014-140886,9/30/2014,10-04-14,Standard Class,KW-16570
CA-2017-152695,12-10-17,12-10-17,Same Day,CC-12220
CA-2014-110639,8/23/2014,8/23/2014,Same Day,RH-19495
CA-2014-121727,8/19/2014,8/24/2014,Standard Class,JK-15625
CA-2016-137736,11-10-16,11/15/2016,Standard Class,DC-13285
US-2014-143231,12/31/2014,01-03-15,First Class,GM-14455
US-2014-155894,7/26/2014,7/30/2014,Second Class,CL-11890
CA-2016-119025,2/22/2016,2/28/2016,Standard Class,PV-18985
CA-2016-159373,3/13/2016,3/18/2016,Standard Class,LT-17110
CA-2017-109701,12-02-17,12-03-17,Same Day,AM-10360
CA-2015-111514,8/31/2015,09-02-15,First Class,SC-20260
US-2014-148838,3/17/2014,3/21/2014,Standard Class,CP-12340
CA-2017-136497,4/16/2017,4/20/2017,Standard Class,RF-19840
US-2016-108637,3/13/2016,3/18/2016,Standard Class,AB-10060
CA-2014-102295,11/24/2014,11/26/2014,Second Class,EH-13990
CA-2017-123659,02-10-17,2/13/2017,First Class,MN-17935
US-2016-129469,9/23/2016,9/27/2016,Standard Class,KL-16555
CA-2017-155152,07-07-17,07-09-17,Second Class,MP-17965
CA-2016-159940,07-07-16,07-11-16,Second Class,BF-11020
CA-2017-119669,1/24/2017,1/30/2017,Standard Class,TP-21130
US-2014-164616,8/19/2014,8/21/2014,Second Class,MS-17770
CA-2015-148628,12-06-15,12-11-15,Standard Class,KM-16375
CA-2016-118052,05-06-16,05-10-16,Standard Class,BE-11455
US-2017-117534,3/25/2017,3/26/2017,First Class,CV-12295
CA-2015-145065,12-12-15,12/15/2015,First Class,DK-13375
US-2015-127040,12-06-15,12-10-15,Standard Class,SG-20605
CA-2016-128111,3/17/2016,3/23/2016,Standard Class,CS-12355
CA-2015-137897,11/14/2015,11/19/2015,Standard Class,PJ-18835
CA-2017-169264,8/14/2017,8/16/2017,Second Class,NP-18700
CA-2017-147361,09-09-17,9/15/2017,Standard Class,SB-20290
CA-2017-145877,04-01-17,04-04-17,Second Class,AS-10090
US-2016-110170,9/27/2016,10-03-16,Standard Class,HM-14860
CA-2017-108574,10-07-17,10-11-17,Standard Class,MG-18145
CA-2017-144589,1/20/2017,1/25/2017,Standard Class,TM-21010
CA-2017-155985,3/23/2017,3/25/2017,First Class,BE-11335
CA-2014-162684,08-01-14,08-06-14,Standard Class,AS-10630
CA-2015-142041,06-07-15,06-09-15,Second Class,EM-13810
CA-2014-151295,11-12-14,11/16/2014,Standard Class,JA-15970
CA-2016-156300,12/29/2016,01-02-17,Standard Class,TB-21595
CA-2015-146087,07-06-15,07-11-15,Standard Class,PP-18955
CA-2017-168655,10-12-17,10/18/2017,Standard Class,ML-18040
CA-2016-107202,5/21/2016,5/28/2016,Standard Class,LC-16930
CA-2017-159597,11-09-17,11/14/2017,Standard Class,MC-17590
CA-2016-155551,4/18/2016,4/23/2016,Standard Class,CR-12580
US-2017-147669,12/25/2017,12/30/2017,Standard Class,SV-20935
CA-2016-169922,06-11-16,6/17/2016,Standard Class,MZ-17515
CA-2017-100748,5/13/2017,5/20/2017,Standard Class,RB-19795
CA-2017-129805,12/28/2017,01-02-18,Standard Class,HM-14860
CA-2014-148586,3/25/2014,04-01-14,Standard Class,AZ-10750
US-2017-112613,5/28/2017,06-01-17,Standard Class,JH-15910
CA-2015-154746,11/14/2015,11/17/2015,First Class,PJ-18835
CA-2017-140053,07-03-17,07-10-17,Standard Class,CA-12265
CA-2014-164210,11/18/2014,11/20/2014,Second Class,PW-19240
CA-2017-139948,7/17/2017,7/22/2017,Standard Class,SW-20455
CA-2016-146934,5/22/2016,5/27/2016,Standard Class,AF-10870
CA-2015-100573,9/25/2015,10-01-15,Standard Class,AM-10705
CA-2016-119165,10/31/2016,11-06-16,Standard Class,BD-11320
CA-2015-128027,9/14/2015,9/17/2015,Second Class,CM-12385
CA-2016-140207,11-05-16,11-10-16,Standard Class,CS-12400
CA-2017-140949,3/17/2017,3/22/2017,Second Class,DB-13405
CA-2017-138548,8/15/2017,8/21/2017,Standard Class,JG-15160
CA-2015-142419,07-11-15,7/13/2015,Second Class,SC-20380
CA-2017-148691,12-03-17,12-09-17,Standard Class,CS-12460
CA-2017-128755,05-04-17,05-08-17,Standard Class,MK-18160
US-2016-135923,1/22/2016,1/28/2016,Standard Class,CM-11935
CA-2016-114972,11-03-16,11-06-16,First Class,PF-19225
CA-2017-102750,09-04-17,09-08-17,Second Class,GM-14695
CA-2014-145212,9/13/2014,9/19/2014,Standard Class,DC-12850
CA-2017-141992,6/19/2017,6/25/2017,Standard Class,FO-14305
CA-2017-147956,12/24/2017,12/31/2017,Standard Class,AH-10210
CA-2017-126067,8/28/2017,09-03-17,Standard Class,KN-16705
CA-2015-104514,01-02-15,01-04-15,Second Class,CB-12535
CA-2015-141040,10-09-15,10/13/2015,Second Class,TB-21250
CA-2014-113579,12/13/2014,12/15/2014,Second Class,KD-16345
CA-2014-144624,11/19/2014,11/23/2014,Standard Class,JM-15865
CA-2016-146206,09-10-16,9/14/2016,Second Class,KT-16480
CA-2014-136644,6/16/2014,6/22/2014,Standard Class,SC-20575
CA-2015-122371,9/26/2015,10-01-15,Standard Class,BS-11800
CA-2016-126935,5/19/2016,5/24/2016,Standard Class,BT-11395
US-2017-133781,6/22/2017,6/23/2017,First Class,DC-12850
CA-2017-131618,6/17/2017,6/20/2017,First Class,LS-17200
CA-2016-149482,11/14/2016,11/19/2016,Standard Class,RR-19315
CA-2014-143917,7/25/2014,7/27/2014,Second Class,KL-16645
CA-2015-120397,07-02-15,07-02-15,Same Day,RB-19435
CA-2017-163902,03-02-17,03-08-17,Standard Class,MY-17380
CA-2016-136812,11/18/2016,11/23/2016,Standard Class,AW-10930
CA-2015-102722,4/18/2015,4/19/2015,First Class,KW-16570
CA-2017-155089,12-02-17,12-06-17,Standard Class,DB-12910
CA-2016-124506,11-11-16,11/17/2016,Standard Class,BB-11545
CA-2014-106572,09-05-14,09-10-14,Standard Class,NP-18700
CA-2014-128888,11/15/2014,11/22/2014,Standard Class,PB-19105
CA-2017-123134,05-02-17,05-07-17,Standard Class,DW-13585
CA-2016-124352,10/15/2016,10/21/2016,Standard Class,CD-12790
CA-2015-124541,04-06-15,04-10-15,Standard Class,TT-21220
CA-2014-108707,10/24/2014,10/29/2014,Standard Class,DB-12910
CA-2014-111500,8/17/2014,8/21/2014,Standard Class,DJ-13510
US-2017-117723,8/15/2017,8/18/2017,Second Class,DL-13495
CA-2015-143238,09-06-15,09-08-15,First Class,LO-17170
CA-2015-168746,1/27/2015,1/29/2015,Second Class,SV-20365
CA-2015-113404,7/16/2015,7/16/2015,Same Day,EM-13810
CA-2016-144792,4/30/2016,05-04-16,Standard Class,KD-16615
CA-2014-164385,9/26/2014,10-01-14,Second Class,NB-18580
US-2016-114174,09-08-16,9/14/2016,Standard Class,AP-10720
CA-2017-108070,4/16/2017,4/20/2017,Standard Class,JE-15745
US-2015-128090,8/16/2015,8/22/2015,Standard Class,JM-15865
CA-2017-101042,11/19/2017,11/23/2017,Standard Class,AB-10105
CA-2016-155439,9/14/2016,9/18/2016,Standard Class,PN-18775
CA-2016-118626,8/15/2016,8/20/2016,Standard Class,JC-15775
CA-2015-111458,9/26/2015,9/30/2015,Standard Class,PF-19165
US-2016-126844,10-08-16,10/14/2016,Standard Class,BW-11110
US-2015-112508,3/24/2015,3/30/2015,Standard Class,BP-11185
CA-2015-147788,5/31/2015,06-04-15,Standard Class,TM-21010
CA-2015-144288,12/25/2015,12/31/2015,Standard Class,MB-17305
CA-2015-110632,3/17/2015,3/22/2015,Second Class,HR-14830
CA-2017-109589,12/21/2017,12/24/2017,First Class,BD-11635
CA-2017-123967,11-01-17,11-03-17,Second Class,SF-20200
CA-2017-148929,09-07-17,09-11-17,Standard Class,SP-20620
CA-2017-134404,12/27/2017,12/27/2017,Same Day,DR-12880
CA-2017-109778,7/16/2017,7/21/2017,Standard Class,VM-21685
CA-2016-155845,08-12-16,8/15/2016,Second Class,CM-12235
CA-2017-145128,07-09-17,7/14/2017,Standard Class,SM-20320
CA-2014-129091,11/22/2014,11/27/2014,Standard Class,RA-19885
US-2014-155502,1/26/2014,1/31/2014,Standard Class,SD-20485
CA-2015-121041,11-03-15,11-10-15,Standard Class,CS-12250
CA-2017-131695,6/30/2017,07-06-17,Standard Class,RA-19285
CA-2016-137729,05-05-16,05-09-16,Standard Class,BF-11005
US-2016-115455,09-08-16,9/14/2016,Standard Class,SE-20110
CA-2017-128300,11/24/2017,11/26/2017,Second Class,RS-19765
CA-2017-149048,5/13/2017,5/17/2017,Standard Class,BM-11650
CA-2017-108553,4/23/2017,4/29/2017,Standard Class,SK-19990
CA-2016-165848,06-04-16,06-04-16,Same Day,EN-13780
CA-2014-112718,12/16/2014,12/21/2014,Standard Class,KN-16450
CA-2016-154053,03-04-16,03-10-16,Standard Class,MG-17890
CA-2014-127446,11/25/2014,11/30/2014,Standard Class,MC-17590
CA-2016-137204,4/28/2016,05-05-16,Standard Class,BO-11350
CA-2014-147298,4/26/2014,05-03-14,Standard Class,AG-10300
CA-2017-147942,04-01-17,04-05-17,Standard Class,MS-17365
CA-2017-115931,12/22/2017,12/26/2017,Standard Class,JM-15655
CA-2014-164861,12-03-14,12-06-14,Second Class,MC-17635
CA-2017-127180,10/22/2017,10/24/2017,First Class,TA-21385
US-2017-165344,11/13/2017,11/15/2017,First Class,SB-20290
CA-2015-168186,09-10-15,9/15/2015,Standard Class,AB-10150
US-2017-110604,5/15/2017,5/20/2017,Standard Class,JF-15295
CA-2015-116750,07-05-15,07-10-15,Second Class,BF-10975
CA-2015-162369,8/15/2015,8/19/2015,Standard Class,TT-21265
CA-2017-108441,06-12-17,6/18/2017,Standard Class,SB-20170
CA-2015-169740,2/20/2015,2/25/2015,Standard Class,LM-17065
CA-2016-124051,12/29/2016,12/30/2016,First Class,KA-16525
CA-2016-149111,4/17/2016,4/21/2016,Second Class,BF-11170
CA-2014-131002,09-07-14,09-12-14,Second Class,TB-21400
US-2016-146794,9/26/2016,10-01-16,Standard Class,SH-19975
CA-2017-112515,9/17/2017,9/21/2017,Second Class,AS-10225
CA-2016-150343,8/16/2016,8/20/2016,Standard Class,PK-19075
CA-2015-135538,12/24/2015,12/28/2015,Standard Class,HR-14830
CA-2017-123372,11/28/2017,12-02-17,Standard Class,DG-13300
CA-2017-159604,4/14/2017,4/15/2017,First Class,CL-12700
CA-2016-164784,05-01-16,05-04-16,First Class,HF-14995
CA-2016-111794,10-01-16,10-01-16,Same Day,HG-15025
US-2015-139759,8/25/2015,8/30/2015,Standard Class,NL-18310
CA-2014-126403,09-09-14,09-12-14,Second Class,RR-19525
CA-2017-136875,12-03-17,12-03-17,Same Day,TC-21295
CA-2017-132185,11/27/2017,12-02-17,Standard Class,DB-13615
US-2014-160780,6/21/2014,6/21/2014,Same Day,SV-20785
CA-2017-127026,1/21/2017,1/27/2017,Standard Class,MH-18115
CA-2017-137085,6/29/2017,07-06-17,Standard Class,CT-11995
CA-2016-133123,09-06-16,09-11-16,Standard Class,KB-16315
US-2016-128195,08-04-16,08-05-16,First Class,RA-19285
CA-2015-153220,11-12-15,11/14/2015,First Class,YC-21895
CA-2014-123064,6/30/2014,07-02-14,First Class,RA-19915
CA-2017-156412,12-04-17,12-08-17,Standard Class,CM-12160
US-2016-144211,8/28/2016,09-02-16,Standard Class,CS-12130
CA-2016-138079,1/22/2016,1/28/2016,Standard Class,AJ-10795
CA-2014-143182,10/15/2014,10/20/2014,Standard Class,DL-12865
CA-2016-161662,02-07-16,02-09-16,First Class,BE-11410
CA-2014-145317,3/18/2014,3/23/2014,Standard Class,SM-20320
CA-2014-143413,5/24/2014,5/30/2014,Standard Class,RP-19390
CA-2017-156818,07-11-17,7/13/2017,Second Class,JD-16015
CA-2017-155873,6/16/2017,6/21/2017,Standard Class,AB-10255
CA-2015-121797,1/30/2015,02-06-15,Standard Class,CC-12145
US-2015-120572,12-11-15,12/15/2015,Standard Class,GH-14425
CA-2017-132430,10-09-17,10-11-17,First Class,CP-12085
CA-2017-146031,7/29/2017,08-01-17,Second Class,GM-14440
CA-2014-110100,4/25/2014,4/29/2014,Standard Class,LC-16885
CA-2015-103723,12-01-15,12-06-15,Standard Class,BT-11305
CA-2014-127187,12-04-14,12-08-14,Standard Class,CP-12085
CA-2017-128475,8/26/2017,09-01-17,Standard Class,SC-20680
CA-2014-100006,09-07-14,9/13/2014,Standard Class,DK-13375
CA-2017-144827,12/21/2017,12/27/2017,Standard Class,SE-20110
CA-2014-110030,12-06-14,12-08-14,Second Class,LF-17185
CA-2014-121286,11-04-14,11-08-14,Second Class,ON-18715
CA-2016-164735,4/14/2016,4/19/2016,Second Class,TB-21400
CA-2014-153479,10-04-14,10-08-14,Standard Class,DF-13135
CA-2017-149888,11-07-17,11/13/2017,Standard Class,EP-13915
CA-2017-119193,12/22/2017,12/24/2017,First Class,SK-19990
CA-2017-104801,2/13/2017,2/19/2017,Standard Class,FH-14350
CA-2014-107594,07-02-14,07-06-14,Standard Class,EH-13945
CA-2015-129770,2/21/2015,2/23/2015,Second Class,JE-15715
CA-2015-115798,11/13/2015,11/19/2015,Standard Class,KL-16645
CA-2017-122707,4/16/2017,4/18/2017,First Class,EB-13750
CA-2016-165015,2/25/2016,2/27/2016,Second Class,BD-11725
CA-2014-149244,11-04-14,11-08-14,Standard Class,MS-17530
CA-2015-140144,6/20/2015,6/25/2015,Second Class,SC-20770
CA-2017-163321,08-07-17,08-11-17,Second Class,FM-14380
CA-2014-155887,05-12-14,5/17/2014,Standard Class,KT-16480
US-2015-165449,11/22/2015,11/26/2015,Standard Class,AP-10720
CA-2015-110247,12-04-15,12-08-15,Standard Class,RH-19555
US-2014-141257,06-08-14,6/14/2014,Standard Class,CS-11950
CA-2014-154669,08-08-14,08-11-14,Second Class,TM-21010
CA-2014-158029,5/26/2014,5/30/2014,Standard Class,HF-14995
CA-2015-155306,4/17/2015,4/21/2015,Standard Class,GA-14515
CA-2016-127775,06-11-16,6/13/2016,Second Class,ES-14020
CA-2016-146171,03-11-16,3/15/2016,Standard Class,JP-16135
CA-2014-129574,5/26/2014,5/29/2014,First Class,Dp-13240
CA-2017-126536,10-12-17,10/14/2017,First Class,NK-18490
CA-2017-165757,6/22/2017,6/28/2017,Standard Class,PL-18925
CA-2017-167752,1/15/2017,1/18/2017,First Class,RW-19690
US-2015-122140,04-02-15,04-07-15,Standard Class,MO-17950
CA-2016-163986,09-03-16,09-10-16,Standard Class,JJ-15445
CA-2017-158967,12-10-17,12-12-17,First Class,BT-11680
CA-2016-131576,11/22/2016,11/26/2016,Standard Class,RD-19585
CA-2017-143455,11-11-17,11/18/2017,Standard Class,ML-17755
CA-2016-144729,10/21/2016,10/25/2016,Standard Class,JE-15745
CA-2015-127019,12/21/2015,12/25/2015,Standard Class,ER-13855
CA-2015-138534,7/17/2015,7/19/2015,Second Class,JM-15535
CA-2017-108322,4/30/2017,05-05-17,Standard Class,SS-20140
CA-2017-167668,05-06-17,05-08-17,First Class,TC-21295
CA-2017-146724,11/20/2017,11/27/2017,Standard Class,HG-15025
CA-2016-139878,11-11-16,11/16/2016,Standard Class,LD-17005
US-2016-106677,11-05-16,11-10-16,Standard Class,AS-10285
CA-2016-116974,10-09-16,10/15/2016,Standard Class,MP-17965
CA-2015-149972,9/21/2015,9/23/2015,First Class,CD-12790
US-2014-117744,12-02-14,12-06-14,Standard Class,MD-17860
CA-2014-125514,9/21/2014,9/22/2014,First Class,BM-11650
CA-2014-154599,04-12-14,4/17/2014,Standard Class,KN-16450
CA-2017-158743,10/20/2017,10/27/2017,Standard Class,IG-15085
CA-2016-153318,10/25/2016,10/28/2016,First Class,JS-15595
US-2015-110163,11-01-15,11-04-15,First Class,GA-14725
CA-2017-143329,11-03-17,11-08-17,Standard Class,DL-13330
CA-2015-159380,05-12-15,5/16/2015,Standard Class,CS-12505
CA-2015-122623,09-07-15,09-11-15,Standard Class,CC-12145
CA-2015-148635,7/25/2015,7/27/2015,Second Class,MH-18025
CA-2015-135685,11/16/2015,11/18/2015,Second Class,MP-18175
CA-2015-104626,09-01-15,09-08-15,Standard Class,DR-12940
CA-2016-160500,05-05-16,05-08-16,First Class,DM-13015
CA-2017-100202,12/31/2016,01-05-17,Standard Class,BD-11620
CA-2017-131016,9/18/2017,9/20/2017,First Class,DC-12850
US-2014-112914,9/25/2014,9/30/2014,Standard Class,MT-18070
CA-2016-124149,4/23/2016,4/26/2016,First Class,MJ-17740
CA-2014-148915,11-01-14,11-05-14,Standard Class,ND-18370
CA-2017-134649,1/26/2017,1/31/2017,Second Class,CA-11965
CA-2017-110842,11-11-17,11/16/2017,Standard Class,GA-14725
CA-2016-147368,06-09-16,06-12-16,First Class,TC-21295
US-2015-104185,09-03-15,09-08-15,Second Class,JB-15400
US-2014-125521,3/14/2014,3/19/2014,Standard Class,CK-12325
US-2017-135062,8/31/2017,09-04-17,Second Class,RL-19615
CA-2017-135650,3/23/2017,3/27/2017,Standard Class,AC-10660
CA-2017-112865,5/18/2017,5/22/2017,Standard Class,BH-11710
US-2016-162852,12/27/2016,12/31/2016,Standard Class,BG-11695
CA-2017-138163,11/17/2017,11/20/2017,First Class,XP-21865
CA-2017-152093,09-10-17,9/15/2017,Standard Class,SN-20560
CA-2017-157854,04-08-17,4/15/2017,Standard Class,DM-13345
CA-2016-123617,11/28/2016,12-03-16,Standard Class,AJ-10780
US-2016-128293,06-02-16,06-05-16,First Class,KC-16255
CA-2017-107342,12/17/2017,12/22/2017,Standard Class,VF-21715
CA-2016-136371,3/19/2016,3/21/2016,Second Class,SV-20935
CA-2017-137344,8/20/2017,8/20/2017,Same Day,EM-13810
CA-2017-169810,7/25/2017,7/31/2017,Standard Class,RB-19360
CA-2016-128594,8/26/2016,8/29/2016,First Class,DJ-13510
CA-2016-154690,8/15/2016,8/17/2016,Second Class,CC-12370
CA-2017-138975,5/19/2017,5/23/2017,Standard Class,SC-20380
CA-2017-106537,08-12-17,8/17/2017,Standard Class,RH-19495
US-2017-103828,8/13/2017,8/13/2017,Same Day,JK-15370
CA-2016-115588,11-10-16,11-12-16,Second Class,AF-10885
CA-2017-143861,06-12-17,6/19/2017,Standard Class,LC-16885
CA-2014-148040,3/22/2014,3/26/2014,Standard Class,BF-11275
CA-2017-135167,6/15/2017,6/20/2017,Standard Class,SC-20800
CA-2017-137022,11/16/2017,11/22/2017,Standard Class,SW-20275
US-2017-102638,12/29/2017,12/31/2017,First Class,MC-17845
US-2016-167339,1/21/2016,1/23/2016,Second Class,TD-20995
CA-2016-152072,1/15/2016,1/19/2016,Standard Class,Dp-13240
CA-2016-102932,9/19/2016,9/23/2016,Second Class,SD-20485
CA-2014-165540,2/21/2014,2/25/2014,Standard Class,TM-21010
CA-2016-130799,11-11-16,11/16/2016,Second Class,BK-11260
CA-2016-164483,1/30/2016,02-03-16,Standard Class,JF-15490
US-2016-159856,10/18/2016,10/22/2016,Standard Class,EP-13915
CA-2017-102099,12/18/2017,12/19/2017,First Class,EP-13915
CA-2017-164049,11-02-17,11-06-17,Standard Class,KH-16630
CA-2014-142727,4/29/2014,05-01-14,Second Class,HG-14845
CA-2017-139913,10/23/2017,10/29/2017,Standard Class,JC-16105
CA-2014-169033,3/30/2014,04-03-14,Standard Class,KM-16720
US-2016-164630,01-04-16,01-09-16,Standard Class,EB-13975
US-2015-114839,4/26/2015,4/30/2015,Standard Class,PW-19240
CA-2015-166464,09-12-15,9/17/2015,Standard Class,PG-18895
CA-2017-124898,09-11-17,9/15/2017,Standard Class,DB-12910
CA-2016-164035,06-12-16,6/17/2016,Standard Class,CR-12730
CA-2016-153577,6/27/2016,07-01-16,Standard Class,KH-16330
CA-2014-127586,9/26/2014,9/30/2014,Standard Class,CS-12400
CA-2017-121615,11-03-17,11-09-17,Standard Class,DL-12925
CA-2017-166415,2/19/2017,2/23/2017,Standard Class,ME-17725
CA-2015-118444,11-05-15,11-09-15,Standard Class,VD-21670
CA-2014-113929,6/16/2014,6/21/2014,Standard Class,CK-12205
CA-2015-134747,10-12-15,10/17/2015,Second Class,DL-12925
CA-2017-155047,8/27/2017,8/30/2017,First Class,SE-20110
CA-2016-160129,11/23/2016,11/23/2016,Same Day,LS-17200
CA-2017-164329,1/30/2017,1/30/2017,Same Day,MM-17920
US-2015-141453,11/30/2015,12-03-15,Second Class,DB-13270
CA-2014-156993,6/28/2014,07-04-14,Standard Class,RW-19630
CA-2014-157721,09-02-14,09-05-14,First Class,JM-16195
CA-2017-128629,07-10-17,7/14/2017,Second Class,BP-11155
CA-2017-158106,06-04-17,06-10-17,Standard Class,CT-11995
US-2017-120390,10/19/2017,10/26/2017,Standard Class,TH-21550
CA-2017-143434,11/18/2017,11/24/2017,Standard Class,ME-17320
CA-2015-168564,08-08-15,08-08-15,Same Day,TT-21220
US-2016-169040,12-06-16,12-12-16,Standard Class,GT-14710
CA-2017-155880,3/25/2017,3/31/2017,Standard Class,JD-16150
CA-2017-126242,11/19/2017,11/24/2017,Standard Class,MC-18100
CA-2016-166443,11-04-16,11-05-16,First Class,LH-17020
CA-2017-169859,12/14/2017,12/18/2017,Standard Class,MP-18175
CA-2017-134915,11-12-17,11-12-17,Same Day,EM-14140
CA-2016-153353,8/18/2016,8/24/2016,Standard Class,GG-14650
CA-2017-123638,6/27/2017,07-04-17,Standard Class,MA-17995
CA-2017-168900,05-04-17,05-09-17,Standard Class,SH-20395
CA-2015-158456,12/24/2015,12/29/2015,Standard Class,KT-16465
CA-2017-143665,4/26/2017,05-01-17,Standard Class,PO-19180
CA-2017-137428,12/16/2017,12/21/2017,Second Class,AY-10555
CA-2014-162866,12/27/2014,12/31/2014,Standard Class,Co-12640
CA-2017-167941,11-06-17,11-09-17,Second Class,JF-15565
CA-2017-111808,12/16/2017,12/20/2017,Standard Class,AR-10510
CA-2015-137512,05-07-15,05-12-15,Standard Class,AG-10675
CA-2017-139773,12-04-17,12-04-17,Same Day,DV-13045
CA-2017-134607,10-03-17,10-08-17,Second Class,HL-15040
CA-2014-109232,1/13/2014,1/16/2014,Second Class,ND-18370
CA-2015-139850,06-12-15,6/17/2015,Standard Class,GB-14575
CA-2014-131310,07-12-14,7/18/2014,Standard Class,CL-12565
US-2014-112872,12-06-14,12-11-14,Second Class,RC-19960
CA-2016-139269,5/25/2016,5/30/2016,Standard Class,JB-16045
CA-2016-139010,2/21/2016,2/26/2016,Second Class,MC-17635
CA-2016-134376,10-02-16,10-06-16,Standard Class,TT-21265
CA-2017-147291,03-11-17,3/17/2017,Standard Class,MJ-17740
CA-2016-112893,09-09-16,9/13/2016,Second Class,AT-10735
US-2014-150532,7/14/2014,7/21/2014,Standard Class,PB-19150
CA-2014-138317,6/21/2014,6/25/2014,Standard Class,NW-18400
CA-2015-130610,07-05-15,07-10-15,Standard Class,VP-21730
CA-2017-104381,12/16/2017,12/23/2017,Standard Class,RD-19810
CA-2016-131499,09-08-16,09-10-16,First Class,MG-17875
CA-2014-148761,5/17/2014,5/21/2014,Standard Class,PA-19060
CA-2017-116519,10/13/2017,10/15/2017,First Class,CR-12730
CA-2014-130729,10/24/2014,10/29/2014,Standard Class,AA-10375
CA-2016-124772,12-05-16,12-06-16,First Class,JG-15160
CA-2016-115525,7/25/2016,7/29/2016,Standard Class,RR-19525
CA-2017-134845,4/17/2017,4/23/2017,Standard Class,SR-20425
US-2015-138919,9/17/2015,9/21/2015,Standard Class,LS-16975
US-2016-160528,8/23/2016,8/30/2016,Standard Class,MH-18115
CA-2015-123568,11-08-15,11/14/2015,Standard Class,SC-20095
CA-2017-124674,11/17/2017,11/23/2017,Standard Class,JB-16000
CA-2015-164441,11-08-15,11/13/2015,Standard Class,AC-10450
CA-2017-169054,4/22/2017,4/26/2017,Standard Class,MO-17800
CA-2014-106719,8/24/2014,8/24/2014,Same Day,RB-19645
CA-2017-116855,12/17/2017,12/21/2017,Standard Class,AI-10855
US-2016-164189,3/24/2016,3/28/2016,Standard Class,DR-12880
CA-2015-168480,9/21/2015,9/27/2015,Standard Class,DM-12955
US-2016-114293,11/21/2016,11/26/2016,Standard Class,JH-16180
CA-2017-134173,9/16/2017,9/21/2017,Standard Class,AB-10060
US-2015-123960,06-11-15,6/16/2015,Standard Class,BD-11605
CA-2017-101749,10-03-17,10-08-17,Standard Class,AS-10045
US-2016-147991,05-05-16,05-09-16,Standard Class,ZD-21925
CA-2017-149559,09-11-17,09-12-17,Same Day,KF-16285
CA-2015-135174,4/30/2015,05-02-15,Second Class,BP-11230
CA-2017-125290,11-06-17,11-10-17,Second Class,CC-12430
CA-2014-137351,9/30/2014,10-04-14,Standard Class,DB-13615
CA-2017-121419,04-02-17,04-04-17,First Class,TC-21475
US-2017-148054,10-06-17,10-11-17,Standard Class,NZ-18565
CA-2016-128517,04-09-16,4/14/2016,Second Class,SW-20350
US-2015-100377,8/28/2015,09-01-15,Standard Class,TS-21370
CA-2017-131492,10/19/2017,10/24/2017,Second Class,HH-15010
CA-2016-144554,11-07-16,11-12-16,Standard Class,DM-13345
CA-2017-127621,03-03-17,03-07-17,Standard Class,RE-19450
CA-2015-145184,11/27/2015,11/29/2015,First Class,JD-16150
CA-2017-106859,3/13/2017,3/18/2017,Second Class,BF-11215
US-2017-120089,11/30/2017,11/30/2017,Same Day,ML-17755
CA-2014-119375,11/17/2014,11/22/2014,Standard Class,YC-21895
CA-2016-125206,01-03-16,01-05-16,First Class,LR-16915
CA-2015-126137,10-03-15,10-08-15,Standard Class,BS-11755
CA-2014-143903,7/20/2014,7/24/2014,Standard Class,KM-16375
CA-2014-104780,5/21/2014,5/25/2014,Standard Class,BT-11530
CA-2017-101182,09-04-17,09-05-17,First Class,KB-16405
US-2017-132297,5/27/2017,06-02-17,Standard Class,DW-13480
CA-2014-100328,1/28/2014,02-03-14,Standard Class,JC-15340
CA-2017-118773,02-09-17,2/14/2017,Standard Class,TP-21415
US-2017-159205,3/31/2017,04-02-17,Second Class,DB-12910
CA-2016-112123,03-03-16,03-08-16,Standard Class,BH-11710
CA-2015-114468,8/23/2015,8/23/2015,Same Day,TD-20995
CA-2017-135692,4/27/2017,05-01-17,Standard Class,CV-12805
CA-2017-131233,4/14/2017,4/19/2017,Standard Class,CS-12355
CA-2017-119578,12/22/2017,12/27/2017,Second Class,JG-15310
CA-2016-124562,12-08-16,12-12-16,Standard Class,JP-16135
US-2017-140074,3/23/2017,3/29/2017,Standard Class,EC-14050
CA-2016-103037,7/25/2016,7/29/2016,Standard Class,KH-16630
CA-2017-127460,07-10-17,7/14/2017,Standard Class,FG-14260
CA-2016-121671,7/17/2016,7/22/2016,Standard Class,AA-10480
CA-2016-150350,8/23/2016,8/30/2016,Standard Class,MS-17770
CA-2015-121720,06-11-15,06-12-15,First Class,JE-15610
CA-2017-149895,09-08-17,09-12-17,Standard Class,EB-14110
CA-2017-147564,10-02-17,10-06-17,Standard Class,BP-11155
CA-2014-136399,12/16/2014,12/17/2014,First Class,CC-12100
CA-2014-107916,8/24/2014,8/26/2014,First Class,JP-15460
CA-2017-164168,11-12-17,11/18/2017,Standard Class,LS-16975
CA-2015-112557,4/25/2015,4/28/2015,First Class,JL-15850
US-2014-122959,12-12-14,12-12-14,Same Day,CY-12745
CA-2017-162572,9/25/2017,9/27/2017,Second Class,RB-19360
US-2016-148110,09-05-16,09-11-16,Standard Class,AR-10825
CA-2017-131828,02-11-17,2/13/2017,Second Class,CS-11845
CA-2014-109218,6/30/2014,07-03-14,Second Class,AR-10825
CA-2016-120558,06-07-16,06-10-16,First Class,RD-19810
US-2014-109036,12/20/2014,12/25/2014,Standard Class,KH-16510
CA-2015-147830,12/15/2015,12/18/2015,First Class,NF-18385
CA-2017-150497,7/20/2017,7/24/2017,Standard Class,SM-20950
CA-2014-128986,08-03-14,08-05-14,Second Class,GH-14410
CA-2015-139584,8/24/2015,8/28/2015,Standard Class,EM-13810
US-2016-162677,3/26/2016,3/27/2016,First Class,DB-13210
US-2014-150924,09-12-14,9/16/2014,Second Class,PT-19090
CA-2014-153969,9/21/2014,9/25/2014,Standard Class,HF-14995
CA-2016-146682,10/29/2016,10/31/2016,First Class,KW-16435
CA-2016-138695,5/28/2016,06-03-16,Standard Class,KC-16675
CA-2017-107461,12/21/2017,12/26/2017,Second Class,PK-19075
US-2016-133879,3/21/2016,3/28/2016,Standard Class,KT-16465
CA-2017-157483,11-11-17,11/18/2017,Standard Class,EP-13915
US-2017-132059,9/23/2017,9/29/2017,Standard Class,AP-10915
CA-2017-122280,09-10-17,09-10-17,Same Day,SH-20395
CA-2017-105235,12-05-17,12-11-17,Standard Class,SM-20950
CA-2017-152912,11-09-17,11-12-17,Second Class,BM-11650
CA-2014-123498,11-07-14,11-09-14,First Class,TC-20980
CA-2017-159352,03-12-17,3/17/2017,Standard Class,KB-16585
US-2017-146416,10/20/2017,10/22/2017,Second Class,JE-16165
US-2015-163783,12/27/2015,01-01-16,Standard Class,DR-12940
CA-2017-123981,10-02-17,10-08-17,Standard Class,RW-19630
CA-2017-158953,06-04-17,06-08-17,Standard Class,ML-18040
CA-2014-165428,09-01-14,09-04-14,First Class,JL-15130
CA-2016-169026,08-08-16,8/13/2016,Standard Class,CM-12655
CA-2017-109750,7/22/2017,7/28/2017,Standard Class,FH-14365
CA-2015-149384,07-10-15,07-10-15,Same Day,EH-13945
CA-2014-131527,12-01-14,12-07-14,Standard Class,TB-21280
CA-2017-164000,12/18/2017,12/22/2017,Standard Class,AH-10030
CA-2014-164224,5/18/2014,5/20/2014,Second Class,TT-21070
CA-2014-158372,11-10-14,11/16/2014,Standard Class,RD-19900
CA-2016-108882,01-09-16,1/15/2016,Standard Class,LA-16780
US-2017-108245,9/22/2017,9/27/2017,Standard Class,SH-19975
CA-2014-142314,12/23/2014,12/28/2014,Standard Class,SF-20200
CA-2016-132409,5/26/2016,06-01-16,Standard Class,TH-21235
CA-2017-150189,07-08-17,07-10-17,First Class,VG-21790
CA-2014-114433,5/13/2014,5/17/2014,Standard Class,NP-18325
CA-2017-104640,11-10-17,11/16/2017,Standard Class,FH-14275
US-2015-137008,10-02-15,10-08-15,Standard Class,JP-15460
CA-2014-108189,10-02-14,10-05-14,First Class,ES-14080
CA-2014-154641,08-11-14,8/16/2014,Standard Class,KL-16645
CA-2017-131625,09-01-17,09-05-17,Second Class,BN-11515
US-2017-156356,4/16/2017,4/22/2017,Standard Class,ND-18370
CA-2016-138933,4/24/2016,4/27/2016,First Class,JL-15130
CA-2016-140746,1/15/2016,1/15/2016,Same Day,RC-19825
CA-2016-146836,05-02-16,05-02-16,Same Day,CC-12475
US-2016-127971,11/20/2016,11/27/2016,Standard Class,DW-13195
US-2016-140809,02-01-16,02-03-16,First Class,CK-12760
CA-2017-114524,3/31/2017,04-05-17,Second Class,EG-13900
CA-2017-113355,12-01-17,12-05-17,Standard Class,SJ-20215
US-2017-140907,12-10-17,12-12-17,Second Class,BP-11185
CA-2016-159730,9/17/2016,9/21/2016,Standard Class,SJ-20125
CA-2016-157868,12/23/2016,12/29/2016,Standard Class,MC-17590
CA-2017-119389,4/17/2017,4/19/2017,First Class,BG-11740
CA-2017-110373,10/27/2017,10/30/2017,Second Class,MA-17560
CA-2016-155474,07-08-16,7/14/2016,Standard Class,CC-12220
CA-2015-155453,08-09-15,8/14/2015,Standard Class,RA-19885
US-2016-161844,12-09-16,12/14/2016,Second Class,DK-12835
US-2016-162103,11/13/2016,11/17/2016,Standard Class,LB-16795
CA-2014-151554,11/14/2014,11/15/2014,First Class,CM-11815
CA-2014-140662,11/17/2014,11/19/2014,First Class,TS-21205
CA-2016-122518,03-04-16,03-08-16,Second Class,RF-19345
US-2014-126571,10-11-14,10/15/2014,Standard Class,JF-15565
CA-2014-143840,5/22/2014,5/29/2014,Standard Class,EH-14185
CA-2014-115980,7/15/2014,7/19/2014,Standard Class,VW-21775
CA-2015-155145,12/27/2015,12/29/2015,Second Class,KN-16450
CA-2015-146038,02-09-15,2/16/2015,Standard Class,SJ-20215
CA-2017-133865,05-08-17,05-12-17,Standard Class,PS-19045
CA-2017-116358,11-02-17,11-06-17,Standard Class,KM-16225
CA-2014-102988,04-05-14,04-09-14,Second Class,GM-14695
US-2014-117170,9/17/2014,9/24/2014,Standard Class,KT-16465
CA-2014-159478,9/30/2014,10-06-14,Standard Class,MH-17785
CA-2014-103702,09-12-14,9/17/2014,Standard Class,AF-10885
CA-2017-150525,2/20/2017,2/25/2017,Standard Class,JP-16135
CA-2015-157770,12/13/2015,12/15/2015,First Class,RD-19585
CA-2016-167290,10/30/2016,11-04-16,Standard Class,JF-15295
CA-2014-106264,12/26/2014,12/30/2014,Standard Class,CK-12595
CA-2014-138023,8/15/2014,8/18/2014,First Class,KH-16510
CA-2017-113418,10-01-17,10-03-17,First Class,CM-12655
US-2015-110569,5/23/2015,5/30/2015,Standard Class,EB-13870
CA-2017-136308,11/16/2017,11/16/2017,Same Day,MW-18235
US-2014-159926,11/18/2014,11/22/2014,Standard Class,CS-11950
CA-2014-104738,12/30/2014,01-01-15,Second Class,SP-20620
CA-2015-144386,11-05-15,11-11-15,Standard Class,GT-14635
CA-2016-111416,9/17/2016,9/22/2016,Standard Class,LW-17215
CA-2016-162747,3/20/2016,3/25/2016,Second Class,AH-10030
US-2014-133130,9/27/2014,10-01-14,Standard Class,TH-21100
CA-2017-169978,12/24/2017,12/28/2017,Standard Class,HG-15025
CA-2017-161739,11-10-17,11/15/2017,Second Class,EB-13750
CA-2015-165057,09-11-15,9/15/2015,Standard Class,SC-20725
CA-2014-134551,12/20/2014,12/25/2014,Standard Class,TS-21505
CA-2015-120810,7/23/2015,7/27/2015,Standard Class,TH-21550
CA-2014-165309,11-11-14,11/15/2014,Standard Class,KD-16270
CA-2017-122595,12/14/2017,12/20/2017,Standard Class,GM-14455
US-2017-109253,8/21/2017,8/22/2017,First Class,PR-18880
CA-2016-145982,8/27/2016,09-01-16,Second Class,TB-21055
CA-2015-112014,8/13/2015,8/20/2015,Standard Class,ON-18715
CA-2017-154732,11-05-17,11-07-17,First Class,AH-10195
US-2016-157308,8/17/2016,8/21/2016,Standard Class,NM-18520
CA-2016-147536,12/26/2016,12/31/2016,Standard Class,AR-10510
US-2014-134733,9/23/2014,9/28/2014,Standard Class,BM-11650
US-2014-150434,7/19/2014,7/24/2014,Standard Class,CA-12310
CA-2017-100335,09-07-17,9/13/2017,Standard Class,NF-18595
CA-2016-139234,05-06-16,05-10-16,Standard Class,AF-10870
US-2015-142020,06-04-15,06-08-15,Second Class,TC-21535
CA-2015-139962,12/13/2015,12/20/2015,Standard Class,Dp-13240
CA-2016-130050,7/16/2016,7/18/2016,Second Class,MC-17425
CA-2014-115161,1/31/2014,02-02-14,First Class,LC-17050
CA-2014-165379,07-09-14,7/15/2014,Standard Class,BM-11650
CA-2015-115511,11/21/2015,11/25/2015,Standard Class,NW-18400
CA-2016-134887,3/25/2016,3/25/2016,Same Day,TB-21280
CA-2017-123778,9/23/2017,9/30/2017,Standard Class,BS-11755
CA-2015-161718,12-04-15,12-10-15,Standard Class,SO-20335
CA-2016-100671,11-01-16,11-04-16,First Class,CS-12490
CA-2017-142867,3/17/2017,3/21/2017,Standard Class,PO-19180
CA-2017-103156,11/23/2017,11/24/2017,First Class,TD-20995
US-2017-162208,8/27/2017,8/30/2017,First Class,SP-20620
CA-2015-130659,12-04-15,12-09-15,Second Class,MS-17365
CA-2017-148404,10-07-17,10-11-17,Standard Class,Dp-13240
CA-2017-101077,3/25/2017,3/30/2017,Second Class,DB-13660
CA-2014-166471,08-09-14,8/13/2014,Standard Class,MG-17650
CA-2014-105340,11/22/2014,11/25/2014,First Class,EH-14185
US-2017-131583,06-10-17,06-10-17,Same Day,CL-11890
US-2017-148362,07-01-17,07-08-17,Standard Class,KF-16285
CA-2014-102274,11/21/2014,11/26/2014,Standard Class,DH-13075
CA-2015-129700,05-04-15,05-05-15,First Class,LA-16780
CA-2017-168739,5/29/2017,06-05-17,Standard Class,HZ-14950
CA-2015-152527,10/17/2015,10/17/2015,Same Day,CM-12190
US-2014-150119,4/23/2014,4/27/2014,Standard Class,LB-16795
US-2017-150847,4/30/2017,05-06-17,Standard Class,JF-15490
CA-2016-100244,9/20/2016,9/24/2016,Standard Class,GM-14695
CA-2016-116540,09-02-16,09-02-16,Same Day,SS-20590
CA-2015-151841,4/27/2015,05-02-15,Standard Class,TC-21475
CA-2015-150791,09-06-15,9/13/2015,Standard Class,CC-12430
CA-2016-134803,5/28/2016,06-03-16,Standard Class,CL-12565
CA-2015-153381,9/24/2015,9/28/2015,Standard Class,DE-13255
US-2017-111024,07-03-17,07-06-17,Second Class,SZ-20035
CA-2017-148264,12-08-17,12-09-17,First Class,LF-17185
CA-2017-131212,12-05-17,12-09-17,Standard Class,AB-10165
US-2015-100531,9/27/2015,9/29/2015,First Class,NM-18520
CA-2017-152583,10/30/2017,10/30/2017,Same Day,RA-19945
CA-2015-144099,11/29/2015,11/30/2015,Same Day,PO-19195
CA-2014-158337,03-11-14,3/14/2014,Second Class,KA-16525
CA-2017-168858,11/19/2017,11/23/2017,Standard Class,JD-16150
CA-2016-116344,7/29/2016,08-02-16,Standard Class,JO-15145
CA-2015-131779,06-12-15,6/17/2015,Standard Class,LE-16810
CA-2016-158869,08-06-16,08-07-16,First Class,AH-10690
CA-2017-102554,06-11-17,6/15/2017,Standard Class,KN-16705
CA-2016-162614,10-07-16,10/13/2016,Standard Class,TB-21250
CA-2014-168592,09-08-14,9/14/2014,Standard Class,DP-13390
CA-2014-157609,3/16/2014,3/21/2014,Second Class,KN-16705
CA-2015-153325,03-01-15,03-02-15,Second Class,ST-20530
CA-2015-153626,07-09-15,7/14/2015,Standard Class,EB-13870
CA-2016-166485,2/20/2016,2/27/2016,Standard Class,AH-10210
CA-2017-136448,9/16/2017,9/18/2017,First Class,AS-10090
CA-2017-114258,11-05-17,11-10-17,Second Class,EM-13825
CA-2015-152611,2/20/2015,2/23/2015,Second Class,KA-16525
CA-2016-165470,11/25/2016,11/30/2016,Standard Class,HJ-14875
CA-2017-128699,12-03-17,12-05-17,Second Class,ND-18370
US-2015-147242,09-10-15,9/14/2015,Standard Class,EH-13765
CA-2016-146143,12/14/2016,12/19/2016,Standard Class,MC-17845
CA-2015-100888,04-06-15,04-10-15,Standard Class,MH-17455
US-2016-150035,12-01-16,12-05-16,Standard Class,CL-11890
CA-2017-122644,11-12-17,11/17/2017,Standard Class,SF-20965
CA-2017-111815,03-03-17,03-10-17,Standard Class,EP-13915
CA-2016-144911,11/27/2016,11/30/2016,First Class,RW-19630
CA-2014-143385,8/31/2014,09-05-14,Standard Class,SJ-20500
CA-2016-131289,12-08-16,12/14/2016,Standard Class,SP-20620
CA-2014-124023,04-07-14,04-10-14,First Class,PJ-19015
CA-2014-124688,8/27/2014,8/29/2014,First Class,CC-12610
CA-2016-151169,10/21/2016,10/26/2016,Standard Class,MY-18295
US-2016-134761,11/30/2016,11/30/2016,Same Day,DB-13210
CA-2017-120705,09-05-17,09-11-17,Standard Class,MG-17875
CA-2015-157322,07-02-15,07-06-15,Standard Class,RH-19600
CA-2017-142034,9/24/2017,9/28/2017,Standard Class,KB-16240
CA-2016-107328,08-08-16,8/15/2016,Standard Class,CA-12055
CA-2016-108616,9/29/2016,10-03-16,Standard Class,JK-15730
CA-2017-125115,04-10-17,04-10-17,Same Day,RD-19930
CA-2016-150945,12/18/2016,12/20/2016,Second Class,JK-16120
CA-2014-166863,6/20/2014,6/24/2014,Standard Class,SC-20020
CA-2017-140326,09-04-17,09-06-17,First Class,HW-14935
CA-2016-168536,12/20/2016,12/24/2016,Standard Class,SC-20800
US-2016-113649,08-09-16,08-12-16,First Class,HA-14920
CA-2015-124975,6/22/2015,6/25/2015,First Class,MG-17875
CA-2015-168767,04-10-15,4/15/2015,Standard Class,DM-12955
CA-2016-114482,11/21/2016,11/25/2016,Second Class,DM-13345
CA-2016-137673,09-05-16,09-10-16,Standard Class,ML-17395
CA-2016-132731,11/24/2016,11/28/2016,Standard Class,GA-14515
CA-2017-148922,12-10-17,12/15/2017,Second Class,SU-20665
CA-2016-130680,6/24/2016,6/29/2016,Standard Class,BD-11320
CA-2015-141145,9/17/2015,9/23/2015,Standard Class,DB-13405
US-2016-152835,5/19/2016,5/23/2016,Standard Class,RP-19855
CA-2016-155565,5/28/2016,5/28/2016,Same Day,EH-13765
CA-2014-110849,4/18/2014,4/23/2014,Standard Class,JL-15835
CA-2016-145842,6/17/2016,6/20/2016,Second Class,FM-14380
CA-2014-158771,05-09-14,05-09-14,Same Day,SB-20290
CA-2016-157511,9/18/2016,9/20/2016,First Class,SV-20365
CA-2017-121216,12/23/2017,12/25/2017,Second Class,MM-17920
CA-2017-155292,10/30/2017,11-01-17,First Class,RD-19810
CA-2016-152555,3/29/2016,04-02-16,Second Class,ME-17320
CA-2017-107832,11/23/2017,11/26/2017,Second Class,FH-14275
CA-2014-120838,3/23/2014,3/26/2014,Second Class,PO-18865
CA-2017-118542,12-01-17,12-05-17,Standard Class,CC-12550
CA-2017-152737,11-07-17,11-12-17,Standard Class,TS-21505
CA-2017-109757,09-04-17,09-09-17,Second Class,MD-17350
CA-2016-130029,07-03-16,07-06-16,First Class,GT-14755
CA-2017-103877,09-07-17,9/14/2017,Standard Class,RD-19660
CA-2016-137176,09-09-16,9/14/2016,Second Class,DB-12910
CA-2017-168109,07-03-17,07-03-17,Same Day,JK-15640
US-2017-126081,6/29/2017,07-04-17,Standard Class,FC-14335
CA-2017-117023,08-07-17,08-12-17,Standard Class,JW-15955
CA-2015-143532,3/19/2015,3/24/2015,Standard Class,DC-12850
CA-2016-103163,06-07-16,06-11-16,Standard Class,FM-14290
CA-2016-104157,7/25/2016,7/29/2016,Standard Class,MT-17815
CA-2017-117807,10-01-17,10-07-17,Standard Class,DK-13090
CA-2015-121650,12-10-15,12/16/2015,Standard Class,KD-16495
CA-2017-161823,09-03-17,09-08-17,Standard Class,AG-10300
CA-2017-121839,9/24/2017,9/28/2017,Standard Class,MH-18115
CA-2017-158729,12/19/2017,12/21/2017,First Class,AC-10450
CA-2017-146535,11/24/2017,11/30/2017,Standard Class,FM-14290
CA-2014-154186,12/13/2014,12/15/2014,Second Class,RA-19285
CA-2016-108434,12-05-16,12-07-16,Second Class,JG-15160
CA-2016-164154,09-11-16,9/17/2016,Standard Class,NZ-18565
CA-2017-148012,12-09-17,12/15/2017,Standard Class,KM-16225
CA-2014-102869,09-09-14,9/14/2014,Second Class,LC-17140
CA-2017-138310,6/26/2017,6/30/2017,Standard Class,NP-18700
CA-2014-159835,11/17/2014,11/24/2014,Standard Class,RB-19330
CA-2017-112956,8/21/2017,8/27/2017,Standard Class,TH-21550
CA-2016-119683,03-12-16,3/16/2016,Second Class,CK-12595
CA-2014-163559,9/23/2014,9/28/2014,Second Class,ST-20530
CA-2014-140228,4/28/2014,05-03-14,Standard Class,GB-14530
US-2016-131674,11/29/2016,12-01-16,Second Class,NC-18535
CA-2015-110093,12-03-15,12-08-15,Standard Class,AB-10255
CA-2017-112529,11/19/2017,11/21/2017,First Class,SC-20770
CA-2016-154536,09-05-16,09-09-16,Standard Class,JC-15340
CA-2017-141929,09-04-17,09-08-17,Standard Class,RA-19285
CA-2016-109743,9/22/2016,9/29/2016,Standard Class,SH-19975
CA-2014-159184,9/14/2014,9/19/2014,Standard Class,JC-15775
CA-2017-113530,5/19/2017,5/21/2017,Second Class,BC-11125
CA-2014-169726,08-09-14,8/13/2014,Standard Class,JH-15985
CA-2017-155957,11/26/2017,11/30/2017,Standard Class,CC-12610
CA-2017-132178,05-03-17,05-08-17,Second Class,DB-12970
CA-2016-145177,11-10-16,11/14/2016,Standard Class,PP-18955
CA-2014-156594,12/20/2014,12/23/2014,Second Class,MC-17845
CA-2014-146528,7/25/2014,7/27/2014,Second Class,VF-21715
CA-2015-168459,11/22/2015,11/27/2015,Standard Class,MC-17275
CA-2017-109960,12-09-17,12-11-17,Second Class,DB-13210
CA-2017-133004,8/31/2017,09-05-17,Standard Class,AJ-10945
CA-2017-168102,4/24/2017,4/30/2017,Standard Class,CP-12340
CA-2017-158036,09-08-17,9/14/2017,Standard Class,DB-13555
CA-2015-128083,03-12-15,3/17/2015,Standard Class,EB-13750
CA-2016-161676,7/18/2016,7/23/2016,Standard Class,JP-15460
CA-2016-155005,6/13/2016,6/15/2016,Second Class,SC-20050
US-2017-129777,07-03-17,07-09-17,Standard Class,FM-14290
CA-2014-129364,12-08-14,12/13/2014,Standard Class,TB-21250
CA-2016-104969,04-08-16,4/14/2016,Standard Class,EH-14125
CA-2017-154109,11-06-17,11-11-17,Standard Class,ML-17410
CA-2015-156440,12-05-15,12-09-15,Standard Class,MH-17620
CA-2015-132626,07-09-15,7/14/2015,Standard Class,BT-11680
CA-2016-102792,12/13/2016,12/19/2016,Standard Class,JC-15340
CA-2016-108567,5/20/2016,5/24/2016,Standard Class,DB-13210
CA-2017-140760,06-02-17,06-05-17,Second Class,DO-13435
US-2015-131359,10/30/2015,11-02-15,Second Class,FA-14230
CA-2016-142097,10/15/2016,10/20/2016,Standard Class,QJ-19255
CA-2015-151680,11/19/2015,11/21/2015,Second Class,TC-21475
CA-2014-140039,9/13/2014,9/17/2014,Standard Class,ON-18715
CA-2017-160416,11/13/2017,11/18/2017,Second Class,AD-10180
CA-2017-169411,12/24/2017,12/29/2017,Standard Class,AC-10615
CA-2016-126543,01-09-16,1/13/2016,Second Class,MF-17665
CA-2015-104941,6/13/2015,6/19/2015,Standard Class,DH-13075
CA-2017-160087,3/18/2017,3/22/2017,Standard Class,EN-13780
CA-2014-120544,11/23/2014,11/27/2014,Standard Class,SS-20140
CA-2017-113670,10/15/2017,10/17/2017,First Class,RS-19765
CA-2017-166198,4/21/2017,4/24/2017,First Class,JW-15955
CA-2014-135608,12-08-14,12-10-14,Second Class,JK-15625
CA-2017-144568,5/29/2017,06-02-17,Standard Class,JO-15550
CA-2016-142370,9/19/2016,9/23/2016,Standard Class,TP-21130
CA-2016-105900,9/17/2016,9/23/2016,Standard Class,BS-11590
CA-2016-151155,12/20/2016,12/24/2016,Standard Class,AB-10255
CA-2017-144036,11/22/2017,11/26/2017,Standard Class,FO-14305
US-2014-169789,12/30/2014,01-04-15,Standard Class,MF-17665
CA-2017-127264,04-03-17,04-05-17,First Class,SA-20830
CA-2016-151512,12/26/2016,01-02-17,Standard Class,SH-19975
CA-2016-165169,06-05-16,06-11-16,Standard Class,JL-15235
CA-2015-109575,9/18/2015,9/23/2015,Standard Class,KH-16630
CA-2017-168193,03-06-17,03-11-17,Second Class,RM-19750
CA-2016-115476,3/17/2016,3/17/2016,Same Day,VM-21835
CA-2016-133340,12-09-16,12/13/2016,Standard Class,LH-17155
CA-2016-137848,1/15/2016,1/21/2016,Standard Class,WB-21850
CA-2014-113047,10/24/2014,10/24/2014,Same Day,AP-10915
CA-2016-149979,9/23/2016,9/28/2016,Second Class,RA-19915
CA-2017-161956,8/27/2017,8/29/2017,Second Class,DR-12880
CA-2016-116799,03-03-16,03-06-16,First Class,JG-15310
CA-2016-111283,2/29/2016,03-04-16,Standard Class,LC-16870
CA-2015-167745,9/18/2015,9/23/2015,Standard Class,GB-14530
CA-2017-104577,05-12-17,5/17/2017,Standard Class,CK-12205
CA-2016-156251,8/13/2016,8/18/2016,Second Class,TS-21160
CA-2017-125878,2/25/2017,03-02-17,Standard Class,MH-18025
CA-2016-163153,3/21/2016,3/25/2016,Standard Class,DM-12955
CA-2015-103205,12-08-15,12-10-15,Second Class,JJ-15760
CA-2014-153913,12/16/2014,12/20/2014,Second Class,KB-16585
CA-2016-155530,12/17/2016,12/21/2016,Standard Class,CM-12160
US-2016-101196,05-12-16,5/17/2016,Standard Class,FM-14215
CA-2014-115357,08-06-14,08-11-14,Second Class,RF-19735
US-2014-102715,04-11-14,4/13/2014,Second Class,JK-15370
CA-2015-107937,05-03-15,05-08-15,Standard Class,JB-16045
US-2017-148768,11/30/2017,12-02-17,Second Class,PN-18775
CA-2017-118521,2/16/2017,2/20/2017,Standard Class,LF-17185
CA-2014-149643,11/16/2014,11/20/2014,Standard Class,RH-19510
CA-2015-135314,07-09-15,7/14/2015,Second Class,MC-17575
CA-2017-165204,11/13/2017,11/16/2017,Second Class,MN-17935
CA-2017-125752,7/31/2017,08-04-17,Standard Class,EH-14125
CA-2017-112487,12/26/2017,12/30/2017,Standard Class,TC-21535
CA-2016-144218,10/31/2016,11-04-16,Standard Class,JD-15895
CA-2016-169971,09-04-16,09-09-16,Standard Class,IL-15100
US-2016-133508,4/17/2016,4/21/2016,Standard Class,SW-20350
CA-2014-107139,07-05-14,07-11-14,Standard Class,DP-13390
CA-2015-111325,2/27/2015,2/28/2015,First Class,BT-11395
CA-2015-163762,11/27/2015,12-01-15,Standard Class,JE-15475
US-2014-117163,1/27/2014,02-02-14,Standard Class,EJ-13720
CA-2017-121314,9/23/2017,9/26/2017,First Class,BE-11410
CA-2017-147760,11-04-17,11-05-17,First Class,KL-16555
CA-2016-156503,10/14/2016,10/20/2016,Standard Class,NC-18415
CA-2015-113628,11-12-15,11/19/2015,Standard Class,AH-10690
CA-2017-147753,03-05-17,03-05-17,Same Day,PK-19075
CA-2015-103961,11-05-15,11-09-15,Standard Class,NG-18430
CA-2016-152471,07-08-16,07-08-16,Same Day,ZD-21925
CA-2015-102582,9/15/2015,9/19/2015,Standard Class,NW-18400
CA-2017-141873,10-09-17,10/14/2017,Standard Class,HG-14845
CA-2015-140984,9/14/2015,9/18/2015,Standard Class,CC-12685
CA-2014-132801,10-07-14,10-12-14,Standard Class,JG-15805
CA-2017-141733,05-07-17,05-11-17,Standard Class,RW-19540
US-2015-111927,11/14/2015,11/19/2015,Standard Class,LS-17230
CA-2014-105984,11/24/2014,11/24/2014,Same Day,MY-18295
CA-2014-100363,04-08-14,4/15/2014,Standard Class,JM-15655
CA-2014-126760,7/26/2014,08-02-14,Standard Class,KM-16720
US-2014-109162,06-08-14,06-12-14,Standard Class,KE-16420
CA-2014-101931,10/28/2014,10/31/2014,First Class,TS-21370
CA-2017-129000,11/25/2017,11/27/2017,Second Class,SZ-20035
CA-2017-161053,9/22/2017,9/23/2017,First Class,JE-15745
CA-2015-142377,12-04-15,12-09-15,Standard Class,MS-17980
CA-2015-127593,9/21/2015,9/21/2015,Same Day,DH-13675
CA-2017-130526,11/26/2017,11/29/2017,First Class,GT-14755
US-2017-131849,06-06-17,06-10-17,Standard Class,GH-14410
US-2017-105389,10/23/2017,10/28/2017,Second Class,DM-13015
CA-2014-140816,12/20/2014,12/20/2014,Same Day,TC-21295
CA-2017-154039,2/17/2017,2/22/2017,Standard Class,JK-16120
CA-2014-135755,05-03-14,05-10-14,Standard Class,NC-18415
CA-2017-123246,10/17/2017,10/19/2017,Second Class,AJ-10960
CA-2015-157133,11/28/2015,12-03-15,Standard Class,LC-16885
CA-2014-124709,7/27/2014,7/29/2014,Second Class,GW-14605
CA-2017-146360,4/23/2017,4/25/2017,Second Class,SC-20305
CA-2015-132486,10/23/2015,10/27/2015,Second Class,JF-15355
CA-2016-136231,09-05-16,09-07-16,Second Class,DM-13015
CA-2016-140641,10/28/2016,11-02-16,Standard Class,EP-13915
CA-2014-151001,04-05-14,04-07-14,First Class,JG-15805
CA-2015-129896,6/15/2015,6/20/2015,Standard Class,PF-19120
CA-2014-152849,07-05-14,07-12-14,Standard Class,DW-13195
US-2017-127341,1/29/2017,02-02-17,Standard Class,CK-12595
CA-2016-167759,03-03-16,03-08-16,Second Class,CC-12670
CA-2014-100895,06-02-14,06-06-14,Standard Class,SV-20785
US-2016-163881,11/24/2016,11/30/2016,Standard Class,SP-20860
US-2016-144547,11-10-16,11/14/2016,Standard Class,MS-17770
US-2014-112200,11/22/2014,11/28/2014,Standard Class,TC-21475
CA-2017-110212,05-01-17,05-05-17,Standard Class,SJ-20125
CA-2017-134285,12-07-17,12-12-17,Standard Class,DS-13180
CA-2017-102267,11/30/2017,12-04-17,Standard Class,SC-20800
CA-2017-157980,12-07-17,12-09-17,First Class,SH-20395
CA-2015-121097,01-03-15,01-08-15,Standard Class,SF-20965
CA-2015-151043,11/14/2015,11/20/2015,Standard Class,MG-17680
US-2015-119312,10-02-15,10-07-15,Second Class,CS-12400
CA-2015-167010,04-05-15,04-10-15,Standard Class,VT-21700
CA-2017-126788,06-05-17,06-06-17,First Class,AB-10105
CA-2017-148068,9/18/2017,9/25/2017,Standard Class,MM-18280
US-2017-142573,7/18/2017,7/23/2017,Standard Class,ML-17410
US-2015-148817,12-01-15,12-07-15,Standard Class,KD-16495
CA-2016-110044,6/28/2016,07-02-16,Second Class,RF-19735
CA-2017-146920,8/28/2017,09-01-17,Standard Class,SC-20305
CA-2014-103940,9/17/2014,9/21/2014,Standard Class,BN-11515
CA-2016-162082,3/14/2016,3/17/2016,First Class,JS-15880
CA-2016-132094,8/26/2016,09-02-16,Standard Class,VG-21805
CA-2017-123001,09-02-17,09-08-17,Standard Class,AW-10840
CA-2015-118955,6/16/2015,6/20/2015,Standard Class,LS-17230
US-2016-143448,12-10-16,12-10-16,Same Day,MH-17455
CA-2017-117863,5/18/2017,5/23/2017,Standard Class,TS-21340
CA-2017-160458,5/27/2017,5/29/2017,Second Class,EH-13945
US-2016-142685,6/23/2016,6/30/2016,Standard Class,MG-17695
CA-2016-133144,5/16/2016,5/21/2016,Second Class,DO-13435
CA-2017-167871,11/18/2017,11/23/2017,Standard Class,AF-10870
CA-2016-119963,11/18/2016,11/22/2016,Standard Class,SN-20710
CA-2014-121167,11/28/2014,11/30/2014,Second Class,MO-17500
US-2016-151862,03-01-16,03-08-16,Standard Class,ON-18715
CA-2017-152961,1/15/2017,1/19/2017,Standard Class,SC-20095
CA-2014-133228,04-04-14,04-09-14,Standard Class,MS-17710
CA-2016-114951,6/26/2016,07-03-16,Standard Class,DN-13690
CA-2016-156573,5/29/2016,06-02-16,Standard Class,RB-19360
CA-2015-113901,10/19/2015,10/24/2015,Standard Class,NH-18610
CA-2017-134838,2/19/2017,2/20/2017,First Class,ED-13885
CA-2016-120257,9/22/2016,9/28/2016,Standard Class,PW-19240
CA-2014-164910,11-12-14,11/17/2014,Second Class,DM-13345
CA-2016-149902,04-01-16,04-06-16,Standard Class,DW-13540
CA-2016-146010,5/20/2016,5/23/2016,First Class,EH-14125
US-2015-163685,06-01-15,06-05-15,Standard Class,KE-16420
CA-2014-135090,11/22/2014,11/26/2014,Standard Class,SP-20920
CA-2015-132374,2/22/2015,2/24/2015,Second Class,PS-19045
CA-2016-167556,3/29/2016,04-02-16,Standard Class,JM-15250
US-2016-116400,10/22/2016,10/24/2016,First Class,EB-13930
CA-2017-101308,10-02-17,10-07-17,Standard Class,FG-14260
CA-2014-114517,12/23/2014,12/27/2014,Standard Class,TH-21235
CA-2017-119564,12/15/2017,12/20/2017,Standard Class,PL-18925
CA-2016-135265,07-07-16,07-09-16,Second Class,CC-12370
CA-2016-108735,4/17/2016,4/21/2016,Standard Class,JM-15535
CA-2017-112333,04-08-17,4/14/2017,Standard Class,KF-16285
US-2016-159415,4/17/2016,4/22/2016,Standard Class,CS-12175
CA-2014-122588,11/25/2014,11/27/2014,Second Class,AR-10540
CA-2014-137589,11-03-14,11-08-14,Standard Class,MS-17770
CA-2015-161998,05-01-15,05-05-15,Standard Class,DB-13120
CA-2015-105627,03-08-15,03-12-15,Standard Class,DK-12895
US-2015-149629,7/17/2015,7/20/2015,Second Class,MP-17965
CA-2014-116834,10-11-14,10/16/2014,Standard Class,Dp-13240
CA-2016-145730,03-03-16,03-08-16,Standard Class,CC-12220
US-2015-168732,12-10-15,12/16/2015,Standard Class,KM-16660
CA-2015-107468,12/18/2015,12/22/2015,Standard Class,MK-17905
CA-2017-144463,01-01-17,01-05-17,Standard Class,SC-20725
CA-2017-100811,11/21/2017,11/24/2017,First Class,CC-12475
CA-2015-153612,12/22/2015,12/27/2015,Standard Class,BT-11305
CA-2015-165624,8/23/2015,8/28/2015,Standard Class,FH-14350
CA-2014-154963,6/22/2014,6/27/2014,Standard Class,AA-10645
CA-2017-130764,10/27/2017,10/28/2017,First Class,JO-15145
CA-2017-139311,08-11-17,8/13/2017,First Class,SF-20965
CA-2017-124296,12/24/2017,12/28/2017,Standard Class,CS-12355
CA-2016-169957,9/26/2016,9/30/2016,Standard Class,SN-20710
US-2016-108777,12-12-16,12-12-16,Same Day,JM-15655
CA-2015-148859,12/28/2015,01-01-16,Standard Class,FH-14350
CA-2014-110786,12/29/2014,01-02-15,Standard Class,AJ-10795
CA-2015-137750,6/25/2015,6/30/2015,Standard Class,JF-15565
CA-2015-136378,04-02-15,04-07-15,Standard Class,CS-11845
CA-2017-100356,10/21/2017,10/25/2017,Standard Class,SP-20920
US-2015-166520,7/16/2015,7/19/2015,First Class,KE-16420
CA-2017-136350,6/24/2017,6/26/2017,Second Class,GA-14515
CA-2014-122931,9/29/2014,10-03-14,Standard Class,SM-20950
CA-2014-163034,11/24/2014,11/28/2014,Standard Class,DK-12985
CA-2015-124058,11/20/2015,11/24/2015,Standard Class,LC-16885
CA-2016-129196,11-01-16,11-07-16,Standard Class,XP-21865
US-2015-138716,9/17/2015,9/20/2015,First Class,CS-11845
US-2016-122182,03-10-16,3/14/2016,Standard Class,BD-11770
US-2014-130358,6/23/2014,6/26/2014,First Class,DL-13330
CA-2014-102673,11-01-14,11-05-14,Standard Class,KH-16630
CA-2016-145303,8/28/2016,8/31/2016,First Class,TP-21415
CA-2015-156104,12-06-15,12-08-15,Second Class,NP-18685
US-2015-164308,9/24/2015,9/27/2015,First Class,SC-20680
CA-2017-108112,11/15/2017,11/20/2017,Standard Class,DK-12895
CA-2015-100685,12/19/2015,12/21/2015,Second Class,SM-20950
CA-2015-165414,12/21/2015,12/24/2015,First Class,LS-17245
CA-2016-140417,9/25/2016,9/29/2016,Standard Class,KE-16420
US-2017-151316,6/24/2017,6/30/2017,Standard Class,MC-17635
CA-2017-163692,09-07-17,09-09-17,First Class,Dp-13240
CA-2016-111913,08-04-16,08-06-16,Second Class,LC-16930
US-2014-156559,8/19/2014,8/26/2014,Standard Class,LH-16900
CA-2016-161473,04-01-16,04-05-16,Standard Class,TB-21175
CA-2017-166576,5/16/2017,5/18/2017,First Class,JM-15865
CA-2015-102491,8/24/2015,8/28/2015,Standard Class,KW-16435
CA-2014-116904,9/23/2014,9/28/2014,Standard Class,SC-20095
US-2017-102288,6/19/2017,6/23/2017,Standard Class,ZC-21910
CA-2017-137456,12/21/2017,12/21/2017,Same Day,RB-19465
US-2017-155999,08-07-17,8/13/2017,Standard Class,JK-15370
US-2016-148334,8/22/2016,8/26/2016,Standard Class,DD-13570
CA-2015-105599,09-07-15,09-07-15,Same Day,MC-17275
CA-2015-153717,12/25/2015,01-01-16,Standard Class,DL-13495
CA-2015-116687,05-02-15,05-07-15,Standard Class,NC-18625
CA-2016-163573,11/24/2016,11/27/2016,First Class,AC-10450
CA-2015-153416,11/24/2015,11/29/2015,Standard Class,TS-21340
CA-2017-117394,09-04-17,09-10-17,Standard Class,MM-17920
CA-2017-133823,05-11-17,05-12-17,Same Day,LP-17080
CA-2014-127523,05-11-14,5/18/2014,Standard Class,BG-11695
CA-2017-123239,7/27/2017,7/31/2017,Second Class,MG-18145
CA-2017-156769,05-06-17,05-09-17,First Class,GZ-14470
CA-2014-127299,9/19/2014,9/24/2014,Standard Class,JL-15835
CA-2015-121272,3/29/2015,04-04-15,Standard Class,DO-13435
CA-2014-115336,11/18/2014,11/25/2014,Standard Class,AB-10600
CA-2015-111703,07-02-15,07-09-15,Standard Class,KB-16315
CA-2014-128839,09-08-14,9/13/2014,Standard Class,TT-21070
CA-2017-105914,10-02-17,10-08-17,Standard Class,PV-18985
CA-2017-110926,11/19/2017,11/23/2017,Standard Class,DD-13570
CA-2016-117226,12/30/2016,01-01-17,First Class,KD-16495
CA-2017-127313,12-01-17,12-04-17,First Class,RA-19285
CA-2016-136287,6/13/2016,6/17/2016,Standard Class,SS-20590
US-2014-107699,5/19/2014,5/23/2014,Standard Class,JH-15820
CA-2017-112725,1/30/2017,02-06-17,Standard Class,EH-14125
CA-2015-136196,11/28/2015,12-04-15,Standard Class,TP-21415
CA-2017-106068,10/23/2017,10/28/2017,Standard Class,RB-19330
CA-2017-100160,09-07-17,09-11-17,Standard Class,CB-12025
CA-2016-139689,12/29/2016,01-03-17,Standard Class,MP-17965
CA-2015-101091,12-05-15,12-09-15,Second Class,SW-20245
CA-2014-126907,11-01-14,11-08-14,Standard Class,SM-20950
US-2016-164588,4/16/2016,4/23/2016,Standard Class,AP-10915
CA-2017-115546,5/14/2017,5/18/2017,Standard Class,AH-10465
CA-2015-163587,3/14/2015,3/18/2015,Standard Class,EP-13915
US-2017-106131,1/14/2017,1/16/2017,First Class,TP-21565
CA-2015-160213,03-08-15,3/13/2015,Standard Class,AR-10825
CA-2014-157924,10-11-14,10/13/2014,First Class,HA-14920
CA-2015-100216,4/13/2015,4/14/2015,First Class,HJ-14875
CA-2017-100601,11/16/2017,11/20/2017,Standard Class,JK-15370
CA-2016-152163,07-01-16,07-01-16,Same Day,JF-15355
CA-2015-154340,11/29/2015,11/30/2015,First Class,EK-13795
CA-2014-128846,04-07-14,04-12-14,Standard Class,RS-19765
CA-2016-148593,6/16/2016,6/18/2016,Second Class,BD-11320
US-2017-119039,03-06-17,03-10-17,Standard Class,BF-11170
CA-2017-128426,10-07-17,10-11-17,Standard Class,JK-15730
US-2017-136868,10-06-17,10-12-17,Standard Class,CR-12820
CA-2016-143749,12-05-16,12-07-16,First Class,AG-10300
CA-2016-111493,10/21/2016,10/22/2016,First Class,CM-12160
CA-2017-112536,5/18/2017,5/23/2017,Standard Class,SG-20890
CA-2016-157714,9/26/2016,10-01-16,Second Class,CS-12175
CA-2017-166709,11/17/2017,11/22/2017,Standard Class,HL-15040
CA-2015-129392,07-08-15,07-08-15,Same Day,DM-13015
CA-2015-150875,11/16/2015,11/20/2015,Standard Class,HK-14890
CA-2015-154200,6/18/2015,6/22/2015,Standard Class,BG-11740
CA-2016-124233,04-08-16,4/14/2016,Standard Class,CK-12595
US-2015-134271,4/18/2015,4/23/2015,Second Class,RF-19735
US-2016-161683,12-03-16,12-08-16,Standard Class,CJ-12010
CA-2015-143105,12-10-15,12-10-15,Same Day,MA-17560
CA-2014-145387,10/31/2014,11-02-14,Second Class,AM-10705
CA-2017-109715,12-09-17,12/14/2017,Standard Class,AH-10585
CA-2014-166457,05-05-14,05-09-14,Second Class,PF-19120
CA-2016-164637,03-04-16,03-08-16,Standard Class,RD-19480
CA-2014-103590,11/30/2014,12-04-14,Standard Class,JL-15505
CA-2015-111234,2/18/2015,2/22/2015,Standard Class,AB-10600
CA-2017-149881,04-01-17,04-03-17,First Class,NC-18535
CA-2017-134565,06-11-17,6/13/2017,Second Class,TB-21400
CA-2016-108644,9/30/2016,10-03-16,First Class,SJ-20215
US-2014-102631,12/13/2014,12/17/2014,Standard Class,EB-13840
CA-2017-120327,11-11-17,11/16/2017,Standard Class,WB-21850
CA-2015-154970,01-05-15,01-10-15,Standard Class,SR-20740
CA-2016-113803,3/24/2016,3/26/2016,First Class,VG-21805
CA-2017-100223,07-05-17,07-10-17,Standard Class,LS-16945
CA-2014-168823,9/21/2014,9/24/2014,First Class,MA-17560
CA-2016-162404,7/23/2016,7/27/2016,Standard Class,NF-18475
CA-2017-104024,8/29/2017,09-03-17,Second Class,MD-17860
CA-2017-147144,3/26/2017,3/28/2017,First Class,MZ-17335
CA-2017-158673,12/29/2017,01-04-18,Standard Class,KB-16600
CA-2014-133704,9/20/2014,9/26/2014,Standard Class,MA-17995
CA-2016-159142,04-04-16,04-05-16,First Class,ME-17320
CA-2014-138436,3/26/2014,3/30/2014,Standard Class,JD-15895
CA-2017-117702,11/28/2017,12-04-17,Standard Class,LS-16975
CA-2016-157336,12-01-16,12-05-16,Second Class,SJ-20500
CA-2014-168130,9/19/2014,9/19/2014,Same Day,BS-11365
CA-2015-155068,10/23/2015,10/23/2015,Same Day,RA-19285
CA-2017-163160,10/13/2017,10/16/2017,First Class,TS-21610
CA-2015-101924,09-04-15,09-09-15,Standard Class,KB-16585
CA-2016-124793,3/14/2016,3/16/2016,First Class,MM-18280
CA-2017-118367,10/28/2017,11-02-17,Second Class,LO-17170
CA-2017-164819,10/15/2017,10/19/2017,Second Class,RS-19420
CA-2017-158344,08-07-17,08-11-17,Standard Class,CC-12475
CA-2017-123351,9/21/2017,9/25/2017,Standard Class,KT-16480
CA-2017-110429,11-03-17,11-08-17,Standard Class,DM-13015
US-2016-131611,11-05-16,11-09-16,Standard Class,EP-13915
US-2017-124821,6/25/2017,6/29/2017,Second Class,AM-10705
CA-2015-166975,11/26/2015,11/30/2015,Standard Class,SH-20635
CA-2016-123806,11/24/2016,11/27/2016,Second Class,LA-16780
US-2017-158505,7/21/2017,7/21/2017,Same Day,SF-20200
CA-2015-142692,10/23/2015,10/28/2015,Standard Class,AG-10495
CA-2015-123456,07-09-15,7/13/2015,Standard Class,KN-16450
CA-2017-151358,8/18/2017,8/22/2017,Standard Class,NF-18595
US-2016-107440,4/16/2016,4/20/2016,Standard Class,BS-11365
CA-2014-166989,11/14/2014,11/18/2014,Standard Class,RM-19675
CA-2014-103100,12/20/2014,12/23/2014,First Class,AB-10105
CA-2015-105690,11/21/2015,11/26/2015,Second Class,CA-11965
CA-2017-127516,12/28/2017,01-03-18,Standard Class,EH-14005
US-2015-117184,5/17/2015,5/21/2015,Standard Class,ON-18715
CA-2017-102407,12-09-17,12/13/2017,Second Class,AT-10435
CA-2017-130967,03-10-17,3/16/2017,Standard Class,EB-13870
CA-2017-101581,10/22/2017,10/27/2017,Standard Class,DW-13195
CA-2017-169124,07-03-17,07-10-17,Standard Class,MB-17305
CA-2017-117261,09-04-17,09-10-17,Standard Class,TH-21235
CA-2017-129021,8/23/2017,8/26/2017,Second Class,PO-18850
CA-2014-123253,8/22/2014,8/25/2014,Second Class,DE-13255
CA-2016-121601,10-04-16,10-04-16,Same Day,MO-17500
CA-2014-162278,10/26/2014,10/30/2014,Second Class,AH-10585
CA-2016-161095,6/28/2016,6/28/2016,Same Day,CS-12250
CA-2014-125829,11-04-14,11-11-14,Standard Class,WB-21850
CA-2014-123127,09-08-14,09-12-14,Standard Class,SP-20620
CA-2015-115945,6/25/2015,07-01-15,Standard Class,AB-10165
CA-2015-136735,7/26/2015,08-02-15,Standard Class,HA-14920
US-2017-136189,12-07-17,12-11-17,Standard Class,DC-13285
CA-2014-152345,12/29/2014,01-03-15,Second Class,ST-20530
US-2015-147662,2/14/2015,2/19/2015,Standard Class,KB-16315
CA-2016-153346,1/25/2016,1/27/2016,First Class,TB-21355
CA-2017-118360,04-01-17,04-07-17,Standard Class,JC-15775
CA-2017-149853,10-03-17,10-09-17,Standard Class,PO-18850
CA-2017-107909,09-01-17,09-06-17,Standard Class,SS-20875
CA-2015-112375,12/21/2015,12/27/2015,Standard Class,RD-19720
CA-2015-154795,12/20/2015,12/24/2015,Standard Class,GZ-14470
CA-2015-125234,11/27/2015,12-01-15,Standard Class,SN-20710
CA-2017-133501,8/27/2017,09-01-17,Standard Class,DK-12895
US-2014-129609,3/22/2014,3/22/2014,Same Day,VM-21835
CA-2017-130309,12/17/2017,12/21/2017,Standard Class,GB-14575
CA-2017-105410,3/19/2017,3/22/2017,First Class,ND-18370
CA-2016-120355,9/18/2016,9/25/2016,Standard Class,MM-17260
CA-2017-169894,11/24/2017,11/29/2017,Second Class,MV-17485
US-2017-100482,04-11-17,4/15/2017,Standard Class,JL-15130
CA-2017-107748,12-10-17,12-12-17,Second Class,AG-10330
CA-2017-153654,11/24/2017,11/26/2017,Second Class,MD-17860
CA-2015-155600,12-04-15,12-07-15,Second Class,RO-19780
CA-2017-162565,12-11-17,12-11-17,Same Day,RR-19315
CA-2016-127642,5/21/2016,5/23/2016,First Class,CP-12340
US-2017-163195,2/17/2017,2/21/2017,Second Class,LL-16840
CA-2017-111332,5/20/2017,5/22/2017,Second Class,NC-18340
CA-2017-117044,09-11-17,9/13/2017,Second Class,HA-14920
US-2016-165078,11-05-16,11-10-16,Standard Class,MA-17995
US-2017-169320,7/23/2017,7/25/2017,Second Class,LH-16900
CA-2016-158575,11/18/2016,11/24/2016,Standard Class,SB-20290
CA-2014-166954,4/25/2014,4/30/2014,Standard Class,BT-11305
CA-2015-140830,11/30/2015,12-02-15,Second Class,PS-18970
CA-2015-152891,10/25/2015,10/30/2015,Standard Class,TB-21625
US-2015-122784,7/20/2015,7/27/2015,Standard Class,RA-19915
CA-2016-156811,10/27/2016,11-02-16,Standard Class,BP-11095
CA-2017-111556,11/20/2017,11/22/2017,First Class,CD-11920
CA-2016-108868,09-08-16,09-12-16,Standard Class,KB-16585
CA-2014-142965,7/20/2014,7/20/2014,Same Day,SW-20245
CA-2016-148740,11/15/2016,11/19/2016,Standard Class,AH-10690
US-2014-138758,07-07-14,07-11-14,Standard Class,JL-15835
CA-2016-131737,3/17/2016,3/17/2016,Same Day,GZ-14470
CA-2016-114538,12/26/2016,12/27/2016,First Class,RC-19825
CA-2014-127936,09-02-14,09-04-14,First Class,CL-12565
CA-2015-164336,07-05-15,07-10-15,Standard Class,MW-18220
CA-2016-100041,11/20/2016,11/25/2016,Standard Class,BF-10975
US-2014-154879,05-06-14,05-11-14,Standard Class,SN-20710
CA-2014-130624,6/21/2014,6/24/2014,First Class,TB-21280
CA-2017-132339,8/19/2017,8/23/2017,Standard Class,JB-15400
CA-2014-153983,11/29/2014,12-06-14,Standard Class,AH-10210
CA-2017-112900,04-09-17,04-12-17,Second Class,KL-16645
CA-2014-160157,12/20/2014,12/27/2014,Standard Class,MH-17455
CA-2014-139633,12/17/2014,12/24/2014,Standard Class,EC-14050
CA-2015-163090,11/17/2015,11/21/2015,Second Class,GH-14665
CA-2014-117016,03-04-14,03-09-14,Standard Class,SC-20095
CA-2017-159464,5/18/2017,5/19/2017,First Class,TB-21355
US-2017-103226,9/22/2017,9/28/2017,Standard Class,DW-13195
CA-2017-119452,3/21/2017,3/27/2017,Standard Class,CL-12565
CA-2017-147725,9/14/2017,9/14/2017,Same Day,LT-17110
CA-2016-168893,11-03-16,11-08-16,Second Class,AP-10915
CA-2016-163398,05-03-16,05-08-16,Standard Class,CB-12415
CA-2016-162726,12/27/2016,01-02-17,Standard Class,MT-17815
US-2016-111290,7/22/2016,7/26/2016,Standard Class,DK-13375
US-2014-147704,11/16/2014,11/21/2014,Standard Class,SR-20740
CA-2015-121965,6/19/2015,6/23/2015,Standard Class,LH-17155
CA-2016-147137,07-04-16,07-06-16,First Class,AA-10645
US-2015-146745,09-03-15,09-08-15,Standard Class,AS-10630
CA-2017-115175,08-07-17,08-12-17,Standard Class,MC-17575
CA-2017-105851,3/13/2017,3/20/2017,Standard Class,SE-20110
US-2017-125717,9/28/2017,10-01-17,First Class,DS-13030
CA-2015-163895,08-07-15,08-11-15,Standard Class,NS-18640
CA-2017-168641,11/24/2017,12-01-17,Standard Class,KA-16525
CA-2017-156895,05-08-17,05-12-17,Standard Class,DJ-13510
CA-2017-121300,9/29/2017,9/29/2017,Same Day,MG-17680
CA-2017-130211,10/22/2017,10/22/2017,Same Day,BD-11620
CA-2014-147235,3/24/2014,3/28/2014,Standard Class,CD-11920
CA-2016-109365,11-03-16,11-08-16,Standard Class,XP-21865
CA-2015-162621,09-05-15,09-11-15,Standard Class,CA-12055
CA-2017-105921,8/14/2017,8/21/2017,Standard Class,JM-15250
CA-2014-150798,12-01-14,12-03-14,Second Class,JK-15730
CA-2017-112753,6/18/2017,6/23/2017,Standard Class,CC-12670
CA-2017-155075,12-02-17,12-09-17,Standard Class,GW-14605
CA-2014-103401,11/21/2014,11/26/2014,Standard Class,GR-14560
CA-2016-124814,04-10-16,4/16/2016,Standard Class,FM-14215
CA-2014-116757,6/30/2014,07-04-14,Standard Class,MS-17980
US-2014-138247,12/24/2014,12/29/2014,Standard Class,BF-11170
CA-2017-167003,5/23/2017,5/29/2017,Standard Class,VS-21820
CA-2016-119935,11-10-16,11/14/2016,Standard Class,KM-16225
CA-2016-118969,10-02-16,10-03-16,First Class,LP-17095
CA-2016-145240,09-06-16,09-08-16,First Class,BG-11740
CA-2016-120873,10/27/2016,11-01-16,Second Class,BW-11200
US-2017-111920,10/22/2017,10/26/2017,Standard Class,PS-18970
US-2016-128678,9/15/2016,9/20/2016,Standard Class,RB-19570
CA-2016-101385,9/25/2016,10-01-16,Standard Class,JW-16075
CA-2017-107167,06-10-17,6/14/2017,Standard Class,ND-18460
CA-2014-109491,2/20/2014,2/26/2014,Standard Class,LC-16930
CA-2017-105445,2/20/2017,2/25/2017,Second Class,BP-11095
CA-2014-107454,11-02-14,11-06-14,Standard Class,RD-19720
US-2017-105046,7/17/2017,7/23/2017,Standard Class,BE-11335
CA-2017-152856,09-08-17,09-10-17,Second Class,RS-19765
CA-2016-134691,11/14/2016,11/18/2016,Standard Class,KC-16540
CA-2016-118759,11/14/2016,11/17/2016,First Class,MB-17305
CA-2014-140403,10-10-14,10-10-14,Same Day,TN-21040
CA-2015-163104,3/19/2015,3/26/2015,Standard Class,MC-18130
CA-2017-138464,07-08-17,07-12-17,Standard Class,VF-21715
CA-2015-104129,2/27/2015,03-02-15,Standard Class,ES-14080
US-2017-132206,6/16/2017,6/21/2017,Standard Class,MK-17905
CA-2017-113474,3/30/2017,3/31/2017,First Class,TM-21490
CA-2015-126557,07-12-15,7/17/2015,Second Class,RL-19615
US-2017-107636,4/30/2017,05-02-17,First Class,NM-18520
US-2014-165862,7/13/2014,7/17/2014,Standard Class,GK-14620
US-2014-106334,12/27/2014,01-02-15,Standard Class,JF-15490
CA-2016-101448,2/27/2016,03-01-16,Second Class,EB-13930
CA-2015-130218,3/23/2015,3/26/2015,First Class,SG-20470
US-2017-117331,10/21/2017,10/28/2017,Standard Class,ND-18370
CA-2014-127383,12/31/2014,01-05-15,Standard Class,CM-11815
CA-2014-110219,05-05-14,05-08-14,First Class,EB-13870
CA-2015-118871,12-04-15,12-09-15,Second Class,HM-14860
CA-2017-129490,9/26/2017,9/30/2017,Standard Class,SJ-20125
CA-2014-101175,12-09-14,12/14/2014,Standard Class,DM-12955
US-2017-149510,12-03-17,12-10-17,Standard Class,MC-17575
CA-2015-111990,11-08-15,11/13/2015,Standard Class,DB-13660
CA-2014-169460,4/19/2014,4/21/2014,Second Class,NF-18595
US-2015-152128,5/25/2015,5/27/2015,Second Class,NM-18445
CA-2017-126662,7/17/2017,7/21/2017,Standard Class,AB-10255
CA-2016-139395,12-12-16,12/18/2016,Standard Class,MG-17650
US-2014-121734,04-11-14,4/16/2014,Standard Class,SE-20110
CA-2015-110947,06-09-15,6/15/2015,Standard Class,AG-10765
US-2014-150126,7/27/2014,08-02-14,Standard Class,AS-10045
CA-2015-164427,7/31/2015,08-06-15,Standard Class,AR-10405
CA-2016-120250,9/19/2016,9/22/2016,First Class,AP-10720
CA-2016-121993,06-10-16,06-12-16,First Class,JB-16000
US-2016-100405,8/26/2016,8/28/2016,Second Class,TS-21430
US-2017-163790,11-02-17,11-04-17,Second Class,NL-18310
CA-2016-129868,12/26/2016,12/31/2016,Standard Class,MC-18130
CA-2016-140564,12-05-16,12-10-16,Second Class,TC-21475
US-2017-169502,8/28/2017,09-01-17,Standard Class,MG-17650
CA-2015-146948,7/16/2015,7/20/2015,Standard Class,MG-17890
US-2015-113327,5/26/2015,5/29/2015,Second Class,BF-11170
CA-2015-135020,5/28/2015,06-02-15,Standard Class,MS-17770
US-2017-141852,11-09-17,11/14/2017,Standard Class,JE-15745
CA-2016-109407,1/24/2016,1/26/2016,Second Class,HG-14965
US-2017-165953,12/31/2016,01-06-17,Standard Class,EP-13915
CA-2016-144540,09-05-16,09-10-16,Standard Class,GH-14410
CA-2015-159863,09-04-15,09-07-15,Second Class,DS-13180
CA-2015-117800,9/21/2015,9/26/2015,Standard Class,TH-21550
CA-2017-145219,12/24/2017,12/25/2017,First Class,RM-19675
CA-2015-161214,10-05-15,10-08-15,Second Class,SF-20965
CA-2017-147228,09-09-17,9/14/2017,Standard Class,SO-20335
CA-2016-101336,11/13/2016,11/18/2016,Standard Class,CK-12760
US-2015-126235,10/15/2015,10/15/2015,Same Day,GA-14725
CA-2017-168396,08-03-17,08-08-17,Second Class,BD-11725
CA-2015-130456,8/21/2015,8/26/2015,Standard Class,DS-13180
CA-2017-116288,03-12-17,3/17/2017,Standard Class,BS-11380
CA-2017-168228,4/27/2017,4/29/2017,First Class,AP-10915
CA-2016-102162,09-11-16,9/16/2016,Standard Class,JF-15565
CA-2017-130141,10/22/2017,10/24/2017,Second Class,HA-14905
CA-2015-147501,08-02-15,08-06-15,Standard Class,Co-12640
CA-2016-143910,08-12-16,8/16/2016,Standard Class,BC-11125
CA-2014-146885,5/30/2014,06-05-14,Standard Class,EB-13840
CA-2016-139556,4/26/2016,05-01-16,Standard Class,DB-13360
CA-2017-129357,5/14/2017,5/19/2017,Standard Class,KB-16585
CA-2017-150987,04-08-17,04-12-17,Standard Class,AH-10120
CA-2017-132647,2/17/2017,2/23/2017,Standard Class,GH-14410
CA-2017-159107,6/24/2017,6/26/2017,Second Class,KT-16480
CA-2014-160738,05-05-14,05-10-14,Standard Class,KH-16330
CA-2015-112130,05-03-15,05-07-15,Standard Class,SV-20785
CA-2016-111409,9/18/2016,9/22/2016,Standard Class,PO-18850
CA-2016-116232,9/22/2016,9/26/2016,Standard Class,AC-10450
CA-2016-116547,01-10-16,1/17/2016,Standard Class,KB-16585
US-2017-133200,05-06-17,05-11-17,Standard Class,DB-13555
CA-2016-133550,7/31/2016,08-06-16,Standard Class,KL-16645
CA-2017-139416,3/27/2017,3/29/2017,Second Class,AG-10270
CA-2014-114510,3/14/2014,3/19/2014,Standard Class,JF-15295
CA-2016-169215,7/14/2016,7/18/2016,Second Class,RE-19450
CA-2016-127698,12-01-16,12-01-16,Same Day,MV-18190
CA-2016-159912,8/29/2016,09-03-16,Standard Class,GB-14530
CA-2016-101987,6/24/2016,6/30/2016,Standard Class,HL-15040
US-2017-154851,3/30/2017,04-03-17,Standard Class,BP-11155
CA-2014-138681,12/20/2014,12/22/2014,First Class,CT-11995
US-2015-138121,12/17/2015,12/17/2015,Same Day,JL-15835
CA-2017-140298,05-11-17,5/17/2017,Standard Class,JK-16120
CA-2016-166240,6/24/2016,6/28/2016,Standard Class,DH-13075
CA-2016-158435,5/17/2016,5/18/2016,First Class,AG-10900
CA-2017-138149,6/29/2017,6/30/2017,First Class,WB-21850
CA-2014-112403,3/31/2014,3/31/2014,Same Day,JO-15280
CA-2014-108273,12/16/2014,12/21/2014,Standard Class,EJ-13720
CA-2017-121643,5/18/2017,5/20/2017,First Class,AB-10105
US-2015-122910,05-12-15,5/16/2015,Standard Class,LT-16765
CA-2017-143126,12-03-17,12-07-17,Second Class,CM-12655
CA-2015-129042,12-12-15,12/17/2015,Standard Class,EM-13960
CA-2015-109736,10-10-15,10-11-15,First Class,DJ-13420
CA-2015-142601,4/18/2015,4/20/2015,Second Class,DE-13255
CA-2014-106229,06-07-14,06-11-14,Second Class,NR-18550
US-2017-135230,09-01-17,09-07-17,Standard Class,CK-12325
CA-2016-159653,5/22/2016,5/22/2016,Same Day,JF-15490
CA-2016-131968,11-11-16,11/15/2016,Standard Class,LB-16795
CA-2014-119151,11/25/2014,11/29/2014,Second Class,MP-18175
CA-2014-123323,11-07-14,11-12-14,Standard Class,LH-16900
CA-2016-124681,7/18/2016,7/23/2016,Second Class,SV-20935
US-2015-103996,3/29/2015,3/31/2015,Second Class,RB-19435
CA-2016-120530,04-07-16,04-12-16,Standard Class,Dl-13600
CA-2015-155054,6/13/2015,6/19/2015,Standard Class,PS-19045
CA-2015-105725,2/18/2015,2/24/2015,Standard Class,GT-14755
CA-2017-164364,11-12-17,11/16/2017,Standard Class,CS-12355
CA-2017-168123,03-05-17,03-05-17,Same Day,JD-16060
CA-2016-120005,03-03-16,03-03-16,Same Day,TS-21160
CA-2016-123526,12/24/2016,12/25/2016,First Class,BV-11245
CA-2016-127649,10-07-16,10-09-16,First Class,DL-13495
CA-2016-159989,12-09-16,12/13/2016,Standard Class,EB-13870
CA-2017-103499,11/20/2017,11/24/2017,Standard Class,ES-14020
US-2015-167220,12-12-15,12/16/2015,Standard Class,JB-15925
CA-2017-126354,02-03-17,02-08-17,Standard Class,SC-20380
CA-2017-169817,9/21/2017,9/25/2017,Standard Class,EB-13870
US-2017-144582,4/30/2017,05-05-17,Standard Class,TC-21475
CA-2014-121573,11-03-14,11-07-14,Standard Class,SG-20605
CA-2016-117660,12/30/2016,01-04-17,Standard Class,BM-11785
CA-2014-112851,9/17/2014,9/21/2014,Standard Class,NR-18550
CA-2017-123701,11/24/2017,11/27/2017,First Class,PG-18820
CA-2015-118227,4/24/2015,4/28/2015,Standard Class,DB-13270
CA-2015-123155,03-09-15,03-12-15,First Class,NS-18640
CA-2017-158883,06-02-17,06-03-17,Same Day,CS-11860
US-2016-114888,9/19/2016,9/24/2016,Second Class,CC-12430
US-2014-167262,10/31/2014,11-03-14,Second Class,AC-10450
CA-2017-119746,11/23/2017,11/27/2017,Standard Class,CM-12385
CA-2017-108091,11/16/2017,11/21/2017,Standard Class,EK-13795
CA-2016-101630,2/19/2016,2/23/2016,Second Class,CK-12760
CA-2017-132346,11-07-17,11-11-17,Standard Class,PK-19075
CA-2014-150301,07-08-14,07-10-14,First Class,MH-18025
CA-2014-159310,11-07-14,11-12-14,Standard Class,SC-20725
US-2017-147984,1/28/2017,02-01-17,Standard Class,GB-14575
CA-2015-104346,12-11-15,12/16/2015,Standard Class,IM-15070
US-2015-141684,6/29/2015,07-04-15,Standard Class,MM-18055
CA-2015-144722,3/16/2015,3/23/2015,Standard Class,MF-18250
CA-2015-120516,8/13/2015,8/17/2015,Standard Class,CK-12595
US-2016-148901,5/14/2016,5/19/2016,Standard Class,MK-17905
CA-2017-136364,7/13/2017,7/17/2017,Second Class,MH-17455
CA-2015-137708,11/22/2015,11/25/2015,Second Class,NG-18430
CA-2014-149055,11/23/2014,11/28/2014,Standard Class,PB-19210
CA-2015-151589,12/27/2015,12/30/2015,First Class,RE-19450
CA-2016-121370,11/14/2016,11/19/2016,Second Class,EB-14110
CA-2016-111696,05-08-16,05-10-16,First Class,TB-21625
CA-2014-139598,12/26/2014,12/31/2014,Standard Class,MG-17695
CA-2017-117436,06-08-17,6/14/2017,Standard Class,LW-17125
CA-2015-140025,04-07-15,04-11-15,Standard Class,PF-19120
CA-2016-134222,07-10-16,07-11-16,Same Day,NZ-18565
CA-2016-140018,11/21/2016,11/26/2016,Standard Class,CK-12205
US-2017-136707,11-12-17,11/15/2017,First Class,JE-15610
CA-2014-152562,11-01-14,11-08-14,Standard Class,JO-15145
CA-2016-152408,5/15/2016,5/21/2016,Standard Class,TT-21220
CA-2014-120278,11-07-14,11-12-14,Standard Class,MS-17365
CA-2017-167661,10-05-17,10-10-17,Standard Class,MP-18175
CA-2017-106831,06-01-17,06-03-17,First Class,FH-14350
CA-2017-154123,11/20/2017,11/25/2017,Standard Class,SC-20050
CA-2016-136049,12/23/2016,12/28/2016,Standard Class,NM-18520
CA-2017-118402,9/29/2017,10-04-17,Standard Class,JO-15280
US-2016-139388,11-07-16,11-09-16,First Class,CC-12475
US-2014-128685,04-04-14,04-05-14,First Class,MZ-17515
CA-2015-124044,7/23/2015,7/26/2015,Second Class,MS-17830
CA-2014-164469,6/25/2014,6/27/2014,Second Class,GK-14620
CA-2014-107818,09-08-14,9/14/2014,Standard Class,MC-17275
CA-2014-113320,12-12-14,12/15/2014,Second Class,LH-17155
CA-2015-137526,1/13/2015,1/17/2015,Standard Class,PB-19150
CA-2017-136063,12/15/2017,12/19/2017,Standard Class,SS-20140
CA-2016-101546,12/18/2016,12/24/2016,Standard Class,GK-14620
CA-2014-138940,04-11-14,4/16/2014,Second Class,GM-14455
CA-2016-125164,11-10-16,11/14/2016,Standard Class,SH-19975
CA-2017-163531,6/26/2017,6/30/2017,Standard Class,SC-20725
CA-2017-122490,11/13/2017,11/18/2017,Standard Class,TT-21070
CA-2017-131366,11/24/2017,11/29/2017,Standard Class,SC-20440
CA-2017-164042,5/23/2017,5/27/2017,Standard Class,KL-16645
CA-2014-132864,12-02-14,12-07-14,Standard Class,KN-16390
US-2014-155817,10-03-14,10-09-14,Standard Class,SL-20155
US-2016-131891,7/29/2016,7/31/2016,First Class,PW-19240
CA-2017-143567,11-02-17,11-05-17,Second Class,TB-21175
CA-2017-104080,03-08-17,3/15/2017,Standard Class,AH-10210
CA-2014-151379,12/16/2014,12/20/2014,Standard Class,SC-20695
CA-2016-163167,11/28/2016,12-01-16,Second Class,RF-19345
CA-2016-135776,12/23/2016,12/30/2016,Standard Class,EH-13765
US-2014-122021,10/15/2014,10/17/2014,First Class,AC-10660
CA-2016-130484,8/22/2016,8/27/2016,Standard Class,SG-20470
CA-2017-120936,12/17/2017,12/21/2017,Standard Class,CA-12310
CA-2017-110884,03-07-17,03-12-17,Standard Class,SH-20395
US-2014-161613,12-01-14,12-03-14,Second Class,MC-17605
US-2014-146353,10/14/2014,10/16/2014,Second Class,JE-15610
CA-2014-133809,11/18/2014,11/23/2014,Second Class,MS-17530
CA-2017-127306,1/14/2017,1/18/2017,Standard Class,BH-11710
CA-2015-161830,9/24/2015,9/26/2015,Second Class,ME-17725
CA-2017-163125,10-09-17,10-11-17,Second Class,MB-17305
CA-2016-160304,01-02-16,01-07-16,Standard Class,BM-11575
CA-2017-101728,8/19/2017,8/23/2017,Standard Class,SC-20575
CA-2017-114055,12/25/2017,12/29/2017,Second Class,MH-18115
CA-2017-126438,09-10-17,9/13/2017,First Class,AR-10345
CA-2017-117653,10/19/2017,10/23/2017,Standard Class,MO-17500
CA-2017-143245,12-01-17,12-06-17,Standard Class,AD-10180
US-2014-138828,09-02-14,09-03-14,First Class,KD-16345
CA-2017-143651,3/25/2017,3/30/2017,Standard Class,FM-14215
CA-2015-106978,9/28/2015,10-04-15,Standard Class,ZC-21910
CA-2015-155124,3/15/2015,3/21/2015,Standard Class,KS-16300
CA-2017-150931,01-06-17,1/13/2017,Standard Class,DP-13390
CA-2014-157147,1/13/2014,1/18/2014,Standard Class,BD-11605
CA-2015-156482,02-06-15,2/13/2015,Standard Class,IL-15100
CA-2017-106782,12/21/2017,12/27/2017,Standard Class,LP-17095
CA-2016-151372,09-05-16,09-06-16,First Class,JH-15985
CA-2014-102085,10-04-14,10-09-14,Standard Class,JD-16015
CA-2017-107125,11/27/2017,12-02-17,Standard Class,BD-11320
CA-2016-125815,10/28/2016,11-01-16,Second Class,DL-13330
CA-2015-144190,06-09-15,6/13/2015,Standard Class,NC-18415
CA-2017-117926,12-08-17,12-12-17,Second Class,AS-10225
CA-2015-153906,3/16/2015,3/20/2015,Standard Class,MS-17980
CA-2014-160262,06-09-14,6/13/2014,Second Class,TS-21205
CA-2015-127607,3/20/2015,3/26/2015,Standard Class,JK-15730
CA-2016-166226,11/18/2016,11/22/2016,Standard Class,TC-21535
CA-2014-156587,03-07-14,03-08-14,First Class,AB-10015
CA-2016-141180,5/15/2016,5/19/2016,Second Class,DP-13000
CA-2015-109708,5/25/2015,5/28/2015,Second Class,CY-12745
CA-2015-122406,08-02-15,08-05-15,Second Class,BE-11455
US-2016-153815,11-06-16,11-09-16,First Class,KL-16555
CA-2016-164896,11-07-16,11-12-16,Standard Class,PS-19045
CA-2015-142202,9/18/2015,9/23/2015,Second Class,JR-16210
CA-2015-165050,12-07-15,12-09-15,First Class,AH-10210
US-2016-131114,12-09-16,12/13/2016,Second Class,RW-19630
CA-2014-160066,11/16/2014,11/22/2014,Standard Class,AH-10075
CA-2016-109925,11-06-16,11-10-16,Second Class,IM-15070
CA-2015-160696,09-06-15,09-10-15,Standard Class,CK-12760
CA-2014-125171,09-03-14,09-03-14,Same Day,AG-10390
CA-2016-149279,4/24/2016,4/28/2016,Standard Class,CL-12700
CA-2017-107321,8/31/2017,09-04-17,Standard Class,AW-10930
US-2017-122714,12-07-17,12/13/2017,Standard Class,HG-14965
CA-2015-153038,12/18/2015,12/25/2015,Standard Class,RB-19645
CA-2014-132227,11-04-14,11-10-14,Standard Class,SZ-20035
CA-2017-155824,03-10-17,3/15/2017,Standard Class,KS-16300
CA-2016-129238,1/31/2016,02-04-16,Standard Class,SC-20050
CA-2017-159688,05-07-17,05-12-17,Standard Class,AB-10060
CA-2016-136126,5/24/2016,5/24/2016,Same Day,EH-14125
CA-2016-155033,10-07-16,10-12-16,Standard Class,CC-12475
CA-2014-156006,4/30/2014,05-02-14,Second Class,TM-21010
CA-2015-158659,11-10-15,11/14/2015,Second Class,SC-20695
CA-2015-169796,11-09-15,11/14/2015,Standard Class,Dp-13240
CA-2015-102876,09-07-15,9/14/2015,Standard Class,LR-17035
US-2017-139647,05-11-17,5/13/2017,First Class,TS-21370
US-2017-160465,7/21/2017,7/26/2017,Standard Class,SW-20350
CA-2014-153850,11/24/2014,11/29/2014,Standard Class,TH-21100
CA-2014-127558,11/15/2014,11/18/2014,First Class,SS-20410
CA-2017-136511,3/23/2017,3/25/2017,Second Class,MZ-17515
CA-2016-133795,12/18/2016,12/24/2016,Standard Class,JE-15475
US-2017-130953,7/29/2017,08-03-17,Standard Class,RF-19735
CA-2014-151792,09-02-14,09-07-14,Second Class,CV-12295
CA-2017-139304,1/29/2017,02-02-17,Standard Class,VG-21790
CA-2016-155166,12/26/2016,01-02-17,Standard Class,BB-11545
CA-2015-103954,08-09-15,8/13/2015,Second Class,HR-14770
CA-2014-169803,04-06-14,04-12-14,Standard Class,SC-20260
CA-2017-141719,11/17/2017,11/21/2017,Second Class,EG-13900
CA-2015-136469,07-11-15,07-12-15,First Class,TS-21370
CA-2016-158694,11-10-16,11/13/2016,Second Class,AI-10855
US-2014-104759,3/31/2014,04-04-14,Standard Class,DD-13570
CA-2015-150511,9/18/2015,9/24/2015,Standard Class,AB-10060
CA-2015-134922,11-07-15,11-11-15,Standard Class,KB-16240
US-2017-120607,5/19/2017,5/19/2017,Same Day,JC-15775
CA-2015-141243,01-03-15,01-08-15,Second Class,AH-10465
CA-2015-162166,09-08-15,09-11-15,First Class,NM-18520
CA-2016-120796,04-03-16,04-07-16,Standard Class,CS-11950
CA-2016-109722,12-05-16,12-07-16,Second Class,TP-21130
CA-2015-136798,05-08-15,05-12-15,Standard Class,DL-12925
CA-2017-122196,9/22/2017,9/24/2017,First Class,CA-12265
CA-2017-142090,11/30/2017,12-07-17,Standard Class,SC-20380
CA-2017-160934,1/15/2017,1/19/2017,Standard Class,TT-21460
CA-2014-124478,08-08-14,08-12-14,Standard Class,MA-17560
CA-2015-145485,11-05-15,11-05-15,Same Day,JM-16195
CA-2017-151071,4/25/2017,4/29/2017,Second Class,MB-18085
CA-2014-134572,4/20/2014,4/22/2014,Second Class,SV-20365
CA-2017-143217,11-11-17,11/17/2017,Standard Class,CG-12040
US-2017-133312,11/25/2017,11/29/2017,Standard Class,BD-11500
US-2015-137533,12/18/2015,12/18/2015,Same Day,JK-15640
CA-2016-155138,09-08-16,09-12-16,Standard Class,JM-15580
CA-2016-108350,06-06-16,06-09-16,Second Class,SC-20230
CA-2015-144302,6/19/2015,6/23/2015,Standard Class,ME-17320
CA-2015-109001,03-05-15,03-09-15,Standard Class,KN-16390
CA-2017-132738,08-04-17,08-07-17,First Class,HM-14860
CA-2017-156720,12/30/2017,01-03-18,Standard Class,JM-15580
CA-2015-119102,5/23/2015,5/27/2015,Standard Class,KH-16690
US-2014-140452,12-06-14,12-10-14,Standard Class,BK-11260
CA-2015-141936,08-07-15,08-12-15,Standard Class,PN-18775
CA-2014-158442,3/17/2014,3/17/2014,Same Day,AZ-10750
CA-2015-167374,3/26/2015,3/30/2015,Second Class,GM-14500
CA-2014-116568,12/14/2014,12/20/2014,Standard Class,BM-11785
CA-2015-147102,9/19/2015,9/26/2015,Standard Class,NH-18610
CA-2017-132213,4/25/2017,4/26/2017,First Class,PN-18775
CA-2014-138450,10/18/2014,10/22/2014,Standard Class,EH-13765
CA-2015-153073,11/13/2015,11/13/2015,Same Day,HA-14905
CA-2016-147970,1/31/2016,02-02-16,Second Class,AB-10150
CA-2016-150658,11/17/2016,11/22/2016,Standard Class,MS-17365
CA-2017-125640,7/25/2017,7/29/2017,Standard Class,DD-13570
CA-2017-154137,11-11-17,11/17/2017,Standard Class,MT-17815
CA-2015-127173,9/26/2015,10-03-15,Standard Class,GM-14500
CA-2014-149538,04-04-14,04-08-14,Standard Class,KB-16585
CA-2014-160766,9/14/2014,9/14/2014,Same Day,DM-13015
CA-2017-146626,12/29/2017,01-05-18,Standard Class,BP-11185
CA-2015-123330,6/21/2015,6/27/2015,Standard Class,EP-13915
CA-2017-155607,11/26/2017,11/30/2017,Standard Class,FG-14260
CA-2016-151323,10/23/2016,10/28/2016,Standard Class,AB-10255
CA-2015-146696,12/14/2015,12/19/2015,Standard Class,RD-19480
CA-2016-128972,11/13/2016,11/17/2016,Standard Class,TS-21430
CA-2017-128335,9/29/2017,10-05-17,Standard Class,JA-15970
CA-2015-154886,11-08-15,11-12-15,Standard Class,SW-20455
CA-2016-111213,04-01-16,04-05-16,Standard Class,FP-14320
CA-2017-161333,02-02-17,02-07-17,Standard Class,JL-15835
CA-2017-128734,12/24/2017,12/31/2017,Standard Class,JL-15175
CA-2014-141796,6/21/2014,6/21/2014,Same Day,JG-15160
CA-2017-125101,03-06-17,03-10-17,Second Class,SH-19975
CA-2017-169929,9/25/2017,9/28/2017,First Class,LS-17200
US-2014-121566,6/30/2014,07-06-14,Standard Class,CS-11860
US-2015-124219,08-07-15,08-08-15,First Class,KW-16570
CA-2017-163006,6/30/2017,07-04-17,Second Class,GH-14410
CA-2015-156146,10/26/2015,10/30/2015,Second Class,AG-10495
CA-2014-111192,7/30/2014,08-05-14,Standard Class,TS-21430
CA-2016-115378,11/18/2016,11/23/2016,Second Class,AJ-10945
CA-2015-161627,07-06-15,07-11-15,Standard Class,SJ-20215
CA-2014-121006,11-10-14,11/16/2014,Standard Class,SC-20020
CA-2016-122903,5/27/2016,5/29/2016,Second Class,LA-16780
CA-2015-107741,03-08-15,03-10-15,First Class,FC-14335
CA-2017-106432,10/19/2017,10/24/2017,Standard Class,CA-12265
CA-2016-148908,11-05-16,11-08-16,First Class,JH-15985
CA-2016-123015,12/26/2016,12/30/2016,Standard Class,AJ-10795
US-2015-120502,4/13/2015,4/19/2015,Standard Class,BT-11395
CA-2017-108749,09-12-17,9/15/2017,First Class,DJ-13510
CA-2017-163335,9/24/2017,9/27/2017,First Class,AG-10675
CA-2015-134719,10-10-15,10/15/2015,Standard Class,JD-15790
US-2015-154389,11/27/2015,12-03-15,Standard Class,EH-14125
CA-2015-115567,9/13/2015,9/18/2015,Standard Class,ZC-21910
US-2017-136679,11/14/2017,11/18/2017,Standard Class,XP-21865
US-2017-141943,05-05-17,05-09-17,Standard Class,DK-12985
CA-2014-101560,11/28/2014,12-01-14,Second Class,CS-12250
CA-2014-159709,05-10-14,5/15/2014,Standard Class,AI-10855
CA-2016-103982,03-03-16,03-08-16,Standard Class,AA-10315
CA-2015-142454,8/15/2015,8/19/2015,Standard Class,RE-19450
CA-2015-102015,09-12-15,9/18/2015,Standard Class,TM-21010
CA-2015-156755,01-12-15,1/18/2015,Standard Class,YS-21880
CA-2015-130876,05-12-15,5/16/2015,Second Class,AZ-10750
CA-2016-145898,9/26/2016,9/26/2016,Same Day,CM-12445
US-2017-159562,09-09-17,9/15/2017,Standard Class,JB-16000
CA-2017-134635,4/15/2017,4/17/2017,Second Class,NS-18640
CA-2017-167080,06-10-17,6/14/2017,Standard Class,LC-16930
CA-2017-145653,09-01-17,09-01-17,Same Day,CA-12775
CA-2014-140487,6/14/2014,6/20/2014,Standard Class,SR-20425
CA-2017-117401,5/18/2017,5/22/2017,Second Class,PP-18955
US-2017-109582,09-12-17,9/17/2017,Second Class,JM-15865
CA-2016-119865,6/21/2016,6/26/2016,Standard Class,AS-10090
US-2014-147648,11/26/2014,12-01-14,Standard Class,LS-16975
CA-2017-124436,3/19/2017,3/22/2017,Second Class,SA-20830
CA-2014-115084,10/18/2014,10/22/2014,Standard Class,LS-17200
CA-2017-131037,8/22/2017,8/23/2017,First Class,TM-21490
CA-2016-111143,11/19/2016,11/22/2016,First Class,TT-21265
CA-2014-166744,9/20/2014,9/24/2014,Standard Class,DN-13690
CA-2016-116561,09-11-16,9/17/2016,Standard Class,EB-14110
CA-2016-110730,9/23/2016,9/26/2016,Second Class,CM-11815
CA-2017-146367,08-04-17,08-08-17,Standard Class,HM-14860
CA-2016-149454,7/25/2016,7/26/2016,First Class,KM-16375
CA-2016-156265,08-02-16,08-04-16,Second Class,BF-11020
US-2015-168914,5/21/2015,5/27/2015,Standard Class,JE-15745
US-2017-110989,11-03-17,11-05-17,Second Class,EJ-14155
CA-2015-106215,4/16/2015,4/21/2015,Standard Class,BN-11470
US-2016-169369,12-12-16,12/18/2016,Standard Class,EC-14050
CA-2015-132318,10/30/2015,11-02-15,First Class,TT-21220
US-2014-131982,03-07-14,03-11-14,Second Class,NP-18685
CA-2015-125185,03-05-15,03-07-15,Second Class,AH-10195
CA-2016-130078,08-08-16,8/14/2016,Standard Class,CC-12145
US-2017-114034,01-03-17,01-08-17,Standard Class,DL-13315
US-2017-115595,10-09-17,10-11-17,First Class,XP-21865
CA-2017-158722,10/20/2017,10/26/2017,Standard Class,MA-17560
CA-2014-105165,09-07-14,09-10-14,First Class,SZ-20035
CA-2017-147452,9/30/2017,10-03-17,First Class,CS-11845
US-2017-114657,11/16/2017,11/21/2017,Standard Class,MH-18115
CA-2017-144484,09-11-17,09-11-17,Same Day,CB-12025
CA-2017-125913,1/16/2017,1/16/2017,Same Day,JO-15145
US-2016-158309,11/26/2016,11/29/2016,First Class,PA-19060
CA-2015-162887,11-07-15,11-09-15,Second Class,SV-20785
CA-2017-147333,12/14/2017,12/20/2017,Standard Class,KL-16555
CA-2014-113859,9/13/2014,9/17/2014,Standard Class,BC-11125
CA-2014-159681,12-07-14,12/13/2014,Standard Class,PO-18850
US-2017-104094,09-07-17,09-11-17,Standard Class,AG-10675
CA-2017-152709,10-07-17,10-12-17,Standard Class,DB-13210
CA-2015-105158,09-05-15,09-10-15,Standard Class,SP-20860
CA-2014-133424,3/30/2014,04-04-14,Standard Class,Dl-13600
CA-2017-105991,05-05-17,05-06-17,First Class,LH-17020
US-2017-136784,4/30/2017,05-05-17,Standard Class,AD-10180
CA-2014-146283,09-08-14,9/15/2014,Standard Class,KT-16465
CA-2017-151218,6/20/2017,6/23/2017,First Class,PJ-19015
CA-2015-111073,12/26/2015,12/30/2015,Standard Class,MC-18100
CA-2017-144883,8/15/2017,8/19/2017,Standard Class,BO-11350
CA-2017-142174,03-04-17,03-09-17,Standard Class,DP-13000
CA-2017-108791,7/27/2017,7/31/2017,Standard Class,TM-21490
CA-2016-106656,9/23/2016,9/26/2016,First Class,DV-13045
CA-2016-113831,5/30/2016,06-03-16,Standard Class,AH-10690
US-2014-139500,11/16/2014,11/20/2014,Standard Class,AB-10165
US-2014-166310,9/21/2014,9/23/2014,First Class,JS-15940
US-2016-168410,2/21/2016,2/26/2016,Standard Class,BV-11245
CA-2017-131254,11/19/2017,11/21/2017,First Class,NC-18415
CA-2016-123414,8/21/2016,8/27/2016,Standard Class,SU-20665
CA-2017-137876,4/30/2017,05-05-17,Standard Class,DJ-13510
CA-2016-154060,05-02-16,05-08-16,Standard Class,DL-12865
US-2017-162558,10-02-17,10-05-17,First Class,Dp-13240
CA-2017-134439,9/18/2017,9/23/2017,Second Class,TM-21010
CA-2015-119508,12-04-15,12-09-15,Standard Class,TZ-21580
CA-2015-152681,1/17/2015,1/22/2015,Standard Class,SC-20260
CA-2014-130813,01-06-14,01-08-14,Second Class,LS-17230
CA-2015-120320,03-05-15,03-09-15,Standard Class,MV-18190
CA-2016-111941,12/25/2016,12/28/2016,Second Class,BD-11620
CA-2016-123120,09-04-16,09-08-16,Standard Class,CV-12295
CA-2014-103331,8/26/2014,09-01-14,Standard Class,KB-16315
CA-2015-169278,5/21/2015,5/25/2015,Standard Class,ME-18010
CA-2017-111577,10/16/2017,10/21/2017,Standard Class,AJ-10780
CA-2015-146486,11-09-15,11/14/2015,Second Class,DV-13465
US-2014-168501,11/21/2014,11/27/2014,Standard Class,JK-15325
CA-2015-112053,10-11-15,10/13/2015,Second Class,SH-20395
CA-2017-108539,3/21/2017,3/23/2017,Second Class,SC-20725
CA-2015-149811,01-04-15,01-10-15,Standard Class,CS-12250
US-2017-103814,12-09-17,12/16/2017,Standard Class,LH-16900
CA-2016-123932,09-06-16,09-12-16,Standard Class,YC-21895
US-2016-101616,09-03-16,09-06-16,First Class,CY-12745
CA-2014-113768,5/13/2014,5/19/2014,Standard Class,AH-10030
CA-2016-138037,9/29/2016,10-03-16,Standard Class,AR-10540
CA-2014-150490,08-05-14,08-11-14,Standard Class,SS-20590
US-2017-126060,4/14/2017,4/18/2017,Standard Class,DW-13585
CA-2017-100951,06-09-17,06-10-17,First Class,NC-18625
CA-2016-122017,12/29/2016,01-02-17,Standard Class,CD-11920
CA-2014-123477,1/18/2014,1/21/2014,Second Class,DW-13195
CA-2016-107790,11/20/2016,11/24/2016,Standard Class,EH-13990
CA-2017-158071,06-10-17,6/15/2017,Standard Class,BD-11320
CA-2017-147403,09-10-17,9/13/2017,First Class,KH-16630
US-2017-136721,04-08-17,04-12-17,Standard Class,NH-18610
CA-2015-118738,10/24/2015,10/30/2015,Standard Class,AG-10495
CA-2017-134152,5/27/2017,5/31/2017,Standard Class,RP-19855
CA-2014-125542,12-05-14,12-07-14,First Class,NB-18655
CA-2016-136021,8/14/2016,8/18/2016,Standard Class,JM-15580
CA-2016-149195,09-05-16,09-07-16,Second Class,DM-13525
CA-2017-161410,6/26/2017,07-03-17,Standard Class,CC-12220
CA-2017-152786,03-12-17,3/17/2017,Standard Class,GA-14725
CA-2017-164707,2/18/2017,2/21/2017,Second Class,CV-12805
CA-2017-163874,11-10-17,11-12-17,Second Class,NC-18535
US-2014-123183,11/19/2014,11/25/2014,Standard Class,GR-14560
CA-2014-104829,11/18/2014,11/21/2014,Second Class,JG-15805
US-2016-147340,9/24/2016,9/24/2016,Same Day,EB-13750
CA-2016-145492,11/20/2016,11/27/2016,Standard Class,MC-17605
CA-2016-163202,9/27/2016,10-02-16,Standard Class,BM-11650
CA-2016-117681,04-09-16,4/14/2016,Standard Class,HF-14995
CA-2017-132262,9/21/2017,9/23/2017,First Class,ML-18265
CA-2017-123043,8/24/2017,8/29/2017,Standard Class,AH-10195
US-2016-143280,2/22/2016,2/26/2016,Standard Class,TZ-21580
CA-2017-108854,12-08-17,12/14/2017,Standard Class,DM-13345
CA-2017-166856,9/18/2017,9/22/2017,Standard Class,TS-21505
CA-2016-153157,09-11-16,9/14/2016,First Class,TB-21625
US-2017-125647,9/23/2017,9/28/2017,Standard Class,LC-16870
CA-2014-132542,10-06-14,10-08-14,Second Class,AM-10360
CA-2015-110877,10/23/2015,10/26/2015,First Class,JE-15715
US-2016-151827,3/31/2016,04-02-16,Second Class,CS-11950
US-2016-163258,12/29/2016,01-02-17,Standard Class,PF-19225
CA-2017-103009,11-03-17,11-05-17,Second Class,PJ-18835
US-2017-120649,1/20/2017,1/26/2017,Standard Class,JF-15490
CA-2016-153598,12-03-16,12-06-16,First Class,NM-18520
US-2016-108497,6/14/2016,6/14/2016,Same Day,MH-17290
CA-2016-113096,09-02-16,09-04-16,First Class,SZ-20035
CA-2014-136861,09-05-14,09-07-14,First Class,PR-18880
CA-2017-117422,10/21/2017,10/25/2017,Standard Class,FC-14245
CA-2017-129707,4/25/2017,4/29/2017,Standard Class,LH-16750
CA-2015-160171,10/19/2015,10/24/2015,Standard Class,RM-19675
CA-2014-103317,07-05-14,07-08-14,First Class,DM-13525
CA-2016-167115,04-04-16,04-09-16,Standard Class,EH-14185
US-2017-153633,11/13/2017,11/18/2017,Second Class,TC-21295
CA-2017-155929,09-09-17,9/13/2017,Standard Class,AI-10855
CA-2015-148712,4/17/2015,4/23/2015,Standard Class,JM-15535
CA-2016-128307,7/25/2016,7/29/2016,Standard Class,BE-11335
US-2016-127425,8/26/2016,8/31/2016,Standard Class,DR-12880
US-2014-119081,09-12-14,9/19/2014,Standard Class,TA-21385
CA-2016-140613,7/22/2016,7/29/2016,Standard Class,KN-16705
US-2017-108700,5/19/2017,5/23/2017,Standard Class,PJ-18835
CA-2017-160962,4/28/2017,05-02-17,Standard Class,MC-17605
CA-2017-130631,12/29/2017,01-02-18,Standard Class,BS-11755
CA-2017-116680,09-04-17,09-06-17,Second Class,PK-19075
US-2014-107405,3/21/2014,3/25/2014,Standard Class,TS-21205
CA-2017-101574,9/28/2017,10-04-17,Standard Class,BD-11725
CA-2014-146591,1/19/2014,1/20/2014,First Class,TS-21340
CA-2014-107706,2/14/2014,2/19/2014,Second Class,ST-20530
CA-2016-122448,06-09-16,6/14/2016,Standard Class,DB-13210
CA-2014-132451,9/26/2014,9/27/2014,First Class,KF-16285
CA-2016-158547,5/30/2016,06-04-16,Standard Class,JM-16195
CA-2017-116946,12/19/2017,12/23/2017,Standard Class,TS-21505
CA-2017-121741,12/26/2017,12/26/2017,Same Day,YC-21895
CA-2017-169691,6/15/2017,6/18/2017,First Class,Dp-13240
CA-2016-121356,11/20/2016,11/24/2016,Standard Class,SJ-20500
CA-2014-101770,3/31/2014,04-04-14,Standard Class,KB-16240
CA-2017-105487,10-08-17,10/14/2017,Standard Class,CS-12250
CA-2017-148999,1/30/2017,02-04-17,Standard Class,EB-13870
CA-2014-107573,12-12-14,12/17/2014,Standard Class,PB-19150
CA-2015-156608,10/24/2015,10/29/2015,Standard Class,MT-18070
CA-2017-134495,04-01-17,04-04-17,Second Class,BF-11020
CA-2017-164098,1/26/2017,1/27/2017,First Class,CG-12520
CA-2014-105249,11/28/2014,11/28/2014,Same Day,DH-13675
CA-2015-113523,09-04-15,09-08-15,Standard Class,SC-20440
CA-2017-117821,06-12-17,6/16/2017,Standard Class,HG-15025
CA-2017-164378,7/15/2017,7/18/2017,Second Class,MM-18055
CA-2017-127782,11-02-17,11-06-17,Standard Class,TH-21115
US-2016-162026,10-08-16,10-08-16,Same Day,JE-15745
CA-2016-150000,04-08-16,4/14/2016,Standard Class,PG-18820
CA-2015-168529,10-08-15,10-12-15,Standard Class,MB-17305
US-2017-152569,5/15/2017,5/20/2017,Standard Class,JD-16015
US-2014-137680,2/24/2014,03-02-14,Standard Class,JH-15430
CA-2015-103177,5/30/2015,06-01-15,First Class,EN-13780
US-2016-138408,11/18/2016,11/21/2016,Second Class,KC-16255
CA-2017-117667,12-04-17,12-09-17,Standard Class,MS-17980
CA-2016-110982,06-05-16,06-07-16,First Class,CK-12205
CA-2016-147123,12-10-16,12-12-16,First Class,SJ-20125
CA-2017-154501,4/30/2017,05-05-17,Standard Class,EA-14035
CA-2017-166933,4/24/2017,4/28/2017,Standard Class,MG-17890
CA-2015-142055,05-08-15,05-10-15,First Class,AB-10255
CA-2015-137106,3/31/2015,04-04-15,Standard Class,SC-20260
CA-2017-136609,08-06-17,08-11-17,Standard Class,TB-21355
CA-2017-160885,12-02-17,12-06-17,Standard Class,JK-16090
US-2016-167472,06-06-16,06-07-16,First Class,CK-12595
CA-2015-120551,4/13/2015,4/20/2015,Standard Class,SS-20590
US-2017-150595,5/22/2017,5/26/2017,Standard Class,LE-16810
CA-2016-134936,12/19/2016,12/25/2016,Standard Class,ES-14080
CA-2017-102967,9/22/2017,9/26/2017,Standard Class,MG-17890
CA-2017-151008,09-07-17,09-08-17,First Class,JM-16195
CA-2014-159800,11/28/2014,12-01-14,First Class,SG-20470
US-2014-159618,11-12-14,11/16/2014,Standard Class,DB-12970
CA-2017-116113,10-02-17,10-06-17,Second Class,JW-15220
CA-2015-125066,12/14/2015,12/18/2015,Standard Class,KD-16495
US-2015-114741,12-06-15,12-10-15,Standard Class,IL-15100
CA-2017-133263,3/31/2017,04-02-17,Second Class,JE-15610
CA-2017-157966,3/13/2017,3/13/2017,Same Day,SU-20665
CA-2014-151162,12-05-14,12-09-14,Standard Class,EA-14035
CA-2016-136686,12-12-16,12/16/2016,Standard Class,RF-19840
CA-2017-137498,09-09-17,9/14/2017,Second Class,LC-17050
CA-2017-163818,10-04-17,10-08-17,Standard Class,PS-18970
CA-2016-161158,05-09-16,5/13/2016,Standard Class,PS-18970
CA-2014-116673,12/15/2014,12/19/2014,Second Class,JO-15280
CA-2017-105333,11/30/2017,12-04-17,Standard Class,VP-21730
CA-2015-149993,3/19/2015,3/20/2015,First Class,GA-14725
CA-2014-168158,7/19/2014,7/24/2014,Standard Class,EM-14140
CA-2016-115224,12-08-16,12-11-16,Second Class,DB-13615
CA-2014-164742,10/13/2014,10/18/2014,Second Class,ML-17395
US-2017-108014,11/19/2017,11/25/2017,Standard Class,JH-15430
CA-2017-160325,9/24/2017,9/24/2017,Same Day,BP-11095
CA-2015-159779,9/25/2015,9/29/2015,Standard Class,SB-20185
CA-2017-151176,2/13/2017,2/20/2017,Standard Class,SV-20785
CA-2014-108903,10-03-14,10-03-14,Same Day,DO-13435
CA-2016-117919,8/27/2016,8/29/2016,Second Class,TB-21355
CA-2015-142475,12-03-15,12-07-15,Standard Class,BS-11380
CA-2016-134516,9/20/2016,9/25/2016,Standard Class,FM-14215
CA-2017-105193,3/25/2017,3/31/2017,Standard Class,JL-15835
CA-2015-168634,12-06-15,12-11-15,Standard Class,AF-10870
CA-2017-117198,8/31/2017,09-05-17,Standard Class,BG-11035
CA-2015-145828,10-05-15,10-07-15,First Class,MB-17305
CA-2017-121027,8/18/2017,8/22/2017,Standard Class,HW-14935
CA-2016-147431,02-02-16,02-07-16,Standard Class,AB-10105
CA-2016-158001,8/23/2016,8/27/2016,Standard Class,JP-15460
CA-2017-125745,6/30/2017,07-04-17,Standard Class,DV-13045
CA-2015-101154,9/18/2015,9/21/2015,First Class,CM-12190
US-2016-124163,9/25/2016,9/30/2016,Standard Class,SC-20695
CA-2016-121748,10/24/2016,10/28/2016,Second Class,VW-21775
CA-2014-126683,9/29/2014,10-01-14,Second Class,PP-18955
CA-2017-148810,6/26/2017,07-01-17,Standard Class,DR-12880
US-2016-146066,8/21/2016,8/23/2016,Second Class,RB-19465
CA-2014-127614,02-11-14,2/15/2014,Standard Class,NF-18385
CA-2016-101742,9/23/2016,9/28/2016,Second Class,CR-12580
CA-2015-134943,12-05-15,12-06-15,First Class,SU-20665
CA-2017-123022,09-03-17,09-08-17,Standard Class,SC-20050
CA-2017-113208,3/26/2017,04-02-17,Standard Class,ML-18040
CA-2014-154893,12/21/2014,12/27/2014,Standard Class,GM-14440
CA-2014-147900,9/23/2014,9/28/2014,Standard Class,JK-15640
CA-2017-106355,04-02-17,04-05-17,First Class,AT-10435
CA-2016-127985,04-01-16,04-05-16,Second Class,DB-12910
CA-2015-166604,5/15/2015,5/20/2015,Second Class,AH-10690
CA-2017-120719,3/23/2017,3/26/2017,First Class,SJ-20125
CA-2017-127117,4/14/2017,4/19/2017,Standard Class,HM-14860
CA-2015-104241,01-04-15,01-09-15,Standard Class,AG-10495
CA-2017-168179,11-02-17,11-07-17,Standard Class,JB-16000
CA-2017-142342,7/17/2017,7/19/2017,Second Class,AJ-10795
CA-2017-109099,10-06-17,10-11-17,Standard Class,MM-18280
US-2014-134187,11-04-14,11-11-14,Standard Class,TH-21235
CA-2016-145261,12/18/2016,12/21/2016,First Class,AH-10120
CA-2016-108875,9/24/2016,10-01-16,Standard Class,CL-12700
CA-2016-141957,7/21/2016,7/21/2016,Same Day,JG-15310
CA-2016-142405,06-11-16,6/15/2016,Standard Class,SE-20110
CA-2015-141012,06-09-15,06-11-15,Second Class,TG-21640
CA-2017-127922,10/27/2017,11-03-17,Standard Class,SH-19975
CA-2016-146318,1/22/2016,1/27/2016,Standard Class,MC-17275
CA-2014-135993,5/28/2014,06-02-14,Standard Class,PJ-18835
CA-2014-126802,12/29/2014,01-05-15,Standard Class,ZC-21910
CA-2016-143924,7/28/2016,08-03-16,Standard Class,SC-20680
CA-2016-141551,9/24/2016,9/30/2016,Standard Class,BP-11230
CA-2014-164315,04-02-14,04-08-14,Standard Class,RD-19585
CA-2015-131072,11-05-15,11-05-15,Same Day,KL-16645
CA-2014-131541,7/28/2014,7/28/2014,Same Day,CK-12205
CA-2015-119550,12/26/2015,12/31/2015,Standard Class,RB-19705
US-2015-138093,12-10-15,12/16/2015,Standard Class,KM-16225
CA-2016-126165,05-05-16,05-07-16,Second Class,AH-10465
CA-2017-126123,10/14/2017,10/18/2017,Standard Class,AG-10765
CA-2016-143441,11-05-16,11-05-16,Same Day,EB-14170
CA-2017-148320,11-03-17,11-08-17,Standard Class,PG-18895
CA-2016-125661,11/24/2016,11/26/2016,First Class,CA-12055
US-2014-123519,12/14/2014,12/21/2014,Standard Class,SS-20875
CA-2014-155593,11-03-14,11-08-14,Standard Class,RP-19390
CA-2017-136000,9/22/2017,9/25/2017,Second Class,SC-20440
US-2015-160857,05-08-15,5/15/2015,Standard Class,NW-18400
CA-2017-115805,7/31/2017,7/31/2017,Same Day,KW-16435
US-2014-143707,03-01-14,03-05-14,Standard Class,HR-14770
CA-2017-116939,9/25/2017,9/29/2017,Standard Class,AG-10900
CA-2015-124107,10-09-15,10-12-15,Second Class,BM-11650
CA-2017-126550,3/29/2017,04-02-17,Second Class,RD-19720
CA-2015-138674,11/14/2015,11/17/2015,First Class,KB-16585
CA-2016-165820,9/26/2016,9/30/2016,Standard Class,DW-13585
CA-2014-103191,9/22/2014,9/27/2014,Standard Class,VG-21805
CA-2015-103933,9/25/2015,9/27/2015,First Class,DR-12880
CA-2015-110548,05-04-15,05-08-15,Standard Class,AH-10690
CA-2017-117324,12-08-17,12/13/2017,Standard Class,JP-15520
CA-2017-143574,6/29/2017,07-02-17,First Class,DR-12880
CA-2014-111773,6/29/2014,07-03-14,Standard Class,JK-15625
CA-2014-148614,1/20/2014,1/25/2014,Standard Class,MV-17485
CA-2017-156139,12/31/2016,01-06-17,Standard Class,BP-11155
US-2017-147886,3/28/2017,3/31/2017,First Class,DH-13075
CA-2016-113733,12-08-16,12-12-16,Standard Class,LH-16900
CA-2017-104913,11/18/2017,11/22/2017,Standard Class,DK-13090
CA-2014-145800,5/30/2014,06-05-14,Standard Class,SS-20410
CA-2016-125850,1/22/2016,1/28/2016,Standard Class,FP-14320
CA-2016-118514,02-03-16,02-10-16,Standard Class,LC-17050
CA-2015-150749,3/29/2015,04-03-15,Second Class,AS-10240
CA-2014-163748,10/14/2014,10/18/2014,Standard Class,HG-15025
CA-2015-119634,08-11-15,8/16/2015,Standard Class,BW-11065
CA-2015-149300,11/22/2015,11/23/2015,First Class,BH-11710
US-2016-111528,12/30/2016,12/30/2016,Same Day,JP-16135
CA-2017-158169,08-12-17,8/15/2017,First Class,JM-16195
CA-2015-162047,11-03-15,11-05-15,First Class,FH-14365
CA-2015-117772,09-10-15,09-12-15,Second Class,MC-17575
US-2014-126340,11-08-14,11/14/2014,Standard Class,EB-13870
CA-2016-149685,10-08-16,10/15/2016,Standard Class,PM-19135
CA-2017-126396,09-08-17,09-12-17,Second Class,AR-10345
CA-2015-154900,2/25/2015,03-01-15,Standard Class,SS-20875
CA-2015-103835,9/24/2015,9/28/2015,Standard Class,SC-20440
CA-2015-158939,11/26/2015,12-01-15,Standard Class,EA-14035
CA-2016-117408,8/31/2016,09-06-16,Standard Class,TP-21130
CA-2016-142398,04-12-16,4/16/2016,Standard Class,BP-11290
CA-2016-105277,12-04-16,12-08-16,Standard Class,LM-17065
CA-2016-112060,12-04-16,12-09-16,Standard Class,KT-16465
CA-2014-105270,11-11-14,11/18/2014,Standard Class,AP-10915
US-2015-159513,04-02-15,04-09-15,Standard Class,JD-15790
CA-2015-155586,12-12-15,12/16/2015,Second Class,XP-21865
CA-2017-141117,10-02-17,10-08-17,Standard Class,JK-16090
CA-2017-115070,04-10-17,4/14/2017,Second Class,MG-18205
CA-2017-140186,9/29/2017,10-02-17,First Class,PG-18820
CA-2014-124856,9/29/2014,10-03-14,Second Class,LD-17005
CA-2014-166716,8/20/2014,8/25/2014,Second Class,CR-12730
CA-2014-123225,07-11-14,7/14/2014,First Class,MN-17935
CA-2015-163440,3/22/2015,3/24/2015,First Class,RD-19900
US-2017-106796,05-12-17,5/19/2017,Standard Class,JP-16135
CA-2017-113873,11/13/2017,11/19/2017,Standard Class,KE-16420
CA-2016-149783,09-04-16,09-07-16,Second Class,DL-13315
CA-2016-125017,02-06-16,02-11-16,Standard Class,KB-16240
US-2015-163279,3/22/2015,3/26/2015,Standard Class,JD-16150
CA-2015-150196,07-02-15,07-03-15,First Class,SR-20740
US-2015-106495,6/15/2015,6/17/2015,First Class,AC-10450
CA-2014-124730,11/26/2014,11/26/2014,Same Day,LS-17245
CA-2017-117632,05-12-17,5/18/2017,Standard Class,CS-12175
CA-2014-115056,05-02-14,05-02-14,Same Day,AR-10510
CA-2017-161067,09-03-17,09-06-17,Second Class,KB-16405
CA-2016-122063,12-03-16,12-07-16,Standard Class,MM-17920
CA-2015-111206,7/18/2015,7/22/2015,Standard Class,RF-19735
CA-2016-142895,7/21/2016,7/26/2016,Standard Class,BP-11290
CA-2015-101868,06-09-15,6/16/2015,Standard Class,MJ-17740
CA-2017-133207,11/27/2017,12-03-17,Standard Class,DO-13645
CA-2015-132948,3/27/2015,04-03-15,Standard Class,MV-17485
CA-2015-134992,9/22/2015,9/26/2015,Second Class,MG-17875
CA-2015-126725,11/17/2015,11/21/2015,Standard Class,BS-11665
CA-2015-121783,11-10-15,11/14/2015,Standard Class,PO-19180
US-2014-138835,09-10-14,9/14/2014,Standard Class,DA-13450
CA-2015-112214,08-05-15,08-11-15,Standard Class,AH-10690
US-2017-153255,09-03-17,09-07-17,Second Class,JK-15730
CA-2015-108119,11-01-15,11-08-15,Standard Class,MS-17530
CA-2015-157434,4/29/2015,05-04-15,Second Class,JK-15640
CA-2016-101525,05-01-16,05-04-16,Second Class,CM-12235
US-2014-117968,08-05-14,08-07-14,Second Class,RS-19420
CA-2016-158211,01-04-16,01-08-16,Standard Class,BP-11185
CA-2016-152247,11-07-16,11-12-16,Standard Class,MA-17995
CA-2016-128223,6/14/2016,6/14/2016,Same Day,EB-13705
CA-2016-154235,9/24/2016,9/28/2016,Standard Class,RD-19900
CA-2017-129910,3/30/2017,04-03-17,Standard Class,ME-17320
CA-2017-133095,06-04-17,06-04-17,Same Day,EH-14005
CA-2015-130554,04-07-15,04-09-15,First Class,FM-14290
CA-2014-152443,5/21/2014,5/26/2014,Standard Class,FG-14260
CA-2016-133319,09-05-16,09-11-16,Standard Class,MV-17485
CA-2016-133935,9/18/2016,9/22/2016,Standard Class,JW-15220
CA-2016-136301,3/13/2016,3/15/2016,Second Class,EH-13765
US-2014-109456,10/16/2014,10/17/2014,Same Day,LS-17245
CA-2017-151596,10-08-17,10-11-17,First Class,BP-11050
CA-2015-147879,05-07-15,05-12-15,Standard Class,CC-12220
CA-2016-166625,4/14/2016,4/17/2016,First Class,JM-15580
CA-2016-146157,11/21/2016,11/26/2016,Standard Class,RD-19720
CA-2017-159954,09-10-17,9/14/2017,Standard Class,SS-20410
CA-2017-100825,09-09-17,9/14/2017,Standard Class,KD-16495
CA-2014-168305,11-01-14,11-08-14,Standard Class,PL-18925
CA-2016-167682,04-03-16,04-09-16,Standard Class,ZD-21925
CA-2017-108000,01-12-17,1/16/2017,Standard Class,LS-16945
CA-2015-146465,11/20/2015,11/24/2015,Standard Class,PB-18805
CA-2016-159639,11/27/2016,12-02-16,Standard Class,PC-18745
US-2017-153948,11-06-17,11-06-17,Same Day,FM-14290
US-2016-113985,12-02-16,12-07-16,Standard Class,KD-16495
CA-2016-155383,12/17/2016,12/22/2016,Standard Class,SC-20680
CA-2014-120432,8/24/2014,8/26/2014,Second Class,DW-13585
US-2015-126977,9/17/2015,9/23/2015,Standard Class,PF-19120
CA-2016-130288,11/26/2016,11/30/2016,Second Class,DK-13225
CA-2017-146458,11/19/2017,11/22/2017,Second Class,RB-19435
CA-2017-150420,06-03-17,06-08-17,Standard Class,GD-14590
US-2014-118997,04-08-14,04-12-14,Standard Class,RA-19885
CA-2014-114314,10-11-14,10/15/2014,Standard Class,DB-13555
US-2017-169551,07-07-17,07-09-17,First Class,RL-19615
CA-2016-103107,07-04-16,07-04-16,Same Day,RB-19465
CA-2017-122077,5/19/2017,5/25/2017,Standard Class,JF-15295
CA-2017-112431,10-12-17,10/14/2017,Second Class,RW-19690
CA-2016-151092,08-06-16,8/13/2016,Standard Class,VG-21790
CA-2014-104178,8/25/2014,8/29/2014,Standard Class,JM-15265
CA-2015-115924,9/14/2015,9/18/2015,Second Class,BE-11455
CA-2017-161046,03-05-17,03-05-17,Same Day,CB-12535
US-2017-141698,4/15/2017,4/21/2017,Standard Class,SD-20485
US-2014-105151,3/30/2014,3/31/2014,First Class,SG-20890
CA-2014-155796,11-11-14,11/15/2014,Second Class,TS-21430
CA-2016-127138,03-12-16,3/15/2016,Second Class,DK-13225
CA-2017-150602,02-09-17,2/14/2017,Second Class,ML-17395
CA-2014-140732,11-11-14,11/13/2014,Second Class,MA-17560
CA-2017-119011,8/20/2017,8/25/2017,Standard Class,LR-17035
CA-2016-166912,1/15/2016,1/17/2016,First Class,BE-11335
CA-2014-141726,7/20/2014,7/22/2014,First Class,CC-12145
CA-2017-115105,02-06-17,02-11-17,Standard Class,BD-11770
CA-2015-143980,12/25/2015,12/29/2015,Standard Class,JK-15640
CA-2016-135636,10-08-16,10/13/2016,Standard Class,DB-13615
CA-2017-102155,7/13/2017,7/17/2017,Standard Class,RR-19525
CA-2017-116953,4/24/2017,4/25/2017,First Class,SV-20935
CA-2014-117765,09-07-14,9/13/2014,Standard Class,RB-19465
CA-2016-114895,11/21/2016,11/28/2016,Standard Class,MV-18190
CA-2017-112984,9/16/2017,9/18/2017,Second Class,EH-14185
CA-2016-163776,7/19/2016,7/25/2016,Standard Class,JS-16030
US-2017-163300,9/15/2017,9/21/2017,Standard Class,ES-14020
CA-2016-162187,12-11-16,12-11-16,Same Day,NS-18640
US-2014-112991,12-10-14,12/14/2014,Standard Class,SH-19975
CA-2014-124079,12/13/2014,12/17/2014,Standard Class,RF-19345
US-2017-146878,9/21/2017,9/27/2017,Standard Class,DL-12865
CA-2017-107244,09-07-17,09-11-17,Standard Class,AG-10390
CA-2015-100657,11-02-15,11-07-15,Standard Class,SW-20245
CA-2017-129581,12-11-17,12/18/2017,Standard Class,KN-16390
CA-2017-129028,04-01-17,04-03-17,First Class,GB-14530
CA-2015-135580,12/30/2015,01-03-16,Standard Class,CL-12565
CA-2016-159016,03-10-16,03-11-16,First Class,KF-16285
CA-2014-102652,04-06-14,04-12-14,Standard Class,AY-10555
CA-2014-152422,10-05-14,10-10-14,Second Class,BD-11635
US-2016-156692,8/13/2016,8/13/2016,Same Day,HG-15025
CA-2014-130869,11/17/2014,11/21/2014,Standard Class,CB-12025
US-2017-128832,4/24/2017,4/27/2017,First Class,LS-16945
CA-2017-139717,8/24/2017,8/26/2017,Second Class,DM-13015
CA-2017-136007,2/23/2017,03-02-17,Standard Class,AC-10615
CA-2016-157364,11/19/2016,11/21/2016,First Class,LT-17110
US-2016-112970,11/14/2016,11/15/2016,First Class,TB-21250
US-2017-152492,07-06-17,07-06-17,Same Day,AH-10585
CA-2016-101168,12/25/2016,01-01-17,Standard Class,SS-20140
CA-2017-104010,4/23/2017,4/25/2017,First Class,TD-20995
CA-2015-130253,12/14/2015,12/18/2015,Standard Class,PP-18955
US-2015-155369,4/19/2015,4/25/2015,Standard Class,PG-18820
CA-2016-131205,09-04-16,09-08-16,Standard Class,AA-10645
CA-2017-122364,9/24/2017,9/29/2017,Standard Class,FA-14230
CA-2016-117912,02-04-16,02-08-16,Standard Class,TB-21520
CA-2017-145702,5/19/2017,5/24/2017,Second Class,AH-10075
CA-2015-113215,09-03-15,09-08-15,Standard Class,CP-12085
CA-2016-154662,06-09-16,6/16/2016,Standard Class,BF-11215
CA-2015-105571,11-07-15,11-11-15,Standard Class,CP-12340
CA-2016-152765,6/15/2016,6/18/2016,First Class,LS-17245
CA-2015-153878,4/25/2015,4/30/2015,Standard Class,TS-21655
CA-2016-124016,9/23/2016,9/26/2016,Second Class,JS-15940
CA-2016-113551,8/18/2016,8/20/2016,First Class,NF-18385
CA-2014-107524,03-02-14,03-08-14,Standard Class,KN-16705
CA-2014-138072,12/30/2014,01-03-15,Standard Class,GA-14725
CA-2015-134201,04-10-15,4/16/2015,Standard Class,EH-14125
CA-2015-111780,12/25/2015,12/30/2015,Second Class,RA-19285
CA-2015-119942,04-05-15,04-07-15,First Class,TT-21070
CA-2015-151547,1/17/2015,1/23/2015,Standard Class,AH-10465
CA-2017-166695,5/20/2017,5/24/2017,Standard Class,CC-12430
CA-2017-167542,8/13/2017,8/20/2017,Standard Class,KD-16495
CA-2015-120901,12/31/2015,01-04-16,Standard Class,BG-11035
CA-2017-121398,12/25/2017,12/29/2017,Standard Class,FH-14365
CA-2016-151561,09-01-16,09-07-16,Standard Class,PG-18820
CA-2017-154676,08-05-17,08-08-17,First Class,NZ-18565
US-2014-165589,2/18/2014,2/18/2014,Same Day,TB-21595
US-2016-132577,11/22/2016,11/27/2016,Standard Class,JE-15475
CA-2015-114048,12/14/2015,12/18/2015,Standard Class,EH-13945
CA-2015-137281,6/13/2015,6/17/2015,Standard Class,BF-10975
US-2017-162068,12/28/2017,12/31/2017,Second Class,PC-18745
CA-2017-100111,9/20/2017,9/26/2017,Standard Class,SV-20365
US-2017-132381,8/22/2017,8/24/2017,First Class,Dp-13240
CA-2015-147011,6/18/2015,6/22/2015,Standard Class,HR-14830
CA-2014-120852,12/20/2014,12/25/2014,Standard Class,WB-21850
CA-2016-150007,09-11-16,9/16/2016,Standard Class,AS-10090
CA-2016-124590,11-12-16,11/16/2016,Standard Class,SP-20920
CA-2016-133802,3/14/2016,3/20/2016,Standard Class,SP-20650
US-2016-113677,11/13/2016,11/19/2016,Standard Class,CM-12655
CA-2017-143378,9/19/2017,9/25/2017,Standard Class,JR-16210
CA-2017-152660,12-04-17,12-09-17,Standard Class,CB-12415
CA-2015-142139,8/31/2015,09-05-15,Standard Class,SD-20485
CA-2017-145772,06-03-17,06-07-17,Standard Class,SS-20140
CA-2016-124100,3/31/2016,04-06-16,Standard Class,EH-13990
US-2014-158400,10/25/2014,10/28/2014,First Class,AH-10030
CA-2017-162033,3/26/2017,04-02-17,Standard Class,EM-14200
CA-2014-163447,12/27/2014,12/31/2014,Standard Class,TB-21190
CA-2017-145737,9/15/2017,9/20/2017,Standard Class,AB-10165
CA-2016-148096,8/16/2016,8/19/2016,First Class,AO-10810
CA-2016-146766,11-04-16,11-04-16,Same Day,TT-21220
CA-2015-105613,10/18/2015,10/22/2015,Standard Class,KN-16705
US-2016-142251,10/31/2016,11-04-16,Second Class,FO-14305
CA-2014-131247,3/30/2014,04-04-14,Standard Class,GA-14725
US-2015-113593,4/18/2015,4/20/2015,First Class,NC-18415
CA-2017-121083,07-09-17,7/15/2017,Standard Class,JF-15190
CA-2017-151190,6/27/2017,07-01-17,Standard Class,GT-14710
CA-2014-133543,12/22/2014,12/26/2014,Standard Class,KM-16660
CA-2017-105130,11/21/2017,11/25/2017,Standard Class,PJ-18835
CA-2016-161928,6/27/2016,6/29/2016,Second Class,AC-10660
CA-2017-101322,12/28/2017,12/31/2017,First Class,JG-15310
US-2016-106600,04-08-16,04-11-16,First Class,RM-19375
CA-2014-111871,3/18/2014,3/21/2014,Second Class,EK-13795
CA-2017-139437,07-03-17,07-08-17,Standard Class,RD-19585
CA-2017-151484,4/20/2017,4/23/2017,First Class,CV-12805
CA-2016-104150,08-03-16,08-05-16,Second Class,AG-10330
CA-2016-161025,12-03-16,12-09-16,Standard Class,GM-14440
CA-2014-103989,3/19/2014,3/21/2014,First Class,MC-17605
CA-2015-142433,4/20/2015,4/25/2015,Standard Class,ES-14020
CA-2015-132815,9/19/2015,9/22/2015,Second Class,RW-19540
CA-2014-101266,8/27/2014,8/30/2014,Second Class,MM-17920
CA-2016-141523,12/19/2016,12/24/2016,Second Class,MH-17440
US-2014-106299,08-02-14,08-08-14,Standard Class,NZ-18565
CA-2015-158421,9/21/2015,9/26/2015,Standard Class,GB-14575
CA-2016-143609,12-11-16,12/13/2016,First Class,DB-13270
CA-2015-138331,08-07-15,08-12-15,Standard Class,JK-15625
CA-2015-138954,11/15/2015,11/17/2015,First Class,MH-17785
CA-2017-157903,04-04-17,04-08-17,Standard Class,AM-10705
CA-2016-157259,12/24/2016,12/28/2016,Standard Class,JM-15535
CA-2017-107986,12/13/2017,12/13/2017,Same Day,MW-18220
CA-2017-104927,12/22/2017,12/26/2017,Standard Class,AG-10330
CA-2017-113453,10/21/2017,10/28/2017,Standard Class,CM-12160
CA-2015-149909,11/13/2015,11/17/2015,Standard Class,RA-19915
CA-2015-146675,4/16/2015,4/20/2015,Standard Class,SB-20185
CA-2016-118332,12/16/2016,12/23/2016,Standard Class,PK-19075
CA-2016-133669,10/21/2016,10/27/2016,Standard Class,SV-20935
CA-2017-145660,12-01-17,12-03-17,First Class,MG-17650
CA-2016-133697,10/20/2016,10/24/2016,Second Class,CM-12445
CA-2017-148138,9/29/2017,10-03-17,Standard Class,ME-18010
CA-2017-119809,8/18/2017,8/25/2017,Standard Class,YS-21880
CA-2017-149944,11-12-17,11/16/2017,Second Class,MB-17305
CA-2014-128538,10-11-14,10/15/2014,Standard Class,AS-10240
CA-2015-161711,11/28/2015,12-03-15,Standard Class,MC-17425
US-2015-129553,7/27/2015,08-02-15,Standard Class,PG-18820
CA-2016-160220,10/20/2016,10/26/2016,Standard Class,JS-16030
US-2017-157224,9/14/2017,9/18/2017,Second Class,JB-16000
CA-2017-140627,12/23/2017,12/27/2017,Standard Class,DK-12985
CA-2015-133445,10-05-15,10-09-15,Standard Class,JF-15490
CA-2014-148782,11-02-14,11-07-14,Standard Class,PO-18850
CA-2016-148208,1/22/2016,1/27/2016,Standard Class,BT-11530
CA-2017-127656,07-11-17,7/17/2017,Standard Class,NW-18400
US-2017-142188,09-11-17,09-11-17,Same Day,JF-15415
CA-2016-144400,2/23/2016,2/27/2016,Standard Class,AC-10420
US-2016-155180,1/22/2016,1/29/2016,Standard Class,TB-21280
CA-2015-134075,12-12-15,12/16/2015,Standard Class,HA-14905
US-2016-131912,10/29/2016,11-01-16,Second Class,LH-17155
CA-2017-141572,5/28/2017,5/31/2017,Second Class,LO-17170
CA-2014-134621,12/21/2014,12/28/2014,Standard Class,DP-13390
CA-2016-165561,11/24/2016,11/28/2016,Standard Class,CR-12580
CA-2015-112305,11/20/2015,11/25/2015,Standard Class,KB-16405
CA-2017-121580,5/29/2017,06-04-17,Standard Class,ML-17410
CA-2014-101147,12-02-14,12-04-14,First Class,MC-17575
CA-2014-165806,04-07-14,04-07-14,Same Day,VM-21685
CA-2015-151624,09-08-15,9/14/2015,Standard Class,VW-21775
CA-2017-139444,09-09-17,9/15/2017,Standard Class,GK-14620
CA-2015-133977,09-06-15,09-08-15,Second Class,AT-10435
CA-2017-141425,11-02-17,11-06-17,Second Class,AR-10825
CA-2015-133536,3/28/2015,3/30/2015,Second Class,JH-15820
CA-2015-150441,8/13/2015,8/17/2015,Second Class,RA-19285
CA-2015-162607,05-12-15,5/18/2015,Standard Class,RO-19780
CA-2017-103506,7/23/2017,7/27/2017,Standard Class,LR-17035
CA-2016-132479,9/24/2016,9/26/2016,First Class,MK-17905
CA-2017-160724,05-05-17,05-10-17,Standard Class,YS-21880
US-2016-115952,10-06-16,10-06-16,Same Day,JH-15910
CA-2014-146731,11-03-14,11-08-14,Standard Class,AT-10735
CA-2015-115392,10-01-15,10-04-15,Second Class,RM-19675
CA-2017-102379,12-02-17,12-06-17,Standard Class,BB-11545
CA-2017-149706,12-11-17,12-12-17,First Class,AS-10285
US-2016-139087,7/17/2016,7/22/2016,Second Class,DK-13375
CA-2017-152226,05-12-17,5/16/2017,Standard Class,JH-15910
CA-2015-116484,11/20/2015,11/26/2015,Standard Class,JK-15205
CA-2016-100944,9/24/2016,9/28/2016,Standard Class,EH-13765
CA-2016-125080,10/21/2016,10/26/2016,Standard Class,VW-21775
CA-2016-121020,10/24/2016,10/31/2016,Standard Class,CG-12040
CA-2014-100090,07-08-14,07-12-14,Standard Class,EB-13705
US-2015-139675,3/13/2015,3/18/2015,Second Class,NF-18595
CA-2017-143756,12-02-17,12-05-17,First Class,ME-17725
CA-2015-151253,4/22/2015,4/26/2015,Standard Class,AZ-10750
CA-2014-141152,9/16/2014,9/19/2014,First Class,RF-19345
CA-2014-141313,12/28/2014,01-01-15,Standard Class,AJ-10780
CA-2014-169852,10/21/2014,10/26/2014,Standard Class,SF-20965
CA-2017-107314,11/30/2017,12-03-17,First Class,MZ-17335
US-2014-161305,06-06-14,06-12-14,Standard Class,SB-20170
CA-2017-166919,11/23/2017,11/27/2017,Standard Class,AH-10210
CA-2017-162712,6/18/2017,6/20/2017,Second Class,NK-18490
CA-2017-107552,05-05-17,05-05-17,Same Day,AI-10855
CA-2016-163328,11-04-16,11-06-16,Second Class,TP-21565
CA-2014-112837,09-11-14,9/16/2014,Standard Class,LW-17125
CA-2017-120019,2/16/2017,2/21/2017,Standard Class,NG-18355
CA-2014-100762,11/24/2014,11/29/2014,Standard Class,NG-18355
CA-2017-161459,11/25/2017,11/29/2017,Second Class,EB-13750
CA-2017-160017,9/28/2017,10-02-17,Standard Class,SP-20860
CA-2014-123316,10/13/2014,10/17/2014,Standard Class,SP-20545
CA-2014-141299,06-03-14,06-07-14,Second Class,RB-19795
CA-2014-104402,6/17/2014,6/23/2014,Standard Class,DB-13660
CA-2015-110289,10/29/2015,11-02-15,Standard Class,NB-18655
CA-2014-167927,1/20/2014,1/26/2014,Standard Class,XP-21865
CA-2014-133305,07-11-14,7/15/2014,Standard Class,MH-17455
CA-2016-165995,8/30/2016,09-06-16,Standard Class,BG-11740
CA-2017-143112,10-05-17,10-09-17,Standard Class,TS-21370
US-2017-105830,12/31/2016,01-02-17,First Class,DB-13660
CA-2015-146255,03-07-15,03-10-15,First Class,EM-14140
CA-2017-104822,10/20/2017,10/20/2017,Same Day,RB-19465
CA-2015-104486,05-01-15,05-06-15,Standard Class,PO-18850
CA-2017-161557,09-03-17,09-08-17,Standard Class,AG-10900
CA-2017-161130,11-03-17,11-08-17,Standard Class,BF-11275
US-2015-161347,9/13/2015,9/19/2015,Standard Class,HG-14845
US-2015-109015,09-06-15,09-12-15,Standard Class,BS-11590
CA-2014-110611,10-06-14,10/13/2014,Standard Class,JD-16015
CA-2017-139080,1/23/2017,1/28/2017,Standard Class,CS-12250
CA-2015-115693,12-10-15,12/15/2015,Standard Class,FC-14245
US-2014-107993,11/25/2014,11/30/2014,Standard Class,SE-20110
CA-2017-110443,11/21/2017,11/25/2017,Standard Class,CK-12205
CA-2017-144848,04-04-17,04-05-17,First Class,DS-13030
US-2017-147998,5/19/2017,5/24/2017,Standard Class,SA-20830
CA-2016-103919,10-03-16,10-07-16,Standard Class,TP-21565
CA-2016-113425,11/21/2016,11/21/2016,Same Day,JK-16120
CA-2017-143035,10-03-17,10-05-17,Second Class,CC-12430
CA-2014-107811,4/29/2014,05-03-14,Standard Class,LA-16780
CA-2016-163216,10-07-16,10-10-16,First Class,AW-10930
US-2016-116442,12/15/2016,12/22/2016,Standard Class,BP-11230
CA-2017-150623,04-10-17,4/14/2017,Standard Class,DB-13360
US-2014-163797,04-08-14,4/13/2014,Standard Class,PC-19000
CA-2016-127236,3/29/2016,04-02-16,Standard Class,TB-21595
US-2017-104661,1/15/2017,1/18/2017,First Class,TB-21250
CA-2014-134103,1/30/2014,02-04-14,Standard Class,MV-18190
CA-2015-147529,02-07-15,02-11-15,Standard Class,DK-12835
CA-2016-129126,12/14/2016,12/19/2016,Standard Class,PK-19075
CA-2017-131632,10/31/2017,11-04-17,Standard Class,AH-10120
CA-2017-151981,08-06-17,08-12-17,Standard Class,GM-14455
CA-2017-125472,5/30/2017,5/31/2017,First Class,BD-11725
CA-2015-156328,11/30/2015,12-05-15,Standard Class,RM-19375
CA-2017-154074,8/31/2017,09-02-17,Second Class,BW-11110
CA-2017-161774,5/14/2017,5/15/2017,First Class,GT-14710
CA-2017-151211,8/17/2017,8/23/2017,Standard Class,AH-10120
CA-2017-142671,11-10-17,11/14/2017,Second Class,DR-12940
CA-2017-144750,8/21/2017,8/21/2017,Same Day,DL-13495
CA-2016-111976,03-08-16,03-12-16,Standard Class,BD-11620
CA-2016-140130,10/31/2016,11-05-16,Standard Class,HW-14935
CA-2014-159121,7/26/2014,08-01-14,Standard Class,JO-15145
CA-2015-149650,10/24/2015,10/27/2015,First Class,RD-19660
CA-2017-115777,8/19/2017,8/24/2017,Standard Class,DO-13645
CA-2016-143714,5/23/2016,5/27/2016,Standard Class,CC-12370
CA-2014-165764,11-03-14,11-07-14,Standard Class,SH-20395
CA-2015-121405,3/30/2015,04-04-15,Standard Class,FC-14335
US-2017-116897,5/27/2017,5/29/2017,First Class,JG-15160
US-2017-113992,12/14/2017,12/19/2017,Standard Class,LC-16885
CA-2014-166891,10-04-14,10-06-14,First Class,CC-12220
CA-2016-101161,10/13/2016,10/20/2016,Standard Class,BW-11110
CA-2015-151785,03-05-15,03-10-15,Standard Class,JJ-15445
US-2017-119816,03-04-17,03-06-17,Second Class,TT-21460
CA-2015-156510,9/25/2015,9/29/2015,Standard Class,EH-13990
US-2015-110261,12/19/2015,12/23/2015,Second Class,PR-18880
CA-2015-125710,10-08-15,10/13/2015,Standard Class,BT-11680
CA-2017-161102,7/31/2017,08-03-17,First Class,EC-14050
CA-2014-110065,08-05-14,08-11-14,Standard Class,SP-20650
US-2017-133361,5/14/2017,5/17/2017,First Class,AJ-10780
US-2016-155404,9/22/2016,9/28/2016,Standard Class,AS-10630
CA-2015-114503,11/13/2015,11/17/2015,Standard Class,AA-10375
CA-2017-153080,5/22/2017,5/25/2017,Second Class,EH-13945
CA-2016-163804,12-02-16,12-08-16,Standard Class,DB-13270
CA-2015-108532,8/29/2015,09-02-15,Standard Class,CC-12100
CA-2014-151897,06-06-14,06-10-14,Standard Class,VT-21700
CA-2016-113292,3/18/2016,3/20/2016,Second Class,DB-13060
CA-2014-149524,1/14/2014,1/15/2014,First Class,BS-11590
CA-2017-140872,06-03-17,06-10-17,Standard Class,NR-18550
CA-2017-113908,06-03-17,06-09-17,Standard Class,KN-16390
CA-2015-120621,3/21/2015,3/26/2015,Standard Class,JW-16075
US-2017-148866,9/19/2017,9/24/2017,Standard Class,JM-15535
CA-2014-149594,9/15/2014,9/19/2014,Standard Class,MF-18250
CA-2016-113845,11/20/2016,11/25/2016,Standard Class,FA-14230
CA-2017-111262,10/28/2017,11-01-17,Second Class,KH-16510
CA-2015-103135,7/24/2015,7/28/2015,Standard Class,SS-20515
CA-2014-129147,11-02-14,11-06-14,Standard Class,LC-17050
CA-2017-128265,11/17/2017,11/22/2017,Second Class,VW-21775
CA-2016-152331,6/26/2016,6/30/2016,Standard Class,LD-16855
US-2016-128909,10-09-16,10-11-16,Second Class,SP-20545
CA-2017-102197,12/20/2017,12/26/2017,Standard Class,DK-13150
CA-2017-167640,03-06-17,03-10-17,Standard Class,FC-14245
US-2017-116652,9/15/2017,9/19/2017,Standard Class,RD-19480
CA-2017-138289,1/16/2017,1/18/2017,Second Class,AR-10540
CA-2016-129308,07-07-16,7/13/2016,Standard Class,CC-12100
CA-2016-157791,12/23/2016,12/28/2016,Second Class,CA-11965
CA-2014-146864,12/22/2014,12/26/2014,Standard Class,BT-11530
CA-2014-103744,2/23/2014,2/27/2014,Standard Class,MG-17875
US-2017-107384,12-04-17,12-08-17,Standard Class,TP-21130
CA-2014-128209,11/17/2014,11/22/2014,Standard Class,GT-14710
CA-2014-169684,10/20/2014,10/23/2014,First Class,FH-14365
CA-2015-109862,10/25/2015,10/30/2015,Standard Class,HK-14890
US-2017-107888,11/16/2017,11/19/2017,First Class,CC-12220
US-2017-154872,5/14/2017,5/18/2017,Standard Class,DP-13000
CA-2014-113880,03-01-14,03-05-14,Standard Class,VF-21715
US-2015-164966,7/30/2015,08-01-15,First Class,GH-14410
CA-2015-126739,11-01-15,11-03-15,Second Class,JH-16180
CA-2017-161578,12/16/2017,12/21/2017,Second Class,RB-19465
CA-2014-137092,10/20/2014,10/22/2014,Second Class,LS-16975
CA-2015-166947,06-05-15,06-10-15,Standard Class,EB-13750
CA-2016-160941,7/21/2016,7/26/2016,Standard Class,DK-12835
CA-2017-144680,3/31/2017,04-02-17,First Class,SC-20260
CA-2014-166086,05-07-14,05-12-14,Standard Class,CT-11995
CA-2017-131282,02-05-17,02-08-17,Second Class,CB-12025
CA-2014-100678,4/18/2014,4/22/2014,Standard Class,KM-16720
CA-2016-161543,05-10-16,5/16/2016,Standard Class,RD-19720
CA-2016-160535,11/25/2016,11/30/2016,Standard Class,BP-11050
CA-2017-123085,03-03-17,03-08-17,Standard Class,EJ-13720
CA-2015-153752,12-06-15,12-11-15,Second Class,RO-19780
CA-2014-103660,8/25/2014,8/30/2014,Standard Class,MW-18220
CA-2016-169887,10/22/2016,10/22/2016,Same Day,MS-17530
CA-2016-148516,08-07-16,08-11-16,Standard Class,DW-13585
CA-2017-104731,7/21/2017,7/27/2017,Standard Class,AM-10705
CA-2014-164749,3/23/2014,3/26/2014,First Class,BG-11740
CA-2015-103716,4/30/2015,05-06-15,Standard Class,KB-16585
CA-2016-126795,6/13/2016,6/16/2016,Second Class,GT-14710
CA-2015-146290,05-04-15,05-11-15,Standard Class,SV-20815
CA-2017-157112,4/23/2017,4/26/2017,First Class,GG-14650
CA-2014-169257,06-06-14,06-12-14,Standard Class,SV-20785
CA-2014-154095,12-02-14,12-07-14,Standard Class,ON-18715
CA-2017-146346,6/17/2017,6/20/2017,First Class,RA-19945
CA-2016-148852,5/26/2016,5/31/2016,Standard Class,SV-20785
US-2015-118906,03-10-15,03-10-15,Same Day,KB-16585
CA-2016-168921,10/20/2016,10/22/2016,First Class,AG-10495
CA-2015-107678,4/21/2015,4/28/2015,Standard Class,JK-16090
CA-2016-123512,6/17/2016,6/19/2016,First Class,MV-18190
US-2017-167402,1/13/2017,1/18/2017,Second Class,CP-12085
CA-2014-130449,09-06-14,09-09-14,First Class,VP-21760
CA-2015-141250,1/19/2015,1/23/2015,Standard Class,PM-18940
CA-2014-145541,12/14/2014,12/21/2014,Standard Class,TB-21400
CA-2014-138513,5/23/2014,5/27/2014,Standard Class,EH-13990
CA-2015-135489,9/19/2015,9/22/2015,Second Class,GW-14605
CA-2015-125696,10-02-15,10-06-15,Standard Class,NP-18685
CA-2016-105081,12/25/2016,12/30/2016,Standard Class,JE-15715
US-2016-146857,05-06-16,05-08-16,Second Class,BE-11455
CA-2016-166275,10/24/2016,10/24/2016,Same Day,SS-20590
CA-2017-144498,05-06-17,05-06-17,Same Day,MB-18085
CA-2017-103352,11/27/2017,11/30/2017,Second Class,RP-19390
CA-2014-108609,10/31/2014,11-02-14,Second Class,AJ-10780
CA-2017-128328,08-05-17,08-09-17,Standard Class,PO-18865
US-2015-156496,08-10-15,8/16/2015,Standard Class,WB-21850
US-2016-127334,12/15/2016,12/21/2016,Standard Class,MP-18175
US-2017-124779,09-08-17,09-11-17,First Class,BF-11020
CA-2017-135937,2/20/2017,2/27/2017,Standard Class,KM-16375
CA-2015-129322,08-08-15,08-10-15,Second Class,DB-13405
CA-2017-162173,10/26/2017,11-01-17,Standard Class,OT-18730
CA-2016-115483,7/14/2016,7/18/2016,Second Class,JS-15880
CA-2017-122175,05-12-17,5/14/2017,Second Class,CA-12775
CA-2017-161088,5/25/2017,5/29/2017,Standard Class,MH-18115
CA-2014-154837,8/23/2014,8/27/2014,Second Class,RB-19645
CA-2015-153794,09-11-15,9/16/2015,Standard Class,SB-20290
CA-2015-135510,09-05-15,09-12-15,Standard Class,TW-21025
CA-2015-109337,11/21/2015,11/23/2015,Second Class,DL-13330
CA-2014-150329,10-10-14,10/14/2014,Standard Class,SD-20485
CA-2017-145037,09-02-17,09-07-17,Second Class,TB-21055
CA-2017-154466,01-01-17,01-02-17,First Class,DP-13390
CA-2014-109134,11-05-14,11-10-14,Standard Class,DE-13255
US-2015-129637,12/17/2015,12/22/2015,Standard Class,MC-18100
CA-2015-165162,5/14/2015,5/21/2015,Standard Class,HG-15025
CA-2017-140494,03-10-17,3/15/2017,Second Class,CM-11815
CA-2017-104108,12-02-17,12-09-17,Standard Class,RP-19855
US-2017-165869,7/31/2017,08-05-17,Standard Class,LS-17200
CA-2017-160899,08-11-17,8/13/2017,Second Class,DR-12940
CA-2017-144225,9/30/2017,10-02-17,Second Class,CC-12475
US-2016-163538,8/26/2016,8/30/2016,Standard Class,SS-20515
US-2016-155103,12-02-16,12-07-16,Standard Class,JF-15190
CA-2017-145429,7/21/2017,7/25/2017,Standard Class,SW-20455
CA-2015-153535,5/20/2015,5/24/2015,Standard Class,SG-20470
CA-2015-139164,6/23/2015,6/28/2015,Standard Class,CS-12355
CA-2016-112277,09-10-16,9/15/2016,Standard Class,SC-20695
CA-2014-167724,4/13/2014,4/18/2014,Standard Class,BF-11170
CA-2015-123141,11/14/2015,11/19/2015,Standard Class,GZ-14470
CA-2016-149503,12-09-16,12-12-16,First Class,SP-20650
CA-2017-163069,8/18/2017,8/21/2017,Second Class,PJ-19015
CA-2017-107629,12/14/2017,12/14/2017,Same Day,DB-13060
CA-2016-134789,04-08-16,4/15/2016,Standard Class,CK-12325
CA-2016-130442,12/16/2016,12/19/2016,First Class,SF-20065
CA-2017-102974,9/19/2017,9/24/2017,Standard Class,DP-13105
US-2017-166394,09-04-17,09-06-17,Second Class,VM-21835
CA-2016-128811,09-12-16,9/16/2016,Standard Class,SF-20200
CA-2017-145443,08-10-17,8/15/2017,Second Class,SC-20695
CA-2016-165827,11-04-16,11-09-16,Standard Class,MF-17665
CA-2015-156734,6/18/2015,6/20/2015,First Class,BV-11245
CA-2014-120096,07-04-14,07-07-14,First Class,KE-16420
CA-2015-141754,12/20/2015,12/25/2015,Standard Class,EM-14200
CA-2016-123358,04-10-16,4/17/2016,Standard Class,BT-11680
CA-2014-144029,5/26/2014,5/31/2014,Standard Class,MM-18055
US-2017-101784,07-06-17,07-11-17,Standard Class,PO-18850
CA-2015-156923,2/16/2015,2/20/2015,Standard Class,SP-20860
CA-2017-111269,6/16/2017,6/18/2017,Second Class,CS-12355
CA-2017-159156,11/13/2017,11/16/2017,First Class,KB-16600
CA-2017-100230,12-11-17,12/15/2017,Standard Class,AA-10375
CA-2016-154767,6/28/2016,6/30/2016,Second Class,BP-11155
CA-2017-124205,9/15/2017,9/19/2017,Standard Class,TC-21145
CA-2017-165715,12-02-17,12-08-17,Standard Class,BG-11035
CA-2017-100636,6/26/2017,6/30/2017,Standard Class,DO-13435
CA-2016-162943,7/24/2016,7/26/2016,Second Class,DB-12970
CA-2016-144764,09-02-16,09-08-16,Standard Class,RL-19615
CA-2017-100615,4/20/2017,4/24/2017,Standard Class,SJ-20215
CA-2014-109302,08-12-14,8/16/2014,Standard Class,CS-12175
CA-2017-139787,9/19/2017,9/23/2017,Standard Class,JP-16135
CA-2017-139402,12-09-17,12/13/2017,Standard Class,NC-18535
CA-2016-119018,11-04-16,11-08-16,Standard Class,CW-11905
CA-2015-105361,3/29/2015,04-04-15,Standard Class,CM-12115
US-2016-152373,09-05-16,09-11-16,Standard Class,PT-19090
US-2017-166037,1/28/2017,02-01-17,Standard Class,CL-12700
US-2016-147711,09-03-16,09-08-16,Second Class,HF-14995
CA-2017-121293,7/25/2017,7/28/2017,Second Class,JC-15775
CA-2015-118843,9/13/2015,9/20/2015,Standard Class,JH-15910
CA-2015-161445,09-07-15,09-09-15,Second Class,CC-12610
CA-2016-124527,11/16/2016,11/17/2016,First Class,IM-15055
CA-2016-162348,11-10-16,11/15/2016,Standard Class,BF-11170
CA-2014-141005,8/15/2014,8/18/2014,First Class,CS-12355
CA-2015-145394,11/16/2015,11/20/2015,Standard Class,MC-17605
CA-2015-168809,8/25/2015,8/25/2015,Same Day,MC-18100
CA-2016-109827,12/25/2016,01-01-17,Standard Class,LW-16825
CA-2014-152233,10-05-14,10-06-14,First Class,KH-16510
CA-2014-125682,11/22/2014,11/25/2014,First Class,RB-19645
CA-2017-162880,12/25/2017,12/29/2017,Standard Class,GD-14590
CA-2015-128125,3/31/2015,04-05-15,Standard Class,EB-13705
CA-2017-156237,9/14/2017,9/15/2017,First Class,PS-18760
CA-2014-144414,6/17/2014,6/21/2014,Standard Class,GH-14425
CA-2017-163860,12/28/2017,01-01-18,Standard Class,LO-17170
US-2017-115609,11-02-17,11-07-17,Standard Class,CS-12505
CA-2015-154291,7/25/2015,7/29/2015,Standard Class,YS-21880
CA-2016-118689,10-02-16,10-09-16,Standard Class,TC-20980
CA-2016-140438,12/24/2016,12/27/2016,Second Class,PW-19030
US-2017-123204,7/21/2017,7/27/2017,Standard Class,CS-11860
CA-2015-112522,10-10-15,10/17/2015,Standard Class,DP-13165
CA-2016-153101,09-08-16,09-08-16,Same Day,PJ-19015
CA-2016-142615,11/20/2016,11/24/2016,Standard Class,BM-11575
CA-2017-142643,10/15/2017,10/20/2017,Standard Class,DL-13495
CA-2015-116260,07-06-15,07-12-15,Standard Class,BF-10975
CA-2017-107517,02-05-17,02-09-17,Standard Class,FC-14335
CA-2015-166338,12-06-15,12-07-15,First Class,MP-18175
CA-2016-123946,09-12-16,9/17/2016,Standard Class,AJ-10795
CA-2014-147543,07-06-14,07-12-14,Standard Class,BC-11125
US-2016-159093,05-09-16,5/14/2016,Standard Class,RS-19420
CA-2016-162110,7/18/2016,7/22/2016,Standard Class,NP-18670
US-2016-163461,6/18/2016,6/21/2016,First Class,BT-11440
CA-2014-101462,4/20/2014,4/25/2014,Standard Class,BP-11230
US-2016-100461,01-08-16,01-12-16,Standard Class,JO-15145
US-2017-162670,12/23/2017,12/28/2017,Second Class,MF-18250
CA-2017-128965,4/17/2017,4/22/2017,Standard Class,PS-18760
CA-2017-138618,12-01-17,12-08-17,Standard Class,MY-17380
US-2016-126452,8/21/2016,8/28/2016,Standard Class,SC-20230
CA-2016-145009,12-05-16,12-08-16,Second Class,RF-19345
CA-2015-162544,12/16/2015,12/19/2015,First Class,SG-20080
CA-2014-124394,10/17/2014,10/22/2014,Second Class,TB-21520
US-2016-121013,09-05-16,09-10-16,Standard Class,MM-17920
US-2015-123918,10/15/2015,10/15/2015,Same Day,CG-12520
CA-2015-137113,12-01-15,12-05-15,Second Class,TW-21025
CA-2015-120677,5/31/2015,06-04-15,Standard Class,BD-11320
CA-2017-123036,09-10-17,9/17/2017,Standard Class,HA-14905
CA-2017-120222,4/25/2017,05-02-17,Standard Class,LL-16840
CA-2017-164756,9/18/2017,9/22/2017,Standard Class,SS-20140
CA-2017-122028,8/18/2017,8/25/2017,Standard Class,CK-12205
US-2015-165512,5/24/2015,5/26/2015,Second Class,VS-21820
CA-2015-140557,09-07-15,09-11-15,Standard Class,TN-21040
US-2017-135013,7/24/2017,7/24/2017,Same Day,HR-14830
CA-2017-111220,09-02-17,09-08-17,Standard Class,JS-15595
US-2017-149006,12-06-17,12-08-17,Second Class,BN-11470
CA-2017-149468,5/20/2017,5/20/2017,Same Day,AR-10405
CA-2016-140249,9/27/2016,10-03-16,Standard Class,SW-20455
US-2017-135503,12-10-17,12/15/2017,Standard Class,JE-16165
CA-2014-126277,9/13/2014,9/18/2014,Second Class,LH-16900
US-2017-115301,7/29/2017,08-02-17,Standard Class,VG-21790
CA-2017-168942,08-01-17,08-05-17,Second Class,EM-13960
US-2017-128398,05-02-17,05-05-17,Second Class,EM-13825
CA-2015-104115,06-12-15,6/16/2015,Standard Class,JH-15910
CA-2014-142510,12/22/2014,12/29/2014,Standard Class,NP-18700
CA-2014-124247,12/16/2014,12/21/2014,Standard Class,SH-20635
CA-2016-105473,4/16/2016,4/18/2016,Second Class,BM-11785
CA-2015-102806,5/21/2015,5/28/2015,Standard Class,HG-14965
CA-2017-121706,2/26/2017,03-02-17,Standard Class,BM-11140
CA-2017-109211,04-04-17,04-10-17,Standard Class,PS-19045
CA-2015-134257,3/16/2015,3/19/2015,Second Class,MS-17710
CA-2015-137925,11/30/2015,12-04-15,Standard Class,JL-15235
CA-2016-140046,7/28/2016,08-03-16,Standard Class,KM-16660
CA-2016-140382,6/23/2016,6/25/2016,Second Class,RD-19900
CA-2014-164182,7/14/2014,7/18/2014,Standard Class,ST-20530
CA-2017-137365,11/30/2017,12-03-17,Second Class,BP-11095
CA-2016-129847,09-02-16,09-04-16,First Class,TA-21385
CA-2014-126963,6/15/2014,6/15/2014,Same Day,PS-18760
CA-2016-125094,11-05-16,11-09-16,Standard Class,NP-18700
CA-2017-107132,6/26/2017,6/30/2017,Standard Class,SC-20260
CA-2015-139248,7/25/2015,7/30/2015,Standard Class,RD-19930
CA-2014-148369,9/23/2014,9/27/2014,Standard Class,TH-21115
CA-2016-106243,9/30/2016,10-04-16,Standard Class,GM-14680
CA-2015-126466,11-09-15,11/13/2015,Standard Class,JO-15550
CA-2015-130365,4/25/2015,4/29/2015,Standard Class,ZC-21910
CA-2017-143021,11/19/2017,11/19/2017,Same Day,AP-10720
CA-2015-161767,11/20/2015,11/24/2015,Standard Class,GK-14620
CA-2015-129917,10-02-15,10-03-15,First Class,HM-14980
CA-2015-115420,4/25/2015,05-02-15,Standard Class,LS-16945
CA-2016-157588,7/14/2016,7/19/2016,Standard Class,AR-10570
CA-2015-167255,9/27/2015,9/29/2015,Second Class,RH-19510
CA-2017-162096,11-10-17,11-10-17,Same Day,TB-21190
CA-2016-157161,7/16/2016,7/20/2016,Second Class,JD-15895
CA-2015-110765,10/16/2015,10/20/2015,Second Class,MP-17965
CA-2016-163937,01-10-16,1/13/2016,Second Class,JB-16000
CA-2017-153822,9/19/2017,9/25/2017,Standard Class,AB-10105
CA-2017-146185,9/15/2017,9/19/2017,Standard Class,CC-12145
CA-2015-112144,6/28/2015,07-02-15,Standard Class,CY-12745
US-2016-119298,11/25/2016,11/28/2016,First Class,EP-13915
CA-2017-155159,11/25/2017,11/29/2017,Second Class,DL-13315
CA-2017-149076,1/14/2017,1/19/2017,Standard Class,SO-20335
CA-2014-146990,11-07-14,11-08-14,First Class,BP-11095
CA-2016-116526,09-01-16,09-05-16,Standard Class,JA-15970
CA-2017-158561,11-11-17,11/16/2017,Second Class,BB-11545
CA-2017-165099,12-11-17,12/13/2017,First Class,DK-13375
CA-2015-109386,11-08-15,11/13/2015,Second Class,RH-19600
CA-2015-166800,11/19/2015,11/26/2015,Standard Class,AG-10300
CA-2017-117443,12/23/2017,12/25/2017,Second Class,JB-15400
US-2016-134369,9/16/2016,9/22/2016,Standard Class,BC-11125
CA-2017-123687,5/26/2017,5/29/2017,First Class,KC-16675
CA-2015-104871,3/30/2015,04-03-15,Standard Class,DR-12940
CA-2014-133158,8/19/2014,8/21/2014,Second Class,DW-13195
CA-2014-126333,12/23/2014,12/28/2014,Standard Class,ME-18010
CA-2015-141740,11-01-15,11-05-15,Standard Class,JF-15490
CA-2014-119466,12/15/2014,12/21/2014,Standard Class,SP-20860
CA-2015-154823,8/21/2015,8/25/2015,Standard Class,KN-16390
US-2014-135881,5/23/2014,5/27/2014,Standard Class,GT-14710
CA-2017-141201,12-09-17,12-11-17,Second Class,DB-12910
CA-2014-114790,03-11-14,3/13/2014,Second Class,FM-14215
US-2016-154256,6/23/2016,6/27/2016,Second Class,SM-20005
CA-2014-124737,8/23/2014,8/27/2014,Standard Class,AP-10915
US-2017-101840,02-06-17,02-12-17,Standard Class,SP-20545
CA-2017-131653,1/29/2017,02-05-17,Standard Class,RD-19585
US-2016-157840,12/20/2016,12/23/2016,Second Class,MC-17575
CA-2016-145548,11-11-16,11/16/2016,Standard Class,EB-13750
CA-2017-119494,11-09-17,11/13/2017,Standard Class,JE-15610
CA-2014-124618,05-02-14,05-04-14,Second Class,CS-11860
CA-2017-161970,9/22/2017,9/27/2017,Standard Class,PB-19105
CA-2017-103443,12/17/2017,12/23/2017,Standard Class,AT-10735
US-2017-165358,7/18/2017,7/23/2017,Standard Class,SV-20365
CA-2016-160136,11-03-16,11-09-16,Standard Class,PJ-18835
CA-2014-150581,04-08-14,04-12-14,Standard Class,NM-18445
CA-2016-119515,8/14/2016,8/16/2016,First Class,TR-21325
CA-2014-141355,9/25/2014,9/30/2014,Standard Class,BF-11005
CA-2016-165330,12-11-16,12-11-16,Same Day,WB-21850
CA-2015-132633,02-03-15,02-05-15,Second Class,KH-16630
CA-2016-157742,12/29/2016,12/31/2016,Second Class,KL-16645
CA-2017-127712,8/31/2017,09-05-17,Standard Class,MG-17890
CA-2017-169474,02-04-17,02-09-17,Standard Class,JF-15355
CA-2014-106726,12-06-14,12-08-14,First Class,RS-19765
CA-2016-147473,5/30/2016,06-03-16,Standard Class,NL-18310
CA-2016-114209,5/21/2016,5/26/2016,Standard Class,AS-10285
CA-2014-141901,08-09-14,8/14/2014,Standard Class,GM-14500
CA-2016-164490,09-05-16,09-10-16,Second Class,SU-20665
CA-2016-112256,7/23/2016,7/28/2016,Standard Class,CK-12205
CA-2016-167416,05-12-16,5/17/2016,Standard Class,JM-15580
CA-2016-106950,09-02-16,09-06-16,Standard Class,JE-15715
CA-2017-118724,7/21/2017,7/25/2017,Second Class,AR-10825
CA-2017-112004,9/25/2017,9/28/2017,First Class,AH-10075
US-2017-143175,08-03-17,08-06-17,Second Class,GA-14515
CA-2015-105844,10/25/2015,10/27/2015,Second Class,JF-15415
CA-2017-118864,6/15/2017,6/19/2017,Second Class,KH-16690
CA-2015-119480,01-09-15,1/13/2015,Standard Class,CC-12685
US-2015-153374,02-09-15,2/13/2015,Second Class,JF-15565
CA-2016-101980,8/19/2016,8/20/2016,First Class,RP-19390
CA-2017-144596,11-06-17,11-10-17,Standard Class,CD-11980
CA-2015-124933,12/26/2015,12/30/2015,Second Class,DF-13135
CA-2014-159625,11/23/2014,11/28/2014,Standard Class,SM-20005
CA-2016-144337,08-01-16,08-05-16,Second Class,SG-20890
CA-2014-117478,9/21/2014,9/24/2014,First Class,LH-16750
CA-2017-147410,09-04-17,09-08-17,Standard Class,EJ-14155
CA-2017-128944,6/19/2017,6/21/2017,Second Class,KH-16330
CA-2016-109666,4/19/2016,4/26/2016,Standard Class,KM-16720
US-2016-102239,05-05-16,05-06-16,First Class,LW-16990
CA-2014-143168,10/18/2014,10/23/2014,Second Class,IG-15085
CA-2017-104906,2/13/2017,2/17/2017,Standard Class,JP-15460
CA-2017-118122,11/17/2017,11/24/2017,Standard Class,GG-14650
US-2014-147774,1/20/2014,1/26/2014,Standard Class,MM-18280
CA-2017-166926,12-01-17,12-08-17,Standard Class,SO-20335
CA-2015-128013,08-09-15,8/16/2015,Standard Class,MF-18250
CA-2016-123176,9/27/2016,9/29/2016,Second Class,JG-15160
US-2016-117541,11/14/2016,11/20/2016,Standard Class,JM-16195
CA-2016-166282,4/16/2016,4/22/2016,Standard Class,PK-19075
CA-2017-141439,11/26/2017,12-01-17,Standard Class,TT-21460
CA-2015-163965,11/20/2015,11/27/2015,Standard Class,SS-20875
CA-2017-128783,09-07-17,09-07-17,Same Day,TG-21640
CA-2014-122217,11/24/2014,11/29/2014,Standard Class,HP-14815
US-2017-141558,03-11-17,3/16/2017,Standard Class,MH-17290
CA-2016-139941,06-12-16,6/17/2016,Standard Class,CB-12415
CA-2015-166583,6/26/2015,6/30/2015,Standard Class,VD-21670
CA-2017-100412,12/22/2017,12/26/2017,Standard Class,SR-20425
CA-2017-142909,12/22/2017,12/25/2017,Second Class,AG-10330
CA-2014-137911,10-09-14,10/15/2014,Standard Class,BP-11095
CA-2015-106208,12-10-15,12/15/2015,Standard Class,JW-16075
US-2015-136749,12/25/2015,12/27/2015,Second Class,LH-16900
CA-2017-126718,4/29/2017,05-04-17,Standard Class,KT-16480
CA-2016-131380,3/28/2016,3/31/2016,Second Class,CC-12220
CA-2015-145835,5/13/2015,5/18/2015,Second Class,BF-11170
CA-2014-138709,07-04-14,07-09-14,Standard Class,MS-17770
CA-2014-122070,4/22/2014,4/24/2014,Second Class,AH-10030
CA-2016-158610,9/19/2016,9/22/2016,First Class,CK-12595
CA-2014-117464,7/22/2014,7/24/2014,Second Class,NP-18325
US-2017-168613,10-08-17,10/14/2017,Standard Class,GM-14440
CA-2017-125381,4/25/2017,4/27/2017,Second Class,SG-20605
US-2017-141677,3/26/2017,3/30/2017,Standard Class,HK-14890
CA-2017-133067,05-04-17,05-10-17,Standard Class,MY-18295
US-2016-144351,11/14/2016,11/18/2016,Standard Class,RC-19960
CA-2014-106054,01-06-14,01-07-14,First Class,JO-15145
CA-2016-138667,12/27/2016,12/30/2016,Second Class,MW-18220
CA-2017-150609,4/30/2017,05-04-17,Standard Class,NZ-18565
CA-2017-128853,4/21/2017,4/23/2017,First Class,JM-15250
CA-2017-133102,8/17/2017,8/24/2017,Standard Class,ED-13885
CA-2016-164399,11-12-16,11/15/2016,First Class,DW-13480
CA-2016-116918,10-01-16,10-06-16,Second Class,JK-15205
CA-2016-110492,02-12-16,2/14/2016,First Class,JS-15880
CA-2016-147683,11/13/2016,11/17/2016,Standard Class,PO-19180
CA-2014-116785,4/26/2014,4/30/2014,Standard Class,MH-17290
US-2015-156797,08-11-15,8/15/2015,Standard Class,PO-19180
CA-2016-104276,11/27/2016,12-03-16,Standard Class,HF-14995
CA-2016-120369,10/28/2016,10/28/2016,Same Day,VB-21745
CA-2014-118276,12/29/2014,01-02-15,Standard Class,MG-17890
CA-2015-136658,09-10-15,9/17/2015,Standard Class,BO-11425
CA-2017-137414,10-02-17,10-06-17,Standard Class,CM-12115
CA-2016-143476,09-11-16,9/13/2016,First Class,LC-16930
US-2016-119046,06-02-16,06-06-16,Standard Class,EH-13765
CA-2017-154949,10/15/2017,10/19/2017,Standard Class,MC-17275
CA-2015-103072,9/27/2015,9/30/2015,Second Class,HW-14935
CA-2015-150770,05-03-15,05-06-15,First Class,LC-16870
CA-2017-154760,01-09-17,1/13/2017,Standard Class,BP-11290
US-2017-104437,1/27/2017,1/31/2017,Standard Class,TG-21310
CA-2017-113075,09-02-17,09-06-17,Standard Class,MC-18100
CA-2016-109953,7/14/2016,7/18/2016,Standard Class,RB-19360
CA-2017-127397,2/24/2017,2/28/2017,Standard Class,ES-14080
CA-2014-157546,7/20/2014,7/22/2014,First Class,RD-19720
CA-2017-153843,3/13/2017,3/15/2017,First Class,SC-20380
CA-2016-137337,03-08-16,03-12-16,Standard Class,GB-14575
CA-2014-138737,12-07-14,12-10-14,First Class,FP-14320
CA-2016-164924,07-10-16,07-10-16,Same Day,EA-14035
CA-2016-101651,12/24/2016,12/30/2016,Standard Class,SC-20305
CA-2017-136651,4/23/2017,4/25/2017,Second Class,JF-15355
CA-2017-118892,8/17/2017,8/22/2017,Second Class,TP-21415
US-2017-151127,5/22/2017,5/25/2017,First Class,RL-19615
CA-2017-145807,02-09-17,2/13/2017,Standard Class,SB-20170
US-2014-127978,03-03-14,03-08-14,Standard Class,JS-15595
CA-2015-158491,06-04-15,06-09-15,Second Class,BP-11155
CA-2016-116764,8/27/2016,09-02-16,Standard Class,EM-13825
CA-2016-152457,09-12-16,9/18/2016,Standard Class,SC-20695
CA-2016-152730,5/30/2016,06-04-16,Standard Class,EM-14140
CA-2017-137001,06-10-17,6/13/2017,Second Class,GZ-14545
CA-2017-156363,10/22/2017,10/28/2017,Standard Class,ML-17395
CA-2017-122056,6/13/2017,6/17/2017,Standard Class,PG-18895
US-2014-143721,11/23/2014,11/26/2014,Second Class,DK-12835
CA-2017-122987,8/16/2017,8/16/2017,Same Day,SJ-20215
CA-2016-133368,1/14/2016,1/20/2016,Standard Class,AG-10675
CA-2016-123337,9/16/2016,9/22/2016,Standard Class,KD-16495
US-2016-150357,10-10-16,10/14/2016,Standard Class,EB-13975
CA-2015-144519,11/13/2015,11/17/2015,Standard Class,AW-10930
CA-2014-120670,11-02-14,11-06-14,Standard Class,JK-16120
CA-2016-157217,7/19/2016,7/21/2016,First Class,TC-21535
CA-2016-108224,5/14/2016,5/14/2016,Same Day,TH-21235
CA-2015-162782,2/21/2015,2/27/2015,Standard Class,PW-19240
CA-2017-159282,10/16/2017,10/21/2017,Standard Class,GH-14410
CA-2017-155936,6/22/2017,6/29/2017,Standard Class,JK-15730
CA-2017-169439,09-09-17,9/13/2017,Standard Class,LC-17140
CA-2017-151183,10/14/2017,10/19/2017,Standard Class,BK-11260
CA-2016-149965,6/20/2016,6/25/2016,Standard Class,BS-11365
CA-2014-158281,09-02-14,09-07-14,Standard Class,AG-10525
CA-2016-153661,1/30/2016,1/31/2016,First Class,SC-20725
CA-2017-109183,12-04-17,12-09-17,Standard Class,LR-16915
CA-2016-113656,1/23/2016,1/29/2016,Standard Class,CB-12415
CA-2015-148964,5/26/2015,5/31/2015,Standard Class,RD-19900
CA-2014-111899,05-04-14,05-05-14,First Class,NC-18340
CA-2015-101126,02-10-15,2/14/2015,Second Class,NB-18655
CA-2014-163468,11/18/2014,11/21/2014,First Class,JK-15730
US-2017-117450,09-04-17,09-08-17,Standard Class,DO-13645
CA-2014-137274,3/29/2014,04-02-14,Standard Class,MG-18145
CA-2016-144092,11-05-16,11-07-16,Second Class,LH-17155
CA-2017-112172,06-10-17,6/14/2017,Second Class,MM-18280
CA-2015-121699,08-10-15,8/14/2015,Standard Class,BD-11320
CA-2015-162761,10-09-15,10/13/2015,Standard Class,SC-20575
CA-2016-121377,5/28/2016,06-02-16,Standard Class,TN-21040
CA-2017-115322,05-11-17,5/16/2017,Second Class,ZC-21910
CA-2016-132066,10/16/2016,10/20/2016,Standard Class,NB-18655
CA-2017-158120,11/17/2017,11/21/2017,Standard Class,KH-16330
CA-2017-100097,11/26/2017,11/29/2017,Second Class,MN-17935
CA-2017-167626,09-03-17,09-07-17,Standard Class,MY-18295
US-2017-126053,12-05-17,12-08-17,First Class,CS-11950
US-2017-128447,11-10-17,11/17/2017,Standard Class,MC-17845
US-2014-131275,3/18/2014,3/24/2014,Standard Class,SC-20050
CA-2016-149349,11-12-16,11/13/2016,First Class,SP-20650
CA-2017-115119,10/26/2017,10/30/2017,Standard Class,SC-20440
CA-2015-125563,04-11-15,4/17/2015,Standard Class,PR-18880
CA-2015-113152,12/25/2015,12/30/2015,Standard Class,JK-15625
CA-2017-165155,9/21/2017,9/23/2017,First Class,BM-11575
CA-2014-163412,12/20/2014,12/23/2014,Second Class,SM-20950
CA-2015-159590,7/18/2015,7/21/2015,First Class,KC-16255
CA-2014-116190,7/26/2014,08-01-14,Standard Class,SG-20470
CA-2014-168473,12/26/2014,01-01-15,Standard Class,TB-21520
CA-2017-168389,12-11-17,12/17/2017,Standard Class,DV-13045
CA-2014-130421,03-03-14,03-07-14,Standard Class,SC-20020
CA-2017-142125,10/21/2017,10/27/2017,Standard Class,JB-15400
CA-2017-141138,11-10-17,11/16/2017,Standard Class,GH-14425
CA-2017-152135,3/16/2017,3/18/2017,Second Class,MG-17650
CA-2016-151974,9/22/2016,9/29/2016,Standard Class,RD-19660
CA-2017-154102,02-06-17,2/13/2017,Standard Class,SN-20560
CA-2015-139780,12/31/2015,01-02-16,Second Class,AH-10690
CA-2016-114748,10-09-16,10/14/2016,Standard Class,MZ-17335
US-2014-115189,12/30/2014,01-03-15,Second Class,AR-10345
CA-2016-163594,04-12-16,4/14/2016,First Class,JF-15295
CA-2016-127243,11/28/2016,12-04-16,Standard Class,DS-13180
CA-2017-161851,4/15/2017,4/17/2017,First Class,BP-11095
CA-2015-110345,03-09-15,03-11-15,Second Class,TG-21310
CA-2014-107769,10/28/2014,11-01-14,Standard Class,BT-11395
US-2017-123862,01-07-17,01-09-17,Second Class,JF-15190
CA-2017-100580,8/13/2017,8/20/2017,Standard Class,MK-17905
US-2017-145597,11-02-17,11-05-17,First Class,GG-14650
CA-2014-132787,9/19/2014,9/23/2014,Standard Class,MC-18130
CA-2015-136224,5/31/2015,5/31/2015,Same Day,ML-18265
CA-2016-105732,9/13/2016,9/18/2016,Standard Class,AG-10270
CA-2017-108035,11/29/2017,12-03-17,Standard Class,TT-21070
CA-2017-160031,12-04-17,12-07-17,Second Class,LT-16765
CA-2017-147844,05-02-17,05-06-17,Standard Class,DD-13570
CA-2016-110975,12/25/2016,12/30/2016,Standard Class,DB-12970
CA-2014-141649,9/30/2014,9/30/2014,Same Day,DM-12955
CA-2014-124807,07-12-14,7/15/2014,Second Class,ME-17725
CA-2016-110009,09-08-16,9/13/2016,Standard Class,TR-21325
CA-2017-168172,08-06-17,08-10-17,Standard Class,SH-20395
CA-2015-100146,5/14/2015,5/19/2015,Standard Class,CB-12535
CA-2017-152079,1/20/2017,1/21/2017,First Class,ML-17410
CA-2016-129728,5/30/2016,06-06-16,Standard Class,JG-15310
CA-2014-121769,04-08-14,04-12-14,Standard Class,JS-15880
CA-2014-103058,7/23/2014,7/24/2014,First Class,AG-10270
CA-2017-121125,5/30/2017,06-03-17,Standard Class,MG-17890
US-2016-114013,3/13/2016,3/15/2016,Second Class,SC-20770
CA-2017-135069,04-10-17,4/14/2017,Standard Class,BS-11755
CA-2016-101693,6/25/2016,6/27/2016,Second Class,LC-17140
US-2014-164763,3/17/2014,3/21/2014,Standard Class,MH-17440
CA-2014-161249,08-09-14,8/13/2014,Standard Class,RD-19720
CA-2015-148180,7/26/2015,7/31/2015,Standard Class,BP-11095
CA-2014-165568,2/15/2014,2/19/2014,Standard Class,BF-11020
CA-2015-145457,3/24/2015,3/27/2015,Second Class,CP-12085
US-2017-163657,09-02-17,09-06-17,Standard Class,JL-15235
CA-2015-120446,11/16/2015,11/18/2015,First Class,JG-15805
CA-2014-109932,12-09-14,12-11-14,First Class,VP-21760
CA-2017-127474,02-03-17,02-07-17,Second Class,RD-19810
CA-2017-115448,11-11-17,11/14/2017,First Class,MH-18025
CA-2017-105669,9/17/2017,9/22/2017,Second Class,SJ-20125
CA-2017-134796,6/25/2017,07-01-17,Standard Class,FM-14380
CA-2016-137743,7/30/2016,08-04-16,Standard Class,KH-16360
CA-2015-137974,4/16/2015,4/18/2015,First Class,LL-16840
US-2015-136987,04-11-15,4/14/2015,Second Class,AR-10540
CA-2015-138485,2/27/2015,03-01-15,Second Class,NP-18670
CA-2016-103709,09-08-16,9/15/2016,Standard Class,LP-17095
CA-2016-138282,5/19/2016,5/23/2016,Standard Class,AH-10690
CA-2017-148985,11-11-17,11/15/2017,Second Class,TB-21190
CA-2014-138100,9/15/2014,9/20/2014,Standard Class,AA-10315
CA-2015-100734,9/15/2015,9/20/2015,Standard Class,AC-10615
CA-2016-139997,07-01-16,07-03-16,First Class,EM-14140
CA-2016-109652,04-10-16,4/15/2016,Standard Class,QJ-19255
CA-2014-167199,01-06-14,01-10-14,Standard Class,ME-17320
CA-2016-124583,09-01-16,09-03-16,Second Class,LB-16795
CA-2014-113964,9/23/2014,9/30/2014,Standard Class,JP-16135
CA-2014-129938,12/15/2014,12/17/2014,Second Class,EB-13705
CA-2017-135111,12/28/2017,01-02-18,Standard Class,CS-12400
US-2015-134558,12/19/2015,12/24/2015,Second Class,PM-19135
CA-2017-157196,11-05-17,11-09-17,Standard Class,AA-10645
CA-2015-108672,09-10-15,9/16/2015,Standard Class,FA-14230
US-2017-118598,11/16/2017,11/16/2017,Same Day,CM-12190
US-2017-160836,09-11-17,9/16/2017,Standard Class,CC-12475
CA-2017-121048,7/14/2017,7/18/2017,Standard Class,TC-21295
US-2017-120147,3/30/2017,3/30/2017,Same Day,TB-21400
CA-2016-158043,1/31/2016,02-04-16,Second Class,JK-15325
US-2017-106579,06-08-17,6/13/2017,Standard Class,BW-11200
CA-2014-115889,11-02-14,11-06-14,Standard Class,SH-20395
US-2017-161935,7/14/2017,7/18/2017,Standard Class,JL-15835
US-2017-167920,12-09-17,12-12-17,Second Class,JL-15835
CA-2016-162383,09-05-16,09-11-16,Standard Class,MD-17350
CA-2014-125731,09-10-14,9/16/2014,Standard Class,CL-12565
US-2017-106145,9/26/2017,9/26/2017,Same Day,RA-19885
CA-2016-107146,6/17/2016,6/19/2016,First Class,LC-16885
US-2017-134642,2/25/2017,03-01-17,Standard Class,SW-20245
US-2017-160143,3/31/2017,04-07-17,Standard Class,HG-14965
CA-2017-103415,12-03-17,12-08-17,Standard Class,MV-17485
CA-2016-106460,2/19/2016,2/22/2016,Second Class,GT-14710
US-2017-112347,12-02-17,12-06-17,Standard Class,BS-11380
CA-2014-103492,10-10-14,10/15/2014,Standard Class,CM-12715
CA-2016-136595,09-05-16,09-07-16,First Class,EM-13825
CA-2014-140396,11/20/2014,11/25/2014,Standard Class,KH-16330
CA-2014-114181,05-10-14,5/14/2014,Second Class,AF-10885
CA-2017-159506,11/27/2017,12-02-17,Standard Class,JR-16210
US-2014-137155,11-01-14,11-05-14,Standard Class,DL-12925
CA-2016-105746,12/30/2016,01-01-17,First Class,BD-11605
US-2016-104815,09-03-16,09-07-16,Standard Class,RB-19570
CA-2017-157672,10-05-17,10-07-17,First Class,RB-19795
US-2016-166660,1/30/2016,02-01-16,Second Class,TB-21250
CA-2017-140802,4/21/2017,4/23/2017,First Class,KN-16390
CA-2014-133830,12-05-14,12-10-14,Standard Class,RL-19615
CA-2014-100916,10/21/2014,10/26/2014,Standard Class,FH-14275
CA-2015-129532,12-08-15,12-12-15,Standard Class,YS-21880
CA-2014-134726,11-02-14,11-07-14,Second Class,SW-20755
CA-2016-138597,12/18/2016,12/21/2016,First Class,PN-18775
CA-2015-123113,11/23/2015,11/27/2015,Second Class,AT-10735
CA-2015-169656,8/13/2015,8/16/2015,First Class,EJ-13720
CA-2015-142734,4/16/2015,4/21/2015,Standard Class,DM-13345
CA-2014-163223,3/21/2014,3/25/2014,Standard Class,KH-16690
CA-2017-122945,11/16/2017,11/22/2017,Standard Class,MB-18085
CA-2015-139738,9/25/2015,9/29/2015,Standard Class,DK-12895
CA-2016-158778,09-05-16,09-09-16,Standard Class,DB-13210
CA-2017-119655,4/20/2017,4/24/2017,Standard Class,CV-12295
CA-2015-164567,6/15/2015,6/19/2015,Standard Class,GK-14620
CA-2014-131947,9/17/2014,9/22/2014,Standard Class,JA-15970
CA-2016-152520,07-08-16,07-12-16,Standard Class,TH-21115
CA-2016-101791,5/27/2016,5/31/2016,Standard Class,BS-11665
CA-2017-121195,12/24/2017,12/27/2017,First Class,NS-18505
CA-2017-163209,05-03-17,05-07-17,Standard Class,MK-18160
CA-2014-133354,2/22/2014,2/24/2014,First Class,SA-20830
US-2015-130491,02-08-15,02-11-15,First Class,BH-11710
CA-2015-113740,8/24/2015,8/28/2015,Second Class,SC-20380
CA-2014-148425,11/30/2014,12-04-14,Standard Class,RF-19345
CA-2016-144309,12-10-16,12/16/2016,Standard Class,CM-12235
CA-2017-151225,10/27/2017,10/29/2017,First Class,JM-15655
US-2014-144078,11/25/2014,11/29/2014,Standard Class,RB-19435
CA-2014-124464,7/14/2014,7/20/2014,Standard Class,SS-20515
CA-2015-136805,5/23/2015,5/27/2015,Second Class,NM-18445
US-2015-159499,11/21/2015,11/23/2015,Second Class,EM-14095
CA-2014-162089,3/30/2014,04-01-14,First Class,MP-17470
US-2017-158526,12/29/2017,01-01-18,Second Class,KH-16360
CA-2017-104885,03-02-17,03-08-17,Standard Class,DB-13555
US-2016-157490,10-06-16,10-07-16,First Class,LB-16795
CA-2015-161452,04-05-15,04-11-15,Standard Class,CA-11965
US-2014-115196,09-09-14,9/13/2014,Standard Class,DL-12925
CA-2016-138968,3/15/2016,3/16/2016,First Class,FC-14335
CA-2015-101889,12/27/2015,12/31/2015,Standard Class,DB-13120
CA-2017-110821,08-07-17,08-08-17,First Class,CK-12205
CA-2015-121552,3/22/2015,3/27/2015,Standard Class,FW-14395
CA-2015-107685,11/30/2015,12-02-15,Second Class,JM-15865
US-2014-120740,4/15/2014,4/15/2014,Same Day,PS-18970
CA-2017-155740,7/30/2017,08-02-17,First Class,TC-21475
CA-2017-146493,06-01-17,06-05-17,Standard Class,CV-12805
CA-2014-105417,01-07-14,01-12-14,Standard Class,VS-21820
US-2017-141509,9/29/2017,10-01-17,First Class,SC-20575
CA-2017-139493,9/13/2017,9/19/2017,Standard Class,SG-20605
CA-2014-151967,10/22/2014,10/26/2014,Standard Class,NB-18580
US-2016-140158,10-04-16,10-08-16,Standard Class,DR-12940
CA-2015-130974,11/27/2015,11/29/2015,Second Class,MA-17560
CA-2017-133487,05-06-17,05-09-17,Second Class,TS-21655
CA-2014-142951,10-08-14,10-08-14,Same Day,JG-15115
CA-2014-133592,12/31/2014,01-07-15,Standard Class,KM-16375
CA-2015-120782,4/28/2015,05-01-15,First Class,SD-20485
CA-2015-116876,2/14/2015,2/21/2015,Standard Class,TT-21070
CA-2016-169838,11/25/2016,11/29/2016,Standard Class,BB-11545
US-2017-128951,7/15/2017,7/17/2017,First Class,RS-19420
CA-2014-102330,12/29/2014,01-03-15,Standard Class,AI-10855
CA-2016-118899,3/22/2016,3/22/2016,Same Day,MC-17275
CA-2017-107958,07-02-17,07-05-17,First Class,AH-10120
CA-2017-151799,12/14/2017,12/18/2017,Standard Class,BF-11170
CA-2016-114601,8/26/2016,09-02-16,Standard Class,AA-10480
CA-2017-100237,10/15/2017,10/19/2017,Standard Class,SV-20815
CA-2014-139542,10/25/2014,10/29/2014,Standard Class,EH-14185
US-2015-142811,04-02-15,04-07-15,Standard Class,JL-15850
CA-2017-139353,10/28/2017,10/30/2017,Second Class,JM-15250
CA-2014-150203,12-05-14,12-07-14,First Class,JB-15925
US-2017-101518,11-03-17,11-08-17,Standard Class,PB-19105
CA-2015-149636,01-06-15,01-12-15,Standard Class,SP-20620
US-2017-146213,09-09-17,9/14/2017,Standard Class,MC-17605
CA-2015-108588,01-05-15,01-10-15,Standard Class,BG-11695
US-2017-138086,4/16/2017,4/20/2017,Standard Class,JO-15550
CA-2015-139374,09-10-15,9/14/2015,Standard Class,AR-10345
CA-2016-113978,9/25/2016,9/29/2016,Standard Class,TS-21505
US-2015-150231,3/16/2015,3/20/2015,Second Class,JK-15640
CA-2016-106915,11/26/2016,12-02-16,Standard Class,GA-14515
US-2016-109260,9/26/2016,10-01-16,Standard Class,TN-21040
CA-2017-104850,6/13/2017,6/19/2017,Standard Class,TW-21025
CA-2017-140508,9/18/2017,9/21/2017,First Class,PA-19060
CA-2017-143294,06-02-17,06-08-17,Standard Class,JD-15790
CA-2016-165673,5/15/2016,5/19/2016,Second Class,MN-17935
CA-2017-134418,9/15/2017,9/20/2017,Standard Class,GM-14500
US-2016-106313,8/22/2016,8/26/2016,Standard Class,DG-13300
CA-2014-105872,5/30/2014,06-06-14,Standard Class,JG-15160
CA-2017-108287,12/18/2017,12/20/2017,First Class,AG-10330
CA-2017-141103,7/30/2017,08-06-17,Standard Class,JF-15355
CA-2014-154781,11/21/2014,11/26/2014,Standard Class,SC-20680
CA-2015-147816,9/24/2015,9/26/2015,Second Class,CM-11935
CA-2017-105326,8/20/2017,8/27/2017,Standard Class,KT-16480
CA-2016-133613,6/17/2016,6/22/2016,Standard Class,CP-12340
CA-2015-109113,12/19/2015,12/23/2015,Standard Class,EK-13795
CA-2015-156153,5/31/2015,06-02-15,Second Class,CW-11905
CA-2015-133242,6/18/2015,6/24/2015,Standard Class,KH-16510
CA-2015-158323,11/30/2015,12-03-15,First Class,AB-10600
CA-2015-161795,12/21/2015,12/23/2015,Second Class,AH-10075
CA-2017-100902,11/17/2017,11/21/2017,Standard Class,CK-12595
CA-2017-112844,11/13/2017,11/16/2017,Second Class,SP-20620
CA-2016-158925,10/24/2016,10/28/2016,Standard Class,JP-15460
CA-2014-155390,12-06-14,12-11-14,Standard Class,BG-11035
CA-2017-123071,12-03-17,12-06-17,First Class,CC-12550
CA-2017-156391,9/26/2017,9/28/2017,First Class,SL-20155
CA-2015-103093,02-03-15,02-07-15,Standard Class,FO-14305
US-2017-118941,08-12-17,08-12-17,Same Day,BB-11545
CA-2015-169299,8/24/2015,8/26/2015,First Class,DO-13435
CA-2017-154088,11-12-17,11/17/2017,Standard Class,LB-16735
CA-2016-155978,08-01-16,08-01-16,Same Day,TS-21205
CA-2016-108196,11/25/2016,12-02-16,Standard Class,CS-12505
CA-2016-152800,4/13/2016,4/15/2016,First Class,SP-20920
CA-2014-166961,12/27/2014,12/31/2014,Standard Class,CD-12790
CA-2016-139381,4/18/2016,4/22/2016,Standard Class,RF-19840
CA-2015-132136,03-08-15,03-12-15,Standard Class,FO-14305
CA-2016-162236,11-04-16,11-06-16,Second Class,ER-13855
US-2014-111353,11/29/2014,12-06-14,Standard Class,PB-19150
US-2016-117037,5/17/2016,5/20/2016,First Class,LW-17215
CA-2017-160801,9/19/2017,9/19/2017,Same Day,FG-14260
CA-2016-108364,12/19/2016,12/24/2016,Standard Class,BP-11050
CA-2017-169362,10-12-17,10/15/2017,First Class,SP-20860
CA-2015-127481,12-12-15,12/15/2015,Second Class,JD-15895
CA-2015-112711,07-12-15,7/18/2015,Standard Class,FM-14380
US-2015-145121,10-02-15,10-06-15,Standard Class,MP-17965
CA-2017-166184,3/24/2017,3/27/2017,First Class,HR-14830
CA-2017-157413,06-01-17,06-06-17,Standard Class,BW-11065
CA-2014-143637,3/24/2014,3/29/2014,Second Class,MS-17710
CA-2015-102260,9/22/2015,9/26/2015,Standard Class,SJ-20125
US-2016-137295,01-08-16,1/13/2016,Standard Class,VS-21820
CA-2016-134334,2/14/2016,2/15/2016,First Class,DK-13090
US-2017-109316,06-08-17,06-10-17,First Class,MG-17680
CA-2016-138478,10/21/2016,10/26/2016,Second Class,DP-13390
CA-2017-150469,1/26/2017,1/30/2017,Standard Class,CJ-12010
CA-2017-152436,12-08-17,12-10-17,Second Class,CW-11905
CA-2016-169334,10/21/2016,10/24/2016,Second Class,GW-14605
US-2014-115413,8/26/2014,09-01-14,Standard Class,PP-18955
CA-2014-125150,5/16/2014,5/23/2014,Standard Class,PW-19030
CA-2015-127327,02-03-15,02-07-15,Standard Class,PW-19030
CA-2017-117114,10/31/2017,11-05-17,Standard Class,CY-12745
CA-2015-137302,4/26/2015,05-01-15,Standard Class,BW-11110
CA-2016-112382,05-09-16,5/13/2016,Standard Class,MB-18085
CA-2015-128958,1/24/2015,1/28/2015,Standard Class,CR-12820
CA-2015-106257,4/13/2015,4/17/2015,Second Class,EB-14110
CA-2015-149083,9/25/2015,9/30/2015,Standard Class,SH-19975
US-2014-137869,3/28/2014,04-02-14,Standard Class,CV-12295
CA-2016-116603,7/17/2016,7/22/2016,Standard Class,AT-10735
CA-2014-158470,4/19/2014,4/23/2014,Second Class,AG-10390
US-2017-123834,7/21/2017,7/25/2017,Standard Class,GM-14500
CA-2015-125976,9/27/2015,10-02-15,Standard Class,JK-15205
CA-2016-128706,2/27/2016,03-02-16,Standard Class,DW-13540
CA-2016-104311,05-02-16,05-06-16,Standard Class,AS-10090
CA-2014-169649,12-09-14,12/15/2014,Standard Class,TS-21205
CA-2015-144890,12/25/2015,12/29/2015,Standard Class,SM-20320
CA-2017-135587,12-07-17,12-12-17,Standard Class,BH-11710
CA-2014-103429,5/30/2014,06-01-14,First Class,LW-16825
CA-2017-152261,03-02-17,03-06-17,Standard Class,JA-15970
CA-2015-142993,10-12-15,10/17/2015,Standard Class,KA-16525
CA-2015-143364,7/14/2015,7/19/2015,Second Class,TG-21310
CA-2014-100972,11/19/2014,11/24/2014,Second Class,DB-13360
CA-2016-136994,5/27/2016,06-02-16,Standard Class,LS-17245
US-2017-166233,07-03-17,07-09-17,Standard Class,MO-17950
CA-2017-122112,9/25/2017,9/29/2017,Standard Class,CA-11965
CA-2016-101672,10-03-16,10-07-16,Standard Class,DB-12910
CA-2017-168403,09-09-17,9/15/2017,Standard Class,DK-12835
CA-2015-148705,03-12-15,3/18/2015,Standard Class,EB-14170
CA-2016-160241,11/29/2016,12-04-16,Second Class,DR-12940
CA-2016-155747,6/14/2016,6/21/2016,Standard Class,JS-15685
CA-2017-118017,12-03-17,12-06-17,Second Class,LC-16870
CA-2016-113117,8/16/2016,8/22/2016,Standard Class,JP-15520
CA-2016-148684,12/25/2016,12/29/2016,Standard Class,TS-21655
CA-2017-125367,7/23/2017,7/30/2017,Standard Class,NM-18445
CA-2017-124744,6/21/2017,6/25/2017,Standard Class,EH-14125
CA-2017-128363,8/13/2017,8/18/2017,Standard Class,DC-12850
CA-2015-126669,11-07-15,11/13/2015,Standard Class,DO-13645
US-2015-118766,10/15/2015,10/22/2015,Standard Class,LS-16975
CA-2016-112585,7/30/2016,08-02-16,First Class,RW-19630
CA-2016-149762,12-03-16,12-07-16,Standard Class,RD-19720
CA-2016-167605,4/28/2016,4/30/2016,Second Class,RB-19570
US-2017-105697,8/25/2017,8/27/2017,First Class,JE-15715
CA-2017-165323,6/17/2017,6/21/2017,Standard Class,SR-20740
CA-2015-110891,11/20/2015,11/24/2015,Standard Class,PO-19195
CA-2017-100783,09-04-17,09-08-17,Second Class,JK-16120
CA-2015-152513,07-04-15,07-08-15,Second Class,JP-16135
CA-2017-139822,9/15/2017,9/21/2017,Standard Class,Dp-13240
CA-2017-107713,3/13/2017,3/17/2017,Standard Class,JB-16000
CA-2017-134096,9/24/2017,9/29/2017,Standard Class,PP-18955
CA-2016-125843,8/13/2016,8/16/2016,First Class,RF-19840
CA-2017-120404,11/20/2017,11/24/2017,Second Class,KH-16330
CA-2017-167549,7/25/2017,7/27/2017,First Class,EM-14200
CA-2016-120082,3/25/2016,3/27/2016,Second Class,DK-12835
US-2016-168095,7/15/2016,7/20/2016,Standard Class,MC-17425
CA-2017-166093,8/17/2017,8/24/2017,Standard Class,RW-19540
CA-2016-146325,12/14/2016,12/17/2016,First Class,DS-13180
CA-2017-134194,12/25/2017,01-01-18,Standard Class,GA-14725
CA-2014-131009,03-01-14,03-05-14,Standard Class,SC-20380
CA-2015-145814,11/19/2015,11/24/2015,Standard Class,KD-16345
CA-2014-138359,04-01-14,04-06-14,Standard Class,KH-16330
CA-2017-131807,10-05-17,10-10-17,Standard Class,GG-14650
CA-2017-104864,11/18/2017,11/23/2017,Second Class,JS-15685
CA-2015-138219,3/23/2015,3/30/2015,Standard Class,BP-11095
CA-2016-157707,10-10-16,10-12-16,First Class,CC-12610
US-2015-126753,8/16/2015,8/20/2015,Standard Class,SP-20860
CA-2014-166051,5/31/2014,06-05-14,Standard Class,JK-15625
CA-2015-113040,8/27/2015,8/31/2015,Standard Class,CC-12100
CA-2014-103800,01-03-14,01-07-14,Standard Class,DP-13000
CA-2014-113383,09-10-14,9/13/2014,First Class,SF-20065
CA-2017-152499,1/22/2017,1/25/2017,Second Class,EH-13765
CA-2016-151498,4/21/2016,4/24/2016,First Class,DN-13690
CA-2016-137939,7/20/2016,7/23/2016,Second Class,PJ-19015
US-2016-117793,8/23/2016,8/29/2016,Standard Class,MA-17560
CA-2016-133872,6/14/2016,6/17/2016,First Class,VM-21835
US-2015-165743,11/20/2015,11/23/2015,Second Class,MM-18055
US-2017-105998,11-03-17,11-05-17,First Class,CR-12580
US-2014-148194,05-04-14,05-07-14,First Class,BS-11365
US-2015-151407,11-08-15,11-12-15,Standard Class,RD-19585
CA-2015-110870,12-12-15,12/15/2015,First Class,KD-16270
CA-2014-143210,12-01-14,12-03-14,First Class,AA-10645
CA-2016-139808,10-07-16,10-11-16,Standard Class,MC-18100
CA-2015-110863,11/17/2015,11/24/2015,Standard Class,AA-10645
CA-2014-127859,3/17/2014,3/20/2014,Second Class,QJ-19255
US-2015-136427,6/20/2015,6/23/2015,First Class,JM-16195
CA-2017-120168,5/25/2017,5/25/2017,Same Day,TB-21625
US-2014-131870,09-09-14,09-11-14,First Class,NF-18595
CA-2017-114804,10/17/2017,10/19/2017,Second Class,BF-11020
CA-2017-167227,11-02-17,11-05-17,First Class,NP-18670
CA-2014-129189,7/21/2014,7/25/2014,Standard Class,HM-14860
CA-2015-132465,09-11-15,9/15/2015,Second Class,DM-13525
CA-2016-166373,10/21/2016,10/25/2016,Standard Class,JF-15565
CA-2016-158806,01-07-16,01-11-16,Standard Class,NM-18520
CA-2015-119690,6/25/2015,6/28/2015,First Class,MV-17485
CA-2015-153738,9/20/2015,9/22/2015,First Class,AG-10270
CA-2017-169012,07-10-17,7/14/2017,Standard Class,BF-11275
CA-2017-109393,6/30/2017,07-02-17,Second Class,JC-15775
CA-2017-121489,8/21/2017,8/25/2017,Second Class,CM-11815
US-2017-133081,03-11-17,3/15/2017,Standard Class,PV-18985
CA-2017-165008,9/15/2017,9/17/2017,Second Class,DO-13645
CA-2016-145611,9/20/2016,9/24/2016,Standard Class,HA-14905
CA-2016-113600,12/15/2016,12/17/2016,Second Class,SH-20395
CA-2017-130834,11-03-17,11-06-17,Second Class,JM-16195
CA-2016-168543,07-03-16,07-07-16,Standard Class,DK-13225
CA-2014-144974,9/26/2014,9/30/2014,Standard Class,CM-12715
CA-2014-109904,7/14/2014,7/17/2014,Second Class,BF-10975
CA-2017-152205,9/28/2017,10-05-17,Standard Class,SF-20965
CA-2015-121188,8/28/2015,09-04-15,Standard Class,CB-12025
CA-2015-156013,9/20/2015,9/26/2015,Standard Class,TC-20980
CA-2016-132997,11-07-16,11-09-16,First Class,LW-17215
US-2015-160563,10/20/2015,10/24/2015,Standard Class,NS-18640
CA-2017-151750,01-01-17,01-05-17,Standard Class,JM-15250
CA-2015-106187,6/23/2015,6/29/2015,Standard Class,RF-19345
US-2016-164945,11/22/2016,11/27/2016,Standard Class,CA-12055
CA-2015-150714,10/26/2015,11-01-15,Standard Class,KH-16690
CA-2016-105753,10/20/2016,10/26/2016,Standard Class,LC-16960
CA-2017-120894,4/28/2017,05-02-17,Standard Class,JL-15130
CA-2016-106621,9/29/2016,10-01-16,Second Class,DM-12955
CA-2015-107020,07-10-15,7/14/2015,Standard Class,MV-18190
US-2015-117492,08-07-15,08-09-15,First Class,NS-18640
CA-2014-101392,12-07-14,12/13/2014,Standard Class,AS-10630
CA-2015-127502,12-10-15,12/14/2015,Standard Class,MT-17815
CA-2017-143658,11-08-17,11/13/2017,Second Class,SR-20425
CA-2017-133046,7/27/2017,08-01-17,Second Class,DK-13375
CA-2017-122798,12/28/2017,01-01-18,Standard Class,SV-20935
CA-2016-169663,03-10-16,3/13/2016,First Class,RH-19510
CA-2015-149846,5/22/2015,5/26/2015,Standard Class,SB-20185
CA-2017-159149,2/17/2017,2/19/2017,First Class,CR-12820
US-2017-167570,12-08-17,12/15/2017,Standard Class,EG-13900
CA-2017-160122,11/18/2017,11/23/2017,Standard Class,RD-19930
CA-2016-130393,12-01-16,12-03-16,Second Class,JM-15865
CA-2017-144820,10-03-17,10-07-17,Second Class,LW-16825
CA-2017-101014,8/29/2017,09-04-17,Standard Class,RW-19540
CA-2017-105543,11/24/2017,11/24/2017,Same Day,BG-11695
US-2017-113201,6/30/2017,07-05-17,Standard Class,TT-21220
US-2017-106551,7/22/2017,7/27/2017,Standard Class,EB-13930
CA-2016-116722,11-11-16,11/16/2016,Standard Class,LP-17080
CA-2014-138128,12-09-14,12/15/2014,Standard Class,FP-14320
US-2017-150070,09-07-17,09-12-17,Standard Class,JA-15970
CA-2015-137064,02-06-15,2/13/2015,Standard Class,TS-21655
CA-2017-157350,8/26/2017,09-01-17,Standard Class,DP-13000
CA-2014-127866,7/20/2014,7/23/2014,First Class,JD-15895
CA-2015-131352,10-08-15,10/13/2015,Standard Class,GH-14485
CA-2015-121776,2/16/2015,2/21/2015,Standard Class,RD-19585
CA-2016-118073,08-12-16,8/16/2016,Standard Class,CS-12490
CA-2014-103219,11-09-14,11/13/2014,Standard Class,BF-11215
CA-2016-102561,7/18/2016,7/22/2016,Standard Class,NK-18490
CA-2016-100993,02-05-16,02-10-16,Standard Class,AZ-10750
US-2014-112949,6/20/2014,6/27/2014,Standard Class,Co-12640
US-2017-146822,06-09-17,6/14/2017,Standard Class,AG-10675
US-2016-131058,12/27/2016,12/31/2016,Standard Class,EM-14140
CA-2014-167997,1/26/2014,1/29/2014,First Class,CA-11965
CA-2017-140151,3/23/2017,3/25/2017,First Class,RB-19360
US-2017-143770,3/20/2017,3/24/2017,Standard Class,RD-19720
CA-2016-131296,10-04-16,10-09-16,Standard Class,MS-17830
CA-2016-103464,11/18/2016,11/22/2016,Standard Class,PG-18820
CA-2017-136238,12/26/2017,01-01-18,Standard Class,KB-16240
CA-2016-120803,03-09-16,3/13/2016,Standard Class,RB-19465
CA-2016-134138,2/16/2016,2/20/2016,Standard Class,JD-15790
CA-2015-120915,9/28/2015,10-03-15,Second Class,JJ-15445
CA-2015-168207,11-02-15,11-06-15,Standard Class,LT-17110
CA-2016-144148,7/31/2016,08-05-16,Standard Class,AH-10690
CA-2017-107174,11-06-17,11/13/2017,Standard Class,AB-10060
CA-2016-146150,2/14/2016,2/19/2016,Standard Class,FM-14380
CA-2014-114125,07-09-14,7/13/2014,Standard Class,GH-14410
CA-2016-114944,1/30/2016,02-04-16,Standard Class,HE-14800
CA-2016-135965,9/22/2016,9/25/2016,First Class,SZ-20035
CA-2017-149699,12/22/2017,12/24/2017,First Class,CM-12115
CA-2016-166429,09-02-16,09-08-16,Standard Class,TG-21310
CA-2015-112767,08-02-15,08-06-15,Standard Class,DK-12985
CA-2015-119879,11/21/2015,11/25/2015,Standard Class,SS-20410
CA-2017-155642,5/18/2017,5/22/2017,Standard Class,BM-11575
US-2017-101721,7/23/2017,7/27/2017,Standard Class,MY-17380
CA-2015-136728,9/13/2015,9/17/2015,Second Class,AG-10900
CA-2016-127194,12-10-16,12/16/2016,Standard Class,BW-11110
CA-2015-140375,10-02-15,10-05-15,Second Class,SG-20470
US-2017-155866,11/17/2017,11/21/2017,Standard Class,CC-12370
CA-2015-141327,11/30/2015,12-03-15,First Class,LR-16915
CA-2015-136700,12-06-15,12-11-15,Second Class,DB-13120
CA-2017-102736,09-05-17,09-09-17,Standard Class,LP-17095
CA-2017-125269,4/24/2017,4/30/2017,Standard Class,AF-10870
CA-2015-114811,11-08-15,11-08-15,Same Day,KD-16495
CA-2015-122266,4/26/2015,4/30/2015,Standard Class,SA-20830
CA-2015-141565,9/20/2015,9/24/2015,Standard Class,BG-11035
CA-2017-128769,09-07-17,09-12-17,Standard Class,DM-12955
CA-2016-116337,11-07-16,11-12-16,Standard Class,MC-17845
CA-2015-120845,9/25/2015,10-02-15,Standard Class,ML-17395
CA-2014-120775,10-03-14,10-07-14,Standard Class,RD-19930
CA-2014-152905,2/18/2014,2/24/2014,Standard Class,AB-10015
CA-2016-104633,06-12-16,6/16/2016,Standard Class,EA-14035
CA-2017-104136,11-01-17,11-04-17,Second Class,SF-20065
CA-2016-123050,04-04-16,04-08-16,Second Class,BC-11125
CA-2016-162355,6/30/2016,07-02-16,Second Class,PF-19165
CA-2014-158225,9/22/2014,9/28/2014,Standard Class,SE-20110
CA-2017-102204,05-01-17,05-06-17,Standard Class,CJ-12010
CA-2017-103065,10/20/2017,10/20/2017,Same Day,PT-19090
CA-2014-109855,09-01-14,09-05-14,Standard Class,LH-16900
CA-2014-109897,08-12-14,8/16/2014,Standard Class,BW-11200
US-2014-143581,8/19/2014,8/23/2014,Standard Class,BS-11365
CA-2015-129217,05-10-15,05-10-15,Same Day,DP-13390
CA-2016-133816,05-10-16,5/13/2016,Second Class,CS-12400
CA-2015-140221,03-05-15,03-09-15,Second Class,MS-17365
CA-2017-152310,08-12-17,8/19/2017,Standard Class,DK-12895
CA-2016-118101,6/26/2016,6/26/2016,Same Day,SN-20560
CA-2016-100307,12/15/2016,12/19/2016,Standard Class,TC-21475
CA-2015-138457,9/13/2015,9/17/2015,Standard Class,AM-10705
CA-2014-131800,12/30/2014,01-04-15,Standard Class,AJ-10960
CA-2014-118304,4/29/2014,05-04-14,Standard Class,KH-16360
CA-2017-121790,1/30/2017,02-06-17,Standard Class,LP-17095
CA-2016-169670,12/25/2016,12/31/2016,Standard Class,JE-15715
CA-2016-139549,10/20/2016,10/25/2016,Standard Class,MY-18295
CA-2015-104059,6/13/2015,6/15/2015,Second Class,FC-14245
CA-2017-164112,6/30/2017,07-04-17,Standard Class,ND-18460
CA-2015-143882,6/26/2015,6/30/2015,Standard Class,DB-13360
US-2016-139262,2/21/2016,2/25/2016,Standard Class,LC-16960
CA-2017-146192,4/22/2017,4/26/2017,Standard Class,BD-11725
CA-2017-134810,05-09-17,05-10-17,First Class,MC-17605
CA-2015-154284,12/21/2015,12/26/2015,Second Class,SZ-20035
CA-2014-156244,08-12-14,8/16/2014,Standard Class,DH-13675
CA-2015-106362,12-11-15,12/15/2015,Standard Class,LC-16885
US-2017-168802,11-03-17,11-07-17,Standard Class,JO-15145
US-2017-146906,3/13/2017,3/17/2017,Standard Class,MT-17815
CA-2016-166380,5/30/2016,06-03-16,Standard Class,EB-13750
US-2015-158911,07-05-15,07-11-15,Standard Class,RS-19765
US-2014-103338,03-11-14,3/15/2014,Standard Class,RB-19435
CA-2015-109169,4/20/2015,4/24/2015,Standard Class,OT-18730
US-2017-167318,7/26/2017,08-01-17,Standard Class,GZ-14545
US-2014-120313,10/31/2014,11-02-14,Second Class,NL-18310
CA-2017-135419,11-03-17,11-09-17,Standard Class,BG-11740
CA-2016-128671,08-11-16,8/16/2016,Standard Class,MT-18070
CA-2016-149335,7/25/2016,7/25/2016,Same Day,BC-11125
CA-2014-168312,03-01-14,03-07-14,Standard Class,GW-14605
US-2017-105935,1/26/2017,1/31/2017,Standard Class,BD-11500
CA-2014-161508,07-12-14,7/16/2014,Standard Class,PV-18985
CA-2017-130904,04-11-17,4/16/2017,Standard Class,HM-14980
CA-2017-133620,11/13/2017,11/18/2017,Standard Class,EM-14065
CA-2015-142937,12-05-15,12-06-15,First Class,SF-20065
US-2016-149790,9/26/2016,10-01-16,Standard Class,SC-20380
CA-2016-130778,11/19/2016,11/25/2016,Standard Class,ND-18370
CA-2017-144456,09-08-17,09-09-17,First Class,FC-14245
CA-2017-103478,7/21/2017,7/24/2017,Second Class,KL-16555
CA-2017-118577,10-06-17,10-11-17,Standard Class,XP-21865
CA-2017-113572,11-07-17,11-11-17,Standard Class,FP-14320
CA-2016-153269,03-09-16,03-12-16,First Class,PS-18760
CA-2017-161655,5/13/2017,5/18/2017,Second Class,CW-11905
CA-2016-101469,07-02-16,07-08-16,Standard Class,KH-16360
CA-2014-153087,12/27/2014,01-03-15,Standard Class,TC-20980
CA-2017-135076,4/13/2017,4/17/2017,Standard Class,YS-21880
CA-2014-161634,11/14/2014,11/20/2014,Standard Class,CC-12220
CA-2017-141481,06-11-17,6/14/2017,First Class,ZD-21925
CA-2016-132549,11/25/2016,11/30/2016,Standard Class,JK-15370
US-2014-155544,3/21/2014,3/25/2014,Standard Class,GM-14440
US-2015-115238,4/30/2015,05-04-15,Standard Class,JW-15220
CA-2017-132199,05-03-17,05-08-17,Standard Class,BO-11350
CA-2016-163174,8/26/2016,8/30/2016,Standard Class,XP-21865
CA-2014-110555,04-11-14,4/18/2014,Standard Class,MM-18055
CA-2017-147207,01-02-17,01-04-17,Second Class,TS-21655
CA-2017-137631,4/28/2017,05-02-17,Standard Class,JL-15235
CA-2017-157273,1/30/2017,02-02-17,First Class,SZ-20035
CA-2014-109918,09-07-14,09-12-14,Second Class,LR-17035
CA-2016-118745,06-11-16,6/16/2016,Standard Class,SV-20365
CA-2016-163972,10/17/2016,10/21/2016,Standard Class,MG-17890
CA-2014-165393,12/27/2014,12/30/2014,First Class,NC-18415
CA-2016-113726,11/24/2016,12-01-16,Standard Class,SC-20680
CA-2016-152940,11-10-16,11/13/2016,First Class,RO-19780
CA-2015-158701,01-05-15,01-10-15,Standard Class,JL-15175
CA-2017-156272,3/21/2017,3/27/2017,Standard Class,PW-19030
CA-2015-162964,11-12-15,11/18/2015,Standard Class,MF-18250
CA-2014-103527,09-09-14,9/14/2014,Second Class,CC-12220
CA-2016-134544,3/17/2016,3/19/2016,Second Class,AC-10660
CA-2016-163048,02-08-16,2/15/2016,Standard Class,MH-17440
CA-2016-145135,11/26/2016,11/28/2016,First Class,CD-12790
CA-2017-137582,09-04-17,09-08-17,Standard Class,CV-12805
CA-2015-149601,5/28/2015,06-03-15,Standard Class,TB-21625
CA-2014-139423,11-01-14,11-05-14,Standard Class,DG-13300
CA-2016-102596,12/27/2016,12/30/2016,First Class,RD-19810
CA-2017-153227,12-04-17,12-06-17,First Class,CS-12250
CA-2017-110625,12/23/2017,12/30/2017,Standard Class,JB-16045
CA-2016-142594,12-01-16,12-06-16,Second Class,EJ-14155
CA-2014-152254,6/30/2014,6/30/2014,Same Day,BD-11620
US-2014-120236,09-03-14,09-04-14,First Class,MR-17545
CA-2017-120061,11-02-17,11-07-17,Second Class,SR-20425
CA-2015-133837,4/13/2015,4/18/2015,Standard Class,TH-21100
CA-2015-110814,12-05-15,12-09-15,Second Class,BD-11635
CA-2016-154067,02-01-16,02-07-16,Standard Class,SM-20950
CA-2017-140480,07-08-17,07-12-17,Standard Class,HE-14800
CA-2015-134082,12-11-15,12/17/2015,Standard Class,JK-15640
CA-2016-130820,11/15/2016,11/15/2016,Same Day,ON-18715
CA-2016-159765,05-09-16,05-12-16,Second Class,TH-21100
CA-2017-132290,03-10-17,3/14/2017,Standard Class,MD-17350
CA-2016-147109,12/17/2016,12/21/2016,Standard Class,AH-10075
CA-2017-107265,04-06-17,04-12-17,Standard Class,ML-17755
CA-2017-118199,05-09-17,05-11-17,First Class,LB-16795
CA-2017-150091,10-12-17,10/16/2017,Standard Class,NP-18670
CA-2016-137652,8/28/2016,8/30/2016,First Class,EB-13750
CA-2015-128356,10-02-15,10-07-15,Standard Class,RP-19390
CA-2017-167017,11/23/2017,11/25/2017,First Class,DC-12850
US-2017-132220,11-12-17,11/16/2017,Standard Class,DJ-13510
CA-2016-118129,12/19/2016,12/21/2016,Second Class,CL-12565
US-2014-113124,3/30/2014,04-05-14,Standard Class,NC-18340
CA-2017-155621,11-08-17,11/13/2017,Standard Class,KN-16450
US-2014-127635,9/14/2014,9/18/2014,Second Class,SC-20260
CA-2015-151470,9/20/2015,9/26/2015,Standard Class,AM-10705
CA-2015-112823,12-10-15,12/16/2015,Standard Class,RA-19945
CA-2014-108861,5/28/2014,06-01-14,Standard Class,MM-17260
CA-2017-114370,3/14/2017,3/17/2017,Second Class,BN-11470
CA-2016-158302,12-08-16,12-12-16,Second Class,JB-16045
CA-2017-145779,05-06-17,05-10-17,Standard Class,DB-13615
US-2016-155173,03-06-16,03-10-16,Standard Class,JB-16045
CA-2017-125451,10/23/2017,10/24/2017,First Class,AH-10075
CA-2014-131387,4/28/2014,4/30/2014,First Class,AI-10855
CA-2016-125087,4/18/2016,4/23/2016,Standard Class,TH-21115
CA-2016-154081,5/22/2016,5/29/2016,Standard Class,JE-15610
US-2017-118556,5/28/2017,06-02-17,Second Class,TH-21235
CA-2014-126200,8/25/2014,8/29/2014,Standard Class,JE-15715
CA-2014-146500,8/30/2014,09-04-14,Standard Class,AT-10735
CA-2015-169537,09-03-15,09-07-15,Second Class,JH-15820
CA-2014-100881,3/28/2014,04-01-14,Standard Class,DR-12940
CA-2015-144043,05-10-15,5/15/2015,Standard Class,AB-10165
CA-2015-116512,04-09-15,4/14/2015,Standard Class,MC-18100
CA-2015-101000,04-09-15,4/14/2015,Standard Class,IG-15085
CA-2016-168557,9/19/2016,9/23/2016,Standard Class,FH-14275
US-2016-164196,11-11-16,11/17/2016,Standard Class,AS-10285
US-2017-132031,4/23/2017,4/27/2017,Standard Class,PN-18775
CA-2015-169733,10/22/2015,10/26/2015,Second Class,GM-14500
CA-2017-169404,04-09-17,4/14/2017,Standard Class,NC-18625
CA-2017-134880,10/27/2017,11-01-17,Standard Class,TW-21025
CA-2015-145758,10/30/2015,10/30/2015,Same Day,BF-11020
CA-2017-158736,12/18/2017,12/24/2017,Standard Class,TT-21460
US-2016-119270,03-12-16,3/16/2016,Standard Class,SW-20245
CA-2014-109890,7/21/2014,7/27/2014,Standard Class,PG-18820
CA-2016-138583,5/24/2016,5/28/2016,Standard Class,DP-13390
US-2017-118535,02-11-17,2/15/2017,Standard Class,DJ-13510
CA-2016-126284,9/20/2016,9/24/2016,Standard Class,EN-13780
CA-2017-142391,9/24/2017,9/24/2017,Same Day,PB-19150
CA-2017-124716,3/27/2017,3/31/2017,Standard Class,BD-11560
CA-2016-158841,02-02-16,02-04-16,Second Class,SE-20110
CA-2017-106824,07-07-17,07-11-17,Standard Class,AT-10735
CA-2015-109190,10/23/2015,10/28/2015,Standard Class,CC-12685
CA-2016-143154,12-02-16,12-08-16,Standard Class,AS-10225
CA-2014-169061,03-05-14,03-08-14,Second Class,AB-10150
CA-2015-102316,03-01-15,03-03-15,Second Class,DH-13075
CA-2014-164903,2/20/2014,2/24/2014,Standard Class,SR-20740
CA-2016-109400,05-02-16,05-06-16,Standard Class,NR-18550
CA-2016-130400,03-08-16,03-12-16,Standard Class,SJ-20125
CA-2015-135853,12-11-15,12/14/2015,First Class,CA-12775
CA-2016-103359,12/22/2016,12/26/2016,Standard Class,LC-16885
CA-2016-144645,02-02-16,02-08-16,Standard Class,NS-18640
CA-2017-141614,06-05-17,06-09-17,Standard Class,NS-18640
CA-2015-122168,8/21/2015,8/26/2015,Standard Class,HG-14965
CA-2016-132899,04-07-16,04-11-16,Standard Class,SF-20200
CA-2017-149720,06-04-17,06-07-17,Second Class,EM-14065
CA-2017-118003,12-04-17,12-10-17,Standard Class,DO-13645
CA-2016-141887,01-11-16,1/15/2016,Standard Class,MP-17470
US-2016-160206,04-01-16,04-07-16,Standard Class,MY-18295
CA-2017-133074,9/21/2017,9/25/2017,Standard Class,DB-13615
CA-2017-161172,3/16/2017,3/16/2017,Same Day,SP-20920
CA-2017-137624,11-10-17,11/17/2017,Standard Class,ME-17320
CA-2016-156748,11/30/2016,12-06-16,Standard Class,BS-11755
CA-2015-169677,1/13/2015,1/15/2015,Second Class,KS-16300
US-2014-163146,5/16/2014,5/20/2014,Standard Class,CC-12475
CA-2015-157343,06-07-15,06-11-15,Standard Class,HD-14785
CA-2017-147354,03-09-17,3/13/2017,Standard Class,KB-16315
CA-2015-157287,12/22/2015,12/23/2015,First Class,HR-14830
CA-2014-137575,08-06-14,08-11-14,Standard Class,TB-21625
CA-2016-119074,3/27/2016,3/31/2016,Standard Class,DS-13180
CA-2015-149566,12-05-15,12-10-15,Standard Class,GB-14530
CA-2015-126186,09-11-15,09-12-15,First Class,GB-14530
CA-2015-121132,7/17/2015,7/24/2015,Standard Class,VB-21745
CA-2014-140473,5/30/2014,06-03-14,Standard Class,MC-17425
US-2017-102904,11/13/2017,11/20/2017,Standard Class,CB-12025
CA-2016-102092,12-09-16,12-11-16,First Class,PM-18940
CA-2015-117884,3/22/2015,3/22/2015,Same Day,DC-13285
CA-2016-132829,12/23/2016,12/26/2016,Second Class,LA-16780
CA-2016-123540,04-02-16,04-06-16,Second Class,DJ-13420
US-2017-108315,4/30/2017,05-04-17,Standard Class,MH-18115
CA-2016-134110,11/17/2016,11/18/2016,First Class,BG-11035
US-2016-136581,11-10-16,11-12-16,First Class,SV-20365
CA-2016-162390,12-06-16,12-12-16,Standard Class,DP-13105
CA-2016-162222,04-03-16,04-03-16,Same Day,SR-20740
CA-2014-121629,11/28/2014,12-02-14,Standard Class,BT-11680
CA-2015-164623,10/20/2015,10/22/2015,First Class,MS-17770
CA-2014-159849,9/19/2014,9/19/2014,Same Day,JK-15640
CA-2017-101273,8/27/2017,8/30/2017,Second Class,ST-20530
CA-2017-106747,07-03-17,07-04-17,First Class,TS-21505
CA-2017-146164,12/22/2017,12/26/2017,Standard Class,CM-12190
CA-2016-111605,12/27/2016,01-02-17,Standard Class,JW-15955
CA-2014-130673,5/20/2014,5/22/2014,Second Class,MC-17590
CA-2014-104808,02-04-14,02-08-14,Second Class,MH-17440
US-2017-132927,12-09-17,12/15/2017,Standard Class,RD-19720
CA-2017-162015,07-11-17,7/18/2017,Standard Class,KB-16240
CA-2015-138492,5/15/2015,5/22/2015,Standard Class,FC-14335
CA-2017-145338,1/29/2017,02-01-17,First Class,BD-11770
CA-2017-126676,9/29/2017,10-01-17,First Class,FH-14365
CA-2017-101700,4/23/2017,4/26/2017,First Class,SO-20335
CA-2017-159667,11-09-17,11/13/2017,Standard Class,PM-19135
CA-2014-111934,05-05-14,05-07-14,First Class,GD-14590
US-2016-117387,10/27/2016,10/31/2016,Standard Class,PA-19060
CA-2014-141110,11/26/2014,12-01-14,Standard Class,LS-17200
US-2014-133949,12/31/2014,12/31/2014,Same Day,JL-15175
US-2016-116365,01-03-16,01-08-16,Standard Class,CA-12310
CA-2017-162936,8/18/2017,8/22/2017,Standard Class,CM-12160
CA-2014-151946,06-04-14,06-09-14,Standard Class,BT-11440
CA-2017-123624,11/13/2017,11/17/2017,Second Class,SE-20110
CA-2016-146437,1/28/2016,02-01-16,Second Class,HG-14965
CA-2016-138233,11-09-16,11/14/2016,Standard Class,PF-19165
CA-2016-165918,09-10-16,9/14/2016,Standard Class,BD-11770
CA-2017-117513,03-03-17,03-08-17,Standard Class,BT-11395
CA-2017-132437,09-08-17,9/13/2017,Second Class,EM-14095
US-2017-119319,11-06-17,11-09-17,Second Class,LC-17050
CA-2017-104318,5/13/2017,5/18/2017,Standard Class,FH-14275
US-2016-114230,11/27/2016,12-01-16,Standard Class,CM-12235
CA-2015-136147,11/13/2015,11/18/2015,Standard Class,FM-14380
CA-2015-156118,12-08-15,12-12-15,Standard Class,HG-14965
CA-2015-164084,09-07-15,09-12-15,Standard Class,AG-10525
CA-2016-107783,7/28/2016,7/29/2016,First Class,OT-18730
CA-2017-159793,8/25/2017,8/29/2017,Standard Class,SV-20365
CA-2014-160094,4/30/2014,05-02-14,First Class,JM-16195
CA-2017-151281,4/27/2017,05-02-17,Standard Class,HM-14980
CA-2017-118346,7/23/2017,7/24/2017,First Class,PO-19180
CA-2014-129819,12/13/2014,12/15/2014,Second Class,KC-16675
US-2017-148551,01-12-17,1/16/2017,Standard Class,DB-13120
CA-2017-147767,12-02-17,12-02-17,Same Day,SV-20935
CA-2015-108259,11-08-15,11/15/2015,Standard Class,NS-18640
CA-2016-113341,11/25/2016,11/29/2016,Standard Class,MH-17455
US-2015-131842,12-05-15,12-08-15,First Class,RR-19525
CA-2016-164574,7/29/2016,08-03-16,Standard Class,RH-19555
CA-2014-142769,9/13/2014,9/13/2014,Same Day,RP-19390
CA-2016-168361,6/21/2016,6/25/2016,Standard Class,KB-16600
CA-2016-153185,09-03-16,09-08-16,Standard Class,MH-17620
CA-2017-124765,11/25/2017,11/30/2017,Standard Class,HZ-14950
CA-2015-131856,05-12-15,5/17/2015,Standard Class,JG-15160
CA-2017-126634,3/30/2017,04-01-17,Second Class,AB-10165
CA-2016-118500,11/17/2016,11/18/2016,First Class,HJ-14875
CA-2016-163951,12/30/2016,01-02-17,First Class,CJ-11875
CA-2016-149916,12/22/2016,12/24/2016,Second Class,ED-13885
CA-2015-158918,12/20/2015,12/25/2015,Second Class,AI-10855
US-2014-159611,12/27/2014,01-01-15,Second Class,KB-16315
CA-2017-163265,2/16/2017,2/21/2017,Standard Class,JS-16030
CA-2017-141705,10/24/2017,10/26/2017,First Class,PO-18850
CA-2016-112739,09-02-16,09-07-16,Second Class,RD-19810
CA-2016-143805,12-01-16,12-03-16,Second Class,JD-15895
CA-2014-133634,11-05-14,11-10-14,Standard Class,SR-20740
CA-2017-101665,11/25/2017,12-01-17,Standard Class,TZ-21580
CA-2016-155446,12/16/2016,12/23/2016,Standard Class,TN-21040
CA-2017-137323,11/14/2017,11/18/2017,Second Class,PW-19030
CA-2016-144015,6/26/2016,6/26/2016,Same Day,AH-10075
CA-2014-101427,12/26/2014,12/30/2014,Standard Class,AY-10555
CA-2016-136770,8/14/2016,8/18/2016,Standard Class,SP-20650
CA-2016-118311,10/24/2016,10/28/2016,Standard Class,ED-13885
US-2014-112795,8/23/2014,8/28/2014,Second Class,CR-12625
CA-2017-127096,9/15/2017,9/17/2017,Second Class,CS-12400
CA-2017-119284,6/15/2017,6/20/2017,Standard Class,TS-21205
CA-2015-133494,03-01-15,03-05-15,Standard Class,RP-19390
CA-2016-111318,7/23/2016,7/26/2016,First Class,IL-15100
US-2014-132745,10-01-14,10-05-14,Standard Class,NF-18475
CA-2014-146815,09-08-14,9/13/2014,Standard Class,PP-18955
CA-2014-119144,11/16/2014,11/18/2014,First Class,JD-16150
CA-2014-105648,03-03-14,03-07-14,Standard Class,EJ-14155
US-2015-145422,12-03-15,12-07-15,Standard Class,PW-19240
CA-2017-136623,07-11-17,7/16/2017,Standard Class,TS-21430
CA-2017-121678,11/16/2017,11/20/2017,Second Class,BM-11650
CA-2016-120824,06-12-16,6/16/2016,Second Class,AW-10930
US-2016-135209,12/29/2016,12/31/2016,Second Class,MH-17290
CA-2017-148145,3/18/2017,3/23/2017,Standard Class,SW-20275
CA-2015-103870,12/27/2015,12/31/2015,Standard Class,SP-20860
CA-2015-111017,7/31/2015,08-06-15,Standard Class,SC-20695
CA-2017-116988,6/27/2017,6/29/2017,Second Class,PW-19030
US-2014-169390,02-07-14,02-10-14,Second Class,CS-12250
CA-2016-168774,09-04-16,09-09-16,Standard Class,RP-19855
CA-2017-161592,04-06-17,04-10-17,Standard Class,CS-12175
US-2017-131961,12-08-17,12-11-17,First Class,MJ-17740
CA-2016-102498,7/24/2016,7/25/2016,First Class,JG-15160
CA-2015-113222,11-09-15,11-09-15,Same Day,AG-10765
US-2015-144771,10-02-15,10-04-15,First Class,CK-12205
CA-2015-162376,11/22/2015,11/25/2015,Second Class,HD-14785
CA-2017-128076,02-02-17,02-07-17,Standard Class,BO-11350
US-2015-163825,6/16/2015,6/19/2015,First Class,LC-16885
CA-2016-105662,05-05-16,05-09-16,Standard Class,RB-19465
CA-2017-152198,09-09-17,09-10-17,First Class,JD-16015
CA-2016-114307,7/22/2016,7/26/2016,Standard Class,MF-17665
CA-2016-159891,1/31/2016,02-06-16,Standard Class,BF-11170
CA-2016-112578,12/29/2016,01-02-17,Standard Class,FO-14305
CA-2015-107083,11/21/2015,11/27/2015,Standard Class,BB-11545
CA-2015-151722,10-05-15,10-09-15,Standard Class,IL-15100
CA-2016-151148,09-12-16,9/13/2016,Same Day,PO-19180
CA-2017-115882,9/14/2017,9/17/2017,First Class,DB-13555
CA-2015-132276,2/23/2015,2/28/2015,Standard Class,LC-16960
CA-2016-163636,12-05-16,12-09-16,Second Class,MP-18175
CA-2016-102813,07-02-16,07-03-16,First Class,EA-14035
CA-2017-135377,12/13/2017,12/18/2017,Standard Class,BP-11095
CA-2015-165813,3/20/2015,3/22/2015,Second Class,BM-11785
CA-2015-133585,03-01-15,03-04-15,First Class,CM-12715
CA-2016-116911,9/15/2016,9/20/2016,Standard Class,JD-16150
US-2017-129224,3/17/2017,3/23/2017,Standard Class,AS-10630
CA-2017-145765,5/28/2017,06-02-17,Standard Class,CM-11815
CA-2017-126914,6/15/2017,6/19/2017,Standard Class,JE-15715
CA-2015-169572,09-06-15,09-12-15,Standard Class,AG-10525
CA-2017-162075,3/18/2017,3/24/2017,Standard Class,TT-21220
CA-2014-162992,12/19/2014,12/21/2014,First Class,BP-11095
CA-2016-106397,07-07-16,7/13/2016,Standard Class,MJ-17740
US-2016-150140,04-06-16,04-10-16,Standard Class,VM-21685
CA-2014-116666,05-08-14,05-10-14,First Class,KT-16480
CA-2017-148992,11/23/2017,11/27/2017,Standard Class,CS-12250
CA-2016-140935,11-10-16,11-12-16,First Class,AB-10015
CA-2014-157644,12/31/2014,01-01-15,First Class,AH-10030
US-2017-100398,8/19/2017,8/23/2017,Standard Class,DO-13435
CA-2016-113082,09-12-16,9/16/2016,Standard Class,MC-17590
US-2017-110646,10/26/2017,10/31/2017,Standard Class,JF-15190
CA-2017-120614,5/30/2017,06-04-17,Standard Class,SM-20950
US-2016-140172,03-08-16,3/13/2016,Standard Class,SP-20650
CA-2015-127754,7/26/2015,7/31/2015,Standard Class,CK-12760
CA-2015-144274,11/23/2015,11/25/2015,Second Class,PW-19240
CA-2015-142930,11/28/2015,12-02-15,Standard Class,EB-14170
CA-2017-100622,11-03-17,11-07-17,Standard Class,DK-13090
CA-2017-117156,3/21/2017,3/23/2017,Second Class,TB-21055
CA-2015-115399,12/19/2015,12/22/2015,First Class,AG-10900
US-2014-157847,04-02-14,04-06-14,Second Class,SC-20020
CA-2015-115168,06-05-15,06-09-15,Standard Class,BB-11545
CA-2014-109680,10-06-14,10-09-14,First Class,VP-21760
CA-2016-167983,8/21/2016,8/24/2016,Second Class,RP-19270
CA-2015-145324,11/15/2015,11/19/2015,Standard Class,DH-13675
CA-2015-153423,6/22/2015,6/27/2015,Standard Class,SW-20455
US-2017-132675,9/24/2017,9/28/2017,Standard Class,KF-16285
CA-2014-153808,04-06-14,04-10-14,Second Class,FH-14275
US-2016-112396,02-09-16,2/13/2016,Standard Class,JR-16210
CA-2014-141173,11/18/2014,11/20/2014,Second Class,JC-16105
CA-2017-156664,12/18/2017,12/23/2017,Standard Class,BP-11290
CA-2015-140718,07-02-15,07-04-15,First Class,FA-14230
CA-2014-119977,10-08-14,10/13/2014,Second Class,DN-13690
US-2015-115343,9/22/2015,9/25/2015,First Class,FO-14305
CA-2017-163671,12/24/2017,12/30/2017,Standard Class,DP-13105
CA-2017-135909,10/13/2017,10/20/2017,Standard Class,JW-15220
US-2017-114356,8/20/2017,8/26/2017,Standard Class,TT-21460
CA-2015-125934,09-11-15,9/18/2015,Standard Class,SN-20560
CA-2015-158148,12/20/2015,12/26/2015,Standard Class,JM-15865
CA-2014-120411,9/20/2014,9/23/2014,First Class,SB-20185
CA-2016-158260,11-04-16,11-08-16,Standard Class,CC-12475
CA-2017-101805,12-01-17,12-06-17,Standard Class,SH-19975
US-2014-105137,10-10-14,10-10-14,Same Day,RB-19435
CA-2017-142489,11/14/2017,11/16/2017,Second Class,TC-21295
US-2016-141264,8/13/2016,8/19/2016,Standard Class,CT-11995
CA-2017-126928,9/17/2017,9/23/2017,Standard Class,GZ-14470
US-2015-107944,3/23/2015,3/25/2015,First Class,AM-10360
CA-2016-135594,6/30/2016,07-03-16,Second Class,AH-10120
US-2017-115252,10/20/2017,10/25/2017,Standard Class,MY-18295
CA-2014-107398,8/25/2014,8/30/2014,Standard Class,BS-11590
CA-2014-169642,7/27/2014,7/30/2014,Second Class,BB-10990
CA-2017-103968,12-01-17,12-07-17,Standard Class,ML-17755
CA-2016-147256,10/17/2016,10/21/2016,Second Class,FC-14245
CA-2016-162159,9/16/2016,9/18/2016,First Class,CR-12625
CA-2015-111038,12-01-15,12-06-15,Standard Class,LC-16960
CA-2014-124723,08-05-14,08-12-14,Standard Class,GZ-14470
CA-2016-167241,8/15/2016,8/22/2016,Standard Class,BD-11320
CA-2015-163237,08-07-15,08-09-15,Second Class,EM-14095
CA-2016-150483,5/31/2016,06-04-16,Standard Class,BP-11290
US-2016-126431,07-01-16,07-01-16,Same Day,SU-20665
CA-2016-139934,12/18/2016,12/20/2016,First Class,AY-10555
CA-2015-109603,1/26/2015,02-01-15,Standard Class,EM-13825
CA-2017-160661,10/28/2017,11-01-17,Standard Class,SA-20830
CA-2017-102610,11-04-17,11-08-17,Standard Class,CA-12265
US-2016-144057,05-09-16,5/13/2016,Standard Class,CV-12805
CA-2014-160276,04-02-14,04-08-14,Standard Class,AH-10690
CA-2014-132983,4/28/2014,05-03-14,Standard Class,DS-13180
CA-2016-145709,10-04-16,10-08-16,Standard Class,AH-10690
CA-2017-133928,06-11-17,6/17/2017,Standard Class,ZC-21910
CA-2016-168032,1/30/2016,02-03-16,Standard Class,DF-13135
CA-2015-143616,9/27/2015,9/29/2015,Second Class,SS-20140
US-2015-168704,4/13/2015,4/17/2015,Standard Class,FP-14320
CA-2017-143252,12/18/2017,12/24/2017,Standard Class,HE-14800
CA-2016-102134,3/14/2016,3/19/2016,Standard Class,SP-20545
CA-2017-130036,8/27/2017,8/27/2017,Same Day,BP-11185
CA-2015-134117,12/17/2015,12/19/2015,Second Class,PG-18895
CA-2014-130918,8/22/2014,8/24/2014,Second Class,JP-15520
CA-2016-159023,11-03-16,11-05-16,First Class,NW-18400
CA-2017-111717,10-10-17,10/16/2017,Standard Class,SW-20245
CA-2014-154592,12-07-14,12-08-14,First Class,EH-14005
CA-2014-128622,11/15/2014,11/17/2014,Second Class,SC-20260
CA-2017-148355,12/24/2017,12/28/2017,Standard Class,NC-18535
CA-2014-132913,12/24/2014,12/26/2014,First Class,AS-10090
CA-2017-150910,12/22/2017,12/28/2017,Standard Class,JL-15130
CA-2014-156790,08-08-14,08-10-14,Second Class,VG-21790
CA-2014-126480,9/20/2014,9/24/2014,Standard Class,HG-14965
CA-2017-105620,12/25/2017,12/28/2017,First Class,JH-15430
CA-2017-150266,11/25/2017,11/30/2017,Standard Class,RO-19780
CA-2016-157280,11-05-16,11-07-16,First Class,LW-17125
CA-2017-106691,11-06-17,11-12-17,Standard Class,CC-12370
CA-2016-134180,11-03-16,11-07-16,Standard Class,JP-16135
CA-2014-166730,12/30/2014,01-01-15,First Class,DD-13570
CA-2017-157469,12-02-17,12-07-17,Standard Class,ES-14080
CA-2017-122308,3/24/2017,3/28/2017,Standard Class,MV-17485
US-2014-149034,11/19/2014,11/21/2014,First Class,RD-19900
CA-2017-159226,4/25/2017,4/27/2017,Second Class,RL-19615
CA-2017-156622,11/23/2017,11/26/2017,First Class,JP-15460
CA-2014-119529,11-03-14,11-05-14,Second Class,DM-13345
CA-2015-150413,10/19/2015,10/24/2015,Second Class,CS-11860
CA-2014-108182,02-06-14,02-10-14,Second Class,DL-13315
CA-2016-110898,03-06-16,03-12-16,Standard Class,LC-16870
CA-2015-123092,12-03-15,12-07-15,Standard Class,JG-15115
US-2015-128587,12/24/2015,12/30/2015,Standard Class,HM-14860
US-2017-139577,10-01-17,10-06-17,Standard Class,TN-21040
CA-2017-159100,10/16/2017,10/21/2017,Standard Class,VP-21760
CA-2014-109043,8/15/2014,8/17/2014,First Class,CS-12355
US-2017-116491,11-11-17,11/13/2017,First Class,PG-18820
CA-2017-122763,3/20/2017,3/20/2017,Same Day,HG-14845
CA-2017-137785,5/13/2017,5/17/2017,Standard Class,MH-18115
CA-2014-133389,6/22/2014,6/22/2014,Same Day,TB-21280
CA-2014-103807,12-02-14,12-09-14,Standard Class,EM-13825
CA-2015-102855,04-05-15,04-06-15,Same Day,JF-15415
CA-2017-107825,11/18/2017,11/18/2017,Same Day,NB-18655
CA-2017-106047,07-12-17,7/18/2017,Standard Class,CS-11860
CA-2017-127803,5/19/2017,5/23/2017,Standard Class,ND-18460
CA-2015-137071,12/20/2015,12/21/2015,First Class,ED-13885
CA-2016-121447,2/21/2016,2/22/2016,First Class,EA-14035
CA-2017-143084,3/18/2017,3/22/2017,Standard Class,BP-11050
CA-2016-131639,12/17/2016,12/23/2016,Standard Class,NS-18640
CA-2016-161361,3/26/2016,3/28/2016,Second Class,MV-17485
CA-2014-100706,12/16/2014,12/18/2014,Second Class,LE-16810
CA-2015-129525,11/15/2015,11/20/2015,Standard Class,VP-21760
US-2016-141880,8/22/2016,8/23/2016,First Class,TC-21475
CA-2015-165799,6/29/2015,07-02-15,First Class,SG-20470
CA-2016-102127,6/26/2016,07-02-16,Standard Class,VP-21760
US-2016-152415,9/17/2016,9/22/2016,Standard Class,PO-18865
CA-2014-138198,7/18/2014,7/23/2014,Standard Class,JL-15130
CA-2017-128041,09-01-17,09-01-17,Same Day,RW-19540
CA-2017-105823,6/22/2017,6/26/2017,Standard Class,RB-19465
CA-2014-152268,09-02-14,09-07-14,Standard Class,SC-20095
CA-2015-148873,10-01-15,10-05-15,Standard Class,EM-13960
CA-2015-166492,04-07-15,04-10-15,First Class,RP-19390
CA-2017-157420,11/21/2017,11/21/2017,Same Day,HZ-14950
CA-2016-117121,12/17/2016,12/21/2016,Standard Class,AB-10105
CA-2014-138177,9/19/2014,9/24/2014,Standard Class,ND-18460
CA-2014-114335,9/28/2014,10-03-14,Standard Class,XP-21865
CA-2015-168760,9/22/2015,9/26/2015,Second Class,MM-18280
CA-2016-168830,11-07-16,11/13/2016,Standard Class,ML-17395
CA-2017-137463,12/16/2017,12/20/2017,Second Class,KM-16225
CA-2014-124513,9/21/2014,9/25/2014,Standard Class,SL-20155
CA-2015-165554,5/18/2015,5/22/2015,Standard Class,AJ-10780
CA-2014-141838,3/26/2014,3/31/2014,Second Class,DK-12835
CA-2017-117009,9/22/2017,9/28/2017,Standard Class,BK-11260
CA-2015-128993,09-12-15,9/17/2015,Second Class,CC-12670
CA-2015-160227,11-02-15,11-04-15,First Class,ED-13885
CA-2015-149097,10/20/2015,10/24/2015,Standard Class,SV-20785
CA-2016-132304,6/14/2016,6/18/2016,Standard Class,AR-10825
CA-2015-136420,11/20/2015,11/21/2015,First Class,CS-12250
CA-2016-101623,2/28/2016,03-06-16,Standard Class,RR-19525
US-2014-151015,10/14/2014,10/20/2014,Standard Class,BD-11500
CA-2017-152968,5/26/2017,5/30/2017,Standard Class,BM-11785
CA-2016-150077,02-04-16,02-10-16,Standard Class,MS-17365
CA-2016-106278,09-02-16,09-05-16,Second Class,BM-11140
CA-2017-147550,12-04-17,12-05-17,First Class,KE-16420
CA-2015-136105,06-12-15,6/16/2015,Standard Class,SZ-20035
CA-2016-142524,09-04-16,09-08-16,Standard Class,MB-18085
CA-2014-136336,4/21/2014,4/26/2014,Standard Class,DB-13555
US-2015-136259,11-05-15,11-08-15,First Class,CB-12415
US-2014-124625,11-03-14,11-07-14,Standard Class,SP-20650
CA-2016-108105,2/16/2016,2/23/2016,Standard Class,GW-14605
CA-2017-166898,09-11-17,9/13/2017,Second Class,KH-16630
CA-2017-169005,11-02-17,11-06-17,Standard Class,BG-11035
CA-2015-104038,02-06-15,02-08-15,First Class,LO-17170
CA-2016-126102,09-10-16,09-12-16,Second Class,DV-13465
CA-2016-143406,9/26/2016,9/30/2016,Standard Class,LR-17035
CA-2015-150308,12/15/2015,12/20/2015,Standard Class,RR-19525
CA-2016-131093,9/17/2016,9/20/2016,Second Class,TS-21610
US-2017-148831,10/13/2017,10/15/2017,First Class,AH-10210
CA-2015-162950,6/28/2015,07-03-15,Second Class,DW-13585
US-2015-132836,06-01-15,06-05-15,Standard Class,AJ-10945
US-2014-158365,04-12-14,4/17/2014,Standard Class,SV-20785
CA-2017-152933,10-12-17,10/16/2017,Standard Class,MG-17650
CA-2015-163181,11-07-15,11-12-15,Standard Class,AB-10105
CA-2015-132941,5/25/2015,5/28/2015,First Class,MM-18280
CA-2014-132010,10/13/2014,10/15/2014,First Class,MA-17995
CA-2016-135461,02-07-16,02-10-16,Second Class,EB-13975
CA-2017-153045,1/19/2017,1/24/2017,Second Class,NS-18505
US-2016-155971,06-06-16,06-12-16,Standard Class,RB-19795
CA-2017-122007,3/18/2017,3/20/2017,Second Class,JK-15325
CA-2017-162250,11/24/2017,11/24/2017,Same Day,PR-18880
US-2016-158288,11/26/2016,11/28/2016,Second Class,EH-13945
CA-2016-128916,8/18/2016,8/20/2016,Second Class,MA-17560
CA-2015-157028,11/28/2015,12-03-15,Standard Class,MA-17995
CA-2017-112473,5/25/2017,06-01-17,Standard Class,JL-15505
US-2017-147655,09-04-17,09-05-17,First Class,AS-10045
CA-2016-130911,3/24/2016,3/26/2016,Second Class,DC-12850
CA-2017-100055,5/28/2017,06-01-17,Standard Class,MD-17860
CA-2015-157805,8/31/2015,09-04-15,Standard Class,RH-19510
CA-2016-124254,04-12-16,4/17/2016,Standard Class,TB-21175
CA-2014-123400,02-02-14,02-09-14,Standard Class,EB-13930
CA-2014-106971,09-02-14,09-08-14,Standard Class,BM-11785
CA-2017-123029,9/30/2017,10-02-17,Second Class,BT-11530
CA-2016-139409,09-05-16,09-07-16,First Class,FW-14395
US-2017-166688,5/20/2017,5/26/2017,Standard Class,RD-19480
CA-2015-126970,9/20/2015,9/24/2015,Standard Class,TP-21130
US-2016-165505,1/23/2016,1/27/2016,Standard Class,CB-12535
US-2014-157070,06-01-14,06-06-14,Standard Class,QJ-19255
US-2015-106873,9/24/2015,9/29/2015,Second Class,KM-16720
CA-2016-132990,08-01-16,08-03-16,Second Class,KM-16660
CA-2014-102645,1/23/2014,1/28/2014,Standard Class,IM-15055
CA-2014-134215,08-04-14,08-08-14,Standard Class,ML-17395
CA-2016-118934,08-09-16,8/14/2016,Standard Class,GH-14410
CA-2016-160108,12-08-16,12-12-16,Standard Class,AG-10900
CA-2015-164007,06-08-15,06-12-15,Standard Class,MG-17695
CA-2016-100300,6/24/2016,6/26/2016,Second Class,MJ-17740
CA-2016-140571,3/15/2016,3/19/2016,Standard Class,SJ-20125
US-2016-155768,12-01-16,12-01-16,Same Day,LB-16795
CA-2017-119424,06-12-17,6/14/2017,Second Class,SB-20185
CA-2016-118178,3/19/2016,3/24/2016,Standard Class,CC-12610
CA-2016-166618,11/14/2016,11/18/2016,Standard Class,DP-13000
CA-2017-156776,08-07-17,08-11-17,Standard Class,JL-15505
US-2015-130512,8/21/2015,8/25/2015,Standard Class,SM-20320
CA-2015-141810,11-02-15,11-07-15,Standard Class,BB-10990
CA-2014-146843,11/30/2014,12-06-14,Standard Class,PB-19150
CA-2014-103310,05-10-14,5/15/2014,Standard Class,GM-14680
CA-2016-152688,10/17/2016,10/20/2016,First Class,NR-18550
CA-2016-153836,10/30/2016,11-03-16,Standard Class,EH-13765
CA-2016-104689,12-01-16,12-05-16,Standard Class,FH-14365
CA-2016-146423,4/21/2016,4/21/2016,Same Day,BT-11680
CA-2017-140781,08-03-17,08-07-17,Standard Class,AB-10105
CA-2017-141747,08-03-17,08-08-17,Second Class,SC-20230
CA-2017-142776,12-11-17,12/14/2017,Second Class,RS-19870
CA-2015-167479,3/14/2015,3/19/2015,Standard Class,AI-10855
CA-2014-144071,12-08-14,12/15/2014,Standard Class,DJ-13420
US-2017-120908,9/30/2017,10-02-17,First Class,BF-10975
CA-2016-152646,11/21/2016,11/26/2016,Standard Class,TH-21235
CA-2017-103765,11/24/2017,11/30/2017,Standard Class,JG-15310
US-2017-118157,11/14/2017,11/17/2017,First Class,AW-10930
US-2015-164238,8/16/2015,8/20/2015,Standard Class,JW-15955
CA-2017-103212,10/13/2017,10/14/2017,First Class,MH-18025
CA-2017-121160,11-04-17,11-04-17,Same Day,FM-14290
CA-2017-140515,3/19/2017,3/24/2017,Standard Class,GZ-14545
CA-2014-153619,11-03-14,11-03-14,Same Day,TC-21535
CA-2017-133718,7/23/2017,7/26/2017,First Class,TB-21520
CA-2014-148383,12/27/2014,12/31/2014,Standard Class,RP-19390
CA-2016-126732,09-02-16,09-06-16,Standard Class,LR-16915
CA-2017-138156,02-11-17,2/14/2017,First Class,MM-17260
CA-2017-110310,10/27/2017,11-02-17,Standard Class,NB-18655
CA-2014-113271,07-09-14,7/14/2014,Standard Class,DS-13030
CA-2017-130106,5/22/2017,5/26/2017,Standard Class,VF-21715
CA-2016-127761,11-10-16,11/14/2016,Standard Class,SW-20275
CA-2016-105354,12-02-16,12-06-16,Standard Class,PW-19030
CA-2017-155712,03-02-17,03-08-17,Standard Class,KD-16615
CA-2017-102309,9/23/2017,9/25/2017,Second Class,DO-13645
CA-2014-168368,02-11-14,2/15/2014,Second Class,GA-14725
CA-2017-167976,11-11-17,11/14/2017,Second Class,JL-15505
CA-2017-111388,09-02-17,09-02-17,Same Day,SU-20665
CA-2015-124499,10-09-15,10/13/2015,Standard Class,FM-14380
US-2017-128118,11/24/2017,12-01-17,Standard Class,MY-17380
CA-2014-125759,02-08-14,02-09-14,First Class,NM-18445
CA-2015-151869,9/25/2015,9/25/2015,Same Day,CS-11950
US-2017-102183,8/21/2017,8/28/2017,Standard Class,PK-19075
CA-2016-100510,05-12-16,5/17/2016,Standard Class,HM-14860
CA-2017-146983,09-02-17,09-06-17,Standard Class,AH-10210
US-2014-134054,10-10-14,10-10-14,Same Day,FC-14335
CA-2016-113236,5/26/2016,5/29/2016,Second Class,CP-12085
CA-2017-122539,12-01-17,12-05-17,Standard Class,SC-20305
CA-2016-166772,9/20/2016,9/24/2016,Standard Class,HJ-14875
US-2017-152898,09-11-17,9/15/2017,Standard Class,CB-12025
CA-2016-160486,12/30/2016,01-04-17,Standard Class,EH-14185
CA-2017-102218,09-02-17,09-04-17,Second Class,LW-17215
CA-2014-161032,11/18/2014,11/23/2014,Standard Class,MK-17905
CA-2015-102778,11/21/2015,11/24/2015,First Class,JH-15820
CA-2017-154011,6/19/2017,6/26/2017,Standard Class,DB-13270
US-2017-165456,11/30/2017,12-03-17,First Class,TB-21625
CA-2014-111857,4/23/2014,4/26/2014,Second Class,NM-18445
CA-2014-163650,9/23/2014,9/25/2014,First Class,TT-21220
CA-2017-124114,03-02-17,03-02-17,Same Day,RS-19765
US-2017-116505,11/17/2017,11/21/2017,Second Class,TB-21625
CA-2017-161340,5/28/2017,06-01-17,Standard Class,AM-10360
US-2015-163433,4/18/2015,4/22/2015,Second Class,MP-17965
CA-2015-137603,9/19/2015,9/24/2015,Standard Class,MH-17290
CA-2014-128237,3/25/2014,3/30/2014,Standard Class,CA-12265
US-2016-102141,8/26/2016,8/31/2016,Standard Class,KD-16615
CA-2017-148642,03-06-17,03-12-17,Standard Class,DW-13540
CA-2015-111948,11-11-15,11-11-15,Same Day,AG-10495
CA-2016-161907,04-05-16,04-09-16,Standard Class,JH-16180
CA-2017-124940,2/21/2017,2/26/2017,Standard Class,DK-13090
US-2017-108343,7/20/2017,7/25/2017,Standard Class,AR-10825
US-2016-111563,11-04-16,11-08-16,Standard Class,SM-20005
CA-2017-121853,9/23/2017,9/29/2017,Standard Class,DB-13660
US-2017-130687,09-07-17,09-10-17,First Class,PF-19225
CA-2015-164497,11/28/2015,11/30/2015,First Class,AJ-10945
US-2015-153283,11-12-15,11/18/2015,Standard Class,EB-14110
CA-2016-108056,9/29/2016,10-03-16,Standard Class,ES-14080
CA-2017-127726,09-11-17,9/13/2017,Second Class,SS-20410
CA-2017-110198,05-01-17,05-02-17,First Class,AG-10900
CA-2017-130715,9/16/2017,9/20/2017,Standard Class,CY-12745
CA-2014-155264,10/19/2014,10/22/2014,Second Class,RP-19270
CA-2016-119123,3/13/2016,3/18/2016,Standard Class,DB-13360
CA-2017-109085,2/17/2017,2/20/2017,First Class,CK-12325
CA-2016-114860,12/22/2016,12/28/2016,Standard Class,DN-13690
CA-2016-159009,9/23/2016,9/27/2016,Standard Class,DP-13105
CA-2017-148411,9/24/2017,9/26/2017,First Class,RO-19780
CA-2015-110324,12-01-15,12-05-15,Standard Class,MA-17560
CA-2016-168046,1/25/2016,1/28/2016,Second Class,JD-15895
CA-2017-111591,3/21/2017,3/25/2017,Standard Class,PS-18970
US-2014-166828,8/22/2014,8/25/2014,First Class,JF-15415
CA-2014-108147,06-08-14,6/13/2014,Standard Class,RD-19480
CA-2016-154998,04-07-16,04-09-16,First Class,ES-14080
CA-2017-113460,11-07-17,11-09-17,Second Class,KN-16390
CA-2015-111339,5/29/2015,5/31/2015,First Class,VP-21760
CA-2017-102820,05-07-17,05-11-17,Standard Class,CS-11950
CA-2016-149671,06-05-16,06-09-16,Standard Class,KB-16600
CA-2015-126347,12/14/2015,12/19/2015,Second Class,AJ-10945
CA-2017-108756,12/25/2017,12/29/2017,Standard Class,PO-18865
CA-2017-155362,12/17/2017,12/21/2017,Standard Class,DP-13105
CA-2016-117625,05-10-16,5/15/2016,Standard Class,GM-14500
CA-2014-154158,12/23/2014,12/27/2014,Second Class,CC-12670
CA-2017-100433,08-11-17,8/16/2017,Standard Class,SJ-20125
CA-2017-163097,8/27/2017,8/31/2017,Standard Class,SF-20200
US-2017-127292,1/19/2017,1/23/2017,Standard Class,RM-19375
CA-2015-163734,6/19/2015,6/24/2015,Standard Class,KM-16375
CA-2017-162474,3/13/2017,3/16/2017,First Class,FH-14275
CA-2015-130848,10/25/2015,10/25/2015,Same Day,DG-13300
CA-2014-125997,9/20/2014,9/23/2014,First Class,MW-18220
CA-2016-103128,11-11-16,11/15/2016,Standard Class,SC-20845
CA-2015-167696,9/16/2015,9/21/2015,Standard Class,BD-11500
CA-2014-159814,6/24/2014,6/28/2014,Standard Class,LP-17080
CA-2016-105459,08-12-16,8/17/2016,Second Class,NP-18700
CA-2017-141663,4/13/2017,4/17/2017,Standard Class,DP-13105
CA-2014-152618,3/14/2014,3/17/2014,First Class,RB-19465
CA-2017-162789,9/22/2017,9/24/2017,Second Class,LC-17140
US-2017-110149,12-10-17,12/13/2017,First Class,WB-21850
CA-2016-108959,03-10-16,3/14/2016,Second Class,MH-17785
CA-2015-164777,1/27/2015,1/29/2015,First Class,SC-20305
CA-2016-132017,9/26/2016,9/27/2016,First Class,MH-17620
CA-2015-127824,10/18/2015,10/22/2015,Standard Class,JC-15775
CA-2014-148285,10/27/2014,11-01-14,Standard Class,RD-19810
CA-2017-152926,10-02-17,10-04-17,Second Class,SC-20695
CA-2014-145254,7/23/2014,7/27/2014,Standard Class,NC-18535
CA-2014-116246,09-12-14,9/17/2014,Second Class,LW-17215
CA-2016-160479,9/15/2016,9/20/2016,Standard Class,AH-10585
CA-2014-167486,11/27/2014,12-01-14,Standard Class,JO-15145
CA-2014-152100,05-11-14,5/16/2014,Standard Class,VW-21775
CA-2015-166219,8/28/2015,09-01-15,Standard Class,BP-11185
CA-2015-111864,6/19/2015,6/19/2015,Same Day,PP-18955
CA-2015-119627,8/17/2015,8/23/2015,Standard Class,SC-20725
CA-2015-160787,9/25/2015,9/25/2015,Same Day,BM-11785
CA-2017-107853,5/26/2017,5/31/2017,Standard Class,CD-11920
CA-2017-126144,7/31/2017,08-05-17,Standard Class,GM-14680
US-2014-154655,10-12-14,10/17/2014,Standard Class,BP-11050
CA-2014-100391,5/25/2014,5/29/2014,Standard Class,BW-11065
CA-2014-165477,12/29/2014,12/31/2014,Second Class,RE-19405
CA-2017-165904,04-07-17,04-11-17,Standard Class,HR-14770
CA-2015-104052,03-01-15,03-02-15,First Class,TP-21565
CA-2015-168277,5/29/2015,06-03-15,Standard Class,KB-16315
CA-2016-158617,9/22/2016,9/28/2016,Standard Class,AC-10660
CA-2017-136882,5/27/2017,06-03-17,Standard Class,DN-13690
US-2016-148957,9/17/2016,9/23/2016,Standard Class,CC-12430
CA-2014-140032,09-08-14,9/13/2014,Standard Class,TS-21340
CA-2017-145506,06-03-17,06-07-17,Standard Class,MO-17800
CA-2015-129546,9/28/2015,10-05-15,Standard Class,RP-19855
CA-2016-140977,6/16/2016,6/19/2016,Second Class,JL-15175
CA-2017-151855,5/27/2017,06-03-17,Standard Class,BW-11110
CA-2014-138240,10-09-14,10/14/2014,Standard Class,SJ-20500
CA-2014-101833,11/17/2014,11/22/2014,Second Class,FG-14260
CA-2014-100867,10/19/2014,10/24/2014,Standard Class,EH-14125
US-2017-109610,11/25/2017,11/30/2017,Second Class,BS-11590
CA-2014-156545,2/27/2014,03-03-14,First Class,JS-16030
CA-2014-109127,12/21/2014,12/25/2014,Standard Class,JC-15775
CA-2016-126858,11/19/2016,11/23/2016,Standard Class,JM-15265
CA-2017-102925,11-05-17,11-10-17,Second Class,CD-12280
CA-2015-100818,5/31/2015,06-05-15,Second Class,JM-15265
CA-2014-126193,09-07-14,9/14/2014,Standard Class,SS-20410
CA-2017-150504,11-06-17,11-12-17,Standard Class,HG-14845
CA-2015-158351,6/20/2015,6/24/2015,Second Class,BC-11125
CA-2014-122679,7/22/2014,7/28/2014,Standard Class,AB-10255
CA-2016-164770,12-02-16,12-04-16,Second Class,MY-18295
CA-2017-130505,10-12-17,10-12-17,Same Day,NF-18385
US-2017-125213,12-11-17,12/13/2017,First Class,NB-18655
CA-2015-156566,10-01-15,10-04-15,First Class,EM-13960
US-2016-102232,08-05-16,08-11-16,Standard Class,MF-17665
CA-2017-111738,01-03-17,01-07-17,Standard Class,CM-12385
CA-2017-163188,11-07-17,11-07-17,Same Day,EC-14050
CA-2016-105207,01-03-16,01-08-16,Standard Class,BO-11350
US-2016-123610,05-12-16,5/16/2016,Standard Class,VM-21835
CA-2017-118213,11-05-17,11-07-17,First Class,AB-10060
CA-2016-149237,5/26/2016,5/30/2016,Standard Class,CM-12235
US-2015-158589,11/20/2015,11/24/2015,Standard Class,KW-16570
CA-2016-101329,4/22/2016,4/29/2016,Standard Class,MM-17920
CA-2016-113607,10/14/2016,10/18/2016,Standard Class,PW-19030
CA-2014-149104,04-05-14,04-07-14,Second Class,RD-19900
CA-2016-105263,08-06-16,08-11-16,Standard Class,LM-17065
CA-2014-130575,12/14/2014,12/16/2014,First Class,CS-11845
CA-2017-142461,5/30/2017,06-03-17,Second Class,KT-16480
CA-2016-125220,10/14/2016,10/19/2016,Standard Class,BE-11410
CA-2014-100293,3/14/2014,3/18/2014,Standard Class,NF-18475
CA-2014-154165,2/17/2014,2/24/2014,Standard Class,DL-13315
CA-2015-123939,8/24/2015,8/26/2015,Second Class,MS-17710
US-2017-104451,05-08-17,05-12-17,Second Class,MM-18055
CA-2016-101189,02-04-16,02-09-16,Standard Class,JB-15400
CA-2014-169446,12/19/2014,12/25/2014,Standard Class,SG-20605
CA-2017-156958,12-05-17,12-06-17,First Class,PB-18805
CA-2017-101637,3/24/2017,3/25/2017,Same Day,AC-10615
CA-2017-111759,07-08-17,07-12-17,Standard Class,MR-17545
CA-2017-102729,10/26/2017,10/31/2017,Standard Class,BF-11215
CA-2016-116596,10/27/2016,10/31/2016,Standard Class,BW-11200
CA-2017-124191,06-12-17,6/14/2017,Second Class,TS-21610
CA-2016-148747,9/25/2016,9/27/2016,First Class,AS-10045
US-2017-169488,09-07-17,09-09-17,First Class,AA-10375
CA-2015-135727,05-11-15,5/16/2015,Second Class,PS-18970
CA-2015-135251,08-06-15,08-10-15,Standard Class,RP-19270
CA-2014-166590,10/29/2014,11-02-14,Standard Class,NC-18625
CA-2016-131744,6/18/2016,6/20/2016,Second Class,SC-20770
CA-2015-160864,05-03-15,05-06-15,First Class,NF-18595
CA-2015-147690,11-10-15,11/14/2015,Standard Class,SC-20020
CA-2015-163923,5/30/2015,06-03-15,Standard Class,BD-11560
CA-2016-125724,9/22/2016,9/27/2016,Standard Class,SM-20950
CA-2015-111612,11/28/2015,12-02-15,Standard Class,EB-14110
CA-2015-156853,12-03-15,12-05-15,Second Class,HP-14815
CA-2014-103086,10/17/2014,10/19/2014,Second Class,EB-14170
CA-2016-129280,05-03-16,05-05-16,First Class,SM-20905
CA-2015-161242,06-01-15,06-08-15,Standard Class,CG-12040
CA-2014-130428,3/31/2014,3/31/2014,Same Day,TG-21640
CA-2017-104388,07-05-17,07-07-17,First Class,DK-12835
CA-2015-113131,9/24/2015,9/24/2015,Same Day,MB-17305
CA-2015-148495,8/13/2015,8/13/2015,Same Day,SF-20065
CA-2015-143147,5/26/2015,5/28/2015,Second Class,PS-18760
CA-2017-152975,9/14/2017,9/16/2017,First Class,RB-19705
CA-2016-107475,06-07-16,06-11-16,Standard Class,RS-19870
CA-2017-116127,6/25/2017,6/27/2017,Second Class,SB-20185
CA-2017-132584,8/26/2017,8/27/2017,First Class,HJ-14875
CA-2016-160598,8/26/2016,8/28/2016,First Class,SV-20815
CA-2016-108630,11/18/2016,11/18/2016,Same Day,BE-11410
US-2017-129203,4/17/2017,4/22/2017,Standard Class,BM-11575
CA-2017-110940,7/23/2017,7/28/2017,Standard Class,AZ-10750
CA-2014-119172,05-11-14,5/15/2014,Standard Class,HD-14785
US-2016-105452,7/28/2016,08-01-16,Standard Class,BF-11005
CA-2017-108931,9/14/2017,9/19/2017,Standard Class,HZ-14950
CA-2017-104619,1/24/2017,1/29/2017,Standard Class,KD-16495
CA-2015-149517,9/19/2015,9/23/2015,Standard Class,FC-14245
CA-2015-116841,4/14/2015,4/18/2015,Standard Class,TP-21130
CA-2017-107797,05-08-17,05-11-17,Second Class,EB-13705
CA-2016-117604,09-04-16,09-09-16,Standard Class,JP-15520
CA-2014-130155,5/19/2014,5/22/2014,First Class,TD-20995
CA-2016-129861,6/17/2016,6/23/2016,Standard Class,DM-13345
CA-2015-138625,11-02-15,11-05-15,First Class,EG-13900
US-2017-122672,11-04-17,11-09-17,Standard Class,HG-14965
CA-2017-117128,12-05-17,12-08-17,Second Class,BF-11080
CA-2016-130638,5/16/2016,5/19/2016,Second Class,SC-20095
CA-2017-144365,10/24/2017,10/30/2017,Standard Class,CS-11950
CA-2016-110086,9/18/2016,9/22/2016,Standard Class,BD-11320
CA-2014-128524,11-11-14,11/13/2014,First Class,MZ-17515
CA-2016-140256,8/22/2016,8/29/2016,Standard Class,PW-19030
CA-2017-160633,11/16/2017,11/21/2017,Standard Class,BS-11380
CA-2014-115133,9/26/2014,9/30/2014,Standard Class,DA-13450
CA-2017-137449,6/29/2017,6/30/2017,First Class,ME-17725
CA-2017-103520,9/23/2017,9/25/2017,First Class,MH-17785
CA-2014-139283,11/23/2014,11/27/2014,Standard Class,BT-11440
CA-2014-118192,1/13/2014,1/18/2014,Standard Class,MM-17920
CA-2016-168844,5/31/2016,06-06-16,Standard Class,NM-18520
CA-2017-154809,2/13/2017,2/17/2017,Standard Class,MH-17455
CA-2014-151330,10/14/2014,10/17/2014,First Class,TC-21295
CA-2014-124702,11/18/2014,11/25/2014,Standard Class,MH-17785
US-2017-125808,11-12-17,11/15/2017,Second Class,EP-13915
CA-2015-116638,1/28/2015,1/31/2015,Second Class,JH-15985
CA-2014-104563,03-07-14,03-12-14,Standard Class,CM-12715
US-2017-107979,06-08-17,6/13/2017,Standard Class,FO-14305
CA-2014-150518,11/19/2014,11/24/2014,Standard Class,MW-18220
CA-2016-107104,11/26/2016,11/30/2016,Standard Class,MS-17365
CA-2017-161893,1/23/2017,1/27/2017,Standard Class,HP-14815
CA-2014-156160,9/22/2014,9/29/2014,Standard Class,AS-10090
CA-2014-100860,3/26/2014,3/30/2014,Second Class,CS-12505
CA-2016-160717,06-06-16,06-11-16,Standard Class,ME-17320
CA-2017-132619,8/31/2017,09-05-17,Standard Class,MS-17770
US-2015-120957,12-07-15,12-07-15,Same Day,KH-16690
CA-2017-157448,11/16/2017,11/20/2017,Standard Class,LC-16885
CA-2016-126270,4/23/2016,4/27/2016,Standard Class,AF-10870
CA-2017-145275,04-02-17,04-06-17,Standard Class,AH-10465
CA-2015-133396,8/13/2015,8/15/2015,First Class,GK-14620
US-2017-140312,11/13/2017,11/19/2017,Standard Class,KL-16645
CA-2016-114867,12/23/2016,12/28/2016,Standard Class,FM-14290
US-2014-164644,7/22/2014,7/24/2014,Second Class,JL-15850
CA-2016-137393,05-06-16,05-10-16,Standard Class,GM-14500
US-2014-120175,11/28/2014,12-03-14,Standard Class,MC-17635
CA-2016-144785,4/18/2016,4/23/2016,Standard Class,CS-12490
CA-2015-130113,12/27/2015,12/31/2015,Standard Class,AH-10030
CA-2017-122770,12/13/2017,12/18/2017,Standard Class,EP-13915
CA-2017-118668,01-02-17,01-04-17,Second Class,FW-14395
CA-2017-116498,5/30/2017,06-03-17,Standard Class,KA-16525
US-2017-130603,9/30/2017,10-06-17,Standard Class,SC-20050
US-2017-135986,6/20/2017,6/27/2017,Standard Class,PG-18895
CA-2017-140536,04-04-17,04-05-17,First Class,TA-21385
CA-2015-130183,11/13/2015,11/17/2015,Standard Class,PO-18850
CA-2015-107902,8/28/2015,09-02-15,Standard Class,SM-20950
CA-2017-130148,9/24/2017,9/28/2017,Second Class,NK-18490
US-2016-151260,12-11-16,12/14/2016,First Class,SC-20695
CA-2014-144281,06-10-14,6/15/2014,Second Class,HK-14890
CA-2016-122511,03-11-16,03-11-16,Same Day,BT-11485
CA-2017-154116,12/15/2017,12/19/2017,Standard Class,KM-16660
CA-2016-105291,10/30/2016,11-04-16,Standard Class,SP-20920
CA-2017-147032,7/31/2017,08-04-17,Standard Class,LB-16795
CA-2017-125990,10/19/2017,10/23/2017,Standard Class,JS-16030
CA-2016-161746,10/21/2016,10/27/2016,Standard Class,CS-11950
CA-2014-114251,11-05-14,11-10-14,Standard Class,MD-17350
CA-2016-116379,11-07-16,11-12-16,Standard Class,LD-17005
US-2016-144477,08-12-16,8/14/2016,Second Class,DB-13270
CA-2016-108210,5/30/2016,5/31/2016,Same Day,AT-10735
CA-2017-166835,11-12-17,11/14/2017,Second Class,DK-13375
CA-2016-119641,9/22/2016,9/26/2016,Standard Class,CS-12250
CA-2016-105781,2/16/2016,2/20/2016,Standard Class,JF-15565
CA-2014-101364,12/22/2014,12/26/2014,Standard Class,TW-21025
CA-2015-117898,12-05-15,12-11-15,Standard Class,TB-21250
CA-2017-142293,9/17/2017,9/20/2017,First Class,SC-20380
CA-2017-167395,12-02-17,12-04-17,First Class,KM-16720
CA-2014-111962,9/29/2014,10-04-14,Standard Class,EB-14170
CA-2017-124261,11/14/2017,11/19/2017,Standard Class,JE-15715
CA-2014-114321,8/20/2014,8/25/2014,Standard Class,NC-18535
CA-2014-128062,11/19/2014,11/22/2014,Second Class,AD-10180
US-2015-100069,6/29/2015,07-03-15,Standard Class,NF-18475
CA-2017-129294,3/16/2017,3/21/2017,Standard Class,KD-16615
CA-2015-117086,11-08-15,11-12-15,Standard Class,QJ-19255
CA-2017-131303,11/28/2017,12-02-17,Standard Class,EP-13915
CA-2016-137127,6/16/2016,6/22/2016,Standard Class,JJ-15445
CA-2017-141782,1/21/2017,1/25/2017,Standard Class,BE-11410
CA-2017-137505,11/24/2017,11/24/2017,Same Day,BP-11290
US-2014-140914,11-11-14,11/15/2014,Standard Class,BH-11710
CA-2016-158358,03-04-16,03-08-16,Standard Class,EM-13810
CA-2016-113390,10-11-16,10/15/2016,Standard Class,EP-13915
US-2016-158680,07-01-16,07-02-16,First Class,NZ-18565
CA-2017-113705,3/27/2017,3/29/2017,Second Class,LC-16870
CA-2016-146913,10/31/2016,11-05-16,Standard Class,SF-20965
CA-2017-159135,11-04-17,11-08-17,Standard Class,KM-16375
CA-2014-121762,2/14/2014,2/18/2014,Standard Class,ML-17395
CA-2014-123855,6/18/2014,6/23/2014,Standard Class,MC-18100
CA-2017-101959,2/28/2017,03-06-17,Standard Class,DB-13660
CA-2017-102659,12-09-17,12/15/2017,Standard Class,LW-17215
CA-2017-142328,12-07-17,12/14/2017,Standard Class,TC-21535
CA-2016-123533,11/24/2016,11/30/2016,Standard Class,SC-20050
CA-2016-104983,07-03-16,07-03-16,Same Day,FM-14215
CA-2016-160234,6/26/2016,07-03-16,Standard Class,PF-19225
CA-2014-169019,7/26/2014,7/30/2014,Standard Class,LF-17185
CA-2016-153178,9/14/2016,9/18/2016,Standard Class,CL-12565
CA-2015-149748,5/31/2015,06-02-15,Second Class,EM-13825
CA-2015-155635,05-09-15,5/13/2015,Standard Class,ME-17725
US-2014-114377,11-05-14,11-05-14,Same Day,BG-11035
CA-2017-144491,3/27/2017,04-01-17,Standard Class,CJ-12010
CA-2014-127166,5/21/2014,5/23/2014,Second Class,KH-16360
CA-2016-125920,5/21/2016,5/28/2016,Standard Class,SH-19975
CA-2015-128608,01-12-15,1/17/2015,Standard Class,CS-12490
CA-2017-137918,9/29/2017,10-06-17,Standard Class,JK-15730
CA-2015-122973,7/18/2015,7/20/2015,Second Class,PJ-19015
CA-2016-136322,10/21/2016,10/26/2016,Standard Class,AP-10720
CA-2017-107209,7/27/2017,08-01-17,Second Class,JW-15955
CA-2017-145093,7/21/2017,7/26/2017,Standard Class,PT-19090
US-2014-139640,11-07-14,11-11-14,Second Class,TB-21595
CA-2016-117583,11/27/2016,11/30/2016,First Class,CB-12025
CA-2015-162201,06-08-15,06-12-15,Standard Class,AG-10495
US-2014-164406,8/15/2014,8/19/2014,Standard Class,BD-11605
CA-2017-169999,6/19/2017,6/26/2017,Standard Class,JS-15685
US-2017-152842,7/16/2017,7/23/2017,Standard Class,NF-18385
CA-2014-113257,12/16/2014,12/18/2014,Second Class,SC-20305
CA-2014-133963,5/18/2014,5/22/2014,Second Class,GA-14515
CA-2017-130302,9/14/2017,9/19/2017,Standard Class,CY-12745
CA-2016-126627,10-10-16,10-12-16,First Class,WB-21850
US-2016-125402,9/25/2016,10-01-16,Standard Class,DL-12865
CA-2014-163867,06-03-14,06-06-14,First Class,RE-19450
CA-2017-169327,09-02-17,09-04-17,Second Class,MH-17290
CA-2014-142979,04-12-14,4/18/2014,Standard Class,EH-13765
CA-2016-158155,05-02-16,05-06-16,Standard Class,EH-13765
CA-2017-138870,6/19/2017,6/23/2017,Standard Class,GA-14515
CA-2014-120950,11-06-14,11-11-14,Standard Class,GA-14515
CA-2015-164301,3/26/2015,3/30/2015,Standard Class,EB-13840
CA-2017-113278,1/14/2017,1/20/2017,Standard Class,HR-14770
US-2015-116981,3/26/2015,3/28/2015,Second Class,SM-20950
CA-2014-114195,11-01-14,11-03-14,First Class,EA-14035
CA-2017-146269,10-06-17,10-06-17,Same Day,MH-17455
CA-2016-100587,12-10-16,12/14/2016,Standard Class,SL-20155
CA-2016-166653,9/22/2016,9/24/2016,Second Class,NP-18685
CA-2015-130855,12/29/2015,01-05-16,Standard Class,RF-19840
US-2017-166324,4/20/2017,4/21/2017,First Class,BE-11455
CA-2016-122581,8/21/2016,8/25/2016,Standard Class,JK-15370
CA-2015-104297,5/29/2015,5/31/2015,First Class,CC-12100
CA-2014-153927,08-12-14,8/13/2014,First Class,LL-16840
CA-2014-112291,04-03-14,04-08-14,Standard Class,KE-16420
CA-2014-146997,1/23/2014,1/27/2014,Standard Class,SG-20605
CA-2017-169607,10-12-17,10/15/2017,First Class,CA-12265
CA-2015-127544,08-08-15,08-12-15,Standard Class,RD-19585
CA-2017-166499,3/19/2017,3/20/2017,First Class,VG-21805
US-2016-115441,7/25/2016,7/28/2016,Second Class,SH-19975
CA-2014-115049,9/26/2014,10-01-14,Standard Class,MM-17920
CA-2014-156342,6/17/2014,6/20/2014,Second Class,JF-15415
CA-2016-112830,06-06-16,06-10-16,Standard Class,LP-17095
US-2014-117380,3/28/2014,04-03-14,Standard Class,MP-18175
CA-2017-117646,8/21/2017,8/25/2017,Standard Class,SC-20845
CA-2014-122609,11-12-14,11/18/2014,Standard Class,DP-13000
US-2015-129007,9/13/2015,9/15/2015,First Class,KD-16615
US-2014-157231,04-05-14,04-09-14,Standard Class,RP-19855
CA-2015-132388,10-10-15,10-12-15,First Class,KN-16390
CA-2017-160927,1/29/2017,1/31/2017,Second Class,TM-21010
CA-2015-105508,9/24/2015,9/29/2015,Standard Class,JF-15190
CA-2016-149272,3/15/2016,3/19/2016,Standard Class,MY-18295
CA-2014-111360,11/24/2014,11/30/2014,Standard Class,AT-10435
US-2017-162124,05-06-17,05-10-17,Standard Class,JF-15490
CA-2015-159534,3/20/2015,3/23/2015,First Class,DH-13075
CA-2016-129630,09-04-16,09-04-16,Same Day,IM-15055
CA-2015-104948,11/13/2015,11/17/2015,Standard Class,KH-16510
CA-2014-166555,07-11-14,7/14/2014,First Class,JK-15205
CA-2016-114405,04-07-16,04-12-16,Standard Class,AS-10240
CA-2017-132955,6/24/2017,6/28/2017,Standard Class,SC-20575
CA-2016-164889,06-03-16,06-06-16,Second Class,CP-12340
CA-2016-169824,12-12-16,12/17/2016,Standard Class,NS-18640
CA-2017-164028,11/24/2017,11/30/2017,Standard Class,JL-15835
CA-2014-143371,12/28/2014,01-03-15,Standard Class,MD-17350
CA-2015-145415,04-12-15,4/17/2015,Second Class,RD-19660
CA-2014-111157,03-02-14,03-06-14,Standard Class,NH-18610
CA-2017-121559,06-01-17,06-03-17,Second Class,HW-14935
CA-2015-141593,12/14/2015,12/16/2015,Second Class,DB-12970
US-2014-143287,11-11-14,11/17/2014,Standard Class,KN-16705
CA-2017-137421,10-06-17,10-11-17,Standard Class,AJ-10945
CA-2017-141446,9/16/2017,9/18/2017,Second Class,CL-12700
CA-2015-168088,3/19/2015,3/22/2015,First Class,CM-12655
CA-2015-143700,7/26/2015,7/26/2015,Same Day,AS-10240
CA-2016-146374,12-05-16,12-10-16,Second Class,HE-14800
CA-2017-153871,12-11-17,12/17/2017,Standard Class,RB-19435
CA-2015-103772,6/28/2015,07-02-15,Standard Class,MP-17470
CA-2016-130225,09-11-16,9/17/2016,Standard Class,RC-19960
US-2016-103674,12-06-16,12-10-16,Standard Class,AP-10720
US-2015-151435,09-06-15,09-09-15,Second Class,SW-20455
CA-2017-163566,08-03-17,08-06-17,First Class,TB-21055
US-2016-157728,9/22/2016,9/28/2016,Standard Class,RC-19960
CA-2015-100251,5/17/2015,5/23/2015,Standard Class,DV-13465
CA-2016-125794,9/29/2016,10-03-16,Standard Class,ML-17410
CA-2017-163629,11/17/2017,11/21/2017,Standard Class,RA-19885
CA-2014-110422,1/21/2014,1/23/2014,Second Class,TB-21400
CA-2017-121258,2/26/2017,03-03-17,Standard Class,DB-13060
CA-2017-119914,05-04-17,05-09-17,Second Class,CC-12220
