Order ID,Payment ID,Payment Method,Payment Status
CA-2016-152156,PAY00001,Cash on Delivery,Completed
CA-2016-152156,PAY00002,Net Banking,Completed
CA-2016-138688,PAY00003,Debit Card,Completed
US-2015-108966,PAY00004,Debit Card,Failed
US-2015-108966,PAY00005,Debit Card,Completed
CA-2014-115812,PAY00006,Net Banking,Completed
CA-2014-115812,PAY00007,Credit Card,Failed
CA-2014-115812,PAY00008,Cash on Delivery,Pending
CA-2014-115812,PAY00009,UPI,Completed
CA-2014-115812,PAY00010,Credit Card,Completed
CA-2014-115812,PAY00011,Net Banking,Completed
CA-2014-115812,PAY00012,Debit Card,Completed
CA-2017-114412,PAY00013,Net Banking,Failed
CA-2016-161389,PAY00014,Debit Card,Pending
US-2015-118983,PAY00015,Credit Card,Completed
US-2015-118983,PAY00016,Credit Card,Completed
CA-2014-105893,PAY00017,Cash on Delivery,Completed
CA-2014-167164,PAY00018,Debit Card,Pending
CA-2014-143336,PAY00019,Credit Card,Completed
CA-2014-143336,PAY00020,Credit Card,Failed
CA-2014-143336,PAY00021,Net Banking,Completed
CA-2016-137330,PAY00022,Net Banking,Completed
CA-2016-137330,PAY00023,Debit Card,Completed
US-2017-156909,PAY00024,Credit Card,Pending
CA-2015-106320,PAY00025,Net Banking,Completed
CA-2016-121755,PAY00026,Net Banking,Pending
CA-2016-121755,PAY00027,Net Banking,Completed
US-2015-150630,PAY00028,Credit Card,Completed
US-2015-150630,PAY00029,Cash on Delivery,Completed
US-2015-150630,PAY00030,Net Banking,Failed
US-2015-150630,PAY00031,Debit Card,Pending
US-2015-150630,PAY00032,Credit Card,Failed
US-2015-150630,PAY00033,Debit Card,Completed
US-2015-150630,PAY00034,Credit Card,Completed
CA-2017-107727,PAY00035,Cash on Delivery,Completed
CA-2016-117590,PAY00036,Debit Card,Completed
CA-2016-117590,PAY00037,UPI,Completed
CA-2015-117415,PAY00038,Credit Card,Failed
CA-2015-117415,PAY00039,Net Banking,Completed
CA-2015-117415,PAY00040,Credit Card,Completed
CA-2015-117415,PAY00041,Net Banking,Completed
CA-2017-120999,PAY00042,Debit Card,Completed
CA-2016-101343,PAY00043,Debit Card,Completed
CA-2017-139619,PAY00044,Net Banking,Completed
CA-2016-118255,PAY00045,Credit Card,Completed
CA-2016-118255,PAY00046,Credit Card,Completed
CA-2014-146703,PAY00047,Credit Card,Pending
CA-2016-169194,PAY00048,Cash on Delivery,Completed
CA-2016-169194,PAY00049,Credit Card,Failed
CA-2015-115742,PAY00050,Debit Card,Completed
CA-2015-115742,PAY00051,Net Banking,Pending
CA-2015-115742,PAY00052,Debit Card,Completed
CA-2015-115742,PAY00053,Net Banking,Completed
CA-2016-105816,PAY00054,Cash on Delivery,Completed
CA-2016-105816,PAY00055,Cash on Delivery,Completed
CA-2016-111682,PAY00056,UPI,Completed
CA-2016-111682,PAY00057,Debit Card,Completed
CA-2016-111682,PAY00058,Cash on Delivery,Completed
CA-2016-111682,PAY00059,Cash on Delivery,Pending
CA-2016-111682,PAY00060,Credit Card,Completed
CA-2016-111682,PAY00061,Credit Card,Pending
CA-2016-111682,PAY00062,UPI,Completed
CA-2015-135545,PAY00063,Debit Card,Completed
CA-2015-135545,PAY00064,Cash on Delivery,Completed
CA-2015-135545,PAY00065,Net Banking,Completed
CA-2015-135545,PAY00066,Net Banking,Pending
US-2015-164175,PAY00067,Net Banking,Completed
CA-2014-106376,PAY00068,Credit Card,Failed
CA-2014-106376,PAY00069,Debit Card,Completed
CA-2016-119823,PAY00070,Net Banking,Completed
CA-2016-106075,PAY00071,Cash on Delivery,Completed
CA-2017-114440,PAY00072,UPI,Completed
US-2015-134026,PAY00073,Credit Card,Completed
US-2015-134026,PAY00074,Net Banking,Completed
US-2015-134026,PAY00075,Debit Card,Completed
US-2017-118038,PAY00076,UPI,Completed
US-2017-118038,PAY00077,Credit Card,Completed
US-2017-118038,PAY00078,Credit Card,Completed
US-2014-147606,PAY00079,UPI,Completed
CA-2016-127208,PAY00080,Cash on Delivery,Completed
CA-2016-127208,PAY00081,Net Banking,Completed
CA-2014-139451,PAY00082,Net Banking,Pending
CA-2014-139451,PAY00083,UPI,Completed
CA-2015-149734,PAY00084,UPI,Completed
US-2017-119662,PAY00085,Credit Card,Completed
CA-2017-140088,PAY00086,UPI,Completed
CA-2017-155558,PAY00087,Credit Card,Completed
CA-2017-155558,PAY00088,Net Banking,Completed
CA-2016-159695,PAY00089,UPI,Completed
CA-2016-109806,PAY00090,Cash on Delivery,Completed
CA-2016-109806,PAY00091,Cash on Delivery,Completed
CA-2016-109806,PAY00092,Net Banking,Failed
CA-2015-149587,PAY00093,Cash on Delivery,Completed
CA-2015-149587,PAY00094,Credit Card,Completed
CA-2015-149587,PAY00095,Debit Card,Completed
US-2017-109484,PAY00096,Cash on Delivery,Completed
CA-2017-161018,PAY00097,Net Banking,Completed
CA-2017-157833,PAY00098,Net Banking,Completed
CA-2016-149223,PAY00099,Credit Card,Failed
CA-2016-158568,PAY00100,Credit Card,Completed
CA-2016-158568,PAY00101,Net Banking,Pending
CA-2016-158568,PAY00102,Cash on Delivery,Pending
CA-2016-129903,PAY00103,Credit Card,Completed
US-2015-156867,PAY00104,UPI,Pending
US-2015-156867,PAY00105,Cash on Delivery,Completed
US-2015-156867,PAY00106,Cash on Delivery,Completed
CA-2017-119004,PAY00107,Credit Card,Completed
CA-2017-119004,PAY00108,Net Banking,Completed
CA-2017-119004,PAY00109,Credit Card,Failed
CA-2015-129476,PAY00110,UPI,Completed
CA-2017-146780,PAY00111,Credit Card,Completed
CA-2016-128867,PAY00112,Debit Card,Completed
CA-2016-128867,PAY00113,UPI,Pending
CA-2014-115259,PAY00114,Debit Card,Completed
CA-2014-115259,PAY00115,Credit Card,Pending
CA-2014-115259,PAY00116,UPI,Failed
CA-2014-115259,PAY00117,Credit Card,Completed
CA-2015-110457,PAY00118,Credit Card,Pending
US-2015-136476,PAY00119,Credit Card,Completed
CA-2016-103730,PAY00120,Cash on Delivery,Completed
CA-2016-103730,PAY00121,Net Banking,Completed
CA-2016-103730,PAY00122,Cash on Delivery,Completed
CA-2016-103730,PAY00123,Cash on Delivery,Completed
CA-2016-103730,PAY00124,Credit Card,Pending
US-2014-152030,PAY00125,UPI,Completed
US-2014-134614,PAY00126,Debit Card,Completed
US-2017-107272,PAY00127,Net Banking,Completed
US-2017-107272,PAY00128,Net Banking,Completed
US-2016-125969,PAY00129,UPI,Completed
US-2016-125969,PAY00130,Cash on Delivery,Completed
US-2017-164147,PAY00131,Net Banking,Completed
US-2017-164147,PAY00132,UPI,Completed
US-2017-164147,PAY00133,Credit Card,Completed
CA-2016-145583,PAY00134,UPI,Pending
CA-2016-145583,PAY00135,UPI,Completed
CA-2016-145583,PAY00136,Debit Card,Completed
CA-2016-145583,PAY00137,UPI,Pending
CA-2016-145583,PAY00138,Debit Card,Completed
CA-2016-145583,PAY00139,Cash on Delivery,Pending
CA-2016-145583,PAY00140,Cash on Delivery,Completed
CA-2016-110366,PAY00141,Net Banking,Completed
CA-2017-106180,PAY00142,Debit Card,Pending
CA-2017-106180,PAY00143,Net Banking,Completed
CA-2017-106180,PAY00144,Net Banking,Completed
CA-2017-155376,PAY00145,Cash on Delivery,Completed
CA-2015-110744,PAY00146,Cash on Delivery,Completed
CA-2014-110072,PAY00147,Net Banking,Completed
CA-2016-114489,PAY00148,Net Banking,Completed
CA-2016-114489,PAY00149,Credit Card,Completed
CA-2016-114489,PAY00150,Credit Card,Completed
CA-2016-114489,PAY00151,Credit Card,Completed
CA-2016-158834,PAY00152,UPI,Completed
CA-2016-158834,PAY00153,UPI,Completed
CA-2015-124919,PAY00154,Credit Card,Completed
CA-2015-124919,PAY00155,Credit Card,Failed
CA-2015-124919,PAY00156,Credit Card,Completed
CA-2015-118948,PAY00157,Debit Card,Completed
CA-2014-104269,PAY00158,Cash on Delivery,Pending
CA-2016-114104,PAY00159,Credit Card,Completed
CA-2016-114104,PAY00160,UPI,Pending
CA-2016-162733,PAY00161,Cash on Delivery,Completed
CA-2015-119697,PAY00162,Credit Card,Completed
CA-2016-154508,PAY00163,Credit Card,Completed
CA-2016-113817,PAY00164,Cash on Delivery,Completed
CA-2014-139892,PAY00165,Net Banking,Pending
CA-2014-139892,PAY00166,Credit Card,Pending
CA-2014-139892,PAY00167,UPI,Completed
CA-2014-139892,PAY00168,Net Banking,Completed
CA-2014-139892,PAY00169,Net Banking,Completed
CA-2014-139892,PAY00170,Credit Card,Pending
CA-2014-139892,PAY00171,UPI,Pending
CA-2014-118962,PAY00172,Credit Card,Pending
CA-2014-118962,PAY00173,Cash on Delivery,Completed
CA-2014-118962,PAY00174,Debit Card,Completed
US-2014-100853,PAY00175,Net Banking,Pending
US-2014-100853,PAY00176,Credit Card,Completed
US-2017-152366,PAY00177,Credit Card,Completed
US-2015-101511,PAY00178,UPI,Completed
US-2015-101511,PAY00179,Credit Card,Completed
CA-2015-137225,PAY00180,Net Banking,Completed
CA-2014-166191,PAY00181,Debit Card,Pending
CA-2014-166191,PAY00182,Debit Card,Completed
CA-2014-158274,PAY00183,UPI,Pending
CA-2014-158274,PAY00184,Credit Card,Pending
CA-2014-158274,PAY00185,Net Banking,Completed
CA-2016-105018,PAY00186,Cash on Delivery,Pending
CA-2014-123260,PAY00187,Debit Card,Completed
CA-2016-157000,PAY00188,Net Banking,Completed
CA-2016-157000,PAY00189,Net Banking,Completed
CA-2015-102281,PAY00190,Credit Card,Completed
CA-2015-102281,PAY00191,UPI,Completed
CA-2015-102281,PAY00192,Credit Card,Pending
CA-2015-102281,PAY00193,Cash on Delivery,Pending
CA-2015-102281,PAY00194,UPI,Pending
CA-2015-131457,PAY00195,Debit Card,Pending
CA-2014-140004,PAY00196,Credit Card,Completed
CA-2014-140004,PAY00197,Cash on Delivery,Pending
CA-2017-107720,PAY00198,Credit Card,Completed
US-2017-124303,PAY00199,Net Banking,Completed
US-2017-124303,PAY00200,UPI,Failed
CA-2017-105074,PAY00201,Debit Card,Pending
CA-2014-133690,PAY00202,Debit Card,Completed
CA-2014-133690,PAY00203,Cash on Delivery,Completed
US-2017-116701,PAY00204,Cash on Delivery,Completed
CA-2017-126382,PAY00205,Cash on Delivery,Completed
CA-2017-108329,PAY00206,UPI,Failed
CA-2017-135860,PAY00207,Cash on Delivery,Completed
CA-2017-135860,PAY00208,Cash on Delivery,Pending
CA-2017-135860,PAY00209,Credit Card,Completed
CA-2017-135860,PAY00210,Debit Card,Completed
CA-2017-135860,PAY00211,Credit Card,Pending
CA-2015-101007,PAY00212,Net Banking,Failed
CA-2015-146262,PAY00213,Cash on Delivery,Completed
CA-2015-146262,PAY00214,Debit Card,Completed
CA-2015-146262,PAY00215,Debit Card,Pending
CA-2015-146262,PAY00216,Debit Card,Completed
CA-2015-146262,PAY00217,Cash on Delivery,Pending
CA-2016-130162,PAY00218,Debit Card,Pending
CA-2016-130162,PAY00219,Cash on Delivery,Pending
CA-2015-169397,PAY00220,Debit Card,Failed
CA-2015-169397,PAY00221,Debit Card,Completed
CA-2015-169397,PAY00222,Net Banking,Completed
CA-2015-169397,PAY00223,Credit Card,Completed
CA-2015-169397,PAY00224,UPI,Completed
CA-2015-169397,PAY00225,Credit Card,Completed
CA-2015-163055,PAY00226,Net Banking,Completed
CA-2015-163055,PAY00227,Net Banking,Completed
CA-2015-163055,PAY00228,UPI,Completed
US-2015-145436,PAY00229,Cash on Delivery,Pending
US-2015-145436,PAY00230,Net Banking,Completed
US-2014-156216,PAY00231,Credit Card,Completed
US-2017-100930,PAY00232,Debit Card,Completed
US-2017-100930,PAY00233,UPI,Completed
US-2017-100930,PAY00234,UPI,Completed
US-2017-100930,PAY00235,Cash on Delivery,Pending
US-2017-100930,PAY00236,Debit Card,Pending
CA-2017-160514,PAY00237,Net Banking,Pending
CA-2016-157749,PAY00238,Cash on Delivery,Completed
CA-2016-157749,PAY00239,Credit Card,Pending
CA-2016-157749,PAY00240,UPI,Completed
CA-2016-157749,PAY00241,UPI,Completed
CA-2016-157749,PAY00242,Debit Card,Completed
CA-2016-157749,PAY00243,UPI,Completed
CA-2016-157749,PAY00244,Net Banking,Completed
CA-2014-131926,PAY00245,Credit Card,Completed
CA-2014-131926,PAY00246,Debit Card,Completed
CA-2014-131926,PAY00247,Cash on Delivery,Completed
CA-2014-131926,PAY00248,Cash on Delivery,Pending
CA-2014-131926,PAY00249,UPI,Completed
CA-2016-154739,PAY00250,Credit Card,Completed
CA-2016-145625,PAY00251,UPI,Completed
CA-2016-145625,PAY00252,Debit Card,Completed
CA-2016-146941,PAY00253,UPI,Completed
CA-2016-146941,PAY00254,Net Banking,Completed
US-2015-159982,PAY00255,UPI,Completed
US-2015-159982,PAY00256,Cash on Delivery,Pending
US-2015-159982,PAY00257,Cash on Delivery,Failed
US-2015-159982,PAY00258,Credit Card,Completed
CA-2017-163139,PAY00259,UPI,Completed
CA-2017-163139,PAY00260,Cash on Delivery,Completed
CA-2017-163139,PAY00261,Credit Card,Completed
US-2017-155299,PAY00262,UPI,Completed
US-2014-106992,PAY00263,Credit Card,Pending
US-2014-106992,PAY00264,UPI,Completed
CA-2016-125318,PAY00265,Net Banking,Completed
CA-2015-155040,PAY00266,Debit Card,Completed
CA-2017-136826,PAY00267,Debit Card,Completed
CA-2016-111010,PAY00268,UPI,Completed
US-2017-145366,PAY00269,Cash on Delivery,Completed
US-2017-145366,PAY00270,UPI,Completed
CA-2017-163979,PAY00271,Net Banking,Failed
CA-2015-155334,PAY00272,Debit Card,Completed
CA-2015-155334,PAY00273,Cash on Delivery,Pending
CA-2015-155334,PAY00274,UPI,Completed
CA-2017-118136,PAY00275,UPI,Pending
CA-2017-118136,PAY00276,UPI,Completed
CA-2017-132976,PAY00277,Cash on Delivery,Failed
CA-2017-132976,PAY00278,Cash on Delivery,Completed
CA-2017-132976,PAY00279,Cash on Delivery,Completed
CA-2017-132976,PAY00280,Credit Card,Completed
US-2015-161991,PAY00281,Debit Card,Failed
US-2015-161991,PAY00282,UPI,Completed
CA-2015-130890,PAY00283,Credit Card,Completed
CA-2015-130883,PAY00284,UPI,Completed
CA-2015-130883,PAY00285,UPI,Completed
CA-2015-130883,PAY00286,Debit Card,Completed
CA-2016-112697,PAY00287,Net Banking,Completed
CA-2016-112697,PAY00288,Credit Card,Completed
CA-2016-112697,PAY00289,Net Banking,Completed
CA-2016-110772,PAY00290,Debit Card,Completed
CA-2016-110772,PAY00291,UPI,Completed
CA-2016-110772,PAY00292,UPI,Pending
CA-2016-110772,PAY00293,Cash on Delivery,Failed
CA-2014-111451,PAY00294,Debit Card,Completed
CA-2014-111451,PAY00295,Net Banking,Completed
CA-2014-111451,PAY00296,Net Banking,Failed
CA-2014-111451,PAY00297,Cash on Delivery,Completed
CA-2014-111451,PAY00298,Credit Card,Completed
CA-2016-142545,PAY00299,Cash on Delivery,Completed
CA-2016-142545,PAY00300,Cash on Delivery,Failed
CA-2016-142545,PAY00301,Cash on Delivery,Completed
CA-2016-142545,PAY00302,Credit Card,Completed
CA-2016-142545,PAY00303,Cash on Delivery,Completed
US-2017-152380,PAY00304,Debit Card,Pending
CA-2015-144253,PAY00305,Debit Card,Failed
CA-2014-130960,PAY00306,UPI,Pending
CA-2014-111003,PAY00307,Credit Card,Completed
CA-2014-111003,PAY00308,UPI,Failed
CA-2017-126774,PAY00309,Net Banking,Failed
CA-2016-142902,PAY00310,Net Banking,Completed
CA-2016-142902,PAY00311,UPI,Completed
CA-2016-142902,PAY00312,Cash on Delivery,Completed
CA-2016-142902,PAY00313,Cash on Delivery,Failed
CA-2014-120887,PAY00314,Debit Card,Completed
CA-2014-167850,PAY00315,Debit Card,Completed
CA-2014-167850,PAY00316,Debit Card,Completed
CA-2014-164259,PAY00317,Debit Card,Completed
CA-2014-164973,PAY00318,UPI,Completed
CA-2014-164973,PAY00319,Debit Card,Completed
CA-2014-164973,PAY00320,Credit Card,Failed
CA-2014-164973,PAY00321,Net Banking,Completed
CA-2014-164973,PAY00322,UPI,Failed
CA-2014-156601,PAY00323,Debit Card,Completed
CA-2016-162138,PAY00324,Debit Card,Completed
CA-2016-162138,PAY00325,Debit Card,Completed
CA-2017-153339,PAY00326,Net Banking,Pending
US-2016-141544,PAY00327,Debit Card,Completed
US-2016-141544,PAY00328,Debit Card,Pending
US-2016-141544,PAY00329,Credit Card,Completed
US-2016-141544,PAY00330,Net Banking,Pending
US-2016-141544,PAY00331,Debit Card,Failed
US-2016-150147,PAY00332,Debit Card,Pending
US-2016-150147,PAY00333,Debit Card,Completed
US-2016-150147,PAY00334,Cash on Delivery,Completed
CA-2015-137946,PAY00335,Cash on Delivery,Failed
CA-2015-137946,PAY00336,Cash on Delivery,Completed
CA-2015-137946,PAY00337,UPI,Completed
CA-2014-129924,PAY00338,Net Banking,Completed
CA-2014-129924,PAY00339,Credit Card,Completed
CA-2015-128167,PAY00340,Credit Card,Completed
CA-2014-122336,PAY00341,Credit Card,Completed
CA-2014-122336,PAY00342,Cash on Delivery,Completed
CA-2014-122336,PAY00343,UPI,Pending
CA-2014-122336,PAY00344,UPI,Completed
US-2015-120712,PAY00345,Credit Card,Completed
CA-2017-169901,PAY00346,Credit Card,Pending
CA-2017-134306,PAY00347,Debit Card,Completed
CA-2017-134306,PAY00348,Debit Card,Completed
CA-2017-134306,PAY00349,Cash on Delivery,Failed
CA-2016-129714,PAY00350,Cash on Delivery,Completed
CA-2016-129714,PAY00351,UPI,Completed
CA-2016-129714,PAY00352,Credit Card,Pending
CA-2016-129714,PAY00353,Cash on Delivery,Completed
CA-2016-129714,PAY00354,UPI,Completed
CA-2016-138520,PAY00355,Credit Card,Completed
CA-2016-138520,PAY00356,Debit Card,Completed
CA-2016-138520,PAY00357,Cash on Delivery,Completed
CA-2016-138520,PAY00358,Cash on Delivery,Completed
CA-2016-130001,PAY00359,Credit Card,Pending
CA-2017-155698,PAY00360,Debit Card,Pending
CA-2017-155698,PAY00361,Cash on Delivery,Completed
CA-2017-144904,PAY00362,UPI,Completed
CA-2017-144904,PAY00363,Cash on Delivery,Completed
CA-2017-144904,PAY00364,Cash on Delivery,Completed
CA-2017-144904,PAY00365,Debit Card,Completed
CA-2014-123344,PAY00366,Cash on Delivery,Completed
CA-2016-155516,PAY00367,UPI,Completed
CA-2016-155516,PAY00368,Credit Card,Completed
CA-2016-155516,PAY00369,UPI,Pending
CA-2016-155516,PAY00370,Cash on Delivery,Completed
CA-2017-104745,PAY00371,Net Banking,Pending
CA-2017-104745,PAY00372,Debit Card,Completed
US-2014-119137,PAY00373,UPI,Completed
US-2014-119137,PAY00374,UPI,Completed
US-2014-119137,PAY00375,Debit Card,Completed
US-2014-119137,PAY00376,Debit Card,Pending
US-2016-134656,PAY00377,Debit Card,Pending
US-2017-134481,PAY00378,Debit Card,Completed
CA-2015-130792,PAY00379,Debit Card,Completed
CA-2015-130792,PAY00380,Debit Card,Pending
CA-2015-130792,PAY00381,Cash on Delivery,Completed
CA-2016-134775,PAY00382,UPI,Completed
CA-2016-134775,PAY00383,Debit Card,Pending
CA-2015-125395,PAY00384,Debit Card,Completed
US-2015-168935,PAY00385,Credit Card,Failed
US-2015-168935,PAY00386,Credit Card,Completed
CA-2015-122756,PAY00387,Debit Card,Failed
CA-2015-122756,PAY00388,Net Banking,Completed
CA-2014-115973,PAY00389,UPI,Completed
CA-2017-101798,PAY00390,Debit Card,Completed
CA-2017-101798,PAY00391,Net Banking,Completed
US-2014-135972,PAY00392,Net Banking,Pending
US-2014-135972,PAY00393,UPI,Completed
US-2014-134971,PAY00394,Credit Card,Completed
CA-2017-102946,PAY00395,Debit Card,Failed
CA-2017-165603,PAY00396,Net Banking,Completed
CA-2017-165603,PAY00397,Credit Card,Completed
CA-2015-122259,PAY00398,Cash on Delivery,Completed
CA-2016-108987,PAY00399,Cash on Delivery,Completed
CA-2016-108987,PAY00400,UPI,Failed
CA-2016-108987,PAY00401,Cash on Delivery,Failed
CA-2016-108987,PAY00402,Net Banking,Completed
CA-2014-113166,PAY00403,UPI,Completed
CA-2014-155208,PAY00404,Cash on Delivery,Completed
CA-2017-117933,PAY00405,Cash on Delivery,Completed
CA-2017-117457,PAY00406,Debit Card,Completed
CA-2017-117457,PAY00407,Debit Card,Completed
CA-2017-117457,PAY00408,Credit Card,Failed
CA-2017-117457,PAY00409,Net Banking,Failed
CA-2017-117457,PAY00410,UPI,Completed
CA-2017-117457,PAY00411,Debit Card,Completed
CA-2017-117457,PAY00412,UPI,Completed
CA-2017-117457,PAY00413,UPI,Completed
CA-2017-117457,PAY00414,Net Banking,Completed
CA-2017-142636,PAY00415,Credit Card,Completed
CA-2017-142636,PAY00416,Net Banking,Completed
CA-2017-122105,PAY00417,UPI,Completed
CA-2016-148796,PAY00418,Cash on Delivery,Completed
CA-2017-154816,PAY00419,UPI,Completed
CA-2017-110478,PAY00420,Credit Card,Completed
CA-2017-110478,PAY00421,Net Banking,Pending
CA-2014-142048,PAY00422,Debit Card,Completed
CA-2017-125388,PAY00423,Debit Card,Failed
CA-2017-125388,PAY00424,UPI,Completed
CA-2017-155705,PAY00425,Credit Card,Completed
CA-2017-149160,PAY00426,Debit Card,Pending
CA-2017-149160,PAY00427,Debit Card,Completed
CA-2014-101476,PAY00428,UPI,Completed
CA-2017-152275,PAY00429,Credit Card,Pending
US-2016-123750,PAY00430,Credit Card,Pending
US-2016-123750,PAY00431,Net Banking,Pending
US-2016-123750,PAY00432,Debit Card,Pending
US-2016-123750,PAY00433,Cash on Delivery,Pending
CA-2016-127369,PAY00434,UPI,Completed
US-2014-150574,PAY00435,Cash on Delivery,Failed
US-2014-150574,PAY00436,Credit Card,Completed
CA-2016-147375,PAY00437,Cash on Delivery,Pending
CA-2016-147375,PAY00438,Credit Card,Pending
CA-2017-130043,PAY00439,Debit Card,Completed
CA-2017-157252,PAY00440,Debit Card,Pending
CA-2016-115756,PAY00441,UPI,Pending
CA-2016-115756,PAY00442,Cash on Delivery,Completed
CA-2016-115756,PAY00443,Debit Card,Completed
CA-2016-115756,PAY00444,Net Banking,Completed
CA-2016-115756,PAY00445,Net Banking,Pending
CA-2016-115756,PAY00446,Net Banking,Completed
CA-2017-154214,PAY00447,Credit Card,Completed
CA-2016-166674,PAY00448,Net Banking,Completed
CA-2016-166674,PAY00449,Net Banking,Pending
CA-2016-166674,PAY00450,Net Banking,Completed
CA-2016-166674,PAY00451,Net Banking,Completed
CA-2016-166674,PAY00452,UPI,Completed
CA-2016-166674,PAY00453,UPI,Pending
CA-2017-147277,PAY00454,Debit Card,Completed
CA-2017-147277,PAY00455,Debit Card,Pending
CA-2016-100153,PAY00456,UPI,Completed
US-2014-110674,PAY00457,UPI,Completed
US-2016-157945,PAY00458,Net Banking,Completed
US-2016-157945,PAY00459,Net Banking,Completed
CA-2015-109638,PAY00460,Debit Card,Completed
CA-2015-109638,PAY00461,Cash on Delivery,Completed
CA-2015-109638,PAY00462,Net Banking,Failed
CA-2016-109869,PAY00463,Net Banking,Pending
CA-2016-109869,PAY00464,UPI,Completed
CA-2016-109869,PAY00465,Debit Card,Completed
CA-2016-109869,PAY00466,Credit Card,Completed
CA-2016-109869,PAY00467,Credit Card,Pending
US-2015-101399,PAY00468,Net Banking,Pending
CA-2017-154907,PAY00469,Net Banking,Completed
US-2016-100419,PAY00470,Net Banking,Completed
CA-2015-154144,PAY00471,Net Banking,Completed
CA-2014-144666,PAY00472,Net Banking,Pending
CA-2014-144666,PAY00473,Net Banking,Completed
CA-2014-144666,PAY00474,UPI,Completed
CA-2014-144666,PAY00475,Debit Card,Completed
CA-2014-144666,PAY00476,Debit Card,Completed
CA-2014-144666,PAY00477,Debit Card,Completed
CA-2016-103891,PAY00478,Debit Card,Completed
CA-2016-152632,PAY00479,UPI,Pending
CA-2016-100790,PAY00480,Cash on Delivery,Completed
CA-2016-100790,PAY00481,UPI,Completed
CA-2014-134677,PAY00482,UPI,Completed
CA-2014-127691,PAY00483,Cash on Delivery,Failed
CA-2014-127691,PAY00484,Debit Card,Completed
CA-2017-140963,PAY00485,Cash on Delivery,Completed
CA-2017-140963,PAY00486,Cash on Delivery,Completed
CA-2017-140963,PAY00487,Debit Card,Completed
CA-2014-154627,PAY00488,UPI,Completed
CA-2014-133753,PAY00489,Cash on Delivery,Completed
CA-2014-133753,PAY00490,Debit Card,Completed
CA-2014-133753,PAY00491,Debit Card,Pending
CA-2014-113362,PAY00492,Cash on Delivery,Failed
CA-2014-113362,PAY00493,UPI,Completed
CA-2016-169166,PAY00494,Net Banking,Completed
US-2016-120929,PAY00495,Credit Card,Pending
CA-2015-134782,PAY00496,Credit Card,Completed
CA-2016-126158,PAY00497,Credit Card,Completed
CA-2016-126158,PAY00498,Credit Card,Completed
CA-2016-126158,PAY00499,Credit Card,Completed
CA-2016-126158,PAY00500,Cash on Delivery,Failed
US-2016-105578,PAY00501,UPI,Completed
US-2016-105578,PAY00502,Cash on Delivery,Pending
US-2016-105578,PAY00503,Debit Card,Pending
US-2016-105578,PAY00504,Credit Card,Failed
US-2016-105578,PAY00505,Credit Card,Completed
CA-2017-134978,PAY00506,UPI,Completed
CA-2015-145352,PAY00507,UPI,Completed
CA-2015-145352,PAY00508,UPI,Completed
CA-2015-145352,PAY00509,Credit Card,Pending
CA-2015-145352,PAY00510,Cash on Delivery,Pending
CA-2017-135307,PAY00511,Net Banking,Completed
CA-2017-135307,PAY00512,Cash on Delivery,Pending
CA-2016-106341,PAY00513,Credit Card,Completed
CA-2017-163405,PAY00514,UPI,Completed
CA-2017-163405,PAY00515,Net Banking,Pending
CA-2017-127432,PAY00516,UPI,Completed
CA-2017-127432,PAY00517,Net Banking,Completed
CA-2017-127432,PAY00518,UPI,Completed
CA-2017-127432,PAY00519,UPI,Completed
CA-2015-157812,PAY00520,Net Banking,Pending
CA-2015-157812,PAY00521,Net Banking,Pending
CA-2015-157812,PAY00522,Cash on Delivery,Completed
CA-2017-145142,PAY00523,UPI,Completed
US-2016-139486,PAY00524,Debit Card,Completed
US-2016-139486,PAY00525,Credit Card,Pending
CA-2015-158792,PAY00526,UPI,Completed
CA-2017-113558,PAY00527,UPI,Completed
CA-2017-113558,PAY00528,Debit Card,Completed
US-2015-138303,PAY00529,Debit Card,Completed
US-2015-138303,PAY00530,Net Banking,Completed
US-2015-138303,PAY00531,UPI,Completed
CA-2015-102848,PAY00532,Debit Card,Failed
US-2017-129441,PAY00533,Net Banking,Pending
CA-2016-168753,PAY00534,Debit Card,Completed
CA-2016-168753,PAY00535,Cash on Delivery,Completed
CA-2016-126613,PAY00536,UPI,Pending
US-2017-122637,PAY00537,Credit Card,Completed
CA-2015-147851,PAY00538,Cash on Delivery,Completed
CA-2015-134894,PAY00539,Credit Card,Failed
CA-2015-134894,PAY00540,Cash on Delivery,Completed
CA-2014-140795,PAY00541,UPI,Completed
CA-2016-136924,PAY00542,UPI,Completed
US-2015-120161,PAY00543,Cash on Delivery,Failed
CA-2014-103849,PAY00544,Cash on Delivery,Pending
CA-2014-103849,PAY00545,Net Banking,Completed
CA-2014-103849,PAY00546,Credit Card,Completed
CA-2017-162929,PAY00547,Credit Card,Completed
CA-2017-162929,PAY00548,Debit Card,Completed
CA-2015-113173,PAY00549,Debit Card,Failed
CA-2015-113173,PAY00550,Net Banking,Completed
CA-2015-113173,PAY00551,Credit Card,Completed
CA-2016-136406,PAY00552,Credit Card,Completed
CA-2017-112774,PAY00553,Debit Card,Completed
CA-2017-101945,PAY00554,Credit Card,Completed
CA-2017-100650,PAY00555,Cash on Delivery,Failed
CA-2014-155852,PAY00556,Debit Card,Completed
CA-2016-113243,PAY00557,Net Banking,Completed
CA-2016-113243,PAY00558,UPI,Failed
CA-2016-113243,PAY00559,Net Banking,Failed
CA-2017-118731,PAY00560,UPI,Completed
CA-2017-118731,PAY00561,Cash on Delivery,Pending
CA-2014-145576,PAY00562,Debit Card,Completed
CA-2014-145576,PAY00563,Debit Card,Completed
CA-2015-130736,PAY00564,UPI,Completed
CA-2015-130736,PAY00565,UPI,Completed
CA-2017-137099,PAY00566,Credit Card,Completed
CA-2017-156951,PAY00567,Net Banking,Completed
CA-2017-156951,PAY00568,UPI,Failed
CA-2017-156951,PAY00569,Net Banking,Completed
CA-2017-156951,PAY00570,Net Banking,Completed
CA-2017-164826,PAY00571,Net Banking,Completed
CA-2017-164826,PAY00572,Cash on Delivery,Failed
CA-2017-164826,PAY00573,Cash on Delivery,Failed
CA-2017-164826,PAY00574,Debit Card,Pending
CA-2016-127250,PAY00575,Cash on Delivery,Completed
CA-2015-149713,PAY00576,Debit Card,Completed
CA-2015-149713,PAY00577,Net Banking,Pending
CA-2015-149713,PAY00578,Credit Card,Failed
CA-2017-118640,PAY00579,Debit Card,Failed
CA-2017-118640,PAY00580,Net Banking,Completed
CA-2015-132906,PAY00581,Debit Card,Completed
CA-2017-145233,PAY00582,Cash on Delivery,Pending
CA-2017-145233,PAY00583,Net Banking,Failed
CA-2017-145233,PAY00584,Debit Card,Completed
CA-2017-145233,PAY00585,UPI,Failed
CA-2017-145233,PAY00586,Net Banking,Failed
CA-2015-128139,PAY00587,UPI,Completed
CA-2015-128139,PAY00588,Debit Card,Completed
US-2016-156986,PAY00589,Net Banking,Completed
US-2016-156986,PAY00590,Cash on Delivery,Completed
US-2016-156986,PAY00591,Credit Card,Completed
US-2016-156986,PAY00592,Cash on Delivery,Completed
CA-2014-135405,PAY00593,Credit Card,Pending
CA-2014-135405,PAY00594,UPI,Completed
CA-2014-131450,PAY00595,Credit Card,Completed
CA-2014-131450,PAY00596,Cash on Delivery,Completed
CA-2014-131450,PAY00597,UPI,Completed
CA-2014-131450,PAY00598,Debit Card,Completed
CA-2016-120180,PAY00599,Credit Card,Failed
US-2016-100720,PAY00600,Debit Card,Completed
US-2016-100720,PAY00601,Cash on Delivery,Pending
US-2016-100720,PAY00602,Net Banking,Completed
CA-2014-149958,PAY00603,Credit Card,Completed
CA-2014-149958,PAY00604,Credit Card,Pending
CA-2014-149958,PAY00605,Net Banking,Completed
CA-2014-149958,PAY00606,UPI,Completed
CA-2014-149958,PAY00607,Credit Card,Completed
US-2014-105767,PAY00608,Cash on Delivery,Completed
US-2014-105767,PAY00609,Cash on Delivery,Completed
US-2014-105767,PAY00610,Debit Card,Pending
CA-2016-161816,PAY00611,Cash on Delivery,Pending
CA-2016-161816,PAY00612,Credit Card,Completed
CA-2016-121223,PAY00613,UPI,Pending
CA-2016-121223,PAY00614,Debit Card,Completed
CA-2017-138611,PAY00615,Debit Card,Completed
CA-2017-138611,PAY00616,Debit Card,Completed
CA-2017-117947,PAY00617,UPI,Completed
CA-2017-117947,PAY00618,Net Banking,Completed
CA-2017-117947,PAY00619,UPI,Completed
CA-2017-117947,PAY00620,Net Banking,Completed
CA-2017-117947,PAY00621,Credit Card,Completed
US-2014-111171,PAY00622,Cash on Delivery,Completed
CA-2015-138009,PAY00623,Debit Card,Completed
CA-2015-138009,PAY00624,Net Banking,Pending
CA-2015-138009,PAY00625,Cash on Delivery,Completed
CA-2015-138009,PAY00626,UPI,Pending
CA-2017-163020,PAY00627,Debit Card,Pending
CA-2017-153787,PAY00628,UPI,Pending
CA-2017-133431,PAY00629,Credit Card,Completed
CA-2017-133431,PAY00630,UPI,Completed
US-2016-135720,PAY00631,UPI,Completed
US-2016-135720,PAY00632,Credit Card,Completed
US-2016-135720,PAY00633,Debit Card,Completed
CA-2017-144694,PAY00634,Net Banking,Completed
CA-2017-144694,PAY00635,Cash on Delivery,Completed
CA-2015-168004,PAY00636,Credit Card,Completed
US-2016-123470,PAY00637,Net Banking,Completed
US-2016-123470,PAY00638,Debit Card,Completed
CA-2016-115917,PAY00639,Credit Card,Completed
CA-2016-115917,PAY00640,Net Banking,Failed
CA-2016-147067,PAY00641,Net Banking,Failed
CA-2017-167913,PAY00642,Cash on Delivery,Completed
CA-2017-167913,PAY00643,Credit Card,Completed
CA-2017-106103,PAY00644,Cash on Delivery,Completed
US-2017-127719,PAY00645,UPI,Completed
CA-2017-126221,PAY00646,Credit Card,Completed
CA-2016-103947,PAY00647,Debit Card,Completed
CA-2016-103947,PAY00648,UPI,Pending
CA-2016-160745,PAY00649,Net Banking,Completed
CA-2016-160745,PAY00650,UPI,Completed
CA-2016-160745,PAY00651,Credit Card,Completed
CA-2016-132661,PAY00652,Cash on Delivery,Completed
CA-2017-140844,PAY00653,UPI,Completed
CA-2017-140844,PAY00654,Debit Card,Pending
CA-2016-137239,PAY00655,UPI,Completed
CA-2016-137239,PAY00656,Credit Card,Completed
CA-2016-137239,PAY00657,UPI,Completed
US-2016-156097,PAY00658,UPI,Pending
US-2016-156097,PAY00659,Net Banking,Completed
CA-2015-146563,PAY00660,Net Banking,Pending
CA-2015-146563,PAY00661,UPI,Completed
CA-2015-146563,PAY00662,Credit Card,Completed
CA-2015-146563,PAY00663,Cash on Delivery,Pending
CA-2016-123666,PAY00664,UPI,Failed
CA-2016-143308,PAY00665,Net Banking,Completed
CA-2017-132682,PAY00666,Net Banking,Pending
CA-2017-132682,PAY00667,Credit Card,Completed
CA-2017-132682,PAY00668,Cash on Delivery,Pending
CA-2014-156314,PAY00669,Credit Card,Completed
US-2017-106663,PAY00670,Net Banking,Completed
US-2017-106663,PAY00671,Debit Card,Completed
US-2017-106663,PAY00672,Credit Card,Completed
CA-2017-111178,PAY00673,Debit Card,Completed
CA-2017-130351,PAY00674,Credit Card,Completed
CA-2017-130351,PAY00675,Net Banking,Completed
CA-2017-130351,PAY00676,Debit Card,Completed
US-2017-119438,PAY00677,Net Banking,Failed
US-2017-119438,PAY00678,Credit Card,Completed
US-2017-119438,PAY00679,Credit Card,Pending
US-2017-119438,PAY00680,Net Banking,Completed
CA-2016-164511,PAY00681,UPI,Completed
CA-2016-164511,PAY00682,UPI,Completed
CA-2016-164511,PAY00683,UPI,Completed
US-2017-168116,PAY00684,Net Banking,Completed
US-2017-168116,PAY00685,Net Banking,Completed
CA-2014-157784,PAY00686,Credit Card,Completed
CA-2014-157784,PAY00687,UPI,Completed
CA-2014-157784,PAY00688,Debit Card,Completed
CA-2017-161480,PAY00689,UPI,Failed
US-2014-117135,PAY00690,UPI,Pending
US-2014-117135,PAY00691,Credit Card,Completed
US-2014-117135,PAY00692,Credit Card,Completed
CA-2015-131534,PAY00693,Cash on Delivery,Completed
CA-2015-131534,PAY00694,Net Banking,Completed
CA-2015-119291,PAY00695,Debit Card,Completed
CA-2015-119291,PAY00696,UPI,Pending
CA-2015-119291,PAY00697,Credit Card,Completed
CA-2015-119291,PAY00698,UPI,Pending
CA-2015-119291,PAY00699,Cash on Delivery,Completed
CA-2015-119291,PAY00700,Credit Card,Failed
CA-2015-119291,PAY00701,Net Banking,Completed
CA-2017-114552,PAY00702,Debit Card,Completed
CA-2016-163755,PAY00703,Net Banking,Completed
CA-2015-142027,PAY00704,UPI,Completed
CA-2014-138527,PAY00705,UPI,Completed
CA-2014-138527,PAY00706,Net Banking,Completed
CA-2014-138527,PAY00707,Net Banking,Pending
CA-2014-112158,PAY00708,Cash on Delivery,Completed
CA-2014-112158,PAY00709,Net Banking,Completed
CA-2014-112158,PAY00710,Net Banking,Completed
CA-2014-113887,PAY00711,Debit Card,Pending
CA-2017-146136,PAY00712,Cash on Delivery,Completed
US-2017-100048,PAY00713,Net Banking,Completed
US-2017-100048,PAY00714,Net Banking,Pending
US-2017-100048,PAY00715,Cash on Delivery,Completed
CA-2014-153150,PAY00716,Net Banking,Pending
CA-2014-130092,PAY00717,Debit Card,Completed
CA-2017-108910,PAY00718,Cash on Delivery,Pending
CA-2014-104472,PAY00719,UPI,Completed
CA-2014-104472,PAY00720,Debit Card,Failed
CA-2016-112942,PAY00721,Debit Card,Completed
CA-2016-142335,PAY00722,UPI,Completed
CA-2016-142335,PAY00723,UPI,Failed
CA-2014-117429,PAY00724,Credit Card,Failed
CA-2016-114713,PAY00725,UPI,Completed
CA-2017-144113,PAY00726,Net Banking,Completed
CA-2017-144113,PAY00727,Debit Card,Pending
US-2016-150861,PAY00728,Credit Card,Completed
US-2016-150861,PAY00729,Credit Card,Pending
US-2016-150861,PAY00730,Net Banking,Completed
US-2016-150861,PAY00731,Cash on Delivery,Completed
US-2016-150861,PAY00732,Cash on Delivery,Pending
CA-2017-131954,PAY00733,UPI,Failed
CA-2017-131954,PAY00734,UPI,Completed
CA-2017-131954,PAY00735,Debit Card,Pending
CA-2017-131954,PAY00736,Cash on Delivery,Pending
CA-2017-131954,PAY00737,Credit Card,Completed
CA-2017-131954,PAY00738,Cash on Delivery,Pending
CA-2014-132500,PAY00739,Debit Card,Pending
CA-2014-112326,PAY00740,Cash on Delivery,Pending
CA-2014-112326,PAY00741,Cash on Delivery,Pending
CA-2014-112326,PAY00742,UPI,Completed
US-2016-146710,PAY00743,Cash on Delivery,Completed
US-2016-146710,PAY00744,Credit Card,Pending
US-2016-146710,PAY00745,Debit Card,Completed
US-2016-146710,PAY00746,Net Banking,Completed
CA-2014-124429,PAY00747,Credit Card,Completed
CA-2014-124429,PAY00748,Credit Card,Failed
CA-2016-150889,PAY00749,Net Banking,Completed
CA-2017-126074,PAY00750,Credit Card,Completed
CA-2017-126074,PAY00751,Debit Card,Pending
CA-2017-126074,PAY00752,Debit Card,Completed
CA-2017-126074,PAY00753,Credit Card,Completed
CA-2016-110499,PAY00754,Cash on Delivery,Completed
CA-2015-135272,PAY00755,Debit Card,Completed
CA-2016-140928,PAY00756,Debit Card,Pending
CA-2014-106803,PAY00757,Credit Card,Pending
CA-2014-106803,PAY00758,Cash on Delivery,Completed
CA-2017-117240,PAY00759,Cash on Delivery,Completed
CA-2017-133333,PAY00760,Net Banking,Completed
CA-2015-112319,PAY00761,Net Banking,Completed
CA-2017-126046,PAY00762,UPI,Completed
CA-2015-114923,PAY00763,Cash on Delivery,Completed
CA-2014-162775,PAY00764,Debit Card,Completed
CA-2014-162775,PAY00765,UPI,Completed
CA-2014-162775,PAY00766,Net Banking,Pending
CA-2014-162775,PAY00767,Net Banking,Completed
CA-2014-162775,PAY00768,UPI,Completed
CA-2014-106810,PAY00769,Net Banking,Completed
CA-2016-157245,PAY00770,Net Banking,Pending
CA-2017-104220,PAY00771,Cash on Delivery,Completed
CA-2017-104220,PAY00772,Credit Card,Completed
CA-2017-104220,PAY00773,Cash on Delivery,Completed
CA-2017-104220,PAY00774,Cash on Delivery,Pending
CA-2017-104220,PAY00775,Debit Card,Completed
CA-2017-104220,PAY00776,Debit Card,Completed
CA-2014-165974,PAY00777,Debit Card,Pending
CA-2015-144267,PAY00778,UPI,Completed
CA-2015-144267,PAY00779,Debit Card,Pending
CA-2015-144267,PAY00780,Credit Card,Completed
CA-2015-144267,PAY00781,Debit Card,Pending
US-2015-157014,PAY00782,UPI,Completed
US-2015-157014,PAY00783,Cash on Delivery,Failed
US-2015-157014,PAY00784,Debit Card,Pending
US-2015-157014,PAY00785,UPI,Failed
CA-2015-154921,PAY00786,Net Banking,Completed
CA-2017-129567,PAY00787,Cash on Delivery,Completed
CA-2015-154620,PAY00788,UPI,Completed
CA-2015-115938,PAY00789,Credit Card,Failed
CA-2015-115938,PAY00790,Net Banking,Failed
CA-2015-115938,PAY00791,UPI,Completed
CA-2015-115938,PAY00792,Net Banking,Completed
CA-2016-105256,PAY00793,Credit Card,Completed
CA-2014-156433,PAY00794,UPI,Completed
CA-2014-156433,PAY00795,Net Banking,Completed
CA-2017-151428,PAY00796,Net Banking,Pending
CA-2015-124653,PAY00797,Cash on Delivery,Pending
CA-2015-124653,PAY00798,Cash on Delivery,Completed
CA-2015-124653,PAY00799,UPI,Pending
CA-2015-101910,PAY00800,Credit Card,Failed
CA-2017-105809,PAY00801,Net Banking,Completed
CA-2017-105809,PAY00802,Credit Card,Completed
CA-2016-136133,PAY00803,Credit Card,Completed
CA-2016-115504,PAY00804,Credit Card,Pending
CA-2017-135783,PAY00805,Net Banking,Completed
CA-2014-134313,PAY00806,Cash on Delivery,Completed
CA-2014-134313,PAY00807,Net Banking,Completed
CA-2015-140921,PAY00808,UPI,Completed
CA-2015-140921,PAY00809,Debit Card,Completed
CA-2014-151995,PAY00810,UPI,Completed
CA-2014-151995,PAY00811,Cash on Delivery,Completed
CA-2014-151995,PAY00812,Credit Card,Completed
CA-2014-151995,PAY00813,Credit Card,Completed
CA-2017-143686,PAY00814,Cash on Delivery,Pending
CA-2017-143686,PAY00815,Debit Card,Completed
CA-2015-106565,PAY00816,Debit Card,Completed
CA-2016-149370,PAY00817,Net Banking,Completed
CA-2014-140858,PAY00818,Cash on Delivery,Completed
CA-2014-140858,PAY00819,Net Banking,Completed
CA-2014-140858,PAY00820,Net Banking,Completed
CA-2014-140858,PAY00821,Net Banking,Pending
CA-2014-140858,PAY00822,Credit Card,Completed
CA-2017-101434,PAY00823,Credit Card,Completed
CA-2017-101434,PAY00824,Debit Card,Completed
US-2014-102071,PAY00825,Credit Card,Completed
US-2014-102071,PAY00826,UPI,Failed
CA-2017-126956,PAY00827,Credit Card,Pending
CA-2017-126956,PAY00828,Net Banking,Completed
CA-2017-126956,PAY00829,Debit Card,Completed
CA-2017-129462,PAY00830,Debit Card,Completed
CA-2017-129462,PAY00831,Debit Card,Pending
CA-2017-129462,PAY00832,Cash on Delivery,Failed
CA-2017-129462,PAY00833,Credit Card,Completed
CA-2016-165316,PAY00834,Debit Card,Completed
CA-2016-165316,PAY00835,UPI,Completed
CA-2016-165316,PAY00836,Credit Card,Completed
US-2014-115987,PAY00837,Cash on Delivery,Completed
US-2017-156083,PAY00838,UPI,Completed
US-2016-137547,PAY00839,Credit Card,Completed
CA-2015-100454,PAY00840,Debit Card,Completed
CA-2015-100454,PAY00841,Cash on Delivery,Completed
CA-2015-100454,PAY00842,Net Banking,Pending
CA-2016-161669,PAY00843,Credit Card,Completed
CA-2016-161669,PAY00844,UPI,Completed
CA-2016-161669,PAY00845,Net Banking,Pending
CA-2016-161669,PAY00846,UPI,Completed
CA-2015-114300,PAY00847,Credit Card,Completed
CA-2015-114300,PAY00848,Net Banking,Completed
CA-2017-107503,PAY00849,Debit Card,Completed
CA-2014-107755,PAY00850,UPI,Pending
CA-2016-152534,PAY00851,Credit Card,Pending
CA-2016-152534,PAY00852,UPI,Completed
CA-2016-113747,PAY00853,UPI,Completed
CA-2016-123274,PAY00854,UPI,Completed
CA-2016-123274,PAY00855,Credit Card,Failed
CA-2014-125612,PAY00856,Cash on Delivery,Completed
CA-2014-125612,PAY00857,UPI,Pending
CA-2014-125612,PAY00858,Debit Card,Completed
CA-2017-161984,PAY00859,Credit Card,Completed
CA-2017-161984,PAY00860,UPI,Completed
CA-2014-133851,PAY00861,Debit Card,Completed
CA-2014-133851,PAY00862,UPI,Completed
CA-2016-134474,PAY00863,Debit Card,Completed
CA-2016-134474,PAY00864,UPI,Completed
CA-2016-134474,PAY00865,Debit Card,Completed
CA-2014-149020,PAY00866,Net Banking,Completed
CA-2014-149020,PAY00867,UPI,Pending
CA-2016-134362,PAY00868,Debit Card,Pending
CA-2014-136742,PAY00869,Debit Card,Completed
CA-2016-158099,PAY00870,Debit Card,Completed
CA-2016-158099,PAY00871,Debit Card,Completed
CA-2015-131128,PAY00872,UPI,Completed
CA-2014-148488,PAY00873,Credit Card,Completed
CA-2014-148488,PAY00874,Cash on Delivery,Completed
CA-2017-114636,PAY00875,Debit Card,Pending
CA-2016-116736,PAY00876,UPI,Completed
CA-2016-116736,PAY00877,Debit Card,Completed
CA-2016-116736,PAY00878,Credit Card,Failed
US-2014-158638,PAY00879,Debit Card,Pending
CA-2017-111689,PAY00880,Cash on Delivery,Completed
CA-2017-111689,PAY00881,UPI,Pending
CA-2015-129098,PAY00882,Cash on Delivery,Completed
US-2017-123463,PAY00883,Net Banking,Pending
CA-2016-165148,PAY00884,Credit Card,Failed
CA-2014-134061,PAY00885,Debit Card,Completed
CA-2015-143602,PAY00886,Cash on Delivery,Failed
CA-2017-115364,PAY00887,UPI,Pending
CA-2017-150707,PAY00888,Debit Card,Completed
CA-2014-104976,PAY00889,UPI,Pending
CA-2017-132934,PAY00890,Cash on Delivery,Completed
CA-2017-132934,PAY00891,Net Banking,Completed
CA-2017-133256,PAY00892,Net Banking,Completed
CA-2017-133256,PAY00893,Credit Card,Pending
CA-2017-133256,PAY00894,Net Banking,Pending
CA-2016-105494,PAY00895,Net Banking,Completed
CA-2016-105494,PAY00896,Cash on Delivery,Completed
CA-2016-140634,PAY00897,UPI,Completed
CA-2014-144407,PAY00898,UPI,Pending
CA-2017-160983,PAY00899,Net Banking,Completed
US-2016-114622,PAY00900,Cash on Delivery,Failed
CA-2017-150959,PAY00901,UPI,Failed
CA-2017-150959,PAY00902,Cash on Delivery,Completed
CA-2017-132353,PAY00903,Credit Card,Completed
CA-2016-130477,PAY00904,Credit Card,Completed
CA-2016-130477,PAY00905,UPI,Completed
CA-2016-130477,PAY00906,Net Banking,Completed
CA-2017-143259,PAY00907,UPI,Pending
CA-2017-143259,PAY00908,Cash on Delivery,Pending
CA-2017-143259,PAY00909,Debit Card,Completed
CA-2017-137596,PAY00910,UPI,Failed
CA-2017-137596,PAY00911,Credit Card,Completed
CA-2017-137596,PAY00912,Credit Card,Completed
CA-2015-133627,PAY00913,Cash on Delivery,Completed
CA-2017-102519,PAY00914,Credit Card,Completed
CA-2017-102519,PAY00915,Cash on Delivery,Pending
US-2014-141215,PAY00916,Net Banking,Completed
US-2014-141215,PAY00917,Net Banking,Completed
US-2014-141215,PAY00918,Cash on Delivery,Completed
CA-2016-165218,PAY00919,Net Banking,Completed
CA-2016-165218,PAY00920,Net Banking,Pending
CA-2014-138296,PAY00921,Cash on Delivery,Completed
CA-2015-111164,PAY00922,Net Banking,Completed
CA-2015-111164,PAY00923,Cash on Delivery,Completed
CA-2015-111164,PAY00924,Debit Card,Completed
CA-2016-149797,PAY00925,Net Banking,Completed
CA-2014-132962,PAY00926,UPI,Completed
CA-2014-132962,PAY00927,Cash on Delivery,Completed
CA-2015-115091,PAY00928,UPI,Completed
CA-2015-115091,PAY00929,UPI,Completed
CA-2017-144932,PAY00930,Debit Card,Completed
CA-2017-144932,PAY00931,Cash on Delivery,Failed
CA-2017-144932,PAY00932,Net Banking,Completed
CA-2017-114216,PAY00933,Debit Card,Completed
CA-2016-140081,PAY00934,Credit Card,Completed
CA-2016-140081,PAY00935,UPI,Completed
CA-2016-140081,PAY00936,Credit Card,Pending
CA-2016-140081,PAY00937,Net Banking,Completed
US-2017-111745,PAY00938,Cash on Delivery,Pending
CA-2015-148250,PAY00939,Credit Card,Completed
CA-2015-148250,PAY00940,Credit Card,Completed
CA-2016-105760,PAY00941,Debit Card,Completed
CA-2016-142958,PAY00942,Cash on Delivery,Completed
CA-2016-142958,PAY00943,Debit Card,Completed
CA-2015-120880,PAY00944,Credit Card,Pending
CA-2015-120880,PAY00945,UPI,Completed
CA-2015-120880,PAY00946,Credit Card,Pending
US-2015-140200,PAY00947,UPI,Pending
US-2017-110576,PAY00948,UPI,Completed
US-2017-110576,PAY00949,Cash on Delivery,Completed
US-2017-110576,PAY00950,Debit Card,Completed
US-2017-110576,PAY00951,Debit Card,Completed
US-2017-110576,PAY00952,Credit Card,Completed
CA-2017-131156,PAY00953,Credit Card,Completed
CA-2017-136539,PAY00954,Cash on Delivery,Completed
CA-2017-136539,PAY00955,Credit Card,Completed
CA-2017-119305,PAY00956,Debit Card,Completed
CA-2017-102414,PAY00957,UPI,Pending
CA-2017-102414,PAY00958,Net Banking,Completed
CA-2017-102414,PAY00959,UPI,Completed
CA-2015-112571,PAY00960,Net Banking,Completed
CA-2017-152142,PAY00961,Debit Card,Completed
CA-2015-160059,PAY00962,Cash on Delivery,Completed
CA-2016-120859,PAY00963,Credit Card,Completed
CA-2014-127488,PAY00964,UPI,Completed
CA-2017-135279,PAY00965,Debit Card,Completed
CA-2017-135279,PAY00966,Cash on Delivery,Completed
CA-2017-135279,PAY00967,Credit Card,Completed
CA-2017-135279,PAY00968,Cash on Delivery,Pending
CA-2017-135279,PAY00969,Credit Card,Completed
CA-2017-135279,PAY00970,Cash on Delivery,Completed
CA-2014-115791,PAY00971,Credit Card,Completed
CA-2014-115791,PAY00972,Credit Card,Failed
CA-2014-115791,PAY00973,Credit Card,Pending
CA-2014-115791,PAY00974,Debit Card,Completed
US-2017-103247,PAY00975,Cash on Delivery,Completed
US-2017-103247,PAY00976,Cash on Delivery,Completed
US-2017-100209,PAY00977,UPI,Completed
CA-2017-159366,PAY00978,Debit Card,Completed
CA-2016-145499,PAY00979,UPI,Completed
CA-2015-157035,PAY00980,UPI,Completed
CA-2016-144939,PAY00981,Net Banking,Failed
CA-2014-163419,PAY00982,Cash on Delivery,Completed
CA-2014-163419,PAY00983,Net Banking,Completed
CA-2014-163419,PAY00984,Credit Card,Completed
CA-2017-100314,PAY00985,Cash on Delivery,Pending
CA-2017-100314,PAY00986,Cash on Delivery,Completed
CA-2017-100314,PAY00987,UPI,Completed
CA-2015-146829,PAY00988,Credit Card,Completed
CA-2017-167899,PAY00989,Debit Card,Pending
CA-2017-167899,PAY00990,Cash on Delivery,Pending
CA-2015-153549,PAY00991,Net Banking,Completed
CA-2016-110023,PAY00992,Net Banking,Completed
CA-2016-105585,PAY00993,Debit Card,Completed
CA-2016-105585,PAY00994,Credit Card,Completed
CA-2014-117639,PAY00995,Credit Card,Completed
CA-2014-117639,PAY00996,Debit Card,Completed
CA-2015-162537,PAY00997,UPI,Completed
CA-2015-162537,PAY00998,UPI,Completed
CA-2015-162537,PAY00999,Credit Card,Completed
CA-2015-162537,PAY01000,Net Banking,Completed
CA-2016-155488,PAY01001,Credit Card,Pending
CA-2015-124891,PAY01002,Credit Card,Completed
CA-2015-124891,PAY01003,UPI,Completed
CA-2015-124891,PAY01004,Net Banking,Completed
CA-2015-126445,PAY01005,Credit Card,Failed
CA-2015-111199,PAY01006,Net Banking,Completed
CA-2015-105312,PAY01007,Net Banking,Completed
CA-2015-105312,PAY01008,Credit Card,Pending
US-2017-106705,PAY01009,Net Banking,Pending
CA-2017-135034,PAY01010,Net Banking,Completed
CA-2014-158540,PAY01011,Credit Card,Pending
CA-2017-118437,PAY01012,Net Banking,Pending
CA-2017-118437,PAY01013,Debit Card,Completed
US-2015-126214,PAY01014,Net Banking,Completed
US-2015-126214,PAY01015,Debit Card,Completed
CA-2015-133025,PAY01016,Cash on Delivery,Failed
CA-2015-108665,PAY01017,Credit Card,Completed
CA-2015-108665,PAY01018,Credit Card,Completed
CA-2015-108665,PAY01019,Debit Card,Pending
CA-2015-108665,PAY01020,Credit Card,Completed
CA-2015-124450,PAY01021,UPI,Completed
CA-2015-124450,PAY01022,Net Banking,Completed
CA-2015-124450,PAY01023,UPI,Completed
CA-2015-167269,PAY01024,UPI,Completed
CA-2017-106964,PAY01025,Debit Card,Pending
CA-2016-126529,PAY01026,Net Banking,Pending
CA-2016-126529,PAY01027,Credit Card,Completed
CA-2016-126529,PAY01028,Net Banking,Pending
CA-2014-163552,PAY01029,UPI,Completed
CA-2014-163552,PAY01030,Credit Card,Pending
CA-2014-163552,PAY01031,Debit Card,Pending
CA-2014-163552,PAY01032,Debit Card,Completed
CA-2014-163552,PAY01033,Debit Card,Completed
CA-2016-109820,PAY01034,UPI,Completed
CA-2016-109820,PAY01035,Credit Card,Pending
CA-2016-109820,PAY01036,UPI,Completed
CA-2016-113061,PAY01037,UPI,Completed
CA-2015-127418,PAY01038,UPI,Completed
CA-2017-121818,PAY01039,Credit Card,Completed
CA-2017-121818,PAY01040,UPI,Completed
CA-2016-127670,PAY01041,UPI,Completed
CA-2016-102981,PAY01042,Cash on Delivery,Completed
CA-2016-102981,PAY01043,Net Banking,Completed
CA-2017-115651,PAY01044,Credit Card,Pending
CA-2017-115651,PAY01045,UPI,Pending
CA-2017-152702,PAY01046,UPI,Completed
CA-2016-169103,PAY01047,Credit Card,Completed
CA-2016-169103,PAY01048,Cash on Delivery,Completed
CA-2014-139192,PAY01049,Debit Card,Failed
CA-2014-139192,PAY01050,UPI,Completed
US-2015-153500,PAY01051,Debit Card,Completed
US-2015-153500,PAY01052,UPI,Completed
US-2015-153500,PAY01053,Credit Card,Completed
CA-2015-110667,PAY01054,Cash on Delivery,Failed
CA-2015-110667,PAY01055,UPI,Failed
CA-2015-110667,PAY01056,Credit Card,Completed
CA-2015-110667,PAY01057,Cash on Delivery,Completed
CA-2017-167150,PAY01058,Net Banking,Pending
CA-2017-167150,PAY01059,Net Banking,Pending
CA-2016-105284,PAY01060,UPI,Completed
US-2015-125374,PAY01061,Debit Card,Completed
CA-2015-161263,PAY01062,UPI,Failed
CA-2015-161263,PAY01063,Debit Card,Pending
CA-2015-161263,PAY01064,UPI,Completed
CA-2015-161263,PAY01065,Cash on Delivery,Completed
CA-2015-161263,PAY01066,Net Banking,Completed
CA-2015-161263,PAY01067,UPI,Completed
CA-2016-157686,PAY01068,UPI,Completed
US-2017-139955,PAY01069,Net Banking,Completed
US-2015-150161,PAY01070,UPI,Failed
CA-2015-144652,PAY01071,Debit Card,Pending
CA-2016-152814,PAY01072,Credit Card,Pending
CA-2017-106943,PAY01073,Cash on Delivery,Pending
CA-2016-134348,PAY01074,Net Banking,Completed
CA-2016-134348,PAY01075,Credit Card,Completed
CA-2016-134348,PAY01076,Net Banking,Completed
CA-2016-161781,PAY01077,Debit Card,Pending
CA-2017-132521,PAY01078,UPI,Completed
CA-2017-132521,PAY01079,Cash on Delivery,Completed
CA-2017-132521,PAY01080,Net Banking,Completed
CA-2015-110016,PAY01081,Credit Card,Completed
CA-2015-110016,PAY01082,UPI,Completed
US-2016-143819,PAY01083,Cash on Delivery,Pending
US-2016-143819,PAY01084,Credit Card,Completed
US-2016-143819,PAY01085,Debit Card,Completed
US-2016-143819,PAY01086,Debit Card,Completed
CA-2016-167584,PAY01087,Cash on Delivery,Completed
CA-2016-166163,PAY01088,Net Banking,Completed
CA-2016-166163,PAY01089,Credit Card,Completed
CA-2017-158407,PAY01090,UPI,Failed
CA-2017-158407,PAY01091,UPI,Completed
CA-2015-143490,PAY01092,Net Banking,Pending
CA-2015-143490,PAY01093,Debit Card,Completed
CA-2015-165085,PAY01094,Credit Card,Completed
CA-2015-165085,PAY01095,Cash on Delivery,Completed
CA-2017-160423,PAY01096,Cash on Delivery,Completed
CA-2017-160423,PAY01097,UPI,Pending
CA-2014-159338,PAY01098,Debit Card,Completed
CA-2016-107216,PAY01099,Net Banking,Failed
CA-2016-107216,PAY01100,Debit Card,Pending
CA-2016-107216,PAY01101,UPI,Pending
CA-2016-107216,PAY01102,UPI,Completed
US-2017-145863,PAY01103,Debit Card,Pending
US-2017-145863,PAY01104,UPI,Failed
CA-2016-112340,PAY01105,UPI,Pending
US-2016-110156,PAY01106,Debit Card,Failed
US-2016-110156,PAY01107,UPI,Completed
US-2016-110156,PAY01108,Net Banking,Failed
US-2016-110156,PAY01109,Debit Card,Completed
US-2016-110156,PAY01110,Credit Card,Completed
US-2016-110156,PAY01111,Net Banking,Completed
US-2016-110156,PAY01112,Net Banking,Completed
US-2016-110156,PAY01113,UPI,Pending
CA-2017-140585,PAY01114,UPI,Completed
CA-2017-140585,PAY01115,UPI,Completed
CA-2017-140585,PAY01116,Debit Card,Pending
CA-2016-144855,PAY01117,Cash on Delivery,Pending
CA-2015-142755,PAY01118,UPI,Completed
CA-2015-142755,PAY01119,Net Banking,Completed
CA-2015-142755,PAY01120,Cash on Delivery,Failed
CA-2015-142755,PAY01121,UPI,Failed
US-2014-147627,PAY01122,UPI,Failed
US-2014-147627,PAY01123,Cash on Delivery,Completed
US-2014-147627,PAY01124,Credit Card,Completed
US-2014-147627,PAY01125,Credit Card,Completed
US-2014-147627,PAY01126,Credit Card,Pending
US-2014-147627,PAY01127,Cash on Delivery,Completed
CA-2015-105970,PAY01128,UPI,Pending
CA-2015-105970,PAY01129,UPI,Pending
CA-2016-112102,PAY01130,UPI,Failed
CA-2016-112102,PAY01131,UPI,Completed
CA-2016-112102,PAY01132,Debit Card,Completed
US-2016-114776,PAY01133,UPI,Completed
US-2016-134908,PAY01134,Credit Card,Pending
US-2016-134908,PAY01135,Credit Card,Completed
US-2016-148803,PAY01136,Debit Card,Failed
CA-2016-152170,PAY01137,Cash on Delivery,Completed
CA-2016-152170,PAY01138,Credit Card,Completed
CA-2016-152170,PAY01139,Cash on Delivery,Completed
CA-2016-152170,PAY01140,Cash on Delivery,Pending
CA-2016-152170,PAY01141,Cash on Delivery,Completed
CA-2014-146969,PAY01142,Net Banking,Failed
CA-2014-146969,PAY01143,Net Banking,Failed
CA-2014-146969,PAY01144,Credit Card,Failed
CA-2014-146969,PAY01145,Debit Card,Completed
CA-2014-146969,PAY01146,Credit Card,Completed
CA-2015-112452,PAY01147,Debit Card,Pending
CA-2015-112452,PAY01148,Cash on Delivery,Completed
CA-2015-112452,PAY01149,Credit Card,Completed
CA-2015-112452,PAY01150,Credit Card,Pending
CA-2015-112452,PAY01151,UPI,Completed
CA-2015-113971,PAY01152,UPI,Completed
CA-2017-160395,PAY01153,Credit Card,Completed
CA-2017-160395,PAY01154,Net Banking,Completed
CA-2014-136567,PAY01155,Credit Card,Pending
CA-2014-136567,PAY01156,Net Banking,Completed
CA-2014-136567,PAY01157,Debit Card,Pending
CA-2014-136567,PAY01158,Credit Card,Completed
CA-2016-149314,PAY01159,Debit Card,Completed
CA-2017-147039,PAY01160,Debit Card,Completed
CA-2017-147039,PAY01161,Cash on Delivery,Pending
CA-2014-126522,PAY01162,UPI,Completed
CA-2014-127964,PAY01163,Credit Card,Pending
CA-2014-127964,PAY01164,Debit Card,Completed
CA-2014-127964,PAY01165,Credit Card,Completed
CA-2014-117709,PAY01166,UPI,Pending
CA-2015-125416,PAY01167,Net Banking,Completed
CA-2017-145226,PAY01168,Credit Card,Failed
CA-2017-145226,PAY01169,Net Banking,Completed
CA-2017-145226,PAY01170,Debit Card,Completed
CA-2017-145226,PAY01171,UPI,Completed
US-2014-100279,PAY01172,UPI,Pending
CA-2014-158064,PAY01173,Debit Card,Completed
US-2015-104430,PAY01174,UPI,Completed
CA-2015-132080,PAY01175,UPI,Completed
CA-2016-161207,PAY01176,Net Banking,Completed
CA-2014-120243,PAY01177,Cash on Delivery,Pending
CA-2016-113621,PAY01178,UPI,Completed
CA-2016-113621,PAY01179,UPI,Completed
CA-2016-168081,PAY01180,Credit Card,Completed
CA-2014-128146,PAY01181,Cash on Delivery,Completed
CA-2014-128146,PAY01182,Cash on Delivery,Completed
CA-2017-138779,PAY01183,Cash on Delivery,Completed
CA-2017-138779,PAY01184,Debit Card,Completed
CA-2014-127131,PAY01185,Debit Card,Completed
CA-2014-127131,PAY01186,Net Banking,Completed
CA-2014-127131,PAY01187,Debit Card,Pending
CA-2014-127131,PAY01188,Debit Card,Completed
CA-2017-117212,PAY01189,UPI,Completed
CA-2017-117212,PAY01190,UPI,Completed
CA-2017-117212,PAY01191,Debit Card,Pending
CA-2017-117212,PAY01192,UPI,Completed
CA-2017-117212,PAY01193,Debit Card,Completed
US-2015-130519,PAY01194,UPI,Completed
US-2015-130519,PAY01195,Debit Card,Completed
US-2015-130519,PAY01196,Net Banking,Pending
US-2015-130519,PAY01197,Cash on Delivery,Completed
CA-2016-130946,PAY01198,Cash on Delivery,Completed
CA-2016-130946,PAY01199,Debit Card,Completed
CA-2016-130946,PAY01200,Credit Card,Completed
CA-2016-114727,PAY01201,Credit Card,Completed
CA-2016-114727,PAY01202,UPI,Completed
CA-2016-114727,PAY01203,Credit Card,Completed
CA-2016-114727,PAY01204,UPI,Completed
CA-2016-114727,PAY01205,Net Banking,Pending
CA-2017-133235,PAY01206,UPI,Completed
CA-2016-137050,PAY01207,UPI,Completed
CA-2016-137050,PAY01208,Debit Card,Completed
CA-2016-137050,PAY01209,Credit Card,Pending
CA-2016-137050,PAY01210,Credit Card,Failed
CA-2016-137050,PAY01211,Credit Card,Pending
CA-2016-137050,PAY01212,Credit Card,Completed
US-2017-118087,PAY01213,Credit Card,Completed
US-2017-118087,PAY01214,UPI,Completed
US-2017-118087,PAY01215,Debit Card,Completed
US-2017-118087,PAY01216,UPI,Completed
US-2017-118087,PAY01217,UPI,Completed
US-2017-118087,PAY01218,Net Banking,Completed
US-2017-118087,PAY01219,Debit Card,Pending
US-2017-118087,PAY01220,Debit Card,Failed
CA-2014-110184,PAY01221,Credit Card,Completed
CA-2014-110184,PAY01222,Net Banking,Completed
CA-2016-126004,PAY01223,Cash on Delivery,Completed
CA-2016-126004,PAY01224,Debit Card,Pending
CA-2016-126004,PAY01225,Credit Card,Pending
CA-2016-126004,PAY01226,Debit Card,Completed
CA-2016-126004,PAY01227,Cash on Delivery,Failed
CA-2016-126004,PAY01228,Credit Card,Completed
CA-2017-100013,PAY01229,Cash on Delivery,Completed
CA-2017-100013,PAY01230,Net Banking,Completed
CA-2017-100013,PAY01231,Credit Card,Failed
CA-2015-132570,PAY01232,Debit Card,Completed
CA-2015-132570,PAY01233,Debit Card,Completed
CA-2016-153682,PAY01234,Cash on Delivery,Completed
CA-2016-144344,PAY01235,Credit Card,Pending
CA-2016-144344,PAY01236,Credit Card,Failed
CA-2016-144344,PAY01237,Credit Card,Pending
CA-2016-144344,PAY01238,Net Banking,Completed
CA-2014-127012,PAY01239,Debit Card,Completed
CA-2014-127012,PAY01240,Cash on Delivery,Completed
CA-2014-127012,PAY01241,Debit Card,Completed
CA-2016-128727,PAY01242,Net Banking,Completed
US-2016-162859,PAY01243,Credit Card,Completed
US-2016-162859,PAY01244,Net Banking,Completed
CA-2017-133641,PAY01245,Credit Card,Completed
CA-2014-168494,PAY01246,UPI,Pending
CA-2014-168494,PAY01247,Credit Card,Pending
CA-2014-168494,PAY01248,Credit Card,Completed
CA-2017-115602,PAY01249,Debit Card,Completed
CA-2017-115602,PAY01250,Debit Card,Failed
CA-2017-115602,PAY01251,Cash on Delivery,Completed
CA-2017-115602,PAY01252,Cash on Delivery,Completed
CA-2015-154956,PAY01253,Credit Card,Completed
CA-2017-144638,PAY01254,UPI,Pending
CA-2017-144638,PAY01255,Net Banking,Pending
CA-2017-144638,PAY01256,Debit Card,Completed
CA-2017-144638,PAY01257,Debit Card,Completed
US-2016-168620,PAY01258,Debit Card,Completed
US-2016-168620,PAY01259,Cash on Delivery,Completed
US-2016-168620,PAY01260,Cash on Delivery,Completed
CA-2017-117079,PAY01261,UPI,Failed
US-2016-144393,PAY01262,Credit Card,Pending
CA-2017-105053,PAY01263,Net Banking,Completed
CA-2016-155992,PAY01264,UPI,Completed
CA-2016-155992,PAY01265,Net Banking,Pending
CA-2017-110380,PAY01266,UPI,Completed
US-2014-167738,PAY01267,Debit Card,Completed
US-2014-167738,PAY01268,UPI,Completed
CA-2017-121412,PAY01269,Cash on Delivery,Completed
CA-2017-100426,PAY01270,Cash on Delivery,Pending
US-2016-103646,PAY01271,Credit Card,Completed
US-2016-103646,PAY01272,Debit Card,Completed
US-2016-103646,PAY01273,Debit Card,Completed
CA-2016-119186,PAY01274,UPI,Completed
CA-2016-119186,PAY01275,Debit Card,Completed
CA-2016-119186,PAY01276,Net Banking,Pending
CA-2016-119186,PAY01277,Credit Card,Completed
CA-2016-148698,PAY01278,Debit Card,Completed
CA-2014-163293,PAY01279,Cash on Delivery,Completed
CA-2014-163293,PAY01280,Net Banking,Completed
CA-2016-160815,PAY01281,Credit Card,Failed
CA-2017-122154,PAY01282,Cash on Delivery,Completed
CA-2017-122154,PAY01283,Debit Card,Completed
CA-2017-122154,PAY01284,Credit Card,Completed
US-2015-149692,PAY01285,Cash on Delivery,Pending
CA-2016-119445,PAY01286,Debit Card,Pending
CA-2015-124268,PAY01287,Cash on Delivery,Completed
CA-2016-154711,PAY01288,Credit Card,Pending
CA-2016-154711,PAY01289,Cash on Delivery,Completed
CA-2016-154711,PAY01290,Cash on Delivery,Completed
CA-2016-163384,PAY01291,Cash on Delivery,Pending
CA-2016-163384,PAY01292,Credit Card,Completed
CA-2015-101707,PAY01293,UPI,Completed
CA-2015-101707,PAY01294,Net Banking,Completed
CA-2015-101707,PAY01295,Debit Card,Failed
CA-2015-138898,PAY01296,UPI,Pending
CA-2017-115427,PAY01297,Credit Card,Completed
CA-2017-115427,PAY01298,Credit Card,Completed
CA-2016-134425,PAY01299,Cash on Delivery,Completed
CA-2015-121391,PAY01300,UPI,Completed
CA-2016-137043,PAY01301,Debit Card,Completed
CA-2016-137043,PAY01302,Credit Card,Completed
CA-2015-115847,PAY01303,Credit Card,Completed
US-2017-126179,PAY01304,UPI,Completed
US-2017-126179,PAY01305,Cash on Delivery,Completed
CA-2016-101966,PAY01306,Net Banking,Failed
CA-2016-141397,PAY01307,Cash on Delivery,Completed
CA-2016-141397,PAY01308,Debit Card,Completed
CA-2016-141397,PAY01309,UPI,Pending
CA-2016-141397,PAY01310,Debit Card,Completed
CA-2016-141397,PAY01311,Debit Card,Completed
CA-2016-141082,PAY01312,Net Banking,Pending
CA-2016-141082,PAY01313,UPI,Pending
US-2016-134488,PAY01314,Credit Card,Pending
CA-2016-145919,PAY01315,Cash on Delivery,Completed
CA-2016-145919,PAY01316,UPI,Completed
CA-2016-145919,PAY01317,UPI,Completed
CA-2017-157651,PAY01318,Cash on Delivery,Completed
CA-2014-160773,PAY01319,Cash on Delivery,Failed
CA-2014-160773,PAY01320,UPI,Completed
CA-2017-167703,PAY01321,Cash on Delivery,Completed
CA-2017-167703,PAY01322,Cash on Delivery,Pending
CA-2017-121804,PAY01323,Credit Card,Completed
CA-2017-162635,PAY01324,Credit Card,Completed
CA-2014-107153,PAY01325,Debit Card,Completed
US-2014-117058,PAY01326,Cash on Delivery,Completed
CA-2015-120439,PAY01327,Credit Card,Completed
CA-2016-128258,PAY01328,Debit Card,Failed
CA-2017-106033,PAY01329,UPI,Completed
CA-2016-142762,PAY01330,Credit Card,Failed
CA-2017-127705,PAY01331,Debit Card,Completed
CA-2017-127705,PAY01332,Cash on Delivery,Pending
CA-2014-122567,PAY01333,Cash on Delivery,Completed
CA-2014-122567,PAY01334,Debit Card,Pending
CA-2014-121664,PAY01335,Debit Card,Completed
CA-2016-122133,PAY01336,Cash on Delivery,Completed
US-2017-123281,PAY01337,Debit Card,Completed
CA-2017-100524,PAY01338,Net Banking,Failed
CA-2017-100524,PAY01339,Debit Card,Failed
CA-2017-100524,PAY01340,Cash on Delivery,Completed
CA-2017-113481,PAY01341,Cash on Delivery,Completed
CA-2017-113481,PAY01342,Cash on Delivery,Completed
CA-2017-113481,PAY01343,Credit Card,Completed
CA-2015-131758,PAY01344,Debit Card,Completed
CA-2015-131758,PAY01345,UPI,Completed
CA-2014-118339,PAY01346,UPI,Completed
CA-2014-118339,PAY01347,Cash on Delivery,Completed
CA-2014-118339,PAY01348,UPI,Completed
CA-2014-118339,PAY01349,Cash on Delivery,Pending
CA-2014-118339,PAY01350,Debit Card,Completed
CA-2014-153976,PAY01351,Net Banking,Pending
CA-2016-162901,PAY01352,Net Banking,Completed
CA-2017-162978,PAY01353,UPI,Completed
CA-2017-162978,PAY01354,Credit Card,Completed
CA-2017-162978,PAY01355,Net Banking,Completed
US-2014-160444,PAY01356,Cash on Delivery,Completed
US-2014-160444,PAY01357,Net Banking,Failed
CA-2016-145247,PAY01358,UPI,Pending
CA-2017-160045,PAY01359,Credit Card,Completed
US-2014-151925,PAY01360,Cash on Delivery,Completed
CA-2017-125199,PAY01361,Net Banking,Completed
CA-2017-125199,PAY01362,UPI,Completed
CA-2017-125199,PAY01363,UPI,Completed
US-2017-155425,PAY01364,Cash on Delivery,Pending
US-2017-155425,PAY01365,Debit Card,Completed
US-2017-155425,PAY01366,UPI,Completed
US-2017-155425,PAY01367,Net Banking,Completed
US-2017-155425,PAY01368,Net Banking,Completed
CA-2017-133249,PAY01369,Cash on Delivery,Completed
US-2015-103471,PAY01370,Debit Card,Completed
US-2015-103471,PAY01371,Net Banking,Completed
CA-2017-136672,PAY01372,UPI,Failed
US-2014-157021,PAY01373,Cash on Delivery,Completed
US-2014-157021,PAY01374,Credit Card,Completed
CA-2015-120362,PAY01375,Cash on Delivery,Completed
CA-2014-126361,PAY01376,Net Banking,Completed
CA-2014-126361,PAY01377,UPI,Completed
CA-2014-126361,PAY01378,Credit Card,Pending
CA-2014-126361,PAY01379,Cash on Delivery,Completed
CA-2014-126361,PAY01380,UPI,Completed
CA-2014-126361,PAY01381,Debit Card,Failed
US-2016-100566,PAY01382,Net Banking,Completed
US-2016-108504,PAY01383,UPI,Completed
US-2016-108504,PAY01384,Debit Card,Completed
US-2016-108504,PAY01385,Cash on Delivery,Completed
US-2016-108504,PAY01386,Debit Card,Completed
US-2016-108504,PAY01387,Credit Card,Completed
US-2016-108504,PAY01388,Net Banking,Completed
US-2016-108504,PAY01389,Net Banking,Completed
US-2016-108504,PAY01390,Debit Card,Completed
US-2016-108504,PAY01391,Debit Card,Completed
US-2016-108504,PAY01392,Cash on Delivery,Completed
US-2016-108504,PAY01393,Debit Card,Pending
CA-2017-124828,PAY01394,Net Banking,Completed
US-2017-117247,PAY01395,UPI,Completed
US-2017-117247,PAY01396,Debit Card,Pending
CA-2016-124485,PAY01397,Debit Card,Failed
CA-2016-124485,PAY01398,UPI,Pending
CA-2016-124485,PAY01399,UPI,Completed
CA-2016-124485,PAY01400,UPI,Completed
CA-2016-159212,PAY01401,Net Banking,Pending
CA-2016-159212,PAY01402,UPI,Pending
US-2016-161396,PAY01403,Net Banking,Completed
US-2016-161396,PAY01404,Cash on Delivery,Completed
US-2014-118486,PAY01405,Cash on Delivery,Failed
US-2014-118486,PAY01406,UPI,Completed
US-2014-118486,PAY01407,UPI,Completed
CA-2016-130407,PAY01408,Net Banking,Completed
CA-2016-130407,PAY01409,UPI,Completed
US-2016-122245,PAY01410,Credit Card,Completed
CA-2017-105144,PAY01411,Net Banking,Pending
CA-2016-136329,PAY01412,Debit Card,Pending
CA-2016-136329,PAY01413,Cash on Delivery,Completed
CA-2014-146640,PAY01414,Debit Card,Completed
CA-2017-115994,PAY01415,Credit Card,Pending
CA-2017-115994,PAY01416,Credit Card,Completed
CA-2015-126697,PAY01417,Credit Card,Completed
CA-2015-126697,PAY01418,Credit Card,Pending
CA-2015-126697,PAY01419,UPI,Completed
CA-2015-124800,PAY01420,UPI,Pending
CA-2015-124800,PAY01421,Cash on Delivery,Completed
CA-2015-124800,PAY01422,Credit Card,Pending
CA-2015-124800,PAY01423,UPI,Pending
CA-2015-124800,PAY01424,Debit Card,Completed
CA-2015-124800,PAY01425,Cash on Delivery,Completed
CA-2015-124800,PAY01426,Net Banking,Completed
US-2015-164448,PAY01427,Cash on Delivery,Pending
US-2015-164448,PAY01428,UPI,Completed
US-2015-164448,PAY01429,Debit Card,Completed
US-2015-164448,PAY01430,Cash on Delivery,Failed
CA-2017-122700,PAY01431,Debit Card,Completed
CA-2014-120768,PAY01432,Cash on Delivery,Completed
CA-2014-120768,PAY01433,Credit Card,Completed
CA-2014-120768,PAY01434,Debit Card,Completed
US-2016-153129,PAY01435,UPI,Completed
CA-2017-106852,PAY01436,Cash on Delivery,Failed
CA-2017-106852,PAY01437,Debit Card,Pending
CA-2015-139731,PAY01438,Cash on Delivery,Completed
CA-2015-139731,PAY01439,Credit Card,Pending
CA-2017-122735,PAY01440,UPI,Completed
CA-2017-122735,PAY01441,Credit Card,Completed
CA-2017-128160,PAY01442,Net Banking,Completed
CA-2017-117695,PAY01443,Net Banking,Completed
CA-2015-166135,PAY01444,Cash on Delivery,Completed
CA-2016-133725,PAY01445,Net Banking,Completed
CA-2017-102337,PAY01446,Credit Card,Failed
CA-2017-102337,PAY01447,UPI,Pending
CA-2017-102337,PAY01448,Credit Card,Failed
US-2014-112564,PAY01449,Debit Card,Pending
CA-2015-145821,PAY01450,Credit Card,Completed
US-2015-160150,PAY01451,Cash on Delivery,Pending
CA-2016-133711,PAY01452,Cash on Delivery,Completed
CA-2016-133711,PAY01453,Net Banking,Completed
CA-2016-133711,PAY01454,Credit Card,Pending
CA-2016-133711,PAY01455,Debit Card,Completed
CA-2017-148474,PAY01456,Debit Card,Completed
CA-2017-148474,PAY01457,UPI,Pending
CA-2015-111297,PAY01458,Cash on Delivery,Completed
CA-2016-123722,PAY01459,Debit Card,Completed
CA-2014-155271,PAY01460,Cash on Delivery,Failed
CA-2015-119907,PAY01461,Debit Card,Pending
US-2016-128902,PAY01462,Credit Card,Pending
CA-2016-152289,PAY01463,UPI,Completed
CA-2016-152289,PAY01464,Net Banking,Pending
US-2016-104794,PAY01465,Debit Card,Completed
CA-2014-151708,PAY01466,Credit Card,Completed
CA-2014-151708,PAY01467,Cash on Delivery,Completed
CA-2015-100769,PAY01468,Cash on Delivery,Pending
CA-2017-139199,PAY01469,UPI,Completed
CA-2017-139199,PAY01470,Debit Card,Completed
CA-2017-139199,PAY01471,Credit Card,Completed
US-2015-161466,PAY01472,Cash on Delivery,Pending
CA-2017-164959,PAY01473,Debit Card,Pending
US-2015-105676,PAY01474,Debit Card,Failed
CA-2016-113138,PAY01475,Cash on Delivery,Failed
CA-2016-113138,PAY01476,Net Banking,Completed
US-2017-104955,PAY01477,Cash on Delivery,Completed
CA-2016-121958,PAY01478,Cash on Delivery,Completed
CA-2017-121468,PAY01479,UPI,Pending
US-2016-108455,PAY01480,Cash on Delivery,Completed
US-2016-108455,PAY01481,UPI,Pending
US-2016-108455,PAY01482,UPI,Completed
CA-2017-101210,PAY01483,Debit Card,Completed
CA-2017-101210,PAY01484,Cash on Delivery,Completed
US-2016-108098,PAY01485,Debit Card,Pending
CA-2014-119032,PAY01486,Credit Card,Pending
CA-2015-140410,PAY01487,UPI,Completed
CA-2015-140410,PAY01488,Credit Card,Completed
CA-2015-140410,PAY01489,Credit Card,Completed
CA-2014-136280,PAY01490,Credit Card,Completed
CA-2017-151911,PAY01491,Net Banking,Completed
CA-2017-166436,PAY01492,Cash on Delivery,Pending
CA-2017-166436,PAY01493,Credit Card,Completed
CA-2017-139661,PAY01494,Net Banking,Completed
CA-2014-123925,PAY01495,UPI,Completed
CA-2017-152485,PAY01496,Net Banking,Completed
CA-2017-152485,PAY01497,Credit Card,Completed
CA-2017-152485,PAY01498,UPI,Completed
CA-2016-141586,PAY01499,UPI,Completed
CA-2017-130386,PAY01500,Net Banking,Completed
CA-2017-130386,PAY01501,Cash on Delivery,Completed
CA-2017-130386,PAY01502,UPI,Completed
CA-2016-100468,PAY01503,Credit Card,Completed
CA-2016-100468,PAY01504,Debit Card,Completed
CA-2015-153388,PAY01505,UPI,Completed
CA-2015-153388,PAY01506,UPI,Failed
CA-2017-154935,PAY01507,Credit Card,Completed
CA-2016-134208,PAY01508,UPI,Pending
CA-2017-108294,PAY01509,Cash on Delivery,Completed
CA-2017-103611,PAY01510,Credit Card,Completed
CA-2017-100384,PAY01511,Debit Card,Completed
CA-2017-100384,PAY01512,Credit Card,Pending
CA-2017-112809,PAY01513,Net Banking,Completed
CA-2017-112809,PAY01514,Credit Card,Completed
CA-2017-112809,PAY01515,UPI,Completed
US-2017-160759,PAY01516,Cash on Delivery,Failed
CA-2017-148446,PAY01517,Credit Card,Pending
CA-2014-111059,PAY01518,Credit Card,Completed
CA-2014-111059,PAY01519,Cash on Delivery,Completed
CA-2017-116204,PAY01520,UPI,Completed
CA-2017-109946,PAY01521,Net Banking,Completed
CA-2015-144806,PAY01522,Cash on Delivery,Completed
CA-2015-144806,PAY01523,Debit Card,Completed
CA-2015-144806,PAY01524,Debit Card,Pending
CA-2015-144806,PAY01525,Credit Card,Completed
CA-2015-144806,PAY01526,Credit Card,Completed
CA-2016-122392,PAY01527,Credit Card,Failed
CA-2016-122392,PAY01528,Cash on Delivery,Pending
CA-2015-148432,PAY01529,Debit Card,Pending
CA-2015-148432,PAY01530,Cash on Delivery,Completed
CA-2015-103793,PAY01531,Debit Card,Completed
CA-2017-159884,PAY01532,UPI,Completed
CA-2017-159884,PAY01533,Cash on Delivery,Completed
CA-2016-139885,PAY01534,UPI,Completed
CA-2017-124086,PAY01535,Debit Card,Pending
CA-2016-112389,PAY01536,Net Banking,Completed
CA-2016-112389,PAY01537,Cash on Delivery,Pending
CA-2017-121888,PAY01538,Credit Card,Pending
CA-2017-121888,PAY01539,Net Banking,Failed
CA-2017-121888,PAY01540,Cash on Delivery,Pending
CA-2017-121888,PAY01541,Credit Card,Completed
CA-2014-166884,PAY01542,Debit Card,Completed
CA-2014-166884,PAY01543,Net Banking,Pending
CA-2014-107181,PAY01544,Debit Card,Pending
CA-2014-107181,PAY01545,Cash on Delivery,Completed
CA-2014-150245,PAY01546,Credit Card,Completed
CA-2015-111395,PAY01547,Net Banking,Completed
CA-2015-111395,PAY01548,Cash on Delivery,Completed
CA-2015-111395,PAY01549,Debit Card,Failed
CA-2014-134278,PAY01550,Debit Card,Completed
US-2017-124926,PAY01551,UPI,Completed
CA-2016-159345,PAY01552,Credit Card,Completed
CA-2014-130274,PAY01553,UPI,Completed
CA-2017-158386,PAY01554,Net Banking,Completed
CA-2015-111507,PAY01555,Credit Card,Failed
CA-2017-120761,PAY01556,Cash on Delivery,Completed
CA-2016-109176,PAY01557,Cash on Delivery,Completed
CA-2016-109176,PAY01558,Net Banking,Completed
CA-2015-112116,PAY01559,Net Banking,Failed
CA-2016-126809,PAY01560,Cash on Delivery,Completed
CA-2014-105172,PAY01561,Cash on Delivery,Completed
CA-2017-107293,PAY01562,Debit Card,Completed
US-2017-102890,PAY01563,Debit Card,Completed
CA-2015-158554,PAY01564,Net Banking,Pending
CA-2014-116239,PAY01565,Debit Card,Failed
CA-2015-132101,PAY01566,Credit Card,Failed
CA-2015-129112,PAY01567,Net Banking,Pending
CA-2015-129112,PAY01568,UPI,Pending
US-2017-152002,PAY01569,UPI,Completed
CA-2017-165029,PAY01570,Debit Card,Completed
US-2014-157385,PAY01571,Debit Card,Completed
US-2014-157385,PAY01572,Net Banking,Completed
US-2014-157385,PAY01573,Debit Card,Completed
US-2014-157385,PAY01574,Debit Card,Completed
CA-2014-101602,PAY01575,Debit Card,Completed
CA-2014-101602,PAY01576,UPI,Completed
CA-2016-109057,PAY01577,UPI,Completed
CA-2016-154403,PAY01578,UPI,Failed
CA-2016-102456,PAY01579,Cash on Delivery,Completed
CA-2015-131338,PAY01580,Net Banking,Pending
CA-2015-131338,PAY01581,UPI,Completed
CA-2015-131338,PAY01582,UPI,Pending
CA-2015-131338,PAY01583,UPI,Completed
CA-2015-131338,PAY01584,Credit Card,Completed
CA-2015-131338,PAY01585,Net Banking,Pending
CA-2015-131338,PAY01586,Cash on Delivery,Completed
CA-2015-131338,PAY01587,Credit Card,Failed
CA-2015-131338,PAY01588,Debit Card,Completed
CA-2015-131338,PAY01589,Credit Card,Failed
CA-2016-109911,PAY01590,Net Banking,Completed
US-2016-132423,PAY01591,Cash on Delivery,Completed
US-2016-132423,PAY01592,UPI,Completed
CA-2015-122826,PAY01593,Debit Card,Failed
CA-2014-117317,PAY01594,Debit Card,Completed
CA-2015-118423,PAY01595,Debit Card,Pending
CA-2017-149181,PAY01596,Debit Card,Completed
CA-2017-132234,PAY01597,Debit Card,Pending
CA-2017-158876,PAY01598,Net Banking,Completed
CA-2017-158876,PAY01599,Net Banking,Pending
CA-2017-158876,PAY01600,Net Banking,Completed
CA-2017-158876,PAY01601,Cash on Delivery,Pending
CA-2016-164672,PAY01602,Debit Card,Completed
US-2016-132857,PAY01603,Credit Card,Failed
CA-2017-116645,PAY01604,Debit Card,Failed
US-2016-115819,PAY01605,Net Banking,Completed
US-2016-115819,PAY01606,Cash on Delivery,Completed
US-2016-115819,PAY01607,Net Banking,Completed
US-2016-115819,PAY01608,Debit Card,Failed
US-2016-115819,PAY01609,Net Banking,Completed
US-2016-115819,PAY01610,Debit Card,Completed
CA-2014-156349,PAY01611,Credit Card,Pending
CA-2014-156349,PAY01612,UPI,Completed
CA-2014-156349,PAY01613,UPI,Completed
CA-2017-138380,PAY01614,UPI,Completed
US-2016-113509,PAY01615,Debit Card,Completed
CA-2015-130022,PAY01616,Credit Card,Completed
CA-2015-130022,PAY01617,Net Banking,Completed
CA-2015-130022,PAY01618,Debit Card,Completed
US-2016-118780,PAY01619,Net Banking,Pending
US-2016-118780,PAY01620,Debit Card,Completed
CA-2017-108560,PAY01621,Net Banking,Failed
CA-2017-108560,PAY01622,Net Banking,Pending
CA-2017-108560,PAY01623,Net Banking,Failed
CA-2017-108560,PAY01624,Debit Card,Completed
CA-2015-157084,PAY01625,Credit Card,Completed
CA-2015-157084,PAY01626,UPI,Failed
CA-2015-164539,PAY01627,Credit Card,Pending
CA-2015-143119,PAY01628,UPI,Completed
CA-2017-101049,PAY01629,Cash on Delivery,Completed
CA-2017-101049,PAY01630,Credit Card,Failed
CA-2016-106530,PAY01631,Credit Card,Completed
CA-2016-106530,PAY01632,Net Banking,Completed
CA-2016-106530,PAY01633,UPI,Completed
CA-2016-106530,PAY01634,Cash on Delivery,Pending
CA-2016-106530,PAY01635,Credit Card,Completed
CA-2014-168984,PAY01636,Debit Card,Completed
CA-2014-168984,PAY01637,Cash on Delivery,Completed
CA-2014-168984,PAY01638,Credit Card,Completed
CA-2016-157266,PAY01639,Credit Card,Completed
CA-2016-157266,PAY01640,Credit Card,Completed
CA-2016-157266,PAY01641,Credit Card,Completed
CA-2016-157266,PAY01642,Debit Card,Completed
US-2014-134712,PAY01643,Credit Card,Completed
CA-2015-111829,PAY01644,Net Banking,Completed
CA-2015-111829,PAY01645,Cash on Delivery,Completed
CA-2015-111829,PAY01646,Cash on Delivery,Completed
CA-2015-105221,PAY01647,UPI,Completed
CA-2015-105221,PAY01648,Debit Card,Completed
CA-2015-120341,PAY01649,Credit Card,Completed
CA-2015-120341,PAY01650,Credit Card,Failed
CA-2014-135699,PAY01651,UPI,Completed
CA-2014-135699,PAY01652,Cash on Delivery,Pending
US-2017-132444,PAY01653,Net Banking,Failed
US-2017-132444,PAY01654,UPI,Completed
US-2017-132444,PAY01655,Debit Card,Completed
US-2017-132444,PAY01656,Net Banking,Pending
US-2017-132444,PAY01657,Cash on Delivery,Pending
CA-2014-127159,PAY01658,Debit Card,Completed
CA-2017-161809,PAY01659,Credit Card,Completed
CA-2017-127285,PAY01660,Debit Card,Failed
CA-2017-127285,PAY01661,Cash on Delivery,Completed
CA-2017-144526,PAY01662,Credit Card,Completed
CA-2017-144526,PAY01663,Credit Card,Completed
CA-2016-128531,PAY01664,Debit Card,Completed
CA-2016-128531,PAY01665,UPI,Completed
CA-2016-128531,PAY01666,Debit Card,Completed
CA-2016-128531,PAY01667,Debit Card,Pending
CA-2016-128531,PAY01668,Net Banking,Pending
CA-2016-128531,PAY01669,Credit Card,Completed
US-2015-157154,PAY01670,Debit Card,Pending
CA-2017-159457,PAY01671,UPI,Completed
CA-2016-107615,PAY01672,Net Banking,Completed
CA-2017-111647,PAY01673,Net Banking,Completed
CA-2015-150560,PAY01674,Debit Card,Completed
CA-2015-143077,PAY01675,Debit Card,Completed
CA-2015-143077,PAY01676,UPI,Completed
CA-2016-122728,PAY01677,Cash on Delivery,Pending
CA-2016-122728,PAY01678,Debit Card,Completed
CA-2014-122882,PAY01679,UPI,Pending
CA-2014-122882,PAY01680,Net Banking,Pending
CA-2014-122882,PAY01681,Credit Card,Completed
CA-2014-122882,PAY01682,Cash on Delivery,Completed
US-2016-101497,PAY01683,Net Banking,Pending
CA-2016-147585,PAY01684,Credit Card,Pending
CA-2017-149489,PAY01685,UPI,Completed
CA-2017-149489,PAY01686,Cash on Delivery,Failed
CA-2017-149489,PAY01687,UPI,Completed
CA-2017-143798,PAY01688,UPI,Completed
CA-2017-143798,PAY01689,Debit Card,Completed
CA-2014-142839,PAY01690,Debit Card,Pending
CA-2017-129833,PAY01691,Debit Card,Completed
CA-2017-129833,PAY01692,UPI,Completed
US-2016-154361,PAY01693,Cash on Delivery,Completed
US-2016-158708,PAY01694,Debit Card,Completed
CA-2015-156335,PAY01695,UPI,Completed
CA-2015-156335,PAY01696,UPI,Completed
CA-2015-156335,PAY01697,Credit Card,Completed
CA-2015-148376,PAY01698,Credit Card,Completed
CA-2015-148376,PAY01699,Net Banking,Completed
CA-2014-135657,PAY01700,Net Banking,Failed
CA-2015-114069,PAY01701,Net Banking,Completed
CA-2015-114069,PAY01702,Debit Card,Completed
CA-2015-114069,PAY01703,Credit Card,Completed
CA-2014-139857,PAY01704,Cash on Delivery,Completed
CA-2016-106306,PAY01705,Net Banking,Pending
CA-2015-100545,PAY01706,Debit Card,Completed
CA-2017-123491,PAY01707,Net Banking,Completed
CA-2017-123491,PAY01708,Credit Card,Completed
CA-2017-123491,PAY01709,Debit Card,Pending
CA-2017-123491,PAY01710,Cash on Delivery,Pending
CA-2017-123491,PAY01711,Credit Card,Completed
CA-2017-123491,PAY01712,Net Banking,Completed
CA-2015-145401,PAY01713,Credit Card,Completed
US-2017-124968,PAY01714,UPI,Completed
CA-2017-104003,PAY01715,UPI,Completed
CA-2016-154788,PAY01716,UPI,Pending
CA-2016-169943,PAY01717,Cash on Delivery,Completed
CA-2016-169943,PAY01718,Net Banking,Failed
CA-2016-169943,PAY01719,Net Banking,Failed
CA-2016-169943,PAY01720,Cash on Delivery,Pending
CA-2016-169943,PAY01721,UPI,Pending
US-2015-123218,PAY01722,Cash on Delivery,Failed
US-2015-123218,PAY01723,Credit Card,Completed
US-2015-123218,PAY01724,Net Banking,Failed
CA-2015-127453,PAY01725,Credit Card,Completed
CA-2015-127453,PAY01726,Net Banking,Completed
CA-2015-127453,PAY01727,Credit Card,Completed
US-2017-164056,PAY01728,Credit Card,Failed
CA-2016-106894,PAY01729,Cash on Delivery,Pending
CA-2016-106894,PAY01730,Net Banking,Completed
CA-2014-125136,PAY01731,Debit Card,Failed
CA-2014-125136,PAY01732,Cash on Delivery,Completed
US-2016-131149,PAY01733,UPI,Completed
US-2016-131149,PAY01734,Net Banking,Completed
CA-2017-101483,PAY01735,UPI,Pending
CA-2017-101483,PAY01736,Cash on Delivery,Completed
CA-2017-101483,PAY01737,Debit Card,Failed
CA-2015-130204,PAY01738,Net Banking,Completed
CA-2015-130204,PAY01739,Net Banking,Failed
CA-2015-130204,PAY01740,Net Banking,Completed
CA-2014-110527,PAY01741,Debit Card,Completed
CA-2017-152807,PAY01742,Debit Card,Completed
CA-2017-152807,PAY01743,Debit Card,Failed
CA-2017-152807,PAY01744,UPI,Completed
CA-2017-152807,PAY01745,Cash on Delivery,Completed
CA-2014-133270,PAY01746,Net Banking,Pending
CA-2016-155670,PAY01747,Cash on Delivery,Pending
CA-2016-155670,PAY01748,UPI,Completed
US-2014-157406,PAY01749,Net Banking,Completed
US-2014-157406,PAY01750,UPI,Completed
CA-2015-139094,PAY01751,Credit Card,Completed
CA-2017-168837,PAY01752,Net Banking,Completed
CA-2017-116715,PAY01753,Net Banking,Completed
CA-2017-116715,PAY01754,UPI,Pending
CA-2017-116715,PAY01755,Net Banking,Completed
CA-2015-135622,PAY01756,Credit Card,Pending
CA-2015-135622,PAY01757,Debit Card,Completed
US-2015-107349,PAY01758,UPI,Failed
CA-2014-139017,PAY01759,UPI,Completed
CA-2014-141817,PAY01760,Net Banking,Completed
CA-2015-130785,PAY01761,Net Banking,Completed
CA-2015-130785,PAY01762,UPI,Completed
CA-2015-130785,PAY01763,Cash on Delivery,Completed
CA-2016-110254,PAY01764,UPI,Failed
CA-2016-110254,PAY01765,Net Banking,Completed
CA-2016-110254,PAY01766,Net Banking,Completed
CA-2016-110254,PAY01767,Cash on Delivery,Completed
US-2014-158057,PAY01768,Credit Card,Failed
US-2014-158057,PAY01769,Debit Card,Completed
CA-2017-146024,PAY01770,Net Banking,Completed
CA-2017-146024,PAY01771,Net Banking,Completed
CA-2016-129686,PAY01772,Debit Card,Completed
CA-2016-129686,PAY01773,Cash on Delivery,Pending
CA-2014-118976,PAY01774,Net Banking,Completed
CA-2014-118976,PAY01775,Credit Card,Completed
CA-2014-118976,PAY01776,Credit Card,Completed
CA-2014-118976,PAY01777,Cash on Delivery,Completed
CA-2015-105347,PAY01778,Cash on Delivery,Completed
CA-2015-105347,PAY01779,Cash on Delivery,Pending
CA-2016-124667,PAY01780,UPI,Completed
CA-2016-124667,PAY01781,UPI,Completed
CA-2015-111094,PAY01782,Credit Card,Completed
CA-2015-111094,PAY01783,Debit Card,Completed
CA-2017-166317,PAY01784,Net Banking,Completed
CA-2017-166317,PAY01785,Net Banking,Completed
CA-2017-166317,PAY01786,UPI,Completed
CA-2017-166317,PAY01787,Net Banking,Completed
CA-2015-154326,PAY01788,Credit Card,Completed
CA-2015-154326,PAY01789,UPI,Pending
CA-2015-154326,PAY01790,Debit Card,Completed
CA-2014-102008,PAY01791,Cash on Delivery,Failed
CA-2014-120474,PAY01792,Cash on Delivery,Completed
CA-2014-120474,PAY01793,UPI,Completed
CA-2014-104773,PAY01794,UPI,Completed
CA-2016-140774,PAY01795,UPI,Completed
US-2017-139465,PAY01796,Credit Card,Completed
US-2017-139465,PAY01797,Credit Card,Completed
US-2017-139465,PAY01798,UPI,Completed
CA-2016-100965,PAY01799,Debit Card,Completed
CA-2016-121034,PAY01800,Net Banking,Pending
CA-2016-121034,PAY01801,UPI,Completed
CA-2016-149461,PAY01802,UPI,Completed
CA-2017-158379,PAY01803,UPI,Completed
CA-2017-158379,PAY01804,Net Banking,Completed
CA-2017-158379,PAY01805,Credit Card,Completed
US-2016-116729,PAY01806,Cash on Delivery,Completed
US-2016-116729,PAY01807,Cash on Delivery,Completed
US-2016-116729,PAY01808,Credit Card,Failed
CA-2016-164938,PAY01809,Net Banking,Completed
CA-2016-165484,PAY01810,Credit Card,Pending
CA-2016-165484,PAY01811,Debit Card,Completed
CA-2014-132612,PAY01812,Net Banking,Completed
US-2017-161193,PAY01813,UPI,Completed
US-2017-161193,PAY01814,Credit Card,Pending
CA-2015-131597,PAY01815,Credit Card,Completed
CA-2015-164833,PAY01816,UPI,Completed
CA-2015-164833,PAY01817,Net Banking,Completed
CA-2015-125423,PAY01818,UPI,Failed
US-2014-130379,PAY01819,Debit Card,Pending
US-2014-130379,PAY01820,Debit Card,Completed
CA-2016-168956,PAY01821,Net Banking,Completed
CA-2016-168956,PAY01822,Cash on Delivery,Pending
CA-2016-168956,PAY01823,Credit Card,Completed
CA-2016-168956,PAY01824,Debit Card,Completed
CA-2016-167507,PAY01825,Credit Card,Pending
CA-2016-167507,PAY01826,Credit Card,Pending
CA-2016-167507,PAY01827,Cash on Delivery,Completed
CA-2016-109344,PAY01828,Credit Card,Completed
US-2015-140851,PAY01829,Net Banking,Pending
CA-2014-103373,PAY01830,Credit Card,Completed
CA-2017-145884,PAY01831,UPI,Completed
CA-2017-145884,PAY01832,Credit Card,Completed
CA-2015-131422,PAY01833,UPI,Completed
CA-2017-162691,PAY01834,Net Banking,Completed
CA-2017-162691,PAY01835,UPI,Pending
CA-2014-141278,PAY01836,Debit Card,Pending
CA-2017-122693,PAY01837,Net Banking,Completed
CA-2014-117345,PAY01838,Debit Card,Completed
CA-2014-117345,PAY01839,Cash on Delivery,Pending
CA-2014-117345,PAY01840,Cash on Delivery,Failed
CA-2014-117345,PAY01841,Credit Card,Pending
CA-2016-157763,PAY01842,Credit Card,Completed
CA-2015-135391,PAY01843,Net Banking,Completed
CA-2015-135391,PAY01844,Debit Card,Failed
US-2017-113852,PAY01845,UPI,Completed
US-2017-158512,PAY01846,Net Banking,Pending
US-2017-158512,PAY01847,Credit Card,Pending
CA-2017-128370,PAY01848,Cash on Delivery,Completed
CA-2017-128370,PAY01849,Net Banking,Completed
CA-2015-160472,PAY01850,Cash on Delivery,Completed
CA-2015-160472,PAY01851,Net Banking,Failed
CA-2015-160472,PAY01852,Credit Card,Failed
CA-2015-160472,PAY01853,UPI,Completed
CA-2015-160472,PAY01854,Debit Card,Completed
CA-2015-160472,PAY01855,Net Banking,Completed
CA-2014-114643,PAY01856,Debit Card,Completed
US-2017-158218,PAY01857,UPI,Completed
US-2017-158218,PAY01858,Cash on Delivery,Completed
CA-2015-121608,PAY01859,Credit Card,Completed
CA-2015-121608,PAY01860,Debit Card,Completed
US-2017-121251,PAY01861,Net Banking,Pending
US-2017-121251,PAY01862,Cash on Delivery,Completed
CA-2014-151078,PAY01863,Debit Card,Pending
US-2016-100839,PAY01864,Credit Card,Failed
US-2016-100839,PAY01865,Credit Card,Pending
US-2017-116659,PAY01866,Credit Card,Completed
CA-2017-118857,PAY01867,Cash on Delivery,Completed
CA-2015-127110,PAY01868,Net Banking,Pending
CA-2015-127110,PAY01869,UPI,Completed
CA-2016-148201,PAY01870,Cash on Delivery,Completed
CA-2014-116932,PAY01871,Credit Card,Completed
CA-2014-116932,PAY01872,Credit Card,Pending
CA-2014-116932,PAY01873,Net Banking,Pending
CA-2017-142888,PAY01874,Cash on Delivery,Completed
CA-2014-147914,PAY01875,Net Banking,Pending
US-2016-112977,PAY01876,Debit Card,Completed
CA-2017-112039,PAY01877,UPI,Failed
CA-2017-118885,PAY01878,UPI,Completed
CA-2017-118885,PAY01879,Credit Card,Completed
US-2017-166611,PAY01880,UPI,Completed
CA-2015-109512,PAY01881,Credit Card,Completed
CA-2015-109512,PAY01882,Credit Card,Pending
CA-2015-109512,PAY01883,Credit Card,Failed
CA-2016-118570,PAY01884,Cash on Delivery,Completed
CA-2017-154718,PAY01885,Cash on Delivery,Completed
CA-2016-147578,PAY01886,Credit Card,Completed
CA-2014-140165,PAY01887,Net Banking,Completed
CA-2014-140165,PAY01888,Cash on Delivery,Completed
CA-2014-142587,PAY01889,UPI,Completed
CA-2014-142587,PAY01890,Cash on Delivery,Pending
CA-2014-157623,PAY01891,Credit Card,Completed
CA-2014-157623,PAY01892,Net Banking,Failed
CA-2017-145310,PAY01893,Net Banking,Completed
CA-2016-100083,PAY01894,Cash on Delivery,Completed
US-2017-108063,PAY01895,Cash on Delivery,Completed
CA-2015-109197,PAY01896,Credit Card,Completed
CA-2017-141789,PAY01897,Credit Card,Pending
CA-2014-169775,PAY01898,Debit Card,Completed
CA-2014-169775,PAY01899,Net Banking,Completed
CA-2014-169775,PAY01900,Debit Card,Completed
CA-2016-140543,PAY01901,Credit Card,Completed
CA-2016-151141,PAY01902,Debit Card,Completed
CA-2017-167094,PAY01903,Debit Card,Failed
CA-2017-167094,PAY01904,Net Banking,Completed
CA-2017-167094,PAY01905,Credit Card,Failed
CA-2017-154410,PAY01906,Net Banking,Completed
US-2016-150567,PAY01907,Credit Card,Completed
US-2016-150567,PAY01908,Credit Card,Completed
CA-2015-157959,PAY01909,UPI,Completed
CA-2017-105886,PAY01910,Credit Card,Completed
CA-2016-105963,PAY01911,Cash on Delivery,Failed
CA-2017-121503,PAY01912,Cash on Delivery,Completed
CA-2017-121503,PAY01913,Net Banking,Completed
CA-2014-103366,PAY01914,UPI,Completed
CA-2017-124597,PAY01915,Net Banking,Completed
CA-2017-124597,PAY01916,Debit Card,Completed
CA-2017-124597,PAY01917,Net Banking,Completed
CA-2015-105634,PAY01918,Cash on Delivery,Pending
CA-2015-123673,PAY01919,Debit Card,Completed
US-2017-111423,PAY01920,Cash on Delivery,Completed
US-2017-111423,PAY01921,Net Banking,Failed
CA-2015-125178,PAY01922,UPI,Pending
CA-2016-156685,PAY01923,Credit Card,Pending
CA-2016-156685,PAY01924,UPI,Failed
CA-2017-126865,PAY01925,Debit Card,Completed
CA-2017-102834,PAY01926,Cash on Delivery,Completed
US-2016-139710,PAY01927,Cash on Delivery,Completed
CA-2017-121538,PAY01928,Cash on Delivery,Completed
US-2017-101539,PAY01929,Credit Card,Completed
US-2017-101539,PAY01930,Credit Card,Completed
US-2017-101539,PAY01931,Credit Card,Pending
CA-2016-152121,PAY01932,Credit Card,Pending
CA-2017-161200,PAY01933,Debit Card,Completed
CA-2017-161200,PAY01934,Net Banking,Completed
CA-2017-101245,PAY01935,Debit Card,Completed
CA-2017-101245,PAY01936,Credit Card,Completed
CA-2015-141768,PAY01937,Net Banking,Completed
CA-2016-112109,PAY01938,Net Banking,Completed
CA-2016-112109,PAY01939,Debit Card,Completed
CA-2016-112109,PAY01940,Credit Card,Completed
CA-2016-112109,PAY01941,UPI,Completed
CA-2017-144064,PAY01942,Debit Card,Failed
CA-2017-144064,PAY01943,Debit Card,Completed
CA-2017-144064,PAY01944,Debit Card,Completed
CA-2016-108581,PAY01945,Debit Card,Completed
CA-2016-108581,PAY01946,Debit Card,Completed
CA-2017-157987,PAY01947,Debit Card,Completed
CA-2017-157987,PAY01948,Cash on Delivery,Completed
CA-2017-157987,PAY01949,Credit Card,Completed
CA-2017-157987,PAY01950,UPI,Completed
CA-2017-157987,PAY01951,Net Banking,Pending
CA-2017-157987,PAY01952,Credit Card,Completed
CA-2017-157987,PAY01953,Debit Card,Completed
CA-2017-157987,PAY01954,Cash on Delivery,Completed
CA-2017-157987,PAY01955,UPI,Completed
CA-2017-157987,PAY01956,Debit Card,Completed
CA-2017-157987,PAY01957,Net Banking,Completed
CA-2017-157987,PAY01958,Cash on Delivery,Completed
CA-2017-110905,PAY01959,Cash on Delivery,Completed
CA-2017-110905,PAY01960,Credit Card,Completed
CA-2017-110905,PAY01961,Net Banking,Completed
CA-2017-110905,PAY01962,UPI,Completed
CA-2017-110905,PAY01963,UPI,Completed
CA-2017-110905,PAY01964,Debit Card,Completed
CA-2017-110905,PAY01965,Net Banking,Completed
CA-2017-110905,PAY01966,Debit Card,Completed
CA-2017-165841,PAY01967,Net Banking,Completed
CA-2017-165841,PAY01968,Cash on Delivery,Completed
CA-2017-165841,PAY01969,Credit Card,Failed
CA-2017-117485,PAY01970,Cash on Delivery,Completed
CA-2017-140242,PAY01971,Debit Card,Completed
CA-2017-140242,PAY01972,UPI,Completed
CA-2014-148950,PAY01973,Credit Card,Completed
CA-2014-148950,PAY01974,Debit Card,Completed
CA-2014-148950,PAY01975,Debit Card,Completed
CA-2014-110408,PAY01976,Debit Card,Completed
CA-2014-110408,PAY01977,UPI,Pending
CA-2014-110408,PAY01978,Net Banking,Pending
CA-2015-109939,PAY01979,Net Banking,Completed
CA-2016-112669,PAY01980,UPI,Completed
CA-2016-112669,PAY01981,Credit Card,Completed
CA-2015-119592,PAY01982,Net Banking,Pending
CA-2014-122749,PAY01983,Net Banking,Completed
CA-2014-164721,PAY01984,Net Banking,Pending
CA-2014-164721,PAY01985,Cash on Delivery,Failed
CA-2014-164721,PAY01986,UPI,Failed
CA-2016-147417,PAY01987,Debit Card,Completed
CA-2015-127509,PAY01988,Credit Card,Completed
CA-2015-127509,PAY01989,Cash on Delivery,Completed
CA-2015-127509,PAY01990,UPI,Pending
CA-2015-127509,PAY01991,Debit Card,Failed
CA-2017-111374,PAY01992,Net Banking,Completed
CA-2017-133648,PAY01993,Net Banking,Completed
CA-2017-133648,PAY01994,UPI,Completed
CA-2017-133648,PAY01995,Credit Card,Pending
US-2017-147221,PAY01996,Debit Card,Pending
US-2017-147221,PAY01997,Debit Card,Completed
CA-2014-131905,PAY01998,Debit Card,Completed
CA-2014-131905,PAY01999,Debit Card,Pending
CA-2014-131905,PAY02000,Net Banking,Completed
CA-2017-166128,PAY02001,Cash on Delivery,Completed
CA-2017-166128,PAY02002,UPI,Completed
CA-2017-163510,PAY02003,Cash on Delivery,Completed
CA-2017-163510,PAY02004,Credit Card,Failed
US-2017-143028,PAY02005,UPI,Completed
CA-2014-111150,PAY02006,Credit Card,Completed
CA-2014-111150,PAY02007,Net Banking,Completed
CA-2017-165386,PAY02008,Credit Card,Pending
CA-2014-116407,PAY02009,Net Banking,Completed
CA-2014-116407,PAY02010,Credit Card,Completed
CA-2014-116407,PAY02011,Net Banking,Completed
CA-2015-155761,PAY02012,Credit Card,Failed
CA-2015-155761,PAY02013,Net Banking,Completed
CA-2016-145905,PAY02014,Credit Card,Completed
CA-2016-145905,PAY02015,UPI,Pending
CA-2016-145905,PAY02016,Net Banking,Completed
CA-2015-113110,PAY02017,UPI,Completed
CA-2015-113110,PAY02018,Debit Card,Completed
CA-2015-113110,PAY02019,Cash on Delivery,Completed
CA-2015-113110,PAY02020,Net Banking,Completed
CA-2016-168354,PAY02021,UPI,Completed
CA-2016-168354,PAY02022,Credit Card,Failed
CA-2016-168354,PAY02023,Net Banking,Completed
CA-2016-168354,PAY02024,Net Banking,Pending
US-2017-111241,PAY02025,Cash on Delivery,Completed
CA-2015-114237,PAY02026,Cash on Delivery,Completed
CA-2016-113516,PAY02027,Credit Card,Pending
CA-2016-113516,PAY02028,Credit Card,Completed
CA-2015-117961,PAY02029,Debit Card,Completed
CA-2015-117961,PAY02030,Debit Card,Completed
CA-2015-117961,PAY02031,Credit Card,Completed
CA-2015-117961,PAY02032,Credit Card,Completed
CA-2016-128923,PAY02033,Cash on Delivery,Failed
CA-2016-128923,PAY02034,Net Banking,Completed
CA-2017-162481,PAY02035,Debit Card,Failed
CA-2017-162481,PAY02036,UPI,Completed
CA-2015-119214,PAY02037,Net Banking,Completed
CA-2015-119214,PAY02038,Credit Card,Completed
CA-2015-122287,PAY02039,Cash on Delivery,Failed
CA-2015-122287,PAY02040,Credit Card,Completed
CA-2015-122287,PAY02041,Credit Card,Pending
CA-2015-122287,PAY02042,Cash on Delivery,Completed
CA-2015-104493,PAY02043,Net Banking,Completed
US-2017-158946,PAY02044,UPI,Completed
CA-2014-129168,PAY02045,Credit Card,Completed
CA-2016-131835,PAY02046,UPI,Completed
CA-2016-131835,PAY02047,Net Banking,Pending
CA-2016-131835,PAY02048,UPI,Pending
CA-2015-142237,PAY02049,Credit Card,Completed
CA-2015-142237,PAY02050,Cash on Delivery,Completed
CA-2015-142237,PAY02051,Cash on Delivery,Completed
CA-2015-142237,PAY02052,Cash on Delivery,Completed
CA-2015-142237,PAY02053,Credit Card,Failed
CA-2015-142237,PAY02054,Cash on Delivery,Completed
CA-2016-136434,PAY02055,Net Banking,Completed
CA-2017-120376,PAY02056,Net Banking,Completed
CA-2017-120376,PAY02057,Credit Card,Completed
CA-2017-120376,PAY02058,UPI,Completed
CA-2017-120376,PAY02059,Credit Card,Completed
CA-2014-106439,PAY02060,UPI,Completed
CA-2014-106439,PAY02061,Cash on Delivery,Completed
CA-2014-106439,PAY02062,Credit Card,Failed
CA-2014-106439,PAY02063,Credit Card,Completed
CA-2014-106439,PAY02064,Cash on Delivery,Completed
CA-2014-106439,PAY02065,Cash on Delivery,Pending
CA-2014-106439,PAY02066,Debit Card,Pending
CA-2014-106439,PAY02067,Credit Card,Completed
CA-2014-106439,PAY02068,UPI,Completed
CA-2015-133452,PAY02069,Debit Card,Completed
CA-2015-133452,PAY02070,Cash on Delivery,Pending
CA-2016-146521,PAY02071,Net Banking,Completed
US-2017-110996,PAY02072,Credit Card,Pending
CA-2016-129693,PAY02073,Debit Card,Completed
CA-2017-122504,PAY02074,Cash on Delivery,Completed
CA-2017-122504,PAY02075,Debit Card,Completed
CA-2014-131051,PAY02076,UPI,Completed
CA-2017-140676,PAY02077,Credit Card,Completed
CA-2017-140676,PAY02078,Net Banking,Completed
CA-2017-140676,PAY02079,UPI,Completed
CA-2015-120103,PAY02080,Debit Card,Completed
CA-2015-120103,PAY02081,Cash on Delivery,Completed
CA-2015-120103,PAY02082,UPI,Pending
CA-2017-104647,PAY02083,Cash on Delivery,Completed
CA-2014-110352,PAY02084,UPI,Pending
CA-2016-140501,PAY02085,UPI,Completed
CA-2016-140501,PAY02086,Credit Card,Completed
CA-2016-140501,PAY02087,UPI,Completed
CA-2016-140501,PAY02088,Net Banking,Pending
CA-2016-140501,PAY02089,Credit Card,Completed
CA-2015-139290,PAY02090,Cash on Delivery,Failed
CA-2017-166142,PAY02091,Debit Card,Completed
CA-2017-166142,PAY02092,Cash on Delivery,Completed
CA-2014-145926,PAY02093,Cash on Delivery,Completed
CA-2015-149678,PAY02094,Debit Card,Completed
US-2015-164357,PAY02095,Debit Card,Pending
US-2016-146570,PAY02096,Cash on Delivery,Failed
US-2016-146570,PAY02097,UPI,Completed
US-2016-146570,PAY02098,UPI,Completed
CA-2017-124401,PAY02099,Credit Card,Completed
CA-2017-124401,PAY02100,UPI,Completed
US-2014-140116,PAY02101,Cash on Delivery,Pending
US-2014-140116,PAY02102,UPI,Pending
CA-2014-123295,PAY02103,Credit Card,Completed
CA-2017-167101,PAY02104,Credit Card,Failed
CA-2017-167101,PAY02105,UPI,Failed
US-2014-167633,PAY02106,Debit Card,Completed
US-2014-152723,PAY02107,Cash on Delivery,Completed
CA-2015-164882,PAY02108,UPI,Completed
CA-2015-164882,PAY02109,Net Banking,Completed
CA-2015-164882,PAY02110,Cash on Delivery,Completed
CA-2015-164882,PAY02111,Cash on Delivery,Pending
CA-2015-164882,PAY02112,Debit Card,Failed
CA-2015-164882,PAY02113,Credit Card,Completed
CA-2015-164882,PAY02114,Cash on Delivery,Completed
CA-2015-164882,PAY02115,UPI,Completed
CA-2015-164882,PAY02116,UPI,Completed
CA-2015-159786,PAY02117,UPI,Completed
CA-2016-130267,PAY02118,Net Banking,Completed
CA-2017-155460,PAY02119,Debit Card,Pending
CA-2017-155460,PAY02120,Cash on Delivery,Completed
US-2017-168690,PAY02121,Debit Card,Completed
CA-2017-158246,PAY02122,Credit Card,Failed
CA-2017-167381,PAY02123,UPI,Completed
CA-2017-167381,PAY02124,Net Banking,Completed
CA-2017-144862,PAY02125,Cash on Delivery,Completed
CA-2017-144862,PAY02126,Net Banking,Completed
CA-2014-126032,PAY02127,Net Banking,Pending
CA-2015-134859,PAY02128,UPI,Failed
CA-2015-134859,PAY02129,Debit Card,Completed
US-2014-114188,PAY02130,Cash on Delivery,Completed
US-2014-114188,PAY02131,Debit Card,Pending
US-2014-114188,PAY02132,Cash on Delivery,Completed
CA-2015-156524,PAY02133,Debit Card,Pending
CA-2015-122210,PAY02134,Debit Card,Completed
CA-2015-122210,PAY02135,Credit Card,Completed
CA-2015-122210,PAY02136,Debit Card,Completed
CA-2015-156377,PAY02137,UPI,Pending
CA-2015-156377,PAY02138,Net Banking,Completed
US-2017-157896,PAY02139,UPI,Failed
CA-2014-159520,PAY02140,Net Banking,Completed
CA-2014-159520,PAY02141,Cash on Delivery,Completed
CA-2014-159520,PAY02142,Debit Card,Completed
CA-2016-155481,PAY02143,UPI,Completed
CA-2016-155481,PAY02144,Credit Card,Completed
CA-2016-155481,PAY02145,Debit Card,Completed
US-2016-152051,PAY02146,Cash on Delivery,Completed
US-2016-152051,PAY02147,Credit Card,Completed
US-2016-152051,PAY02148,Debit Card,Completed
CA-2014-141607,PAY02149,Credit Card,Completed
CA-2017-102771,PAY02150,UPI,Completed
US-2017-139969,PAY02151,Cash on Delivery,Completed
CA-2014-167360,PAY02152,Debit Card,Completed
CA-2015-123505,PAY02153,Net Banking,Completed
CA-2016-117282,PAY02154,Net Banking,Pending
US-2016-120460,PAY02155,UPI,Completed
CA-2016-111115,PAY02156,UPI,Completed
CA-2014-124646,PAY02157,Net Banking,Completed
CA-2014-124646,PAY02158,Debit Card,Pending
CA-2017-148166,PAY02159,UPI,Completed
CA-2016-159737,PAY02160,Credit Card,Pending
CA-2016-141019,PAY02161,Net Banking,Completed
CA-2016-101938,PAY02162,UPI,Completed
CA-2017-166296,PAY02163,Credit Card,Completed
CA-2016-154018,PAY02164,Cash on Delivery,Completed
CA-2016-154018,PAY02165,Cash on Delivery,Completed
CA-2016-154018,PAY02166,UPI,Failed
CA-2016-154018,PAY02167,Credit Card,Completed
CA-2016-154018,PAY02168,Credit Card,Pending
CA-2017-117870,PAY02169,Credit Card,Completed
CA-2017-117870,PAY02170,Credit Card,Completed
CA-2017-117870,PAY02171,Net Banking,Completed
US-2017-137491,PAY02172,Credit Card,Completed
CA-2014-152296,PAY02173,Debit Card,Failed
CA-2016-112025,PAY02174,UPI,Completed
CA-2015-132507,PAY02175,Cash on Delivery,Completed
CA-2016-125738,PAY02176,Credit Card,Completed
CA-2016-125738,PAY02177,Credit Card,Completed
CA-2016-125738,PAY02178,Debit Card,Completed
CA-2016-125738,PAY02179,UPI,Completed
CA-2016-128818,PAY02180,Credit Card,Failed
CA-2016-128818,PAY02181,UPI,Failed
CA-2016-128818,PAY02182,Credit Card,Pending
CA-2016-128818,PAY02183,Credit Card,Pending
CA-2016-128818,PAY02184,Net Banking,Completed
CA-2016-128818,PAY02185,Cash on Delivery,Completed
CA-2017-124576,PAY02186,Cash on Delivery,Completed
CA-2016-101378,PAY02187,Cash on Delivery,Failed
CA-2017-143063,PAY02188,Credit Card,Failed
CA-2017-143063,PAY02189,Debit Card,Completed
CA-2017-143063,PAY02190,UPI,Completed
CA-2016-118913,PAY02191,Cash on Delivery,Completed
CA-2016-128412,PAY02192,Cash on Delivery,Completed
CA-2016-128412,PAY02193,UPI,Completed
CA-2016-128412,PAY02194,Debit Card,Completed
CA-2016-128412,PAY02195,Cash on Delivery,Pending
CA-2016-128412,PAY02196,Debit Card,Completed
CA-2016-136483,PAY02197,Net Banking,Completed
CA-2014-163013,PAY02198,Net Banking,Pending
CA-2015-135363,PAY02199,Credit Card,Pending
CA-2015-135363,PAY02200,Debit Card,Completed
US-2014-165659,PAY02201,Net Banking,Completed
US-2014-165659,PAY02202,Debit Card,Pending
CA-2015-138002,PAY02203,Credit Card,Completed
CA-2015-138002,PAY02204,UPI,Completed
CA-2015-128860,PAY02205,Credit Card,Completed
CA-2016-164350,PAY02206,UPI,Pending
US-2014-103905,PAY02207,Net Banking,Completed
US-2014-103905,PAY02208,Net Banking,Completed
CA-2015-129854,PAY02209,UPI,Pending
CA-2014-125556,PAY02210,Debit Card,Failed
CA-2014-125556,PAY02211,Cash on Delivery,Completed
CA-2016-162313,PAY02212,Net Banking,Completed
CA-2017-107874,PAY02213,Cash on Delivery,Completed
CA-2017-129378,PAY02214,Net Banking,Pending
CA-2017-129378,PAY02215,Cash on Delivery,Completed
CA-2017-129378,PAY02216,Credit Card,Completed
CA-2017-129378,PAY02217,UPI,Pending
CA-2014-151953,PAY02218,Cash on Delivery,Failed
CA-2017-130841,PAY02219,Credit Card,Completed
CA-2017-130841,PAY02220,Net Banking,Completed
CA-2017-130841,PAY02221,Net Banking,Completed
CA-2015-131884,PAY02222,Net Banking,Completed
CA-2015-131884,PAY02223,UPI,Completed
CA-2015-131884,PAY02224,UPI,Completed
CA-2017-121909,PAY02225,Cash on Delivery,Completed
CA-2016-106383,PAY02226,Credit Card,Completed
CA-2017-130771,PAY02227,Cash on Delivery,Completed
CA-2017-130771,PAY02228,Cash on Delivery,Completed
CA-2016-139157,PAY02229,Credit Card,Completed
CA-2014-128055,PAY02230,Net Banking,Completed
CA-2014-128055,PAY02231,Cash on Delivery,Completed
CA-2017-157091,PAY02232,Cash on Delivery,Completed
CA-2017-132122,PAY02233,UPI,Completed
CA-2015-123232,PAY02234,Cash on Delivery,Pending
CA-2017-104066,PAY02235,Net Banking,Completed
CA-2015-145849,PAY02236,Debit Card,Completed
CA-2015-145849,PAY02237,Cash on Delivery,Pending
CA-2016-122322,PAY02238,Debit Card,Completed
CA-2017-166849,PAY02239,Net Banking,Completed
CA-2016-146633,PAY02240,Net Banking,Pending
CA-2016-146633,PAY02241,Debit Card,Pending
US-2016-126893,PAY02242,Debit Card,Completed
CA-2017-103380,PAY02243,UPI,Failed
CA-2017-103380,PAY02244,Credit Card,Completed
CA-2017-103380,PAY02245,Debit Card,Failed
CA-2017-103380,PAY02246,Credit Card,Completed
CA-2017-103380,PAY02247,Debit Card,Completed
CA-2015-116092,PAY02248,UPI,Completed
CA-2015-116092,PAY02249,UPI,Pending
CA-2015-116092,PAY02250,Credit Card,Pending
CA-2015-116092,PAY02251,Credit Card,Completed
CA-2015-116092,PAY02252,Net Banking,Completed
CA-2016-117849,PAY02253,UPI,Pending
CA-2015-169201,PAY02254,Debit Card,Completed
CA-2015-169201,PAY02255,Net Banking,Completed
CA-2016-164091,PAY02256,UPI,Completed
CA-2016-164091,PAY02257,Net Banking,Failed
CA-2017-105214,PAY02258,Net Banking,Completed
CA-2017-105214,PAY02259,UPI,Completed
CA-2015-117611,PAY02260,Cash on Delivery,Completed
CA-2015-117611,PAY02261,Cash on Delivery,Completed
US-2015-137960,PAY02262,UPI,Pending
CA-2017-122994,PAY02263,Cash on Delivery,Completed
CA-2016-131065,PAY02264,UPI,Completed
CA-2016-131065,PAY02265,Debit Card,Completed
CA-2016-131065,PAY02266,Net Banking,Completed
CA-2017-149146,PAY02267,Credit Card,Completed
CA-2017-137470,PAY02268,UPI,Completed
CA-2017-105480,PAY02269,UPI,Pending
CA-2017-105480,PAY02270,Net Banking,Completed
CA-2017-164917,PAY02271,UPI,Completed
CA-2015-102036,PAY02272,Debit Card,Failed
CA-2015-142944,PAY02273,UPI,Pending
CA-2015-142944,PAY02274,Cash on Delivery,Pending
CA-2014-157882,PAY02275,Net Banking,Completed
CA-2014-157882,PAY02276,Debit Card,Pending
CA-2014-104283,PAY02277,Credit Card,Completed
CA-2014-104283,PAY02278,Net Banking,Completed
CA-2014-104283,PAY02279,Credit Card,Completed
CA-2017-142622,PAY02280,UPI,Failed
CA-2017-142622,PAY02281,Net Banking,Completed
CA-2017-142622,PAY02282,Net Banking,Completed
CA-2016-132143,PAY02283,Credit Card,Completed
CA-2015-153108,PAY02284,Debit Card,Pending
CA-2015-153108,PAY02285,Credit Card,Completed
CA-2016-112676,PAY02286,Debit Card,Pending
CA-2017-165687,PAY02287,UPI,Completed
US-2017-112928,PAY02288,Credit Card,Pending
CA-2017-143343,PAY02289,Credit Card,Completed
CA-2017-115154,PAY02290,Credit Card,Pending
CA-2015-149342,PAY02291,Net Banking,Pending
CA-2015-149342,PAY02292,Credit Card,Completed
CA-2015-149342,PAY02293,Cash on Delivery,Completed
CA-2015-130995,PAY02294,Debit Card,Pending
CA-2017-127929,PAY02295,Cash on Delivery,Pending
CA-2015-113145,PAY02296,Debit Card,Failed
CA-2015-113145,PAY02297,Cash on Delivery,Completed
CA-2015-113145,PAY02298,Credit Card,Completed
CA-2015-113145,PAY02299,Credit Card,Completed
CA-2015-113145,PAY02300,Cash on Delivery,Completed
CA-2014-162362,PAY02301,Net Banking,Completed
CA-2014-162362,PAY02302,Debit Card,Completed
CA-2016-106558,PAY02303,Credit Card,Completed
CA-2017-157931,PAY02304,UPI,Completed
CA-2017-157931,PAY02305,Debit Card,Completed
CA-2016-115574,PAY02306,Net Banking,Pending
CA-2015-160794,PAY02307,Cash on Delivery,Completed
CA-2017-116225,PAY02308,Debit Card,Pending
US-2017-120418,PAY02309,Credit Card,Completed
US-2017-120418,PAY02310,Net Banking,Completed
US-2017-120418,PAY02311,Net Banking,Pending
US-2017-120418,PAY02312,Net Banking,Failed
US-2017-120418,PAY02313,UPI,Completed
CA-2017-122035,PAY02314,Cash on Delivery,Completed
CA-2017-122035,PAY02315,UPI,Completed
CA-2017-122035,PAY02316,Cash on Delivery,Pending
CA-2017-122035,PAY02317,UPI,Completed
CA-2017-122035,PAY02318,Debit Card,Pending
CA-2017-122035,PAY02319,Credit Card,Completed
CA-2015-117828,PAY02320,Debit Card,Completed
CA-2017-165491,PAY02321,Cash on Delivery,Completed
CA-2015-109470,PAY02322,Cash on Delivery,Pending
CA-2015-109470,PAY02323,Cash on Delivery,Pending
CA-2015-109470,PAY02324,Debit Card,Pending
CA-2015-109470,PAY02325,Cash on Delivery,Pending
CA-2015-105102,PAY02326,Credit Card,Completed
CA-2015-105102,PAY02327,Net Banking,Pending
CA-2015-105102,PAY02328,Debit Card,Completed
CA-2017-138422,PAY02329,Debit Card,Pending
US-2015-147739,PAY02330,Cash on Delivery,Completed
CA-2016-155187,PAY02331,Credit Card,Completed
CA-2016-155187,PAY02332,Cash on Delivery,Pending
CA-2017-169285,PAY02333,UPI,Completed
CA-2017-169285,PAY02334,Credit Card,Pending
CA-2014-140886,PAY02335,Debit Card,Pending
CA-2017-152695,PAY02336,UPI,Failed
CA-2017-152695,PAY02337,Credit Card,Completed
CA-2014-110639,PAY02338,Cash on Delivery,Completed
CA-2014-110639,PAY02339,Cash on Delivery,Completed
CA-2014-121727,PAY02340,Debit Card,Pending
CA-2016-137736,PAY02341,Net Banking,Failed
US-2014-143231,PAY02342,UPI,Completed
US-2014-143231,PAY02343,Cash on Delivery,Completed
US-2014-155894,PAY02344,Net Banking,Completed
CA-2016-119025,PAY02345,Cash on Delivery,Completed
CA-2016-159373,PAY02346,Credit Card,Completed
CA-2016-159373,PAY02347,Net Banking,Failed
CA-2016-159373,PAY02348,UPI,Completed
CA-2017-109701,PAY02349,Cash on Delivery,Completed
CA-2017-109701,PAY02350,Net Banking,Completed
CA-2017-109701,PAY02351,Cash on Delivery,Failed
CA-2017-109701,PAY02352,Debit Card,Completed
CA-2017-109701,PAY02353,Credit Card,Completed
CA-2015-111514,PAY02354,UPI,Pending
CA-2015-111514,PAY02355,Debit Card,Completed
CA-2015-111514,PAY02356,UPI,Completed
CA-2015-111514,PAY02357,Credit Card,Completed
US-2014-148838,PAY02358,Cash on Delivery,Pending
US-2014-148838,PAY02359,UPI,Completed
US-2014-148838,PAY02360,Cash on Delivery,Pending
US-2014-148838,PAY02361,UPI,Completed
US-2014-148838,PAY02362,Credit Card,Completed
CA-2017-136497,PAY02363,Debit Card,Completed
US-2016-108637,PAY02364,Cash on Delivery,Completed
US-2016-108637,PAY02365,Debit Card,Failed
US-2016-108637,PAY02366,Credit Card,Pending
CA-2014-102295,PAY02367,UPI,Failed
CA-2017-123659,PAY02368,UPI,Completed
US-2016-129469,PAY02369,Debit Card,Completed
US-2016-129469,PAY02370,UPI,Completed
CA-2017-155152,PAY02371,UPI,Completed
CA-2016-159940,PAY02372,Net Banking,Completed
CA-2016-159940,PAY02373,Credit Card,Failed
CA-2016-159940,PAY02374,Cash on Delivery,Pending
CA-2016-159940,PAY02375,Debit Card,Completed
CA-2017-119669,PAY02376,Debit Card,Completed
US-2014-164616,PAY02377,UPI,Completed
US-2014-164616,PAY02378,UPI,Completed
CA-2015-148628,PAY02379,Credit Card,Completed
CA-2016-118052,PAY02380,UPI,Pending
CA-2016-118052,PAY02381,Cash on Delivery,Completed
CA-2016-118052,PAY02382,Net Banking,Completed
US-2017-117534,PAY02383,Cash on Delivery,Completed
US-2017-117534,PAY02384,Cash on Delivery,Completed
US-2017-117534,PAY02385,Debit Card,Pending
US-2017-117534,PAY02386,Debit Card,Completed
US-2017-117534,PAY02387,Debit Card,Completed
CA-2015-145065,PAY02388,Net Banking,Completed
CA-2015-145065,PAY02389,Cash on Delivery,Completed
US-2015-127040,PAY02390,Net Banking,Completed
US-2015-127040,PAY02391,UPI,Completed
US-2015-127040,PAY02392,Debit Card,Pending
US-2015-127040,PAY02393,Net Banking,Completed
CA-2016-128111,PAY02394,Credit Card,Completed
CA-2015-137897,PAY02395,Cash on Delivery,Completed
CA-2015-137897,PAY02396,Cash on Delivery,Failed
CA-2015-137897,PAY02397,UPI,Completed
CA-2017-169264,PAY02398,Net Banking,Failed
CA-2017-169264,PAY02399,Debit Card,Completed
CA-2017-147361,PAY02400,Cash on Delivery,Failed
CA-2017-147361,PAY02401,UPI,Failed
CA-2017-145877,PAY02402,Debit Card,Completed
CA-2017-145877,PAY02403,Debit Card,Completed
US-2016-110170,PAY02404,UPI,Completed
CA-2017-108574,PAY02405,Net Banking,Completed
CA-2017-108574,PAY02406,UPI,Pending
CA-2017-108574,PAY02407,Cash on Delivery,Completed
CA-2017-144589,PAY02408,Debit Card,Completed
CA-2017-144589,PAY02409,Debit Card,Completed
CA-2017-155985,PAY02410,Debit Card,Completed
CA-2014-162684,PAY02411,UPI,Completed
CA-2015-142041,PAY02412,Cash on Delivery,Completed
CA-2014-151295,PAY02413,Net Banking,Completed
CA-2014-151295,PAY02414,Net Banking,Pending
CA-2016-156300,PAY02415,Credit Card,Completed
CA-2015-146087,PAY02416,Net Banking,Completed
CA-2017-168655,PAY02417,UPI,Completed
CA-2017-168655,PAY02418,Net Banking,Completed
CA-2016-107202,PAY02419,UPI,Completed
CA-2017-159597,PAY02420,Debit Card,Completed
CA-2017-159597,PAY02421,Net Banking,Pending
CA-2016-155551,PAY02422,Debit Card,Completed
CA-2016-155551,PAY02423,Credit Card,Completed
US-2017-147669,PAY02424,Net Banking,Completed
US-2017-147669,PAY02425,UPI,Completed
US-2017-147669,PAY02426,UPI,Completed
US-2017-147669,PAY02427,UPI,Completed
CA-2016-169922,PAY02428,UPI,Pending
CA-2016-169922,PAY02429,UPI,Completed
CA-2016-169922,PAY02430,UPI,Failed
CA-2017-100748,PAY02431,UPI,Completed
CA-2017-129805,PAY02432,Net Banking,Completed
CA-2014-148586,PAY02433,Credit Card,Completed
US-2017-112613,PAY02434,Cash on Delivery,Pending
CA-2015-154746,PAY02435,UPI,Completed
CA-2015-154746,PAY02436,UPI,Completed
CA-2017-140053,PAY02437,Debit Card,Completed
CA-2014-164210,PAY02438,Cash on Delivery,Pending
CA-2014-164210,PAY02439,Net Banking,Completed
CA-2017-139948,PAY02440,Cash on Delivery,Completed
CA-2016-146934,PAY02441,Debit Card,Completed
CA-2016-146934,PAY02442,Cash on Delivery,Completed
CA-2016-146934,PAY02443,UPI,Completed
CA-2016-146934,PAY02444,Debit Card,Completed
CA-2016-146934,PAY02445,UPI,Completed
CA-2016-146934,PAY02446,Net Banking,Pending
CA-2015-100573,PAY02447,Cash on Delivery,Completed
CA-2016-119165,PAY02448,Debit Card,Completed
CA-2015-128027,PAY02449,Cash on Delivery,Failed
CA-2016-140207,PAY02450,Net Banking,Pending
CA-2017-140949,PAY02451,Credit Card,Pending
CA-2017-140949,PAY02452,Net Banking,Pending
CA-2017-140949,PAY02453,Cash on Delivery,Completed
CA-2017-140949,PAY02454,Cash on Delivery,Completed
CA-2017-140949,PAY02455,UPI,Completed
CA-2017-140949,PAY02456,Cash on Delivery,Pending
CA-2017-140949,PAY02457,Cash on Delivery,Failed
CA-2017-140949,PAY02458,UPI,Pending
CA-2017-140949,PAY02459,Cash on Delivery,Completed
CA-2017-138548,PAY02460,Debit Card,Completed
CA-2015-142419,PAY02461,Debit Card,Pending
CA-2015-142419,PAY02462,Credit Card,Completed
CA-2017-148691,PAY02463,Cash on Delivery,Completed
CA-2017-148691,PAY02464,Credit Card,Completed
CA-2017-148691,PAY02465,UPI,Pending
CA-2017-148691,PAY02466,Debit Card,Completed
CA-2017-128755,PAY02467,Credit Card,Completed
CA-2017-128755,PAY02468,Net Banking,Completed
CA-2017-128755,PAY02469,Net Banking,Failed
CA-2017-128755,PAY02470,Cash on Delivery,Completed
US-2016-135923,PAY02471,Cash on Delivery,Failed
US-2016-135923,PAY02472,UPI,Completed
US-2016-135923,PAY02473,Credit Card,Completed
CA-2016-114972,PAY02474,Cash on Delivery,Completed
CA-2016-114972,PAY02475,Cash on Delivery,Pending
CA-2016-114972,PAY02476,Debit Card,Failed
CA-2016-114972,PAY02477,Net Banking,Completed
CA-2017-102750,PAY02478,UPI,Completed
CA-2014-145212,PAY02479,Debit Card,Pending
CA-2017-141992,PAY02480,Net Banking,Completed
CA-2017-141992,PAY02481,Net Banking,Pending
CA-2017-147956,PAY02482,Cash on Delivery,Completed
CA-2017-126067,PAY02483,Cash on Delivery,Pending
CA-2017-126067,PAY02484,UPI,Completed
CA-2017-126067,PAY02485,UPI,Completed
CA-2017-126067,PAY02486,Net Banking,Completed
CA-2015-104514,PAY02487,Cash on Delivery,Completed
CA-2015-104514,PAY02488,UPI,Failed
CA-2015-104514,PAY02489,Net Banking,Pending
CA-2015-141040,PAY02490,UPI,Failed
CA-2015-141040,PAY02491,Credit Card,Completed
CA-2014-113579,PAY02492,UPI,Completed
CA-2014-144624,PAY02493,Debit Card,Pending
CA-2016-146206,PAY02494,Cash on Delivery,Failed
CA-2016-146206,PAY02495,Debit Card,Completed
CA-2014-136644,PAY02496,Net Banking,Completed
CA-2015-122371,PAY02497,Debit Card,Completed
CA-2015-122371,PAY02498,Debit Card,Completed
CA-2016-126935,PAY02499,Cash on Delivery,Completed
US-2017-133781,PAY02500,Cash on Delivery,Completed
CA-2017-131618,PAY02501,UPI,Completed
CA-2017-131618,PAY02502,Credit Card,Completed
CA-2017-131618,PAY02503,UPI,Completed
CA-2016-149482,PAY02504,Debit Card,Failed
CA-2014-143917,PAY02505,Debit Card,Pending
CA-2014-143917,PAY02506,UPI,Completed
CA-2014-143917,PAY02507,Cash on Delivery,Pending
CA-2015-120397,PAY02508,Credit Card,Completed
CA-2017-163902,PAY02509,Credit Card,Completed
CA-2017-163902,PAY02510,UPI,Completed
CA-2016-136812,PAY02511,UPI,Completed
CA-2015-102722,PAY02512,UPI,Completed
CA-2017-155089,PAY02513,UPI,Pending
CA-2016-124506,PAY02514,UPI,Completed
CA-2016-124506,PAY02515,Net Banking,Completed
CA-2014-106572,PAY02516,UPI,Failed
CA-2014-128888,PAY02517,Net Banking,Pending
CA-2017-123134,PAY02518,Net Banking,Completed
CA-2016-124352,PAY02519,Debit Card,Failed
CA-2016-124352,PAY02520,Debit Card,Completed
CA-2016-124352,PAY02521,Cash on Delivery,Completed
CA-2016-124352,PAY02522,Debit Card,Pending
CA-2016-124352,PAY02523,Debit Card,Completed
CA-2016-124352,PAY02524,Credit Card,Completed
CA-2015-124541,PAY02525,Debit Card,Pending
CA-2015-124541,PAY02526,UPI,Completed
CA-2015-124541,PAY02527,Credit Card,Completed
CA-2015-124541,PAY02528,Net Banking,Completed
CA-2015-124541,PAY02529,UPI,Pending
CA-2014-108707,PAY02530,Cash on Delivery,Completed
CA-2014-111500,PAY02531,Cash on Delivery,Completed
CA-2014-111500,PAY02532,UPI,Pending
CA-2014-111500,PAY02533,Net Banking,Pending
CA-2014-111500,PAY02534,Net Banking,Completed
US-2017-117723,PAY02535,Credit Card,Completed
CA-2015-143238,PAY02536,Credit Card,Completed
CA-2015-168746,PAY02537,UPI,Completed
CA-2015-168746,PAY02538,Debit Card,Pending
CA-2015-168746,PAY02539,Net Banking,Completed
CA-2015-113404,PAY02540,Net Banking,Completed
CA-2015-113404,PAY02541,UPI,Failed
CA-2016-144792,PAY02542,UPI,Completed
CA-2014-164385,PAY02543,Debit Card,Completed
US-2016-114174,PAY02544,Net Banking,Completed
US-2016-114174,PAY02545,Credit Card,Failed
CA-2017-108070,PAY02546,Cash on Delivery,Completed
CA-2017-108070,PAY02547,Debit Card,Completed
US-2015-128090,PAY02548,Credit Card,Pending
US-2015-128090,PAY02549,UPI,Completed
US-2015-128090,PAY02550,Credit Card,Pending
US-2015-128090,PAY02551,Cash on Delivery,Completed
CA-2017-101042,PAY02552,Debit Card,Pending
CA-2017-101042,PAY02553,Debit Card,Completed
CA-2016-155439,PAY02554,Cash on Delivery,Completed
CA-2016-118626,PAY02555,Credit Card,Failed
CA-2015-111458,PAY02556,Credit Card,Completed
US-2016-126844,PAY02557,UPI,Completed
US-2015-112508,PAY02558,Debit Card,Completed
CA-2015-147788,PAY02559,Debit Card,Completed
CA-2015-147788,PAY02560,Credit Card,Completed
CA-2015-147788,PAY02561,Credit Card,Completed
CA-2015-144288,PAY02562,Cash on Delivery,Completed
CA-2015-144288,PAY02563,Credit Card,Completed
CA-2015-110632,PAY02564,Debit Card,Completed
CA-2015-110632,PAY02565,Credit Card,Completed
CA-2017-109589,PAY02566,Credit Card,Failed
CA-2017-123967,PAY02567,Net Banking,Completed
CA-2017-123967,PAY02568,Cash on Delivery,Completed
CA-2017-148929,PAY02569,Debit Card,Completed
CA-2017-134404,PAY02570,Net Banking,Completed
CA-2017-134404,PAY02571,UPI,Pending
CA-2017-109778,PAY02572,UPI,Completed
CA-2016-155845,PAY02573,Credit Card,Completed
CA-2017-145128,PAY02574,Net Banking,Completed
CA-2014-129091,PAY02575,Net Banking,Completed
CA-2014-129091,PAY02576,Debit Card,Completed
CA-2014-129091,PAY02577,Debit Card,Failed
CA-2014-129091,PAY02578,Debit Card,Failed
US-2014-155502,PAY02579,Cash on Delivery,Completed
US-2014-155502,PAY02580,Net Banking,Completed
US-2014-155502,PAY02581,UPI,Completed
US-2014-155502,PAY02582,Debit Card,Completed
US-2014-155502,PAY02583,Net Banking,Completed
US-2014-155502,PAY02584,Debit Card,Completed
US-2014-155502,PAY02585,Cash on Delivery,Completed
CA-2015-121041,PAY02586,UPI,Completed
CA-2017-131695,PAY02587,Debit Card,Completed
CA-2017-131695,PAY02588,Cash on Delivery,Completed
CA-2016-137729,PAY02589,Credit Card,Completed
CA-2016-137729,PAY02590,UPI,Completed
US-2016-115455,PAY02591,UPI,Completed
US-2016-115455,PAY02592,Cash on Delivery,Failed
CA-2017-128300,PAY02593,Credit Card,Completed
CA-2017-128300,PAY02594,Cash on Delivery,Pending
CA-2017-149048,PAY02595,Credit Card,Completed
CA-2017-149048,PAY02596,Cash on Delivery,Pending
CA-2017-149048,PAY02597,Debit Card,Failed
CA-2017-149048,PAY02598,Cash on Delivery,Completed
CA-2017-149048,PAY02599,Debit Card,Completed
CA-2017-108553,PAY02600,Cash on Delivery,Pending
CA-2017-108553,PAY02601,Debit Card,Completed
CA-2016-165848,PAY02602,Credit Card,Completed
CA-2016-165848,PAY02603,UPI,Pending
CA-2016-165848,PAY02604,Debit Card,Completed
CA-2016-165848,PAY02605,UPI,Completed
CA-2014-112718,PAY02606,Net Banking,Completed
CA-2016-154053,PAY02607,UPI,Pending
CA-2014-127446,PAY02608,Net Banking,Pending
CA-2014-127446,PAY02609,Credit Card,Completed
CA-2014-127446,PAY02610,UPI,Completed
CA-2014-127446,PAY02611,Net Banking,Completed
CA-2014-127446,PAY02612,Cash on Delivery,Completed
CA-2014-127446,PAY02613,Debit Card,Completed
CA-2016-137204,PAY02614,Debit Card,Pending
CA-2014-147298,PAY02615,Credit Card,Completed
CA-2014-147298,PAY02616,Cash on Delivery,Pending
CA-2017-147942,PAY02617,Credit Card,Pending
CA-2017-147942,PAY02618,Debit Card,Completed
CA-2017-115931,PAY02619,Net Banking,Completed
CA-2017-115931,PAY02620,UPI,Completed
CA-2017-115931,PAY02621,Credit Card,Completed
CA-2017-115931,PAY02622,Net Banking,Pending
CA-2014-164861,PAY02623,Debit Card,Completed
CA-2017-127180,PAY02624,UPI,Completed
CA-2017-127180,PAY02625,Cash on Delivery,Completed
CA-2017-127180,PAY02626,Credit Card,Completed
CA-2017-127180,PAY02627,Cash on Delivery,Completed
US-2017-165344,PAY02628,Cash on Delivery,Completed
US-2017-165344,PAY02629,Cash on Delivery,Failed
US-2017-165344,PAY02630,Debit Card,Completed
CA-2015-168186,PAY02631,Net Banking,Completed
US-2017-110604,PAY02632,Credit Card,Completed
US-2017-110604,PAY02633,Net Banking,Completed
US-2017-110604,PAY02634,Debit Card,Pending
CA-2015-116750,PAY02635,UPI,Completed
CA-2015-116750,PAY02636,UPI,Completed
CA-2015-162369,PAY02637,UPI,Pending
CA-2017-108441,PAY02638,Debit Card,Completed
CA-2017-108441,PAY02639,Cash on Delivery,Pending
CA-2017-108441,PAY02640,Net Banking,Completed
CA-2017-108441,PAY02641,Cash on Delivery,Completed
CA-2015-169740,PAY02642,Credit Card,Completed
CA-2016-124051,PAY02643,Net Banking,Completed
CA-2016-149111,PAY02644,Cash on Delivery,Completed
CA-2016-149111,PAY02645,UPI,Completed
CA-2014-131002,PAY02646,Cash on Delivery,Completed
CA-2014-131002,PAY02647,Cash on Delivery,Completed
CA-2014-131002,PAY02648,Cash on Delivery,Failed
CA-2014-131002,PAY02649,UPI,Completed
CA-2014-131002,PAY02650,Credit Card,Completed
US-2016-146794,PAY02651,Cash on Delivery,Pending
CA-2017-112515,PAY02652,Credit Card,Completed
CA-2017-112515,PAY02653,Net Banking,Completed
CA-2017-112515,PAY02654,Credit Card,Completed
CA-2017-112515,PAY02655,Cash on Delivery,Completed
CA-2017-112515,PAY02656,UPI,Pending
CA-2017-112515,PAY02657,Cash on Delivery,Failed
CA-2017-112515,PAY02658,Debit Card,Failed
CA-2016-150343,PAY02659,Cash on Delivery,Completed
CA-2015-135538,PAY02660,UPI,Completed
CA-2017-123372,PAY02661,UPI,Completed
CA-2017-123372,PAY02662,Debit Card,Completed
CA-2017-159604,PAY02663,Net Banking,Completed
CA-2016-164784,PAY02664,Net Banking,Completed
CA-2016-164784,PAY02665,Cash on Delivery,Completed
CA-2016-164784,PAY02666,UPI,Failed
CA-2016-111794,PAY02667,Cash on Delivery,Completed
CA-2016-111794,PAY02668,UPI,Completed
US-2015-139759,PAY02669,Credit Card,Completed
US-2015-139759,PAY02670,Net Banking,Completed
CA-2014-126403,PAY02671,Cash on Delivery,Completed
CA-2014-126403,PAY02672,Debit Card,Completed
CA-2014-126403,PAY02673,Net Banking,Completed
CA-2014-126403,PAY02674,Net Banking,Completed
CA-2017-136875,PAY02675,Cash on Delivery,Completed
CA-2017-132185,PAY02676,Credit Card,Completed
CA-2017-132185,PAY02677,Credit Card,Completed
US-2014-160780,PAY02678,UPI,Completed
US-2014-160780,PAY02679,UPI,Completed
CA-2017-127026,PAY02680,Cash on Delivery,Completed
CA-2017-127026,PAY02681,Debit Card,Completed
CA-2017-127026,PAY02682,Debit Card,Pending
CA-2017-127026,PAY02683,UPI,Failed
CA-2017-127026,PAY02684,Cash on Delivery,Completed
CA-2017-137085,PAY02685,Debit Card,Pending
CA-2016-133123,PAY02686,Cash on Delivery,Pending
CA-2016-133123,PAY02687,UPI,Completed
US-2016-128195,PAY02688,UPI,Completed
CA-2015-153220,PAY02689,UPI,Completed
CA-2014-123064,PAY02690,Cash on Delivery,Completed
CA-2017-156412,PAY02691,UPI,Failed
US-2016-144211,PAY02692,Cash on Delivery,Failed
US-2016-144211,PAY02693,Net Banking,Pending
CA-2016-138079,PAY02694,Credit Card,Completed
CA-2014-143182,PAY02695,Credit Card,Completed
CA-2016-161662,PAY02696,Cash on Delivery,Failed
CA-2014-145317,PAY02697,Debit Card,Completed
CA-2014-145317,PAY02698,Credit Card,Pending
CA-2014-145317,PAY02699,Net Banking,Completed
CA-2014-145317,PAY02700,Cash on Delivery,Pending
CA-2014-145317,PAY02701,Net Banking,Completed
CA-2014-145317,PAY02702,Cash on Delivery,Completed
CA-2014-145317,PAY02703,Net Banking,Completed
CA-2014-143413,PAY02704,Credit Card,Completed
CA-2017-156818,PAY02705,Cash on Delivery,Completed
CA-2017-155873,PAY02706,Net Banking,Completed
CA-2017-155873,PAY02707,UPI,Failed
CA-2017-155873,PAY02708,Debit Card,Completed
CA-2015-121797,PAY02709,UPI,Completed
CA-2015-121797,PAY02710,Cash on Delivery,Completed
US-2015-120572,PAY02711,Net Banking,Completed
CA-2017-132430,PAY02712,Debit Card,Completed
CA-2017-146031,PAY02713,Net Banking,Completed
CA-2014-110100,PAY02714,Credit Card,Completed
CA-2015-103723,PAY02715,Credit Card,Failed
CA-2014-127187,PAY02716,Credit Card,Completed
CA-2017-128475,PAY02717,Debit Card,Completed
CA-2014-100006,PAY02718,UPI,Pending
CA-2017-144827,PAY02719,UPI,Completed
CA-2014-110030,PAY02720,Net Banking,Completed
CA-2014-121286,PAY02721,Cash on Delivery,Completed
CA-2014-121286,PAY02722,UPI,Completed
CA-2016-164735,PAY02723,Net Banking,Pending
CA-2014-153479,PAY02724,Net Banking,Failed
CA-2014-153479,PAY02725,Debit Card,Completed
CA-2017-149888,PAY02726,Net Banking,Completed
CA-2017-149888,PAY02727,UPI,Completed
CA-2017-119193,PAY02728,Net Banking,Completed
CA-2017-119193,PAY02729,UPI,Completed
CA-2017-104801,PAY02730,Cash on Delivery,Completed
CA-2017-104801,PAY02731,Credit Card,Completed
CA-2017-104801,PAY02732,Credit Card,Completed
CA-2014-107594,PAY02733,Debit Card,Completed
CA-2014-107594,PAY02734,Debit Card,Completed
CA-2015-129770,PAY02735,UPI,Completed
CA-2015-115798,PAY02736,UPI,Completed
CA-2015-115798,PAY02737,Debit Card,Completed
CA-2015-115798,PAY02738,Credit Card,Pending
CA-2015-115798,PAY02739,Debit Card,Completed
CA-2017-122707,PAY02740,Cash on Delivery,Completed
CA-2017-122707,PAY02741,Cash on Delivery,Completed
CA-2016-165015,PAY02742,UPI,Completed
CA-2014-149244,PAY02743,Cash on Delivery,Pending
CA-2015-140144,PAY02744,Credit Card,Completed
CA-2015-140144,PAY02745,Debit Card,Completed
CA-2017-163321,PAY02746,Credit Card,Failed
CA-2014-155887,PAY02747,Debit Card,Completed
US-2015-165449,PAY02748,Debit Card,Completed
CA-2015-110247,PAY02749,Debit Card,Pending
US-2014-141257,PAY02750,Debit Card,Completed
CA-2014-154669,PAY02751,Net Banking,Completed
CA-2014-158029,PAY02752,Credit Card,Completed
CA-2015-155306,PAY02753,Debit Card,Completed
CA-2015-155306,PAY02754,Credit Card,Completed
CA-2015-155306,PAY02755,Credit Card,Completed
CA-2015-155306,PAY02756,Debit Card,Completed
CA-2015-155306,PAY02757,Net Banking,Pending
CA-2016-127775,PAY02758,Credit Card,Failed
CA-2016-146171,PAY02759,UPI,Pending
CA-2016-146171,PAY02760,Credit Card,Completed
CA-2014-129574,PAY02761,Debit Card,Completed
CA-2017-126536,PAY02762,Credit Card,Completed
CA-2017-126536,PAY02763,Credit Card,Completed
CA-2017-165757,PAY02764,Net Banking,Pending
CA-2017-165757,PAY02765,Cash on Delivery,Completed
CA-2017-165757,PAY02766,Cash on Delivery,Completed
CA-2017-167752,PAY02767,Net Banking,Pending
CA-2017-167752,PAY02768,Debit Card,Completed
US-2015-122140,PAY02769,Net Banking,Completed
US-2015-122140,PAY02770,UPI,Completed
US-2015-122140,PAY02771,Cash on Delivery,Completed
CA-2016-163986,PAY02772,Cash on Delivery,Failed
CA-2017-158967,PAY02773,Debit Card,Completed
CA-2016-131576,PAY02774,Credit Card,Completed
CA-2017-143455,PAY02775,Credit Card,Failed
CA-2016-144729,PAY02776,Net Banking,Completed
CA-2015-127019,PAY02777,Credit Card,Pending
CA-2015-138534,PAY02778,Cash on Delivery,Pending
CA-2017-108322,PAY02779,UPI,Pending
CA-2017-108322,PAY02780,Cash on Delivery,Completed
CA-2017-167668,PAY02781,Debit Card,Completed
CA-2017-146724,PAY02782,Net Banking,Completed
CA-2016-139878,PAY02783,Net Banking,Completed
US-2016-106677,PAY02784,Net Banking,Completed
CA-2016-116974,PAY02785,Debit Card,Completed
CA-2015-149972,PAY02786,Credit Card,Completed
CA-2015-149972,PAY02787,Credit Card,Completed
US-2014-117744,PAY02788,Net Banking,Completed
US-2014-117744,PAY02789,Cash on Delivery,Completed
US-2014-117744,PAY02790,Debit Card,Completed
CA-2014-125514,PAY02791,UPI,Completed
CA-2014-125514,PAY02792,Net Banking,Completed
CA-2014-125514,PAY02793,Net Banking,Completed
CA-2014-154599,PAY02794,Net Banking,Completed
CA-2014-154599,PAY02795,Debit Card,Completed
CA-2014-154599,PAY02796,Debit Card,Completed
CA-2014-154599,PAY02797,Net Banking,Completed
CA-2017-158743,PAY02798,UPI,Failed
CA-2017-158743,PAY02799,UPI,Completed
CA-2017-158743,PAY02800,Credit Card,Pending
CA-2016-153318,PAY02801,Net Banking,Completed
US-2015-110163,PAY02802,UPI,Completed
CA-2017-143329,PAY02803,Cash on Delivery,Completed
CA-2015-159380,PAY02804,Debit Card,Pending
CA-2015-159380,PAY02805,Debit Card,Completed
CA-2015-122623,PAY02806,Net Banking,Completed
CA-2015-148635,PAY02807,Debit Card,Pending
CA-2015-148635,PAY02808,Debit Card,Completed
CA-2015-148635,PAY02809,UPI,Pending
CA-2015-148635,PAY02810,UPI,Completed
CA-2015-135685,PAY02811,Cash on Delivery,Completed
CA-2015-135685,PAY02812,Debit Card,Completed
CA-2015-135685,PAY02813,Credit Card,Completed
CA-2015-135685,PAY02814,Net Banking,Completed
CA-2015-135685,PAY02815,Debit Card,Completed
CA-2015-104626,PAY02816,UPI,Failed
CA-2015-104626,PAY02817,Cash on Delivery,Completed
CA-2015-104626,PAY02818,Debit Card,Pending
CA-2015-104626,PAY02819,Net Banking,Completed
CA-2016-160500,PAY02820,Debit Card,Completed
CA-2016-160500,PAY02821,Credit Card,Completed
CA-2017-100202,PAY02822,Debit Card,Completed
CA-2017-131016,PAY02823,Credit Card,Pending
CA-2017-131016,PAY02824,Debit Card,Completed
US-2014-112914,PAY02825,Credit Card,Completed
US-2014-112914,PAY02826,Credit Card,Completed
US-2014-112914,PAY02827,UPI,Failed
US-2014-112914,PAY02828,Credit Card,Failed
CA-2016-124149,PAY02829,UPI,Completed
CA-2016-124149,PAY02830,Net Banking,Completed
CA-2016-124149,PAY02831,Cash on Delivery,Completed
CA-2014-148915,PAY02832,Debit Card,Pending
CA-2014-148915,PAY02833,UPI,Pending
CA-2017-134649,PAY02834,Cash on Delivery,Completed
CA-2017-134649,PAY02835,Credit Card,Failed
CA-2017-110842,PAY02836,Debit Card,Completed
CA-2017-110842,PAY02837,Debit Card,Pending
CA-2017-110842,PAY02838,Credit Card,Completed
CA-2016-147368,PAY02839,Net Banking,Completed
US-2015-104185,PAY02840,UPI,Completed
US-2014-125521,PAY02841,Credit Card,Completed
US-2017-135062,PAY02842,Cash on Delivery,Completed
CA-2017-135650,PAY02843,Cash on Delivery,Completed
CA-2017-112865,PAY02844,Cash on Delivery,Completed
US-2016-162852,PAY02845,Debit Card,Completed
CA-2017-138163,PAY02846,Debit Card,Completed
CA-2017-152093,PAY02847,UPI,Completed
CA-2017-157854,PAY02848,Credit Card,Completed
CA-2017-157854,PAY02849,Debit Card,Completed
CA-2016-123617,PAY02850,Cash on Delivery,Completed
US-2016-128293,PAY02851,Net Banking,Completed
CA-2017-107342,PAY02852,Net Banking,Completed
CA-2016-136371,PAY02853,Credit Card,Pending
CA-2016-136371,PAY02854,Credit Card,Completed
CA-2017-137344,PAY02855,Debit Card,Completed
CA-2017-169810,PAY02856,Credit Card,Pending
CA-2016-128594,PAY02857,Cash on Delivery,Pending
CA-2016-154690,PAY02858,Net Banking,Completed
CA-2017-138975,PAY02859,Net Banking,Failed
CA-2017-138975,PAY02860,Net Banking,Completed
CA-2017-138975,PAY02861,UPI,Completed
CA-2017-138975,PAY02862,Debit Card,Pending
CA-2017-106537,PAY02863,Net Banking,Completed
US-2017-103828,PAY02864,Cash on Delivery,Completed
US-2017-103828,PAY02865,UPI,Completed
US-2017-103828,PAY02866,UPI,Pending
US-2017-103828,PAY02867,Credit Card,Pending
CA-2016-115588,PAY02868,Credit Card,Pending
CA-2016-115588,PAY02869,UPI,Completed
CA-2017-143861,PAY02870,Credit Card,Failed
CA-2014-148040,PAY02871,Net Banking,Completed
CA-2014-148040,PAY02872,Net Banking,Completed
CA-2017-135167,PAY02873,Credit Card,Completed
CA-2017-137022,PAY02874,Cash on Delivery,Failed
US-2017-102638,PAY02875,Debit Card,Completed
US-2016-167339,PAY02876,Net Banking,Pending
US-2016-167339,PAY02877,Cash on Delivery,Completed
CA-2016-152072,PAY02878,UPI,Completed
CA-2016-152072,PAY02879,Debit Card,Completed
CA-2016-152072,PAY02880,Debit Card,Completed
CA-2016-102932,PAY02881,Net Banking,Failed
CA-2016-102932,PAY02882,Debit Card,Completed
CA-2014-165540,PAY02883,Debit Card,Completed
CA-2016-130799,PAY02884,Cash on Delivery,Completed
CA-2016-164483,PAY02885,Credit Card,Completed
US-2016-159856,PAY02886,Net Banking,Completed
CA-2017-102099,PAY02887,UPI,Pending
CA-2017-102099,PAY02888,Debit Card,Completed
CA-2017-102099,PAY02889,Debit Card,Completed
CA-2017-164049,PAY02890,Debit Card,Completed
CA-2014-142727,PAY02891,Debit Card,Completed
CA-2014-142727,PAY02892,Cash on Delivery,Completed
CA-2017-139913,PAY02893,Cash on Delivery,Completed
CA-2017-139913,PAY02894,Net Banking,Completed
CA-2017-139913,PAY02895,Net Banking,Failed
CA-2017-139913,PAY02896,Net Banking,Failed
CA-2014-169033,PAY02897,Cash on Delivery,Pending
US-2016-164630,PAY02898,Credit Card,Completed
US-2015-114839,PAY02899,UPI,Failed
CA-2015-166464,PAY02900,Net Banking,Pending
CA-2015-166464,PAY02901,Debit Card,Completed
CA-2017-124898,PAY02902,Cash on Delivery,Completed
CA-2016-164035,PAY02903,Debit Card,Completed
CA-2016-153577,PAY02904,Net Banking,Completed
CA-2016-153577,PAY02905,Debit Card,Completed
CA-2014-127586,PAY02906,Cash on Delivery,Completed
CA-2017-121615,PAY02907,UPI,Pending
CA-2017-121615,PAY02908,Net Banking,Completed
CA-2017-121615,PAY02909,Net Banking,Completed
CA-2017-166415,PAY02910,Credit Card,Pending
CA-2015-118444,PAY02911,UPI,Completed
CA-2014-113929,PAY02912,Credit Card,Pending
CA-2014-113929,PAY02913,Net Banking,Completed
CA-2014-113929,PAY02914,Debit Card,Completed
CA-2015-134747,PAY02915,Cash on Delivery,Completed
CA-2015-134747,PAY02916,Cash on Delivery,Completed
CA-2015-134747,PAY02917,UPI,Completed
CA-2017-155047,PAY02918,Cash on Delivery,Completed
CA-2016-160129,PAY02919,Cash on Delivery,Completed
CA-2016-160129,PAY02920,Debit Card,Pending
CA-2016-160129,PAY02921,Debit Card,Completed
CA-2017-164329,PAY02922,UPI,Pending
US-2015-141453,PAY02923,Credit Card,Pending
CA-2014-156993,PAY02924,Cash on Delivery,Completed
CA-2014-157721,PAY02925,Credit Card,Completed
CA-2014-157721,PAY02926,Credit Card,Pending
CA-2017-128629,PAY02927,Net Banking,Completed
CA-2017-158106,PAY02928,Debit Card,Completed
US-2017-120390,PAY02929,Debit Card,Pending
CA-2017-143434,PAY02930,Debit Card,Completed
CA-2015-168564,PAY02931,UPI,Completed
CA-2015-168564,PAY02932,Credit Card,Completed
CA-2015-168564,PAY02933,Cash on Delivery,Completed
US-2016-169040,PAY02934,Cash on Delivery,Completed
US-2016-169040,PAY02935,UPI,Completed
US-2016-169040,PAY02936,Debit Card,Completed
US-2016-169040,PAY02937,UPI,Failed
US-2016-169040,PAY02938,Net Banking,Completed
US-2016-169040,PAY02939,UPI,Completed
US-2016-169040,PAY02940,Credit Card,Completed
CA-2017-155880,PAY02941,Credit Card,Completed
CA-2017-155880,PAY02942,Debit Card,Completed
CA-2017-155880,PAY02943,Debit Card,Completed
CA-2017-126242,PAY02944,Cash on Delivery,Completed
CA-2017-126242,PAY02945,UPI,Completed
CA-2016-166443,PAY02946,Cash on Delivery,Completed
CA-2017-169859,PAY02947,Cash on Delivery,Pending
CA-2017-169859,PAY02948,Net Banking,Completed
CA-2017-169859,PAY02949,Cash on Delivery,Completed
CA-2017-134915,PAY02950,Credit Card,Pending
CA-2017-134915,PAY02951,Net Banking,Completed
CA-2017-134915,PAY02952,UPI,Completed
CA-2017-134915,PAY02953,Debit Card,Pending
CA-2017-134915,PAY02954,UPI,Completed
CA-2017-134915,PAY02955,Net Banking,Completed
CA-2016-153353,PAY02956,Net Banking,Completed
CA-2017-123638,PAY02957,Debit Card,Failed
CA-2017-168900,PAY02958,Debit Card,Pending
CA-2015-158456,PAY02959,Cash on Delivery,Pending
CA-2015-158456,PAY02960,Net Banking,Completed
CA-2017-143665,PAY02961,Cash on Delivery,Completed
CA-2017-143665,PAY02962,Cash on Delivery,Failed
CA-2017-137428,PAY02963,Net Banking,Completed
CA-2017-137428,PAY02964,Credit Card,Failed
CA-2017-137428,PAY02965,Cash on Delivery,Completed
CA-2017-137428,PAY02966,UPI,Pending
CA-2014-162866,PAY02967,Debit Card,Completed
CA-2014-162866,PAY02968,Net Banking,Completed
CA-2017-167941,PAY02969,UPI,Failed
CA-2017-167941,PAY02970,UPI,Completed
CA-2017-167941,PAY02971,Credit Card,Pending
CA-2017-167941,PAY02972,Credit Card,Completed
CA-2017-167941,PAY02973,Net Banking,Pending
CA-2017-111808,PAY02974,Cash on Delivery,Failed
CA-2015-137512,PAY02975,Net Banking,Failed
CA-2015-137512,PAY02976,Debit Card,Completed
CA-2017-139773,PAY02977,Credit Card,Completed
CA-2017-134607,PAY02978,Credit Card,Completed
CA-2014-109232,PAY02979,Cash on Delivery,Completed
CA-2015-139850,PAY02980,UPI,Completed
CA-2015-139850,PAY02981,Credit Card,Completed
CA-2014-131310,PAY02982,Cash on Delivery,Completed
CA-2014-131310,PAY02983,Cash on Delivery,Completed
US-2014-112872,PAY02984,Net Banking,Pending
US-2014-112872,PAY02985,Credit Card,Completed
CA-2016-139269,PAY02986,Credit Card,Completed
CA-2016-139269,PAY02987,Credit Card,Pending
CA-2016-139269,PAY02988,Net Banking,Completed
CA-2016-139010,PAY02989,Credit Card,Pending
CA-2016-139010,PAY02990,Debit Card,Pending
CA-2016-139010,PAY02991,Cash on Delivery,Completed
CA-2016-139010,PAY02992,Debit Card,Completed
CA-2016-134376,PAY02993,Credit Card,Completed
CA-2017-147291,PAY02994,Credit Card,Completed
CA-2016-112893,PAY02995,Debit Card,Completed
US-2014-150532,PAY02996,Cash on Delivery,Pending
CA-2014-138317,PAY02997,Cash on Delivery,Completed
CA-2014-138317,PAY02998,UPI,Completed
CA-2014-138317,PAY02999,Credit Card,Pending
CA-2014-138317,PAY03000,Net Banking,Completed
CA-2014-138317,PAY03001,Cash on Delivery,Completed
CA-2014-138317,PAY03002,Cash on Delivery,Failed
CA-2015-130610,PAY03003,UPI,Completed
CA-2017-104381,PAY03004,Credit Card,Completed
CA-2016-131499,PAY03005,Credit Card,Completed
CA-2014-148761,PAY03006,Cash on Delivery,Pending
CA-2017-116519,PAY03007,Net Banking,Failed
CA-2014-130729,PAY03008,Credit Card,Failed
CA-2016-124772,PAY03009,Credit Card,Completed
CA-2016-115525,PAY03010,Credit Card,Completed
CA-2017-134845,PAY03011,Debit Card,Completed
CA-2017-134845,PAY03012,Credit Card,Pending
CA-2017-134845,PAY03013,Debit Card,Completed
CA-2017-134845,PAY03014,Debit Card,Completed
CA-2017-134845,PAY03015,Debit Card,Completed
US-2015-138919,PAY03016,Credit Card,Completed
US-2016-160528,PAY03017,Cash on Delivery,Completed
US-2016-160528,PAY03018,Cash on Delivery,Completed
US-2016-160528,PAY03019,Cash on Delivery,Completed
CA-2015-123568,PAY03020,Debit Card,Completed
CA-2015-123568,PAY03021,Debit Card,Completed
CA-2015-123568,PAY03022,Debit Card,Completed
CA-2015-123568,PAY03023,Net Banking,Pending
CA-2017-124674,PAY03024,UPI,Completed
CA-2015-164441,PAY03025,Cash on Delivery,Completed
CA-2015-164441,PAY03026,UPI,Completed
CA-2017-169054,PAY03027,Net Banking,Pending
CA-2014-106719,PAY03028,Credit Card,Completed
CA-2017-116855,PAY03029,Credit Card,Completed
US-2016-164189,PAY03030,Credit Card,Completed
CA-2015-168480,PAY03031,Credit Card,Completed
CA-2015-168480,PAY03032,Debit Card,Completed
US-2016-114293,PAY03033,UPI,Pending
CA-2017-134173,PAY03034,UPI,Completed
US-2015-123960,PAY03035,Debit Card,Completed
US-2015-123960,PAY03036,Cash on Delivery,Completed
US-2015-123960,PAY03037,Net Banking,Completed
US-2015-123960,PAY03038,Net Banking,Failed
US-2015-123960,PAY03039,Net Banking,Completed
CA-2017-101749,PAY03040,Net Banking,Pending
US-2016-147991,PAY03041,UPI,Completed
CA-2017-149559,PAY03042,Debit Card,Completed
CA-2017-149559,PAY03043,Net Banking,Pending
CA-2017-149559,PAY03044,Net Banking,Failed
CA-2015-135174,PAY03045,Debit Card,Pending
CA-2017-125290,PAY03046,Debit Card,Completed
CA-2017-125290,PAY03047,Credit Card,Completed
CA-2014-137351,PAY03048,Credit Card,Completed
CA-2017-121419,PAY03049,Debit Card,Completed
CA-2017-121419,PAY03050,Net Banking,Completed
US-2017-148054,PAY03051,Net Banking,Completed
US-2017-148054,PAY03052,Credit Card,Completed
US-2017-148054,PAY03053,Net Banking,Failed
CA-2016-128517,PAY03054,Cash on Delivery,Completed
CA-2016-128517,PAY03055,UPI,Pending
US-2015-100377,PAY03056,Credit Card,Pending
CA-2017-131492,PAY03057,UPI,Pending
CA-2017-131492,PAY03058,Net Banking,Completed
CA-2017-131492,PAY03059,Debit Card,Completed
CA-2017-131492,PAY03060,Net Banking,Pending
CA-2016-144554,PAY03061,Net Banking,Failed
CA-2017-127621,PAY03062,Net Banking,Failed
CA-2015-145184,PAY03063,Credit Card,Completed
CA-2015-145184,PAY03064,Cash on Delivery,Completed
CA-2017-106859,PAY03065,Debit Card,Completed
CA-2017-106859,PAY03066,Cash on Delivery,Completed
CA-2017-106859,PAY03067,Debit Card,Pending
CA-2017-106859,PAY03068,UPI,Completed
CA-2017-106859,PAY03069,Cash on Delivery,Completed
US-2017-120089,PAY03070,Credit Card,Completed
CA-2014-119375,PAY03071,Credit Card,Completed
CA-2014-119375,PAY03072,UPI,Completed
CA-2014-119375,PAY03073,Debit Card,Completed
CA-2016-125206,PAY03074,Cash on Delivery,Completed
CA-2015-126137,PAY03075,Cash on Delivery,Completed
CA-2014-143903,PAY03076,Cash on Delivery,Completed
CA-2014-143903,PAY03077,Credit Card,Completed
CA-2014-143903,PAY03078,Debit Card,Pending
CA-2014-104780,PAY03079,Cash on Delivery,Failed
CA-2017-101182,PAY03080,UPI,Completed
CA-2017-101182,PAY03081,UPI,Completed
US-2017-132297,PAY03082,Credit Card,Completed
US-2017-132297,PAY03083,Debit Card,Failed
CA-2014-100328,PAY03084,Debit Card,Pending
CA-2017-118773,PAY03085,Debit Card,Completed
CA-2017-118773,PAY03086,Net Banking,Completed
CA-2017-118773,PAY03087,Debit Card,Pending
CA-2017-118773,PAY03088,UPI,Pending
US-2017-159205,PAY03089,Cash on Delivery,Completed
US-2017-159205,PAY03090,Debit Card,Completed
CA-2016-112123,PAY03091,UPI,Pending
CA-2016-112123,PAY03092,Debit Card,Completed
CA-2016-112123,PAY03093,UPI,Completed
CA-2015-114468,PAY03094,Cash on Delivery,Completed
CA-2015-114468,PAY03095,Credit Card,Pending
CA-2015-114468,PAY03096,Cash on Delivery,Completed
CA-2015-114468,PAY03097,Debit Card,Completed
CA-2017-135692,PAY03098,Cash on Delivery,Completed
CA-2017-135692,PAY03099,Net Banking,Completed
CA-2017-131233,PAY03100,UPI,Pending
CA-2017-131233,PAY03101,Credit Card,Completed
CA-2017-119578,PAY03102,Cash on Delivery,Completed
CA-2017-119578,PAY03103,Cash on Delivery,Completed
CA-2016-124562,PAY03104,Cash on Delivery,Failed
US-2017-140074,PAY03105,Net Banking,Completed
CA-2016-103037,PAY03106,Net Banking,Completed
CA-2017-127460,PAY03107,Credit Card,Completed
CA-2016-121671,PAY03108,Net Banking,Completed
CA-2016-121671,PAY03109,Net Banking,Completed
CA-2016-121671,PAY03110,Net Banking,Pending
CA-2016-121671,PAY03111,Net Banking,Pending
CA-2016-121671,PAY03112,Credit Card,Completed
CA-2016-150350,PAY03113,Cash on Delivery,Completed
CA-2016-150350,PAY03114,Cash on Delivery,Completed
CA-2016-150350,PAY03115,Debit Card,Pending
CA-2016-150350,PAY03116,UPI,Completed
CA-2016-150350,PAY03117,Debit Card,Completed
CA-2016-150350,PAY03118,UPI,Pending
CA-2015-121720,PAY03119,Credit Card,Pending
CA-2015-121720,PAY03120,Net Banking,Completed
CA-2015-121720,PAY03121,Debit Card,Completed
CA-2015-121720,PAY03122,Net Banking,Completed
CA-2015-121720,PAY03123,Credit Card,Completed
CA-2015-121720,PAY03124,Credit Card,Pending
CA-2015-121720,PAY03125,Net Banking,Completed
CA-2015-121720,PAY03126,Net Banking,Failed
CA-2017-149895,PAY03127,UPI,Completed
CA-2017-147564,PAY03128,Cash on Delivery,Pending
CA-2014-136399,PAY03129,Credit Card,Completed
CA-2014-136399,PAY03130,Debit Card,Pending
CA-2014-136399,PAY03131,UPI,Pending
CA-2014-136399,PAY03132,Credit Card,Completed
CA-2014-107916,PAY03133,Cash on Delivery,Failed
CA-2014-107916,PAY03134,Net Banking,Completed
CA-2017-164168,PAY03135,Net Banking,Completed
CA-2017-164168,PAY03136,Debit Card,Completed
CA-2017-164168,PAY03137,Debit Card,Completed
CA-2017-164168,PAY03138,Net Banking,Pending
CA-2017-164168,PAY03139,UPI,Completed
CA-2017-164168,PAY03140,Net Banking,Pending
CA-2015-112557,PAY03141,UPI,Pending
US-2014-122959,PAY03142,Net Banking,Completed
CA-2017-162572,PAY03143,Net Banking,Completed
CA-2017-162572,PAY03144,Debit Card,Completed
US-2016-148110,PAY03145,UPI,Completed
CA-2017-131828,PAY03146,UPI,Pending
CA-2017-131828,PAY03147,Credit Card,Completed
CA-2014-109218,PAY03148,Cash on Delivery,Pending
CA-2016-120558,PAY03149,Net Banking,Completed
US-2014-109036,PAY03150,Cash on Delivery,Completed
CA-2015-147830,PAY03151,Credit Card,Completed
CA-2015-147830,PAY03152,Credit Card,Completed
CA-2015-147830,PAY03153,Cash on Delivery,Completed
CA-2015-147830,PAY03154,Cash on Delivery,Completed
CA-2017-150497,PAY03155,Cash on Delivery,Completed
CA-2014-128986,PAY03156,Cash on Delivery,Completed
CA-2015-139584,PAY03157,UPI,Pending
CA-2015-139584,PAY03158,Cash on Delivery,Completed
US-2016-162677,PAY03159,Cash on Delivery,Completed
US-2016-162677,PAY03160,Cash on Delivery,Completed
US-2014-150924,PAY03161,Net Banking,Failed
CA-2014-153969,PAY03162,UPI,Completed
CA-2014-153969,PAY03163,Cash on Delivery,Pending
CA-2014-153969,PAY03164,Cash on Delivery,Completed
CA-2014-153969,PAY03165,UPI,Completed
CA-2014-153969,PAY03166,Cash on Delivery,Completed
CA-2014-153969,PAY03167,Debit Card,Completed
CA-2016-146682,PAY03168,Net Banking,Pending
CA-2016-138695,PAY03169,Cash on Delivery,Completed
CA-2016-138695,PAY03170,Net Banking,Completed
CA-2017-107461,PAY03171,Credit Card,Completed
US-2016-133879,PAY03172,Net Banking,Completed
US-2016-133879,PAY03173,Net Banking,Completed
US-2016-133879,PAY03174,Debit Card,Completed
CA-2017-157483,PAY03175,Debit Card,Pending
US-2017-132059,PAY03176,UPI,Completed
US-2017-132059,PAY03177,Credit Card,Completed
CA-2017-122280,PAY03178,Net Banking,Completed
CA-2017-105235,PAY03179,Credit Card,Completed
CA-2017-105235,PAY03180,Net Banking,Completed
CA-2017-105235,PAY03181,Net Banking,Completed
CA-2017-152912,PAY03182,Cash on Delivery,Completed
CA-2017-152912,PAY03183,UPI,Completed
CA-2017-152912,PAY03184,Debit Card,Completed
CA-2017-152912,PAY03185,Credit Card,Completed
CA-2014-123498,PAY03186,Cash on Delivery,Completed
CA-2014-123498,PAY03187,UPI,Pending
CA-2017-159352,PAY03188,Debit Card,Completed
US-2017-146416,PAY03189,Net Banking,Completed
US-2017-146416,PAY03190,Debit Card,Completed
US-2015-163783,PAY03191,Debit Card,Completed
CA-2017-123981,PAY03192,Debit Card,Pending
CA-2017-158953,PAY03193,Cash on Delivery,Pending
CA-2014-165428,PAY03194,Net Banking,Completed
CA-2014-165428,PAY03195,Cash on Delivery,Completed
CA-2016-169026,PAY03196,Debit Card,Completed
CA-2017-109750,PAY03197,Cash on Delivery,Pending
CA-2015-149384,PAY03198,Debit Card,Failed
CA-2014-131527,PAY03199,Credit Card,Completed
CA-2017-164000,PAY03200,Cash on Delivery,Failed
CA-2014-164224,PAY03201,Debit Card,Completed
CA-2014-164224,PAY03202,UPI,Completed
CA-2014-158372,PAY03203,UPI,Completed
CA-2014-158372,PAY03204,UPI,Completed
CA-2014-158372,PAY03205,Debit Card,Completed
CA-2014-158372,PAY03206,Credit Card,Failed
CA-2014-158372,PAY03207,Debit Card,Completed
CA-2014-158372,PAY03208,Debit Card,Completed
CA-2016-108882,PAY03209,UPI,Completed
CA-2016-108882,PAY03210,Debit Card,Completed
US-2017-108245,PAY03211,Credit Card,Pending
US-2017-108245,PAY03212,UPI,Failed
CA-2014-142314,PAY03213,Credit Card,Completed
CA-2016-132409,PAY03214,Credit Card,Pending
CA-2016-132409,PAY03215,Net Banking,Completed
CA-2017-150189,PAY03216,Cash on Delivery,Completed
CA-2014-114433,PAY03217,Net Banking,Completed
CA-2017-104640,PAY03218,Cash on Delivery,Completed
CA-2017-104640,PAY03219,Cash on Delivery,Completed
US-2015-137008,PAY03220,Cash on Delivery,Completed
US-2015-137008,PAY03221,Net Banking,Completed
US-2015-137008,PAY03222,Cash on Delivery,Completed
CA-2014-108189,PAY03223,Net Banking,Failed
CA-2014-108189,PAY03224,Debit Card,Pending
CA-2014-108189,PAY03225,Credit Card,Completed
CA-2014-108189,PAY03226,Debit Card,Failed
CA-2014-108189,PAY03227,Net Banking,Failed
CA-2014-108189,PAY03228,Net Banking,Failed
CA-2014-108189,PAY03229,Cash on Delivery,Pending
CA-2014-154641,PAY03230,UPI,Completed
CA-2017-131625,PAY03231,Cash on Delivery,Completed
US-2017-156356,PAY03232,Net Banking,Completed
US-2017-156356,PAY03233,Debit Card,Completed
US-2017-156356,PAY03234,Cash on Delivery,Pending
CA-2016-138933,PAY03235,Net Banking,Completed
CA-2016-140746,PAY03236,Credit Card,Pending
CA-2016-146836,PAY03237,Debit Card,Completed
CA-2016-146836,PAY03238,UPI,Completed
US-2016-127971,PAY03239,UPI,Completed
US-2016-127971,PAY03240,Cash on Delivery,Completed
US-2016-127971,PAY03241,UPI,Completed
US-2016-140809,PAY03242,UPI,Completed
CA-2017-114524,PAY03243,Net Banking,Completed
CA-2017-113355,PAY03244,UPI,Pending
CA-2017-113355,PAY03245,UPI,Completed
US-2017-140907,PAY03246,Debit Card,Pending
US-2017-140907,PAY03247,Debit Card,Completed
US-2017-140907,PAY03248,UPI,Pending
CA-2016-159730,PAY03249,Debit Card,Completed
CA-2016-159730,PAY03250,UPI,Completed
CA-2016-157868,PAY03251,Net Banking,Completed
CA-2017-119389,PAY03252,Cash on Delivery,Completed
CA-2017-110373,PAY03253,Credit Card,Completed
CA-2017-110373,PAY03254,Cash on Delivery,Completed
CA-2016-155474,PAY03255,Net Banking,Pending
CA-2016-155474,PAY03256,Credit Card,Completed
CA-2015-155453,PAY03257,Debit Card,Completed
US-2016-161844,PAY03258,Debit Card,Completed
US-2016-161844,PAY03259,UPI,Completed
US-2016-162103,PAY03260,Debit Card,Completed
CA-2014-151554,PAY03261,Credit Card,Completed
CA-2014-140662,PAY03262,UPI,Completed
CA-2014-140662,PAY03263,Debit Card,Completed
CA-2014-140662,PAY03264,Debit Card,Failed
CA-2016-122518,PAY03265,Cash on Delivery,Completed
US-2014-126571,PAY03266,Credit Card,Completed
US-2014-126571,PAY03267,Credit Card,Completed
CA-2014-143840,PAY03268,Debit Card,Completed
CA-2014-143840,PAY03269,UPI,Completed
CA-2014-115980,PAY03270,Debit Card,Pending
CA-2014-115980,PAY03271,Cash on Delivery,Failed
CA-2015-155145,PAY03272,Net Banking,Completed
CA-2015-146038,PAY03273,Credit Card,Completed
CA-2017-133865,PAY03274,Cash on Delivery,Completed
CA-2017-116358,PAY03275,Credit Card,Failed
CA-2017-116358,PAY03276,Debit Card,Failed
CA-2014-102988,PAY03277,Credit Card,Completed
CA-2014-102988,PAY03278,Credit Card,Pending
CA-2014-102988,PAY03279,Debit Card,Completed
CA-2014-102988,PAY03280,Credit Card,Completed
CA-2014-102988,PAY03281,Debit Card,Completed
US-2014-117170,PAY03282,Credit Card,Pending
US-2014-117170,PAY03283,Net Banking,Pending
CA-2014-159478,PAY03284,Credit Card,Completed
CA-2014-103702,PAY03285,UPI,Completed
CA-2017-150525,PAY03286,Credit Card,Completed
CA-2017-150525,PAY03287,UPI,Completed
CA-2015-157770,PAY03288,Cash on Delivery,Pending
CA-2015-157770,PAY03289,Credit Card,Completed
CA-2015-157770,PAY03290,Debit Card,Completed
CA-2015-157770,PAY03291,Cash on Delivery,Completed
CA-2016-167290,PAY03292,Credit Card,Completed
CA-2014-106264,PAY03293,Cash on Delivery,Completed
CA-2014-106264,PAY03294,Credit Card,Completed
CA-2014-138023,PAY03295,Net Banking,Pending
CA-2017-113418,PAY03296,Credit Card,Completed
US-2015-110569,PAY03297,UPI,Failed
US-2015-110569,PAY03298,Credit Card,Pending
CA-2017-136308,PAY03299,Debit Card,Completed
US-2014-159926,PAY03300,Net Banking,Pending
US-2014-159926,PAY03301,Credit Card,Completed
US-2014-159926,PAY03302,UPI,Completed
US-2014-159926,PAY03303,Cash on Delivery,Completed
US-2014-159926,PAY03304,Net Banking,Completed
CA-2014-104738,PAY03305,Credit Card,Completed
CA-2014-104738,PAY03306,Credit Card,Completed
CA-2014-104738,PAY03307,Credit Card,Completed
CA-2014-104738,PAY03308,Credit Card,Failed
CA-2014-104738,PAY03309,UPI,Completed
CA-2015-144386,PAY03310,Debit Card,Completed
CA-2016-111416,PAY03311,Credit Card,Pending
CA-2016-162747,PAY03312,Credit Card,Pending
US-2014-133130,PAY03313,UPI,Completed
US-2014-133130,PAY03314,UPI,Completed
CA-2017-169978,PAY03315,Debit Card,Completed
CA-2017-169978,PAY03316,Debit Card,Completed
CA-2017-161739,PAY03317,Net Banking,Completed
CA-2015-165057,PAY03318,Net Banking,Completed
CA-2015-165057,PAY03319,Cash on Delivery,Completed
CA-2014-134551,PAY03320,Net Banking,Failed
CA-2014-134551,PAY03321,Net Banking,Completed
CA-2014-134551,PAY03322,Net Banking,Pending
CA-2015-120810,PAY03323,Net Banking,Completed
CA-2015-120810,PAY03324,Credit Card,Pending
CA-2014-165309,PAY03325,Cash on Delivery,Pending
CA-2014-165309,PAY03326,Cash on Delivery,Completed
CA-2014-165309,PAY03327,UPI,Pending
CA-2014-165309,PAY03328,Debit Card,Pending
CA-2014-165309,PAY03329,Debit Card,Completed
CA-2014-165309,PAY03330,Debit Card,Completed
CA-2014-165309,PAY03331,Credit Card,Completed
CA-2017-122595,PAY03332,Credit Card,Completed
CA-2017-122595,PAY03333,Net Banking,Completed
CA-2017-122595,PAY03334,Cash on Delivery,Completed
US-2017-109253,PAY03335,Debit Card,Completed
US-2017-109253,PAY03336,Credit Card,Pending
US-2017-109253,PAY03337,Credit Card,Completed
US-2017-109253,PAY03338,Net Banking,Completed
US-2017-109253,PAY03339,Debit Card,Pending
US-2017-109253,PAY03340,Net Banking,Completed
US-2017-109253,PAY03341,Net Banking,Completed
CA-2016-145982,PAY03342,Cash on Delivery,Completed
CA-2016-145982,PAY03343,Net Banking,Completed
CA-2016-145982,PAY03344,Credit Card,Completed
CA-2016-145982,PAY03345,Net Banking,Pending
CA-2016-145982,PAY03346,Cash on Delivery,Pending
CA-2016-145982,PAY03347,Net Banking,Completed
CA-2015-112014,PAY03348,Credit Card,Completed
CA-2017-154732,PAY03349,Net Banking,Completed
US-2016-157308,PAY03350,Cash on Delivery,Pending
CA-2016-147536,PAY03351,UPI,Completed
US-2014-134733,PAY03352,UPI,Completed
US-2014-134733,PAY03353,UPI,Completed
US-2014-150434,PAY03354,UPI,Completed
US-2014-150434,PAY03355,UPI,Completed
US-2014-150434,PAY03356,Debit Card,Pending
US-2014-150434,PAY03357,UPI,Completed
CA-2017-100335,PAY03358,Net Banking,Completed
CA-2016-139234,PAY03359,Credit Card,Completed
CA-2016-139234,PAY03360,Net Banking,Completed
US-2015-142020,PAY03361,Net Banking,Completed
US-2015-142020,PAY03362,Cash on Delivery,Completed
CA-2015-139962,PAY03363,UPI,Failed
CA-2015-139962,PAY03364,Credit Card,Completed
CA-2016-130050,PAY03365,Cash on Delivery,Completed
CA-2014-115161,PAY03366,Cash on Delivery,Completed
CA-2014-165379,PAY03367,Credit Card,Completed
CA-2014-165379,PAY03368,Net Banking,Completed
CA-2015-115511,PAY03369,Credit Card,Completed
CA-2015-115511,PAY03370,UPI,Completed
CA-2016-134887,PAY03371,Debit Card,Completed
CA-2017-123778,PAY03372,Credit Card,Completed
CA-2017-123778,PAY03373,Credit Card,Completed
CA-2015-161718,PAY03374,Credit Card,Completed
CA-2015-161718,PAY03375,Cash on Delivery,Completed
CA-2015-161718,PAY03376,UPI,Pending
CA-2015-161718,PAY03377,Debit Card,Pending
CA-2016-100671,PAY03378,Cash on Delivery,Completed
CA-2017-142867,PAY03379,Credit Card,Completed
CA-2017-142867,PAY03380,Cash on Delivery,Completed
CA-2017-103156,PAY03381,Credit Card,Completed
US-2017-162208,PAY03382,Debit Card,Completed
CA-2015-130659,PAY03383,Debit Card,Failed
CA-2015-130659,PAY03384,Credit Card,Completed
CA-2015-130659,PAY03385,Cash on Delivery,Completed
CA-2017-148404,PAY03386,Cash on Delivery,Completed
CA-2017-148404,PAY03387,Credit Card,Completed
CA-2017-148404,PAY03388,Credit Card,Completed
CA-2017-148404,PAY03389,Cash on Delivery,Completed
CA-2017-148404,PAY03390,Net Banking,Pending
CA-2017-101077,PAY03391,UPI,Completed
CA-2014-166471,PAY03392,Credit Card,Completed
CA-2014-166471,PAY03393,Debit Card,Completed
CA-2014-105340,PAY03394,Debit Card,Completed
US-2017-131583,PAY03395,Credit Card,Pending
US-2017-148362,PAY03396,Cash on Delivery,Completed
US-2017-148362,PAY03397,UPI,Completed
US-2017-148362,PAY03398,Cash on Delivery,Failed
CA-2014-102274,PAY03399,Cash on Delivery,Completed
CA-2014-102274,PAY03400,Cash on Delivery,Completed
CA-2014-102274,PAY03401,UPI,Pending
CA-2014-102274,PAY03402,Net Banking,Completed
CA-2015-129700,PAY03403,Credit Card,Completed
CA-2017-168739,PAY03404,Debit Card,Completed
CA-2015-152527,PAY03405,Credit Card,Pending
US-2014-150119,PAY03406,UPI,Pending
US-2014-150119,PAY03407,Cash on Delivery,Failed
US-2014-150119,PAY03408,Cash on Delivery,Failed
US-2014-150119,PAY03409,Debit Card,Completed
US-2017-150847,PAY03410,Debit Card,Pending
CA-2016-100244,PAY03411,Cash on Delivery,Completed
CA-2016-100244,PAY03412,Credit Card,Failed
CA-2016-100244,PAY03413,Debit Card,Completed
CA-2016-100244,PAY03414,Debit Card,Completed
CA-2016-100244,PAY03415,Debit Card,Completed
CA-2016-116540,PAY03416,Net Banking,Failed
CA-2016-116540,PAY03417,UPI,Completed
CA-2015-151841,PAY03418,Cash on Delivery,Pending
CA-2015-151841,PAY03419,UPI,Pending
CA-2015-150791,PAY03420,Cash on Delivery,Completed
CA-2016-134803,PAY03421,Cash on Delivery,Completed
CA-2016-134803,PAY03422,Debit Card,Completed
CA-2016-134803,PAY03423,Credit Card,Completed
CA-2016-134803,PAY03424,Credit Card,Pending
CA-2016-134803,PAY03425,Cash on Delivery,Completed
CA-2015-153381,PAY03426,Debit Card,Completed
CA-2015-153381,PAY03427,UPI,Pending
US-2017-111024,PAY03428,UPI,Completed
US-2017-111024,PAY03429,Debit Card,Failed
US-2017-111024,PAY03430,Credit Card,Completed
CA-2017-148264,PAY03431,Debit Card,Completed
CA-2017-148264,PAY03432,Cash on Delivery,Completed
CA-2017-148264,PAY03433,UPI,Failed
CA-2017-131212,PAY03434,Net Banking,Completed
CA-2017-131212,PAY03435,UPI,Completed
US-2015-100531,PAY03436,UPI,Completed
US-2015-100531,PAY03437,Credit Card,Completed
CA-2017-152583,PAY03438,UPI,Completed
CA-2017-152583,PAY03439,Debit Card,Completed
CA-2017-152583,PAY03440,Credit Card,Completed
CA-2015-144099,PAY03441,UPI,Completed
CA-2014-158337,PAY03442,UPI,Failed
CA-2017-168858,PAY03443,Credit Card,Completed
CA-2017-168858,PAY03444,UPI,Completed
CA-2016-116344,PAY03445,Net Banking,Completed
CA-2015-131779,PAY03446,Net Banking,Completed
CA-2016-158869,PAY03447,Credit Card,Completed
CA-2017-102554,PAY03448,Debit Card,Completed
CA-2016-162614,PAY03449,Credit Card,Completed
CA-2014-168592,PAY03450,UPI,Completed
CA-2014-168592,PAY03451,Credit Card,Completed
CA-2014-168592,PAY03452,Net Banking,Completed
CA-2014-157609,PAY03453,UPI,Pending
CA-2015-153325,PAY03454,Net Banking,Completed
CA-2015-153626,PAY03455,Credit Card,Completed
CA-2016-166485,PAY03456,Credit Card,Completed
CA-2017-136448,PAY03457,UPI,Pending
CA-2017-136448,PAY03458,Net Banking,Completed
CA-2017-136448,PAY03459,Debit Card,Pending
CA-2017-136448,PAY03460,UPI,Completed
CA-2017-136448,PAY03461,Net Banking,Pending
CA-2017-114258,PAY03462,UPI,Pending
CA-2015-152611,PAY03463,Net Banking,Completed
CA-2016-165470,PAY03464,Credit Card,Completed
CA-2017-128699,PAY03465,UPI,Completed
US-2015-147242,PAY03466,Net Banking,Completed
US-2015-147242,PAY03467,Debit Card,Pending
US-2015-147242,PAY03468,Cash on Delivery,Completed
CA-2016-146143,PAY03469,Net Banking,Completed
CA-2015-100888,PAY03470,UPI,Pending
US-2016-150035,PAY03471,UPI,Pending
CA-2017-122644,PAY03472,Cash on Delivery,Completed
CA-2017-122644,PAY03473,UPI,Failed
CA-2017-111815,PAY03474,Net Banking,Pending
CA-2017-111815,PAY03475,Debit Card,Completed
CA-2016-144911,PAY03476,Debit Card,Completed
CA-2016-144911,PAY03477,Cash on Delivery,Completed
CA-2014-143385,PAY03478,Debit Card,Completed
CA-2016-131289,PAY03479,Cash on Delivery,Completed
CA-2016-131289,PAY03480,Credit Card,Pending
CA-2016-131289,PAY03481,Debit Card,Completed
CA-2014-124023,PAY03482,Cash on Delivery,Completed
CA-2014-124688,PAY03483,Debit Card,Completed
CA-2014-124688,PAY03484,Net Banking,Completed
CA-2014-124688,PAY03485,Debit Card,Completed
CA-2016-151169,PAY03486,Cash on Delivery,Completed
US-2016-134761,PAY03487,Credit Card,Completed
CA-2017-120705,PAY03488,Cash on Delivery,Failed
CA-2015-157322,PAY03489,UPI,Completed
CA-2015-157322,PAY03490,Credit Card,Completed
CA-2015-157322,PAY03491,Cash on Delivery,Pending
CA-2015-157322,PAY03492,Net Banking,Failed
CA-2015-157322,PAY03493,UPI,Completed
CA-2017-142034,PAY03494,Net Banking,Completed
CA-2017-142034,PAY03495,Debit Card,Pending
CA-2017-142034,PAY03496,UPI,Completed
CA-2016-107328,PAY03497,Credit Card,Completed
CA-2016-107328,PAY03498,Cash on Delivery,Completed
CA-2016-107328,PAY03499,Cash on Delivery,Completed
CA-2016-108616,PAY03500,Debit Card,Completed
CA-2016-108616,PAY03501,Debit Card,Completed
CA-2016-108616,PAY03502,Debit Card,Pending
CA-2017-125115,PAY03503,Net Banking,Completed
CA-2017-125115,PAY03504,Credit Card,Failed
CA-2016-150945,PAY03505,Cash on Delivery,Completed
CA-2014-166863,PAY03506,Credit Card,Completed
CA-2014-166863,PAY03507,UPI,Completed
CA-2014-166863,PAY03508,Credit Card,Completed
CA-2014-166863,PAY03509,Net Banking,Completed
CA-2014-166863,PAY03510,Credit Card,Pending
CA-2014-166863,PAY03511,UPI,Completed
CA-2014-166863,PAY03512,Cash on Delivery,Completed
CA-2017-140326,PAY03513,Net Banking,Completed
CA-2017-140326,PAY03514,Credit Card,Completed
CA-2017-140326,PAY03515,Net Banking,Completed
CA-2016-168536,PAY03516,Cash on Delivery,Completed
US-2016-113649,PAY03517,Cash on Delivery,Failed
US-2016-113649,PAY03518,Net Banking,Completed
US-2016-113649,PAY03519,UPI,Pending
CA-2015-124975,PAY03520,Debit Card,Completed
CA-2015-168767,PAY03521,Debit Card,Completed
CA-2016-114482,PAY03522,Credit Card,Failed
CA-2016-114482,PAY03523,Credit Card,Failed
CA-2016-137673,PAY03524,Debit Card,Completed
CA-2016-132731,PAY03525,UPI,Pending
CA-2017-148922,PAY03526,Net Banking,Completed
CA-2017-148922,PAY03527,Cash on Delivery,Completed
CA-2017-148922,PAY03528,Credit Card,Completed
CA-2016-130680,PAY03529,UPI,Completed
CA-2015-141145,PAY03530,Credit Card,Completed
US-2016-152835,PAY03531,Credit Card,Pending
CA-2016-155565,PAY03532,Credit Card,Pending
CA-2014-110849,PAY03533,Net Banking,Completed
CA-2014-110849,PAY03534,Credit Card,Pending
CA-2014-110849,PAY03535,UPI,Completed
CA-2014-110849,PAY03536,Cash on Delivery,Pending
CA-2016-145842,PAY03537,Cash on Delivery,Completed
CA-2014-158771,PAY03538,UPI,Pending
CA-2014-158771,PAY03539,Debit Card,Completed
CA-2014-158771,PAY03540,Credit Card,Pending
CA-2014-158771,PAY03541,Net Banking,Completed
CA-2016-157511,PAY03542,Cash on Delivery,Completed
CA-2016-157511,PAY03543,Cash on Delivery,Completed
CA-2016-157511,PAY03544,UPI,Completed
CA-2017-121216,PAY03545,Cash on Delivery,Pending
CA-2017-121216,PAY03546,Cash on Delivery,Completed
CA-2017-155292,PAY03547,Cash on Delivery,Completed
CA-2017-155292,PAY03548,Credit Card,Completed
CA-2017-155292,PAY03549,Net Banking,Pending
CA-2017-155292,PAY03550,UPI,Completed
CA-2016-152555,PAY03551,Credit Card,Pending
CA-2016-152555,PAY03552,Debit Card,Pending
CA-2016-152555,PAY03553,Cash on Delivery,Completed
CA-2017-107832,PAY03554,Credit Card,Failed
CA-2014-120838,PAY03555,Cash on Delivery,Completed
CA-2014-120838,PAY03556,UPI,Completed
CA-2017-118542,PAY03557,Net Banking,Failed
CA-2017-118542,PAY03558,Net Banking,Pending
CA-2017-152737,PAY03559,Net Banking,Completed
CA-2017-152737,PAY03560,Credit Card,Completed
CA-2017-109757,PAY03561,Debit Card,Completed
CA-2017-109757,PAY03562,Net Banking,Completed
CA-2017-109757,PAY03563,Credit Card,Pending
CA-2017-109757,PAY03564,Net Banking,Completed
CA-2016-130029,PAY03565,Net Banking,Completed
CA-2016-130029,PAY03566,UPI,Completed
CA-2017-103877,PAY03567,Cash on Delivery,Pending
CA-2016-137176,PAY03568,Credit Card,Pending
CA-2017-168109,PAY03569,Debit Card,Completed
CA-2017-168109,PAY03570,Credit Card,Pending
CA-2017-168109,PAY03571,Credit Card,Completed
CA-2017-168109,PAY03572,Net Banking,Completed
US-2017-126081,PAY03573,Credit Card,Completed
CA-2017-117023,PAY03574,Cash on Delivery,Pending
CA-2017-117023,PAY03575,Cash on Delivery,Pending
CA-2015-143532,PAY03576,Debit Card,Completed
CA-2016-103163,PAY03577,Debit Card,Completed
CA-2016-103163,PAY03578,Net Banking,Completed
CA-2016-104157,PAY03579,Cash on Delivery,Completed
CA-2016-104157,PAY03580,UPI,Completed
CA-2016-104157,PAY03581,Credit Card,Completed
CA-2017-117807,PAY03582,Credit Card,Completed
CA-2015-121650,PAY03583,UPI,Completed
CA-2015-121650,PAY03584,Credit Card,Completed
CA-2015-121650,PAY03585,Debit Card,Failed
CA-2015-121650,PAY03586,Credit Card,Pending
CA-2017-161823,PAY03587,UPI,Completed
CA-2017-121839,PAY03588,UPI,Pending
CA-2017-158729,PAY03589,Cash on Delivery,Completed
CA-2017-146535,PAY03590,Debit Card,Completed
CA-2017-146535,PAY03591,Credit Card,Completed
CA-2014-154186,PAY03592,UPI,Completed
CA-2016-108434,PAY03593,UPI,Pending
CA-2016-164154,PAY03594,Net Banking,Completed
CA-2016-164154,PAY03595,Credit Card,Completed
CA-2017-148012,PAY03596,Credit Card,Completed
CA-2014-102869,PAY03597,Net Banking,Completed
CA-2014-102869,PAY03598,Credit Card,Completed
CA-2014-102869,PAY03599,Credit Card,Completed
CA-2014-102869,PAY03600,UPI,Completed
CA-2017-138310,PAY03601,Debit Card,Completed
CA-2014-159835,PAY03602,Debit Card,Completed
CA-2014-159835,PAY03603,Debit Card,Completed
CA-2017-112956,PAY03604,UPI,Completed
CA-2017-112956,PAY03605,Cash on Delivery,Completed
CA-2017-112956,PAY03606,Debit Card,Pending
CA-2016-119683,PAY03607,UPI,Pending
CA-2014-163559,PAY03608,Credit Card,Completed
CA-2014-140228,PAY03609,Credit Card,Completed
CA-2014-140228,PAY03610,UPI,Failed
CA-2014-140228,PAY03611,Credit Card,Completed
US-2016-131674,PAY03612,Cash on Delivery,Completed
CA-2015-110093,PAY03613,Net Banking,Pending
CA-2015-110093,PAY03614,UPI,Completed
CA-2017-112529,PAY03615,Credit Card,Completed
CA-2017-112529,PAY03616,Net Banking,Completed
CA-2016-154536,PAY03617,Net Banking,Completed
CA-2017-141929,PAY03618,Debit Card,Completed
CA-2017-141929,PAY03619,Net Banking,Completed
CA-2017-141929,PAY03620,Credit Card,Completed
CA-2016-109743,PAY03621,Net Banking,Completed
CA-2016-109743,PAY03622,Cash on Delivery,Completed
CA-2014-159184,PAY03623,Net Banking,Completed
CA-2014-159184,PAY03624,Credit Card,Pending
CA-2017-113530,PAY03625,Net Banking,Completed
CA-2017-113530,PAY03626,Debit Card,Completed
CA-2017-113530,PAY03627,Credit Card,Completed
CA-2017-113530,PAY03628,Credit Card,Completed
CA-2014-169726,PAY03629,UPI,Completed
CA-2017-155957,PAY03630,Debit Card,Completed
CA-2017-155957,PAY03631,Net Banking,Completed
CA-2017-132178,PAY03632,Debit Card,Pending
CA-2017-132178,PAY03633,Credit Card,Completed
CA-2016-145177,PAY03634,Debit Card,Failed
CA-2016-145177,PAY03635,Net Banking,Failed
CA-2016-145177,PAY03636,UPI,Completed
CA-2016-145177,PAY03637,Cash on Delivery,Completed
CA-2016-145177,PAY03638,Cash on Delivery,Pending
CA-2016-145177,PAY03639,Cash on Delivery,Completed
CA-2016-145177,PAY03640,UPI,Failed
CA-2016-145177,PAY03641,Net Banking,Completed
CA-2016-145177,PAY03642,UPI,Completed
CA-2014-156594,PAY03643,Net Banking,Completed
CA-2014-156594,PAY03644,Net Banking,Pending
CA-2014-156594,PAY03645,Debit Card,Pending
CA-2014-156594,PAY03646,Net Banking,Pending
CA-2014-146528,PAY03647,Net Banking,Completed
CA-2014-146528,PAY03648,Cash on Delivery,Failed
CA-2015-168459,PAY03649,UPI,Failed
CA-2015-168459,PAY03650,UPI,Pending
CA-2017-109960,PAY03651,Credit Card,Completed
CA-2017-109960,PAY03652,Net Banking,Completed
CA-2017-109960,PAY03653,Debit Card,Completed
CA-2017-109960,PAY03654,Debit Card,Completed
CA-2017-133004,PAY03655,Net Banking,Completed
CA-2017-168102,PAY03656,Debit Card,Completed
CA-2017-158036,PAY03657,Net Banking,Completed
CA-2015-128083,PAY03658,Net Banking,Pending
CA-2015-128083,PAY03659,Net Banking,Pending
CA-2015-128083,PAY03660,Net Banking,Completed
CA-2016-161676,PAY03661,Debit Card,Pending
CA-2016-155005,PAY03662,Credit Card,Completed
US-2017-129777,PAY03663,Net Banking,Completed
US-2017-129777,PAY03664,Credit Card,Pending
CA-2014-129364,PAY03665,Net Banking,Completed
CA-2014-129364,PAY03666,Credit Card,Completed
CA-2014-129364,PAY03667,Debit Card,Pending
CA-2014-129364,PAY03668,Net Banking,Completed
CA-2014-129364,PAY03669,Net Banking,Completed
CA-2014-129364,PAY03670,UPI,Completed
CA-2014-129364,PAY03671,Net Banking,Completed
CA-2014-129364,PAY03672,Cash on Delivery,Completed
CA-2016-104969,PAY03673,Cash on Delivery,Completed
CA-2016-104969,PAY03674,Net Banking,Pending
CA-2017-154109,PAY03675,UPI,Failed
CA-2017-154109,PAY03676,Cash on Delivery,Pending
CA-2015-156440,PAY03677,Cash on Delivery,Completed
CA-2015-132626,PAY03678,Debit Card,Completed
CA-2015-132626,PAY03679,Credit Card,Failed
CA-2015-132626,PAY03680,UPI,Completed
CA-2015-132626,PAY03681,UPI,Completed
CA-2015-132626,PAY03682,Debit Card,Pending
CA-2015-132626,PAY03683,Credit Card,Completed
CA-2015-132626,PAY03684,Cash on Delivery,Pending
CA-2015-132626,PAY03685,Net Banking,Failed
CA-2015-132626,PAY03686,Debit Card,Completed
CA-2016-102792,PAY03687,Net Banking,Completed
CA-2016-108567,PAY03688,Debit Card,Failed
CA-2017-140760,PAY03689,Credit Card,Completed
CA-2017-140760,PAY03690,Debit Card,Completed
US-2015-131359,PAY03691,Credit Card,Failed
US-2015-131359,PAY03692,Debit Card,Pending
US-2015-131359,PAY03693,UPI,Completed
US-2015-131359,PAY03694,Net Banking,Completed
CA-2016-142097,PAY03695,Credit Card,Failed
CA-2016-142097,PAY03696,Cash on Delivery,Pending
CA-2016-142097,PAY03697,Cash on Delivery,Completed
CA-2015-151680,PAY03698,Credit Card,Completed
CA-2014-140039,PAY03699,Cash on Delivery,Completed
CA-2017-160416,PAY03700,Credit Card,Completed
CA-2017-169411,PAY03701,Credit Card,Completed
CA-2016-126543,PAY03702,Cash on Delivery,Pending
CA-2015-104941,PAY03703,Credit Card,Completed
CA-2015-104941,PAY03704,UPI,Completed
CA-2015-104941,PAY03705,Credit Card,Completed
CA-2015-104941,PAY03706,Credit Card,Completed
CA-2017-160087,PAY03707,UPI,Pending
CA-2014-120544,PAY03708,Cash on Delivery,Pending
CA-2014-120544,PAY03709,Cash on Delivery,Failed
CA-2014-120544,PAY03710,Debit Card,Completed
CA-2017-113670,PAY03711,Debit Card,Completed
CA-2017-113670,PAY03712,UPI,Pending
CA-2017-166198,PAY03713,Credit Card,Completed
CA-2017-166198,PAY03714,Net Banking,Pending
CA-2014-135608,PAY03715,Credit Card,Completed
CA-2014-135608,PAY03716,Debit Card,Completed
CA-2017-144568,PAY03717,UPI,Completed
CA-2016-142370,PAY03718,Net Banking,Pending
CA-2016-142370,PAY03719,Debit Card,Completed
CA-2016-105900,PAY03720,Cash on Delivery,Completed
CA-2016-151155,PAY03721,Debit Card,Pending
CA-2016-151155,PAY03722,Cash on Delivery,Failed
CA-2017-144036,PAY03723,Credit Card,Pending
US-2014-169789,PAY03724,Debit Card,Completed
CA-2017-127264,PAY03725,Credit Card,Pending
CA-2016-151512,PAY03726,Cash on Delivery,Completed
CA-2016-165169,PAY03727,Cash on Delivery,Completed
CA-2016-165169,PAY03728,Net Banking,Completed
CA-2016-165169,PAY03729,UPI,Completed
CA-2015-109575,PAY03730,Cash on Delivery,Completed
CA-2015-109575,PAY03731,Credit Card,Completed
CA-2015-109575,PAY03732,Net Banking,Pending
CA-2015-109575,PAY03733,Credit Card,Completed
CA-2015-109575,PAY03734,UPI,Completed
CA-2017-168193,PAY03735,Credit Card,Failed
CA-2017-168193,PAY03736,Credit Card,Pending
CA-2016-115476,PAY03737,Cash on Delivery,Pending
CA-2016-115476,PAY03738,UPI,Completed
CA-2016-133340,PAY03739,Net Banking,Pending
CA-2016-133340,PAY03740,Credit Card,Completed
CA-2016-133340,PAY03741,Debit Card,Completed
CA-2016-137848,PAY03742,Cash on Delivery,Completed
CA-2016-137848,PAY03743,Net Banking,Completed
CA-2016-137848,PAY03744,Credit Card,Failed
CA-2014-113047,PAY03745,UPI,Completed
CA-2016-149979,PAY03746,UPI,Completed
CA-2016-149979,PAY03747,Credit Card,Completed
CA-2017-161956,PAY03748,Cash on Delivery,Failed
CA-2017-161956,PAY03749,Net Banking,Completed
CA-2017-161956,PAY03750,Cash on Delivery,Completed
CA-2017-161956,PAY03751,Credit Card,Completed
CA-2017-161956,PAY03752,Debit Card,Completed
CA-2017-161956,PAY03753,Cash on Delivery,Completed
CA-2017-161956,PAY03754,Cash on Delivery,Completed
CA-2017-161956,PAY03755,Cash on Delivery,Completed
CA-2016-116799,PAY03756,Credit Card,Completed
CA-2016-116799,PAY03757,Credit Card,Completed
CA-2016-111283,PAY03758,UPI,Completed
CA-2015-167745,PAY03759,Credit Card,Pending
CA-2015-167745,PAY03760,Credit Card,Completed
CA-2015-167745,PAY03761,Credit Card,Completed
CA-2017-104577,PAY03762,Debit Card,Completed
CA-2016-156251,PAY03763,Debit Card,Pending
CA-2016-156251,PAY03764,Net Banking,Completed
CA-2017-125878,PAY03765,Net Banking,Failed
CA-2016-163153,PAY03766,Debit Card,Pending
CA-2016-163153,PAY03767,Debit Card,Completed
CA-2015-103205,PAY03768,Net Banking,Completed
CA-2014-153913,PAY03769,UPI,Completed
CA-2014-153913,PAY03770,Credit Card,Completed
CA-2016-155530,PAY03771,UPI,Pending
US-2016-101196,PAY03772,Credit Card,Pending
CA-2014-115357,PAY03773,Credit Card,Completed
US-2014-102715,PAY03774,Cash on Delivery,Pending
US-2014-102715,PAY03775,Cash on Delivery,Completed
US-2014-102715,PAY03776,Net Banking,Pending
US-2014-102715,PAY03777,UPI,Pending
CA-2015-107937,PAY03778,Credit Card,Completed
US-2017-148768,PAY03779,UPI,Pending
CA-2017-118521,PAY03780,Net Banking,Completed
CA-2014-149643,PAY03781,Credit Card,Completed
CA-2015-135314,PAY03782,Net Banking,Completed
CA-2017-165204,PAY03783,Cash on Delivery,Pending
CA-2017-165204,PAY03784,Net Banking,Completed
CA-2017-125752,PAY03785,Net Banking,Completed
CA-2017-112487,PAY03786,Net Banking,Completed
CA-2016-144218,PAY03787,UPI,Completed
CA-2016-169971,PAY03788,UPI,Completed
CA-2016-169971,PAY03789,Net Banking,Completed
US-2016-133508,PAY03790,UPI,Completed
CA-2014-107139,PAY03791,Cash on Delivery,Completed
CA-2015-111325,PAY03792,Credit Card,Completed
CA-2015-111325,PAY03793,UPI,Completed
CA-2015-163762,PAY03794,UPI,Completed
US-2014-117163,PAY03795,Cash on Delivery,Completed
US-2014-117163,PAY03796,UPI,Completed
US-2014-117163,PAY03797,Net Banking,Completed
CA-2017-121314,PAY03798,Cash on Delivery,Pending
CA-2017-147760,PAY03799,UPI,Pending
CA-2017-147760,PAY03800,Credit Card,Pending
CA-2016-156503,PAY03801,UPI,Pending
CA-2016-156503,PAY03802,Cash on Delivery,Completed
CA-2016-156503,PAY03803,Cash on Delivery,Completed
CA-2016-156503,PAY03804,Cash on Delivery,Completed
CA-2016-156503,PAY03805,Credit Card,Completed
CA-2016-156503,PAY03806,Cash on Delivery,Pending
CA-2015-113628,PAY03807,UPI,Completed
CA-2015-113628,PAY03808,Cash on Delivery,Completed
CA-2015-113628,PAY03809,UPI,Completed
CA-2015-113628,PAY03810,Net Banking,Completed
CA-2015-113628,PAY03811,Net Banking,Failed
CA-2015-113628,PAY03812,Debit Card,Completed
CA-2017-147753,PAY03813,Debit Card,Pending
CA-2015-103961,PAY03814,Cash on Delivery,Completed
CA-2016-152471,PAY03815,Cash on Delivery,Completed
CA-2016-152471,PAY03816,Credit Card,Failed
CA-2015-102582,PAY03817,Debit Card,Pending
CA-2015-102582,PAY03818,Debit Card,Completed
CA-2015-102582,PAY03819,Cash on Delivery,Completed
CA-2017-141873,PAY03820,Credit Card,Failed
CA-2017-141873,PAY03821,Credit Card,Pending
CA-2017-141873,PAY03822,Credit Card,Completed
CA-2017-141873,PAY03823,Net Banking,Pending
CA-2015-140984,PAY03824,UPI,Completed
CA-2015-140984,PAY03825,Credit Card,Completed
CA-2015-140984,PAY03826,UPI,Completed
CA-2014-132801,PAY03827,Credit Card,Pending
CA-2017-141733,PAY03828,Net Banking,Completed
CA-2017-141733,PAY03829,Net Banking,Completed
CA-2017-141733,PAY03830,Net Banking,Completed
CA-2017-141733,PAY03831,Cash on Delivery,Completed
US-2015-111927,PAY03832,Net Banking,Completed
US-2015-111927,PAY03833,UPI,Completed
CA-2014-105984,PAY03834,Credit Card,Completed
CA-2014-105984,PAY03835,Credit Card,Completed
CA-2014-100363,PAY03836,Credit Card,Pending
CA-2014-100363,PAY03837,UPI,Completed
CA-2014-126760,PAY03838,Credit Card,Completed
CA-2014-126760,PAY03839,Credit Card,Completed
CA-2014-126760,PAY03840,Debit Card,Completed
CA-2014-126760,PAY03841,Credit Card,Completed
US-2014-109162,PAY03842,Net Banking,Completed
CA-2014-101931,PAY03843,Credit Card,Completed
CA-2014-101931,PAY03844,Cash on Delivery,Completed
CA-2014-101931,PAY03845,Credit Card,Pending
CA-2014-101931,PAY03846,Net Banking,Completed
CA-2014-101931,PAY03847,UPI,Completed
CA-2017-129000,PAY03848,Debit Card,Completed
CA-2017-161053,PAY03849,Net Banking,Pending
CA-2017-161053,PAY03850,Cash on Delivery,Completed
CA-2015-142377,PAY03851,Cash on Delivery,Pending
CA-2015-127593,PAY03852,UPI,Completed
CA-2017-130526,PAY03853,UPI,Completed
US-2017-131849,PAY03854,Credit Card,Completed
US-2017-131849,PAY03855,Credit Card,Completed
US-2017-105389,PAY03856,Credit Card,Completed
US-2017-105389,PAY03857,Net Banking,Completed
US-2017-105389,PAY03858,Debit Card,Failed
CA-2014-140816,PAY03859,Debit Card,Completed
CA-2017-154039,PAY03860,UPI,Completed
CA-2017-154039,PAY03861,Net Banking,Pending
CA-2014-135755,PAY03862,Net Banking,Completed
CA-2014-135755,PAY03863,UPI,Completed
CA-2017-123246,PAY03864,Net Banking,Completed
CA-2015-157133,PAY03865,UPI,Completed
CA-2014-124709,PAY03866,Cash on Delivery,Failed
CA-2017-146360,PAY03867,Credit Card,Pending
CA-2015-132486,PAY03868,UPI,Completed
CA-2015-132486,PAY03869,Cash on Delivery,Completed
CA-2015-132486,PAY03870,Credit Card,Completed
CA-2015-132486,PAY03871,Net Banking,Pending
CA-2015-132486,PAY03872,Credit Card,Pending
CA-2015-132486,PAY03873,Cash on Delivery,Failed
CA-2016-136231,PAY03874,Credit Card,Completed
CA-2016-136231,PAY03875,Cash on Delivery,Pending
CA-2016-136231,PAY03876,Net Banking,Failed
CA-2016-136231,PAY03877,Credit Card,Completed
CA-2016-140641,PAY03878,Credit Card,Pending
CA-2014-151001,PAY03879,Net Banking,Completed
CA-2014-151001,PAY03880,Cash on Delivery,Completed
CA-2015-129896,PAY03881,UPI,Failed
CA-2015-129896,PAY03882,Credit Card,Completed
CA-2015-129896,PAY03883,Debit Card,Completed
CA-2015-129896,PAY03884,Credit Card,Completed
CA-2014-152849,PAY03885,UPI,Completed
US-2017-127341,PAY03886,Net Banking,Completed
CA-2016-167759,PAY03887,Credit Card,Completed
CA-2014-100895,PAY03888,Cash on Delivery,Completed
CA-2014-100895,PAY03889,Net Banking,Pending
CA-2014-100895,PAY03890,Net Banking,Completed
US-2016-163881,PAY03891,Cash on Delivery,Completed
US-2016-163881,PAY03892,Net Banking,Completed
US-2016-163881,PAY03893,Debit Card,Completed
US-2016-144547,PAY03894,UPI,Completed
US-2014-112200,PAY03895,Cash on Delivery,Completed
CA-2017-110212,PAY03896,UPI,Completed
CA-2017-134285,PAY03897,Debit Card,Failed
CA-2017-134285,PAY03898,Net Banking,Completed
CA-2017-102267,PAY03899,Net Banking,Completed
CA-2017-157980,PAY03900,Net Banking,Completed
CA-2015-121097,PAY03901,Debit Card,Failed
CA-2015-151043,PAY03902,Debit Card,Failed
US-2015-119312,PAY03903,Credit Card,Completed
CA-2015-167010,PAY03904,Cash on Delivery,Completed
CA-2015-167010,PAY03905,Debit Card,Completed
CA-2015-167010,PAY03906,Debit Card,Completed
CA-2015-167010,PAY03907,Cash on Delivery,Completed
CA-2015-167010,PAY03908,Credit Card,Pending
CA-2015-167010,PAY03909,Net Banking,Completed
CA-2015-167010,PAY03910,UPI,Completed
CA-2015-167010,PAY03911,UPI,Completed
CA-2017-126788,PAY03912,UPI,Pending
CA-2017-148068,PAY03913,Debit Card,Completed
CA-2017-148068,PAY03914,Credit Card,Completed
US-2017-142573,PAY03915,Credit Card,Completed
US-2017-142573,PAY03916,Credit Card,Pending
US-2017-142573,PAY03917,Debit Card,Completed
US-2017-142573,PAY03918,Credit Card,Completed
US-2017-142573,PAY03919,Cash on Delivery,Completed
US-2015-148817,PAY03920,Credit Card,Completed
US-2015-148817,PAY03921,Cash on Delivery,Completed
CA-2016-110044,PAY03922,UPI,Completed
CA-2017-146920,PAY03923,Debit Card,Completed
CA-2017-146920,PAY03924,Debit Card,Completed
CA-2014-103940,PAY03925,Debit Card,Completed
CA-2014-103940,PAY03926,Credit Card,Failed
CA-2014-103940,PAY03927,Credit Card,Completed
CA-2014-103940,PAY03928,Credit Card,Completed
CA-2016-162082,PAY03929,Credit Card,Pending
CA-2016-162082,PAY03930,Net Banking,Completed
CA-2016-162082,PAY03931,UPI,Failed
CA-2016-132094,PAY03932,Cash on Delivery,Completed
CA-2016-132094,PAY03933,Credit Card,Failed
CA-2017-123001,PAY03934,UPI,Completed
CA-2017-123001,PAY03935,UPI,Failed
CA-2017-123001,PAY03936,Cash on Delivery,Completed
CA-2015-118955,PAY03937,Credit Card,Pending
CA-2015-118955,PAY03938,Debit Card,Failed
CA-2015-118955,PAY03939,Cash on Delivery,Pending
US-2016-143448,PAY03940,Debit Card,Completed
CA-2017-117863,PAY03941,Cash on Delivery,Failed
CA-2017-117863,PAY03942,Net Banking,Completed
CA-2017-160458,PAY03943,Cash on Delivery,Pending
US-2016-142685,PAY03944,Credit Card,Completed
CA-2016-133144,PAY03945,Debit Card,Completed
CA-2017-167871,PAY03946,Net Banking,Completed
CA-2017-167871,PAY03947,Debit Card,Failed
CA-2016-119963,PAY03948,Net Banking,Completed
CA-2016-119963,PAY03949,Credit Card,Pending
CA-2016-119963,PAY03950,Credit Card,Pending
CA-2016-119963,PAY03951,UPI,Completed
CA-2014-121167,PAY03952,Debit Card,Pending
US-2016-151862,PAY03953,Net Banking,Completed
CA-2017-152961,PAY03954,Credit Card,Failed
CA-2014-133228,PAY03955,Cash on Delivery,Completed
CA-2014-133228,PAY03956,Cash on Delivery,Failed
CA-2016-114951,PAY03957,Net Banking,Completed
CA-2016-156573,PAY03958,Cash on Delivery,Completed
CA-2016-156573,PAY03959,Cash on Delivery,Pending
CA-2016-156573,PAY03960,UPI,Completed
CA-2015-113901,PAY03961,UPI,Pending
CA-2015-113901,PAY03962,Debit Card,Completed
CA-2017-134838,PAY03963,Debit Card,Completed
CA-2017-134838,PAY03964,Credit Card,Completed
CA-2016-120257,PAY03965,Credit Card,Completed
CA-2014-164910,PAY03966,Debit Card,Completed
CA-2016-149902,PAY03967,Net Banking,Completed
CA-2016-146010,PAY03968,Net Banking,Completed
US-2015-163685,PAY03969,UPI,Completed
US-2015-163685,PAY03970,UPI,Completed
CA-2014-135090,PAY03971,Credit Card,Completed
CA-2015-132374,PAY03972,UPI,Failed
CA-2016-167556,PAY03973,Credit Card,Failed
CA-2016-167556,PAY03974,Net Banking,Completed
CA-2016-167556,PAY03975,Cash on Delivery,Completed
CA-2016-167556,PAY03976,Debit Card,Pending
US-2016-116400,PAY03977,UPI,Pending
CA-2017-101308,PAY03978,Net Banking,Completed
CA-2017-101308,PAY03979,Net Banking,Completed
CA-2014-114517,PAY03980,Credit Card,Pending
CA-2014-114517,PAY03981,Cash on Delivery,Completed
CA-2017-119564,PAY03982,Net Banking,Completed
CA-2016-135265,PAY03983,Debit Card,Completed
CA-2016-135265,PAY03984,UPI,Completed
CA-2016-135265,PAY03985,Cash on Delivery,Completed
CA-2016-108735,PAY03986,Credit Card,Pending
CA-2017-112333,PAY03987,Net Banking,Pending
CA-2017-112333,PAY03988,Net Banking,Pending
US-2016-159415,PAY03989,Cash on Delivery,Completed
CA-2014-122588,PAY03990,Cash on Delivery,Completed
CA-2014-137589,PAY03991,Debit Card,Completed
CA-2015-161998,PAY03992,Debit Card,Completed
CA-2015-161998,PAY03993,Debit Card,Pending
CA-2015-161998,PAY03994,Cash on Delivery,Pending
CA-2015-105627,PAY03995,Debit Card,Completed
CA-2015-105627,PAY03996,Debit Card,Completed
CA-2015-105627,PAY03997,Credit Card,Completed
CA-2015-105627,PAY03998,Cash on Delivery,Completed
CA-2015-105627,PAY03999,Debit Card,Failed
US-2015-149629,PAY04000,UPI,Completed
CA-2014-116834,PAY04001,UPI,Pending
CA-2014-116834,PAY04002,Cash on Delivery,Completed
CA-2016-145730,PAY04003,Cash on Delivery,Completed
CA-2016-145730,PAY04004,Credit Card,Completed
CA-2016-145730,PAY04005,UPI,Completed
US-2015-168732,PAY04006,UPI,Completed
US-2015-168732,PAY04007,Credit Card,Completed
US-2015-168732,PAY04008,Net Banking,Completed
CA-2015-107468,PAY04009,UPI,Completed
CA-2017-144463,PAY04010,Net Banking,Completed
CA-2017-100811,PAY04011,Net Banking,Completed
CA-2017-100811,PAY04012,Debit Card,Completed
CA-2015-153612,PAY04013,Cash on Delivery,Pending
CA-2015-165624,PAY04014,Cash on Delivery,Completed
CA-2015-165624,PAY04015,Debit Card,Pending
CA-2015-165624,PAY04016,Debit Card,Completed
CA-2015-165624,PAY04017,Net Banking,Completed
CA-2015-165624,PAY04018,Credit Card,Completed
CA-2015-165624,PAY04019,Debit Card,Pending
CA-2015-165624,PAY04020,Net Banking,Completed
CA-2014-154963,PAY04021,Credit Card,Completed
CA-2014-154963,PAY04022,Cash on Delivery,Completed
CA-2014-154963,PAY04023,UPI,Failed
CA-2017-130764,PAY04024,Credit Card,Completed
CA-2017-130764,PAY04025,Debit Card,Pending
CA-2017-139311,PAY04026,Net Banking,Failed
CA-2017-139311,PAY04027,Debit Card,Completed
CA-2017-139311,PAY04028,Cash on Delivery,Completed
CA-2017-139311,PAY04029,Cash on Delivery,Completed
CA-2017-124296,PAY04030,UPI,Completed
CA-2017-124296,PAY04031,Net Banking,Completed
CA-2016-169957,PAY04032,Cash on Delivery,Pending
CA-2016-169957,PAY04033,Credit Card,Completed
CA-2016-169957,PAY04034,UPI,Pending
US-2016-108777,PAY04035,UPI,Completed
US-2016-108777,PAY04036,Credit Card,Completed
CA-2015-148859,PAY04037,Net Banking,Completed
CA-2014-110786,PAY04038,Credit Card,Completed
CA-2014-110786,PAY04039,Cash on Delivery,Pending
CA-2014-110786,PAY04040,Debit Card,Completed
CA-2014-110786,PAY04041,Cash on Delivery,Completed
CA-2014-110786,PAY04042,Cash on Delivery,Completed
CA-2014-110786,PAY04043,Net Banking,Completed
CA-2014-110786,PAY04044,Net Banking,Completed
CA-2015-137750,PAY04045,Net Banking,Completed
CA-2015-136378,PAY04046,UPI,Completed
CA-2017-100356,PAY04047,UPI,Completed
US-2015-166520,PAY04048,Credit Card,Completed
US-2015-166520,PAY04049,Credit Card,Completed
CA-2017-136350,PAY04050,Net Banking,Pending
CA-2017-136350,PAY04051,Debit Card,Completed
CA-2014-122931,PAY04052,Cash on Delivery,Completed
CA-2014-122931,PAY04053,Debit Card,Completed
CA-2014-122931,PAY04054,Debit Card,Completed
CA-2014-122931,PAY04055,UPI,Completed
CA-2014-122931,PAY04056,Cash on Delivery,Completed
CA-2014-122931,PAY04057,Net Banking,Pending
CA-2014-163034,PAY04058,Credit Card,Completed
CA-2015-124058,PAY04059,UPI,Completed
CA-2015-124058,PAY04060,UPI,Completed
CA-2016-129196,PAY04061,Cash on Delivery,Completed
US-2015-138716,PAY04062,Credit Card,Completed
US-2016-122182,PAY04063,UPI,Failed
US-2014-130358,PAY04064,Debit Card,Completed
US-2014-130358,PAY04065,Cash on Delivery,Completed
CA-2014-102673,PAY04066,Credit Card,Completed
CA-2014-102673,PAY04067,Debit Card,Pending
CA-2014-102673,PAY04068,UPI,Completed
CA-2014-102673,PAY04069,Debit Card,Completed
CA-2016-145303,PAY04070,Debit Card,Completed
CA-2016-145303,PAY04071,Cash on Delivery,Completed
CA-2016-145303,PAY04072,Cash on Delivery,Completed
CA-2015-156104,PAY04073,Credit Card,Failed
US-2015-164308,PAY04074,Debit Card,Completed
CA-2017-108112,PAY04075,UPI,Completed
CA-2017-108112,PAY04076,Cash on Delivery,Completed
CA-2015-100685,PAY04077,Net Banking,Pending
CA-2015-100685,PAY04078,UPI,Completed
CA-2015-100685,PAY04079,Net Banking,Pending
CA-2015-165414,PAY04080,Credit Card,Completed
CA-2016-140417,PAY04081,UPI,Completed
CA-2016-140417,PAY04082,Net Banking,Completed
US-2017-151316,PAY04083,Net Banking,Pending
US-2017-151316,PAY04084,Debit Card,Pending
CA-2017-163692,PAY04085,Cash on Delivery,Completed
CA-2016-111913,PAY04086,Cash on Delivery,Completed
CA-2016-111913,PAY04087,Debit Card,Completed
CA-2016-111913,PAY04088,Cash on Delivery,Completed
US-2014-156559,PAY04089,Net Banking,Completed
CA-2016-161473,PAY04090,Net Banking,Completed
CA-2016-161473,PAY04091,Net Banking,Completed
CA-2016-161473,PAY04092,Debit Card,Completed
CA-2017-166576,PAY04093,Credit Card,Completed
CA-2015-102491,PAY04094,Credit Card,Completed
CA-2015-102491,PAY04095,Credit Card,Completed
CA-2015-102491,PAY04096,Net Banking,Completed
CA-2014-116904,PAY04097,Cash on Delivery,Completed
CA-2014-116904,PAY04098,Debit Card,Pending
CA-2014-116904,PAY04099,Debit Card,Completed
CA-2014-116904,PAY04100,Cash on Delivery,Pending
US-2017-102288,PAY04101,Debit Card,Completed
US-2017-102288,PAY04102,Credit Card,Completed
US-2017-102288,PAY04103,Debit Card,Pending
CA-2017-137456,PAY04104,UPI,Pending
US-2017-155999,PAY04105,Credit Card,Completed
US-2017-155999,PAY04106,Net Banking,Completed
US-2016-148334,PAY04107,Credit Card,Completed
CA-2015-105599,PAY04108,Cash on Delivery,Pending
CA-2015-105599,PAY04109,Net Banking,Completed
CA-2015-153717,PAY04110,Net Banking,Failed
CA-2015-153717,PAY04111,Debit Card,Completed
CA-2015-153717,PAY04112,UPI,Completed
CA-2015-153717,PAY04113,UPI,Completed
CA-2015-116687,PAY04114,Net Banking,Pending
CA-2015-116687,PAY04115,Debit Card,Completed
CA-2016-163573,PAY04116,Cash on Delivery,Failed
CA-2015-153416,PAY04117,Cash on Delivery,Completed
CA-2015-153416,PAY04118,Cash on Delivery,Completed
CA-2015-153416,PAY04119,Net Banking,Pending
CA-2015-153416,PAY04120,UPI,Completed
CA-2017-117394,PAY04121,UPI,Completed
CA-2017-133823,PAY04122,UPI,Failed
CA-2017-133823,PAY04123,UPI,Completed
CA-2017-133823,PAY04124,Net Banking,Pending
CA-2014-127523,PAY04125,Credit Card,Completed
CA-2017-123239,PAY04126,UPI,Completed
CA-2017-156769,PAY04127,Debit Card,Pending
CA-2014-127299,PAY04128,Cash on Delivery,Completed
CA-2014-127299,PAY04129,Debit Card,Failed
CA-2015-121272,PAY04130,UPI,Failed
CA-2014-115336,PAY04131,UPI,Completed
CA-2015-111703,PAY04132,UPI,Completed
CA-2015-111703,PAY04133,Cash on Delivery,Completed
CA-2014-128839,PAY04134,Debit Card,Pending
CA-2014-128839,PAY04135,UPI,Pending
CA-2017-105914,PAY04136,UPI,Completed
CA-2017-105914,PAY04137,UPI,Completed
CA-2017-110926,PAY04138,Cash on Delivery,Completed
CA-2016-117226,PAY04139,Cash on Delivery,Failed
CA-2017-127313,PAY04140,Net Banking,Failed
CA-2017-127313,PAY04141,UPI,Completed
CA-2016-136287,PAY04142,Debit Card,Completed
US-2014-107699,PAY04143,Net Banking,Completed
CA-2017-112725,PAY04144,Cash on Delivery,Completed
CA-2017-112725,PAY04145,Cash on Delivery,Completed
CA-2017-112725,PAY04146,Debit Card,Completed
CA-2015-136196,PAY04147,Net Banking,Completed
CA-2017-106068,PAY04148,Cash on Delivery,Completed
CA-2017-106068,PAY04149,Net Banking,Completed
CA-2017-106068,PAY04150,UPI,Pending
CA-2017-106068,PAY04151,UPI,Completed
CA-2017-100160,PAY04152,Net Banking,Completed
CA-2017-100160,PAY04153,Cash on Delivery,Completed
CA-2017-100160,PAY04154,Credit Card,Completed
CA-2016-139689,PAY04155,Cash on Delivery,Completed
CA-2016-139689,PAY04156,Net Banking,Failed
CA-2015-101091,PAY04157,Cash on Delivery,Completed
CA-2015-101091,PAY04158,Debit Card,Completed
CA-2014-126907,PAY04159,Net Banking,Completed
US-2016-164588,PAY04160,Cash on Delivery,Failed
CA-2017-115546,PAY04161,Credit Card,Completed
CA-2017-115546,PAY04162,Net Banking,Pending
CA-2015-163587,PAY04163,Net Banking,Completed
CA-2015-163587,PAY04164,UPI,Pending
US-2017-106131,PAY04165,Net Banking,Completed
US-2017-106131,PAY04166,Net Banking,Completed
CA-2015-160213,PAY04167,Credit Card,Completed
CA-2014-157924,PAY04168,Debit Card,Completed
CA-2014-157924,PAY04169,UPI,Completed
CA-2015-100216,PAY04170,Debit Card,Completed
CA-2015-100216,PAY04171,UPI,Completed
CA-2017-100601,PAY04172,Net Banking,Completed
CA-2016-152163,PAY04173,Debit Card,Completed
CA-2016-152163,PAY04174,Net Banking,Completed
CA-2016-152163,PAY04175,UPI,Completed
CA-2015-154340,PAY04176,Cash on Delivery,Completed
CA-2014-128846,PAY04177,Cash on Delivery,Completed
CA-2014-128846,PAY04178,Cash on Delivery,Pending
CA-2016-148593,PAY04179,UPI,Completed
US-2017-119039,PAY04180,Net Banking,Pending
CA-2017-128426,PAY04181,Credit Card,Completed
US-2017-136868,PAY04182,Debit Card,Pending
US-2017-136868,PAY04183,UPI,Completed
US-2017-136868,PAY04184,Net Banking,Completed
CA-2016-143749,PAY04185,Debit Card,Pending
CA-2016-111493,PAY04186,UPI,Completed
CA-2017-112536,PAY04187,Net Banking,Completed
CA-2017-112536,PAY04188,UPI,Pending
CA-2017-112536,PAY04189,Cash on Delivery,Completed
CA-2016-157714,PAY04190,Credit Card,Pending
CA-2017-166709,PAY04191,Credit Card,Completed
CA-2015-129392,PAY04192,Debit Card,Completed
CA-2015-150875,PAY04193,Net Banking,Completed
CA-2015-150875,PAY04194,Net Banking,Pending
CA-2015-154200,PAY04195,Credit Card,Pending
CA-2016-124233,PAY04196,Cash on Delivery,Completed
US-2015-134271,PAY04197,Net Banking,Completed
US-2016-161683,PAY04198,UPI,Pending
US-2016-161683,PAY04199,UPI,Completed
CA-2015-143105,PAY04200,Debit Card,Completed
CA-2015-143105,PAY04201,Cash on Delivery,Completed
CA-2015-143105,PAY04202,UPI,Completed
CA-2015-143105,PAY04203,Cash on Delivery,Failed
CA-2014-145387,PAY04204,Net Banking,Failed
CA-2014-145387,PAY04205,Net Banking,Completed
CA-2014-145387,PAY04206,Debit Card,Pending
CA-2014-145387,PAY04207,Debit Card,Completed
CA-2014-145387,PAY04208,Net Banking,Pending
CA-2014-145387,PAY04209,UPI,Completed
CA-2014-145387,PAY04210,Net Banking,Completed
CA-2017-109715,PAY04211,Net Banking,Completed
CA-2014-166457,PAY04212,Net Banking,Completed
CA-2014-166457,PAY04213,Credit Card,Failed
CA-2014-166457,PAY04214,Cash on Delivery,Completed
CA-2016-164637,PAY04215,Cash on Delivery,Completed
CA-2014-103590,PAY04216,Cash on Delivery,Completed
CA-2015-111234,PAY04217,Debit Card,Completed
CA-2017-149881,PAY04218,UPI,Completed
CA-2017-149881,PAY04219,Cash on Delivery,Completed
CA-2017-134565,PAY04220,Debit Card,Failed
CA-2017-134565,PAY04221,UPI,Completed
CA-2017-134565,PAY04222,Credit Card,Completed
CA-2017-134565,PAY04223,Net Banking,Completed
CA-2017-134565,PAY04224,Cash on Delivery,Completed
CA-2016-108644,PAY04225,Credit Card,Completed
US-2014-102631,PAY04226,Credit Card,Pending
CA-2017-120327,PAY04227,UPI,Completed
CA-2015-154970,PAY04228,Net Banking,Completed
CA-2016-113803,PAY04229,Debit Card,Pending
CA-2017-100223,PAY04230,Net Banking,Completed
CA-2017-100223,PAY04231,Credit Card,Completed
CA-2017-100223,PAY04232,Debit Card,Completed
CA-2017-100223,PAY04233,Net Banking,Completed
CA-2017-100223,PAY04234,Net Banking,Completed
CA-2014-168823,PAY04235,Cash on Delivery,Completed
CA-2014-168823,PAY04236,Cash on Delivery,Completed
CA-2016-162404,PAY04237,Credit Card,Completed
CA-2017-104024,PAY04238,Credit Card,Completed
CA-2017-147144,PAY04239,UPI,Completed
CA-2017-158673,PAY04240,Debit Card,Completed
CA-2014-133704,PAY04241,UPI,Pending
CA-2014-133704,PAY04242,Net Banking,Completed
CA-2016-159142,PAY04243,Cash on Delivery,Completed
CA-2016-159142,PAY04244,Credit Card,Failed
CA-2014-138436,PAY04245,Debit Card,Completed
CA-2017-117702,PAY04246,UPI,Completed
CA-2017-117702,PAY04247,Net Banking,Completed
CA-2017-117702,PAY04248,Cash on Delivery,Completed
CA-2016-157336,PAY04249,Cash on Delivery,Failed
CA-2016-157336,PAY04250,UPI,Pending
CA-2014-168130,PAY04251,Net Banking,Completed
CA-2015-155068,PAY04252,Cash on Delivery,Completed
CA-2015-155068,PAY04253,UPI,Completed
CA-2015-155068,PAY04254,Net Banking,Completed
CA-2017-163160,PAY04255,UPI,Completed
CA-2017-163160,PAY04256,UPI,Completed
CA-2017-163160,PAY04257,Debit Card,Pending
CA-2015-101924,PAY04258,UPI,Completed
CA-2016-124793,PAY04259,Debit Card,Completed
CA-2017-118367,PAY04260,Cash on Delivery,Completed
CA-2017-164819,PAY04261,Debit Card,Completed
CA-2017-158344,PAY04262,UPI,Completed
CA-2017-123351,PAY04263,Debit Card,Completed
CA-2017-110429,PAY04264,Debit Card,Completed
US-2016-131611,PAY04265,UPI,Failed
US-2016-131611,PAY04266,UPI,Completed
US-2016-131611,PAY04267,Debit Card,Completed
US-2016-131611,PAY04268,Debit Card,Completed
US-2016-131611,PAY04269,Cash on Delivery,Completed
US-2017-124821,PAY04270,UPI,Completed
CA-2015-166975,PAY04271,Cash on Delivery,Failed
CA-2016-123806,PAY04272,UPI,Pending
US-2017-158505,PAY04273,Cash on Delivery,Failed
US-2017-158505,PAY04274,UPI,Completed
CA-2015-142692,PAY04275,Debit Card,Pending
CA-2015-123456,PAY04276,Credit Card,Pending
CA-2017-151358,PAY04277,Net Banking,Completed
US-2016-107440,PAY04278,Cash on Delivery,Completed
US-2016-107440,PAY04279,Debit Card,Completed
US-2016-107440,PAY04280,Credit Card,Failed
CA-2014-166989,PAY04281,Net Banking,Completed
CA-2014-166989,PAY04282,Cash on Delivery,Completed
CA-2014-103100,PAY04283,Cash on Delivery,Completed
CA-2014-103100,PAY04284,Credit Card,Completed
CA-2015-105690,PAY04285,Net Banking,Completed
CA-2015-105690,PAY04286,Credit Card,Completed
CA-2015-105690,PAY04287,Credit Card,Completed
CA-2017-127516,PAY04288,Debit Card,Completed
US-2015-117184,PAY04289,Cash on Delivery,Pending
US-2015-117184,PAY04290,Debit Card,Failed
CA-2017-102407,PAY04291,Debit Card,Completed
CA-2017-102407,PAY04292,Cash on Delivery,Completed
CA-2017-102407,PAY04293,Credit Card,Pending
CA-2017-130967,PAY04294,UPI,Pending
CA-2017-101581,PAY04295,UPI,Completed
CA-2017-169124,PAY04296,Debit Card,Completed
CA-2017-117261,PAY04297,Credit Card,Pending
CA-2017-129021,PAY04298,Debit Card,Pending
CA-2017-129021,PAY04299,Credit Card,Pending
CA-2017-129021,PAY04300,UPI,Pending
CA-2017-129021,PAY04301,Net Banking,Completed
CA-2017-129021,PAY04302,Debit Card,Pending
CA-2014-123253,PAY04303,UPI,Failed
CA-2016-121601,PAY04304,Cash on Delivery,Pending
CA-2014-162278,PAY04305,Credit Card,Completed
CA-2014-162278,PAY04306,Debit Card,Completed
CA-2016-161095,PAY04307,Credit Card,Completed
CA-2016-161095,PAY04308,Debit Card,Pending
CA-2014-125829,PAY04309,Cash on Delivery,Pending
CA-2014-125829,PAY04310,Debit Card,Completed
CA-2014-125829,PAY04311,UPI,Completed
CA-2014-125829,PAY04312,UPI,Completed
CA-2014-125829,PAY04313,Cash on Delivery,Completed
CA-2014-123127,PAY04314,Debit Card,Pending
CA-2015-115945,PAY04315,Net Banking,Pending
CA-2015-115945,PAY04316,UPI,Completed
CA-2015-115945,PAY04317,Credit Card,Completed
CA-2015-136735,PAY04318,Cash on Delivery,Pending
US-2017-136189,PAY04319,Net Banking,Failed
CA-2014-152345,PAY04320,Cash on Delivery,Completed
CA-2014-152345,PAY04321,Credit Card,Completed
US-2015-147662,PAY04322,UPI,Completed
US-2015-147662,PAY04323,Credit Card,Completed
US-2015-147662,PAY04324,Cash on Delivery,Completed
US-2015-147662,PAY04325,UPI,Completed
US-2015-147662,PAY04326,Credit Card,Completed
CA-2016-153346,PAY04327,UPI,Pending
CA-2016-153346,PAY04328,Debit Card,Pending
CA-2017-118360,PAY04329,Net Banking,Completed
CA-2017-149853,PAY04330,UPI,Completed
CA-2017-149853,PAY04331,Net Banking,Completed
CA-2017-107909,PAY04332,Cash on Delivery,Completed
CA-2017-107909,PAY04333,Credit Card,Completed
CA-2015-112375,PAY04334,UPI,Pending
CA-2015-112375,PAY04335,Debit Card,Completed
CA-2015-154795,PAY04336,Net Banking,Pending
CA-2015-154795,PAY04337,Debit Card,Completed
CA-2015-125234,PAY04338,Net Banking,Completed
CA-2015-125234,PAY04339,UPI,Completed
CA-2017-133501,PAY04340,UPI,Completed
US-2014-129609,PAY04341,Net Banking,Completed
CA-2017-130309,PAY04342,Net Banking,Completed
CA-2017-105410,PAY04343,Net Banking,Completed
CA-2017-105410,PAY04344,UPI,Completed
CA-2017-105410,PAY04345,Debit Card,Completed
CA-2017-105410,PAY04346,UPI,Completed
CA-2016-120355,PAY04347,UPI,Failed
CA-2016-120355,PAY04348,Cash on Delivery,Pending
CA-2017-169894,PAY04349,UPI,Pending
CA-2017-169894,PAY04350,Net Banking,Completed
US-2017-100482,PAY04351,Cash on Delivery,Completed
US-2017-100482,PAY04352,Debit Card,Completed
CA-2017-107748,PAY04353,Net Banking,Completed
CA-2017-107748,PAY04354,Credit Card,Completed
CA-2017-153654,PAY04355,UPI,Completed
CA-2015-155600,PAY04356,Net Banking,Completed
CA-2015-155600,PAY04357,Net Banking,Completed
CA-2017-162565,PAY04358,Credit Card,Completed
CA-2017-162565,PAY04359,Net Banking,Pending
CA-2017-162565,PAY04360,Credit Card,Pending
CA-2016-127642,PAY04361,Debit Card,Completed
US-2017-163195,PAY04362,Debit Card,Completed
CA-2017-111332,PAY04363,Debit Card,Completed
CA-2017-111332,PAY04364,Debit Card,Completed
CA-2017-111332,PAY04365,Debit Card,Completed
CA-2017-111332,PAY04366,Credit Card,Pending
CA-2017-111332,PAY04367,Net Banking,Completed
CA-2017-117044,PAY04368,Cash on Delivery,Completed
CA-2017-117044,PAY04369,Cash on Delivery,Completed
US-2016-165078,PAY04370,Debit Card,Failed
US-2016-165078,PAY04371,UPI,Failed
US-2016-165078,PAY04372,Credit Card,Completed
US-2017-169320,PAY04373,Net Banking,Completed
US-2017-169320,PAY04374,Debit Card,Completed
CA-2016-158575,PAY04375,Cash on Delivery,Completed
CA-2014-166954,PAY04376,Credit Card,Pending
CA-2014-166954,PAY04377,Credit Card,Completed
CA-2014-166954,PAY04378,Cash on Delivery,Completed
CA-2015-140830,PAY04379,Net Banking,Failed
CA-2015-140830,PAY04380,Credit Card,Completed
CA-2015-152891,PAY04381,Cash on Delivery,Completed
CA-2015-152891,PAY04382,Net Banking,Completed
US-2015-122784,PAY04383,Net Banking,Failed
US-2015-122784,PAY04384,Cash on Delivery,Completed
US-2015-122784,PAY04385,Cash on Delivery,Completed
US-2015-122784,PAY04386,Net Banking,Completed
CA-2016-156811,PAY04387,UPI,Completed
CA-2016-156811,PAY04388,UPI,Completed
CA-2017-111556,PAY04389,Cash on Delivery,Completed
CA-2017-111556,PAY04390,Cash on Delivery,Completed
CA-2017-111556,PAY04391,Net Banking,Completed
CA-2017-111556,PAY04392,Net Banking,Completed
CA-2016-108868,PAY04393,Debit Card,Completed
CA-2016-108868,PAY04394,Credit Card,Completed
CA-2014-142965,PAY04395,Net Banking,Pending
CA-2014-142965,PAY04396,Net Banking,Completed
CA-2016-148740,PAY04397,Net Banking,Completed
US-2014-138758,PAY04398,Credit Card,Completed
US-2014-138758,PAY04399,Credit Card,Completed
CA-2016-131737,PAY04400,Debit Card,Completed
CA-2016-131737,PAY04401,Debit Card,Completed
CA-2016-131737,PAY04402,UPI,Pending
CA-2016-114538,PAY04403,Credit Card,Completed
CA-2014-127936,PAY04404,UPI,Pending
CA-2015-164336,PAY04405,Net Banking,Completed
CA-2015-164336,PAY04406,Credit Card,Completed
CA-2016-100041,PAY04407,Net Banking,Failed
CA-2016-100041,PAY04408,Cash on Delivery,Completed
CA-2016-100041,PAY04409,Cash on Delivery,Completed
US-2014-154879,PAY04410,UPI,Completed
US-2014-154879,PAY04411,Credit Card,Completed
CA-2014-130624,PAY04412,Net Banking,Completed
CA-2014-130624,PAY04413,UPI,Completed
CA-2014-130624,PAY04414,UPI,Completed
CA-2017-132339,PAY04415,UPI,Completed
CA-2014-153983,PAY04416,Debit Card,Completed
CA-2014-153983,PAY04417,UPI,Completed
CA-2017-112900,PAY04418,Credit Card,Failed
CA-2014-160157,PAY04419,Credit Card,Failed
CA-2014-139633,PAY04420,UPI,Completed
CA-2015-163090,PAY04421,Cash on Delivery,Completed
CA-2014-117016,PAY04422,Net Banking,Pending
CA-2017-159464,PAY04423,Credit Card,Completed
CA-2017-159464,PAY04424,Net Banking,Failed
CA-2017-159464,PAY04425,Cash on Delivery,Failed
CA-2017-159464,PAY04426,Debit Card,Completed
CA-2017-159464,PAY04427,Credit Card,Completed
US-2017-103226,PAY04428,Cash on Delivery,Completed
CA-2017-119452,PAY04429,Net Banking,Pending
CA-2017-147725,PAY04430,UPI,Completed
CA-2016-168893,PAY04431,Credit Card,Pending
CA-2016-168893,PAY04432,Net Banking,Pending
CA-2016-168893,PAY04433,Credit Card,Pending
CA-2016-168893,PAY04434,Cash on Delivery,Failed
CA-2016-168893,PAY04435,UPI,Completed
CA-2016-163398,PAY04436,Debit Card,Completed
CA-2016-163398,PAY04437,Debit Card,Completed
CA-2016-163398,PAY04438,UPI,Completed
CA-2016-162726,PAY04439,Net Banking,Failed
CA-2016-162726,PAY04440,UPI,Completed
US-2016-111290,PAY04441,Debit Card,Failed
US-2016-111290,PAY04442,Net Banking,Pending
US-2016-111290,PAY04443,Cash on Delivery,Pending
US-2016-111290,PAY04444,Credit Card,Completed
US-2014-147704,PAY04445,Cash on Delivery,Completed
US-2014-147704,PAY04446,Debit Card,Pending
US-2014-147704,PAY04447,UPI,Completed
US-2014-147704,PAY04448,Debit Card,Completed
CA-2015-121965,PAY04449,Net Banking,Failed
CA-2015-121965,PAY04450,Cash on Delivery,Completed
CA-2015-121965,PAY04451,Net Banking,Pending
CA-2016-147137,PAY04452,Credit Card,Completed
CA-2016-147137,PAY04453,Net Banking,Completed
CA-2016-147137,PAY04454,Credit Card,Completed
CA-2016-147137,PAY04455,UPI,Completed
US-2015-146745,PAY04456,Credit Card,Completed
US-2015-146745,PAY04457,Credit Card,Pending
CA-2017-115175,PAY04458,Cash on Delivery,Completed
CA-2017-105851,PAY04459,UPI,Pending
US-2017-125717,PAY04460,Debit Card,Failed
US-2017-125717,PAY04461,Credit Card,Completed
US-2017-125717,PAY04462,Credit Card,Failed
US-2017-125717,PAY04463,UPI,Completed
US-2017-125717,PAY04464,Cash on Delivery,Completed
US-2017-125717,PAY04465,UPI,Completed
CA-2015-163895,PAY04466,Credit Card,Pending
CA-2017-168641,PAY04467,UPI,Completed
CA-2017-168641,PAY04468,Credit Card,Completed
CA-2017-168641,PAY04469,Net Banking,Failed
CA-2017-168641,PAY04470,Cash on Delivery,Pending
CA-2017-156895,PAY04471,Credit Card,Completed
CA-2017-121300,PAY04472,UPI,Completed
CA-2017-121300,PAY04473,UPI,Completed
CA-2017-121300,PAY04474,Net Banking,Completed
CA-2017-121300,PAY04475,Net Banking,Failed
CA-2017-121300,PAY04476,UPI,Completed
CA-2017-121300,PAY04477,Debit Card,Completed
CA-2017-130211,PAY04478,Debit Card,Completed
CA-2017-130211,PAY04479,Credit Card,Completed
CA-2014-147235,PAY04480,Credit Card,Completed
CA-2016-109365,PAY04481,Cash on Delivery,Pending
CA-2016-109365,PAY04482,UPI,Completed
CA-2016-109365,PAY04483,Cash on Delivery,Completed
CA-2016-109365,PAY04484,Net Banking,Failed
CA-2016-109365,PAY04485,Net Banking,Completed
CA-2016-109365,PAY04486,UPI,Completed
CA-2016-109365,PAY04487,Cash on Delivery,Completed
CA-2015-162621,PAY04488,Net Banking,Completed
CA-2015-162621,PAY04489,Cash on Delivery,Completed
CA-2015-162621,PAY04490,Credit Card,Completed
CA-2017-105921,PAY04491,UPI,Completed
CA-2014-150798,PAY04492,UPI,Pending
CA-2014-150798,PAY04493,Debit Card,Completed
CA-2014-150798,PAY04494,Credit Card,Pending
CA-2014-150798,PAY04495,Net Banking,Failed
CA-2017-112753,PAY04496,Debit Card,Pending
CA-2017-112753,PAY04497,Net Banking,Completed
CA-2017-155075,PAY04498,Cash on Delivery,Completed
CA-2014-103401,PAY04499,Credit Card,Completed
CA-2016-124814,PAY04500,Credit Card,Pending
CA-2016-124814,PAY04501,UPI,Completed
CA-2014-116757,PAY04502,UPI,Completed
CA-2014-116757,PAY04503,Credit Card,Failed
US-2014-138247,PAY04504,UPI,Completed
US-2014-138247,PAY04505,Net Banking,Pending
US-2014-138247,PAY04506,UPI,Pending
US-2014-138247,PAY04507,Cash on Delivery,Failed
US-2014-138247,PAY04508,Credit Card,Completed
US-2014-138247,PAY04509,UPI,Completed
CA-2017-167003,PAY04510,Net Banking,Completed
CA-2016-119935,PAY04511,Debit Card,Completed
CA-2016-119935,PAY04512,Net Banking,Failed
CA-2016-118969,PAY04513,Cash on Delivery,Completed
CA-2016-145240,PAY04514,Net Banking,Completed
CA-2016-120873,PAY04515,Net Banking,Completed
US-2017-111920,PAY04516,Credit Card,Pending
US-2016-128678,PAY04517,UPI,Pending
US-2016-128678,PAY04518,Debit Card,Completed
CA-2016-101385,PAY04519,Credit Card,Completed
CA-2017-107167,PAY04520,Net Banking,Completed
CA-2014-109491,PAY04521,Net Banking,Pending
CA-2014-109491,PAY04522,Credit Card,Completed
CA-2017-105445,PAY04523,Credit Card,Failed
CA-2014-107454,PAY04524,UPI,Completed
CA-2014-107454,PAY04525,Credit Card,Pending
US-2017-105046,PAY04526,Debit Card,Failed
US-2017-105046,PAY04527,UPI,Pending
US-2017-105046,PAY04528,Cash on Delivery,Completed
CA-2017-152856,PAY04529,Credit Card,Pending
CA-2016-134691,PAY04530,Debit Card,Completed
CA-2016-118759,PAY04531,Cash on Delivery,Completed
CA-2016-118759,PAY04532,Cash on Delivery,Completed
CA-2014-140403,PAY04533,UPI,Completed
CA-2014-140403,PAY04534,Credit Card,Completed
CA-2015-163104,PAY04535,UPI,Completed
CA-2017-138464,PAY04536,Net Banking,Pending
CA-2017-138464,PAY04537,Credit Card,Completed
CA-2017-138464,PAY04538,Net Banking,Pending
CA-2017-138464,PAY04539,Debit Card,Completed
CA-2015-104129,PAY04540,Credit Card,Completed
CA-2015-104129,PAY04541,UPI,Completed
US-2017-132206,PAY04542,Net Banking,Completed
CA-2017-113474,PAY04543,Debit Card,Completed
CA-2015-126557,PAY04544,Cash on Delivery,Pending
CA-2015-126557,PAY04545,Cash on Delivery,Completed
CA-2015-126557,PAY04546,Net Banking,Completed
CA-2015-126557,PAY04547,Credit Card,Completed
CA-2015-126557,PAY04548,Cash on Delivery,Pending
CA-2015-126557,PAY04549,Cash on Delivery,Completed
CA-2015-126557,PAY04550,Net Banking,Completed
US-2017-107636,PAY04551,Debit Card,Completed
US-2014-165862,PAY04552,Debit Card,Completed
US-2014-106334,PAY04553,Credit Card,Completed
US-2014-106334,PAY04554,Cash on Delivery,Completed
CA-2016-101448,PAY04555,Net Banking,Completed
CA-2015-130218,PAY04556,Cash on Delivery,Pending
CA-2015-130218,PAY04557,Cash on Delivery,Completed
US-2017-117331,PAY04558,Credit Card,Failed
CA-2014-127383,PAY04559,UPI,Pending
CA-2014-110219,PAY04560,Cash on Delivery,Pending
CA-2015-118871,PAY04561,Debit Card,Completed
CA-2015-118871,PAY04562,Credit Card,Pending
CA-2015-118871,PAY04563,Cash on Delivery,Pending
CA-2017-129490,PAY04564,UPI,Completed
CA-2014-101175,PAY04565,Credit Card,Failed
US-2017-149510,PAY04566,UPI,Completed
US-2017-149510,PAY04567,Debit Card,Completed
US-2017-149510,PAY04568,Credit Card,Completed
CA-2015-111990,PAY04569,Net Banking,Completed
CA-2014-169460,PAY04570,Credit Card,Completed
US-2015-152128,PAY04571,UPI,Completed
US-2015-152128,PAY04572,UPI,Pending
CA-2017-126662,PAY04573,Net Banking,Completed
CA-2016-139395,PAY04574,Cash on Delivery,Pending
CA-2016-139395,PAY04575,Credit Card,Completed
CA-2016-139395,PAY04576,Cash on Delivery,Pending
CA-2016-139395,PAY04577,Debit Card,Completed
US-2014-121734,PAY04578,Debit Card,Completed
CA-2015-110947,PAY04579,Debit Card,Completed
US-2014-150126,PAY04580,Debit Card,Pending
CA-2015-164427,PAY04581,UPI,Completed
CA-2016-120250,PAY04582,Debit Card,Completed
CA-2016-121993,PAY04583,Cash on Delivery,Completed
US-2016-100405,PAY04584,Debit Card,Completed
US-2017-163790,PAY04585,UPI,Failed
US-2017-163790,PAY04586,Cash on Delivery,Completed
US-2017-163790,PAY04587,Cash on Delivery,Completed
US-2017-163790,PAY04588,Debit Card,Completed
US-2017-163790,PAY04589,UPI,Failed
US-2017-163790,PAY04590,Net Banking,Completed
CA-2016-129868,PAY04591,Credit Card,Completed
CA-2016-129868,PAY04592,Credit Card,Pending
CA-2016-129868,PAY04593,Cash on Delivery,Completed
CA-2016-129868,PAY04594,UPI,Completed
CA-2016-129868,PAY04595,Net Banking,Pending
CA-2016-129868,PAY04596,Debit Card,Completed
CA-2016-140564,PAY04597,Net Banking,Pending
US-2017-169502,PAY04598,Net Banking,Completed
US-2017-169502,PAY04599,Net Banking,Completed
CA-2015-146948,PAY04600,UPI,Pending
CA-2015-146948,PAY04601,Debit Card,Pending
CA-2015-146948,PAY04602,UPI,Completed
US-2015-113327,PAY04603,UPI,Pending
US-2015-113327,PAY04604,Cash on Delivery,Completed
US-2015-113327,PAY04605,Cash on Delivery,Completed
US-2015-113327,PAY04606,Net Banking,Completed
CA-2015-135020,PAY04607,Debit Card,Completed
CA-2015-135020,PAY04608,Debit Card,Completed
CA-2015-135020,PAY04609,Net Banking,Completed
CA-2015-135020,PAY04610,Debit Card,Completed
US-2017-141852,PAY04611,Credit Card,Completed
CA-2016-109407,PAY04612,Debit Card,Pending
US-2017-165953,PAY04613,Net Banking,Completed
US-2017-165953,PAY04614,Debit Card,Completed
CA-2016-144540,PAY04615,Credit Card,Completed
CA-2016-144540,PAY04616,Cash on Delivery,Pending
CA-2015-159863,PAY04617,Debit Card,Completed
CA-2015-117800,PAY04618,Credit Card,Completed
CA-2015-117800,PAY04619,Cash on Delivery,Failed
CA-2017-145219,PAY04620,Cash on Delivery,Pending
CA-2017-145219,PAY04621,Debit Card,Completed
CA-2015-161214,PAY04622,Net Banking,Completed
CA-2017-147228,PAY04623,Cash on Delivery,Completed
CA-2017-147228,PAY04624,Credit Card,Pending
CA-2017-147228,PAY04625,UPI,Completed
CA-2017-147228,PAY04626,Credit Card,Completed
CA-2016-101336,PAY04627,Credit Card,Completed
CA-2016-101336,PAY04628,Net Banking,Pending
CA-2016-101336,PAY04629,Net Banking,Completed
CA-2016-101336,PAY04630,UPI,Completed
US-2015-126235,PAY04631,Cash on Delivery,Completed
CA-2017-168396,PAY04632,Debit Card,Completed
CA-2017-168396,PAY04633,Credit Card,Completed
CA-2015-130456,PAY04634,UPI,Completed
CA-2015-130456,PAY04635,Net Banking,Pending
CA-2017-116288,PAY04636,Net Banking,Pending
CA-2017-168228,PAY04637,Net Banking,Completed
CA-2017-168228,PAY04638,UPI,Failed
CA-2017-168228,PAY04639,Credit Card,Pending
CA-2016-102162,PAY04640,UPI,Pending
CA-2016-102162,PAY04641,Credit Card,Completed
CA-2017-130141,PAY04642,UPI,Failed
CA-2017-130141,PAY04643,Net Banking,Pending
CA-2015-147501,PAY04644,UPI,Completed
CA-2015-147501,PAY04645,Credit Card,Completed
CA-2016-143910,PAY04646,Net Banking,Failed
CA-2014-146885,PAY04647,Credit Card,Failed
CA-2016-139556,PAY04648,Credit Card,Completed
CA-2017-129357,PAY04649,Credit Card,Completed
CA-2017-129357,PAY04650,UPI,Completed
CA-2017-150987,PAY04651,Net Banking,Completed
CA-2017-150987,PAY04652,Debit Card,Completed
CA-2017-132647,PAY04653,Cash on Delivery,Pending
CA-2017-132647,PAY04654,Credit Card,Completed
CA-2017-159107,PAY04655,Cash on Delivery,Completed
CA-2014-160738,PAY04656,Net Banking,Pending
CA-2015-112130,PAY04657,Net Banking,Completed
CA-2015-112130,PAY04658,Credit Card,Pending
CA-2015-112130,PAY04659,Cash on Delivery,Failed
CA-2015-112130,PAY04660,Cash on Delivery,Completed
CA-2015-112130,PAY04661,UPI,Pending
CA-2015-112130,PAY04662,UPI,Pending
CA-2015-112130,PAY04663,Cash on Delivery,Completed
CA-2016-111409,PAY04664,Credit Card,Completed
CA-2016-116232,PAY04665,Net Banking,Completed
CA-2016-116232,PAY04666,Cash on Delivery,Completed
CA-2016-116547,PAY04667,Credit Card,Completed
CA-2016-116547,PAY04668,Cash on Delivery,Completed
US-2017-133200,PAY04669,UPI,Failed
US-2017-133200,PAY04670,Credit Card,Pending
US-2017-133200,PAY04671,Credit Card,Completed
CA-2016-133550,PAY04672,Credit Card,Completed
CA-2016-133550,PAY04673,Debit Card,Pending
CA-2016-133550,PAY04674,Cash on Delivery,Completed
CA-2016-133550,PAY04675,Debit Card,Completed
CA-2017-139416,PAY04676,UPI,Completed
CA-2014-114510,PAY04677,Credit Card,Completed
CA-2014-114510,PAY04678,Cash on Delivery,Completed
CA-2014-114510,PAY04679,Cash on Delivery,Completed
CA-2014-114510,PAY04680,UPI,Completed
CA-2014-114510,PAY04681,UPI,Failed
CA-2016-169215,PAY04682,Net Banking,Completed
CA-2016-127698,PAY04683,Debit Card,Completed
CA-2016-159912,PAY04684,UPI,Failed
CA-2016-159912,PAY04685,Debit Card,Failed
CA-2016-159912,PAY04686,Debit Card,Completed
CA-2016-159912,PAY04687,Cash on Delivery,Pending
CA-2016-101987,PAY04688,Debit Card,Pending
US-2017-154851,PAY04689,Net Banking,Failed
CA-2014-138681,PAY04690,Net Banking,Completed
CA-2014-138681,PAY04691,Net Banking,Pending
CA-2014-138681,PAY04692,Debit Card,Completed
CA-2014-138681,PAY04693,Net Banking,Failed
CA-2014-138681,PAY04694,Cash on Delivery,Failed
US-2015-138121,PAY04695,Cash on Delivery,Pending
US-2015-138121,PAY04696,Cash on Delivery,Pending
US-2015-138121,PAY04697,Debit Card,Pending
US-2015-138121,PAY04698,Credit Card,Completed
US-2015-138121,PAY04699,Debit Card,Completed
CA-2017-140298,PAY04700,Net Banking,Completed
CA-2017-140298,PAY04701,Credit Card,Pending
CA-2017-140298,PAY04702,Credit Card,Completed
CA-2017-140298,PAY04703,Net Banking,Completed
CA-2016-166240,PAY04704,Debit Card,Completed
CA-2016-158435,PAY04705,Net Banking,Pending
CA-2016-158435,PAY04706,Net Banking,Completed
CA-2016-158435,PAY04707,Debit Card,Pending
CA-2017-138149,PAY04708,Cash on Delivery,Completed
CA-2017-138149,PAY04709,Cash on Delivery,Completed
CA-2017-138149,PAY04710,Cash on Delivery,Completed
CA-2017-138149,PAY04711,Net Banking,Completed
CA-2014-112403,PAY04712,Credit Card,Completed
CA-2014-108273,PAY04713,Debit Card,Completed
CA-2014-108273,PAY04714,Credit Card,Completed
CA-2017-121643,PAY04715,Net Banking,Pending
US-2015-122910,PAY04716,Net Banking,Failed
CA-2017-143126,PAY04717,Credit Card,Failed
CA-2015-129042,PAY04718,Cash on Delivery,Completed
CA-2015-109736,PAY04719,Net Banking,Completed
CA-2015-142601,PAY04720,Net Banking,Completed
CA-2015-142601,PAY04721,UPI,Pending
CA-2014-106229,PAY04722,Cash on Delivery,Completed
US-2017-135230,PAY04723,Credit Card,Failed
CA-2016-159653,PAY04724,Cash on Delivery,Completed
CA-2016-131968,PAY04725,UPI,Completed
CA-2016-131968,PAY04726,UPI,Failed
CA-2014-119151,PAY04727,Debit Card,Completed
CA-2014-119151,PAY04728,Net Banking,Completed
CA-2014-123323,PAY04729,Cash on Delivery,Completed
CA-2016-124681,PAY04730,Credit Card,Completed
US-2015-103996,PAY04731,Credit Card,Pending
US-2015-103996,PAY04732,Net Banking,Failed
US-2015-103996,PAY04733,Cash on Delivery,Completed
US-2015-103996,PAY04734,UPI,Completed
CA-2016-120530,PAY04735,UPI,Completed
CA-2015-155054,PAY04736,Debit Card,Completed
CA-2015-155054,PAY04737,Net Banking,Completed
CA-2015-155054,PAY04738,Credit Card,Completed
CA-2015-105725,PAY04739,Credit Card,Completed
CA-2015-105725,PAY04740,Net Banking,Completed
CA-2017-164364,PAY04741,Credit Card,Completed
CA-2017-164364,PAY04742,Cash on Delivery,Completed
CA-2017-164364,PAY04743,Debit Card,Completed
CA-2017-168123,PAY04744,Net Banking,Completed
CA-2017-168123,PAY04745,UPI,Pending
CA-2017-168123,PAY04746,Net Banking,Completed
CA-2017-168123,PAY04747,UPI,Pending
CA-2016-120005,PAY04748,Cash on Delivery,Completed
CA-2016-120005,PAY04749,Credit Card,Failed
CA-2016-123526,PAY04750,Net Banking,Pending
CA-2016-127649,PAY04751,Cash on Delivery,Completed
CA-2016-159989,PAY04752,Debit Card,Failed
CA-2017-103499,PAY04753,Cash on Delivery,Failed
US-2015-167220,PAY04754,UPI,Completed
CA-2017-126354,PAY04755,UPI,Pending
CA-2017-126354,PAY04756,Cash on Delivery,Pending
CA-2017-169817,PAY04757,Cash on Delivery,Completed
US-2017-144582,PAY04758,Debit Card,Failed
CA-2014-121573,PAY04759,Debit Card,Failed
CA-2014-121573,PAY04760,UPI,Pending
CA-2014-121573,PAY04761,Debit Card,Completed
CA-2016-117660,PAY04762,Debit Card,Completed
CA-2016-117660,PAY04763,Cash on Delivery,Completed
CA-2014-112851,PAY04764,UPI,Pending
CA-2017-123701,PAY04765,Credit Card,Pending
CA-2015-118227,PAY04766,Net Banking,Completed
CA-2015-123155,PAY04767,Net Banking,Pending
CA-2015-123155,PAY04768,Credit Card,Pending
CA-2017-158883,PAY04769,Debit Card,Completed
US-2016-114888,PAY04770,Net Banking,Completed
US-2016-114888,PAY04771,Credit Card,Completed
US-2014-167262,PAY04772,UPI,Completed
CA-2017-119746,PAY04773,UPI,Completed
CA-2017-119746,PAY04774,Net Banking,Failed
CA-2017-119746,PAY04775,Cash on Delivery,Completed
CA-2017-108091,PAY04776,UPI,Pending
CA-2016-101630,PAY04777,Debit Card,Failed
CA-2016-101630,PAY04778,Net Banking,Completed
CA-2017-132346,PAY04779,Credit Card,Completed
CA-2014-150301,PAY04780,Debit Card,Completed
CA-2014-159310,PAY04781,Net Banking,Completed
CA-2014-159310,PAY04782,Credit Card,Pending
CA-2014-159310,PAY04783,Debit Card,Completed
US-2017-147984,PAY04784,Cash on Delivery,Completed
CA-2015-104346,PAY04785,Credit Card,Completed
CA-2015-104346,PAY04786,UPI,Completed
CA-2015-104346,PAY04787,Debit Card,Completed
CA-2015-104346,PAY04788,Debit Card,Completed
CA-2015-104346,PAY04789,Credit Card,Pending
CA-2015-104346,PAY04790,Net Banking,Completed
CA-2015-104346,PAY04791,Debit Card,Completed
CA-2015-104346,PAY04792,Net Banking,Pending
CA-2015-104346,PAY04793,Debit Card,Completed
US-2015-141684,PAY04794,Debit Card,Completed
CA-2015-144722,PAY04795,Cash on Delivery,Completed
CA-2015-120516,PAY04796,Credit Card,Completed
US-2016-148901,PAY04797,Cash on Delivery,Completed
US-2016-148901,PAY04798,Net Banking,Completed
US-2016-148901,PAY04799,Cash on Delivery,Pending
US-2016-148901,PAY04800,Net Banking,Completed
US-2016-148901,PAY04801,UPI,Completed
US-2016-148901,PAY04802,Cash on Delivery,Completed
US-2016-148901,PAY04803,Debit Card,Pending
CA-2017-136364,PAY04804,Cash on Delivery,Pending
CA-2017-136364,PAY04805,Net Banking,Completed
CA-2015-137708,PAY04806,UPI,Completed
CA-2015-137708,PAY04807,UPI,Completed
CA-2015-137708,PAY04808,Debit Card,Completed
CA-2014-149055,PAY04809,Debit Card,Completed
CA-2015-151589,PAY04810,Cash on Delivery,Completed
CA-2015-151589,PAY04811,Credit Card,Completed
CA-2016-121370,PAY04812,Cash on Delivery,Failed
CA-2016-121370,PAY04813,Credit Card,Pending
CA-2016-121370,PAY04814,Debit Card,Failed
CA-2016-111696,PAY04815,Cash on Delivery,Completed
CA-2014-139598,PAY04816,Debit Card,Completed
CA-2014-139598,PAY04817,Cash on Delivery,Failed
CA-2014-139598,PAY04818,Cash on Delivery,Completed
CA-2014-139598,PAY04819,UPI,Completed
CA-2017-117436,PAY04820,Credit Card,Completed
CA-2015-140025,PAY04821,UPI,Completed
CA-2015-140025,PAY04822,UPI,Completed
CA-2016-134222,PAY04823,Credit Card,Pending
CA-2016-140018,PAY04824,UPI,Pending
CA-2016-140018,PAY04825,Net Banking,Pending
CA-2016-140018,PAY04826,UPI,Completed
US-2017-136707,PAY04827,Cash on Delivery,Completed
CA-2014-152562,PAY04828,Cash on Delivery,Completed
CA-2014-152562,PAY04829,Cash on Delivery,Completed
CA-2016-152408,PAY04830,Cash on Delivery,Completed
CA-2014-120278,PAY04831,UPI,Completed
CA-2014-120278,PAY04832,Credit Card,Completed
CA-2014-120278,PAY04833,Net Banking,Pending
CA-2014-120278,PAY04834,Cash on Delivery,Completed
CA-2017-167661,PAY04835,Credit Card,Completed
CA-2017-167661,PAY04836,Net Banking,Completed
CA-2017-167661,PAY04837,Net Banking,Completed
CA-2017-106831,PAY04838,Credit Card,Completed
CA-2017-106831,PAY04839,Cash on Delivery,Completed
CA-2017-106831,PAY04840,UPI,Pending
CA-2017-154123,PAY04841,Cash on Delivery,Pending
CA-2016-136049,PAY04842,Net Banking,Failed
CA-2017-118402,PAY04843,Net Banking,Completed
US-2016-139388,PAY04844,Cash on Delivery,Completed
US-2014-128685,PAY04845,UPI,Completed
CA-2015-124044,PAY04846,Debit Card,Completed
CA-2014-164469,PAY04847,Credit Card,Pending
CA-2014-164469,PAY04848,Cash on Delivery,Completed
CA-2014-164469,PAY04849,Debit Card,Completed
CA-2014-107818,PAY04850,Credit Card,Failed
CA-2014-107818,PAY04851,UPI,Completed
CA-2014-107818,PAY04852,Net Banking,Completed
CA-2014-107818,PAY04853,UPI,Completed
CA-2014-113320,PAY04854,Debit Card,Pending
CA-2014-113320,PAY04855,Cash on Delivery,Pending
CA-2014-113320,PAY04856,Cash on Delivery,Completed
CA-2015-137526,PAY04857,Cash on Delivery,Completed
CA-2015-137526,PAY04858,Credit Card,Pending
CA-2015-137526,PAY04859,Credit Card,Completed
CA-2017-136063,PAY04860,UPI,Completed
CA-2016-101546,PAY04861,Debit Card,Completed
CA-2014-138940,PAY04862,Cash on Delivery,Completed
CA-2016-125164,PAY04863,Cash on Delivery,Completed
CA-2016-125164,PAY04864,Cash on Delivery,Completed
CA-2017-163531,PAY04865,Credit Card,Completed
CA-2017-122490,PAY04866,Net Banking,Completed
CA-2017-122490,PAY04867,Net Banking,Completed
CA-2017-122490,PAY04868,Cash on Delivery,Completed
CA-2017-122490,PAY04869,Net Banking,Completed
CA-2017-131366,PAY04870,Cash on Delivery,Pending
CA-2017-131366,PAY04871,Net Banking,Pending
CA-2017-164042,PAY04872,UPI,Completed
CA-2017-164042,PAY04873,Net Banking,Completed
CA-2017-164042,PAY04874,Net Banking,Completed
CA-2017-164042,PAY04875,Debit Card,Failed
CA-2014-132864,PAY04876,Debit Card,Completed
US-2014-155817,PAY04877,Net Banking,Completed
US-2014-155817,PAY04878,Net Banking,Pending
US-2016-131891,PAY04879,Credit Card,Completed
CA-2017-143567,PAY04880,Cash on Delivery,Failed
CA-2017-143567,PAY04881,Credit Card,Pending
CA-2017-143567,PAY04882,Net Banking,Completed
CA-2017-143567,PAY04883,Net Banking,Completed
CA-2017-104080,PAY04884,Debit Card,Completed
CA-2017-104080,PAY04885,UPI,Pending
CA-2014-151379,PAY04886,Cash on Delivery,Completed
CA-2016-163167,PAY04887,Debit Card,Completed
CA-2016-163167,PAY04888,Credit Card,Completed
CA-2016-163167,PAY04889,UPI,Pending
CA-2016-163167,PAY04890,Cash on Delivery,Completed
CA-2016-135776,PAY04891,Cash on Delivery,Completed
CA-2016-135776,PAY04892,UPI,Failed
CA-2016-135776,PAY04893,Credit Card,Completed
CA-2016-135776,PAY04894,Net Banking,Completed
CA-2016-135776,PAY04895,Debit Card,Failed
CA-2016-135776,PAY04896,Credit Card,Pending
CA-2016-135776,PAY04897,Credit Card,Completed
US-2014-122021,PAY04898,UPI,Pending
US-2014-122021,PAY04899,Credit Card,Completed
CA-2016-130484,PAY04900,UPI,Completed
CA-2017-120936,PAY04901,Debit Card,Completed
CA-2017-120936,PAY04902,UPI,Failed
CA-2017-110884,PAY04903,Credit Card,Pending
CA-2017-110884,PAY04904,Credit Card,Completed
US-2014-161613,PAY04905,Net Banking,Completed
US-2014-146353,PAY04906,Debit Card,Pending
US-2014-146353,PAY04907,Cash on Delivery,Completed
CA-2014-133809,PAY04908,Credit Card,Completed
CA-2014-133809,PAY04909,Debit Card,Completed
CA-2017-127306,PAY04910,Cash on Delivery,Completed
CA-2017-127306,PAY04911,Cash on Delivery,Pending
CA-2017-127306,PAY04912,Credit Card,Completed
CA-2017-127306,PAY04913,Cash on Delivery,Completed
CA-2017-127306,PAY04914,Cash on Delivery,Pending
CA-2015-161830,PAY04915,UPI,Failed
CA-2015-161830,PAY04916,Debit Card,Pending
CA-2017-163125,PAY04917,Cash on Delivery,Completed
CA-2017-163125,PAY04918,Credit Card,Completed
CA-2016-160304,PAY04919,Net Banking,Completed
CA-2016-160304,PAY04920,Debit Card,Completed
CA-2017-101728,PAY04921,UPI,Pending
CA-2017-114055,PAY04922,Cash on Delivery,Completed
CA-2017-114055,PAY04923,Credit Card,Completed
CA-2017-114055,PAY04924,Credit Card,Completed
CA-2017-114055,PAY04925,Net Banking,Completed
CA-2017-126438,PAY04926,Cash on Delivery,Completed
CA-2017-117653,PAY04927,Cash on Delivery,Pending
CA-2017-143245,PAY04928,Credit Card,Completed
CA-2017-143245,PAY04929,Credit Card,Completed
US-2014-138828,PAY04930,UPI,Completed
US-2014-138828,PAY04931,UPI,Completed
CA-2017-143651,PAY04932,Debit Card,Completed
CA-2015-106978,PAY04933,Credit Card,Completed
CA-2015-106978,PAY04934,Debit Card,Completed
CA-2015-106978,PAY04935,Debit Card,Completed
CA-2015-155124,PAY04936,Net Banking,Completed
CA-2017-150931,PAY04937,UPI,Completed
CA-2014-157147,PAY04938,Debit Card,Completed
CA-2014-157147,PAY04939,UPI,Failed
CA-2014-157147,PAY04940,Net Banking,Completed
CA-2015-156482,PAY04941,UPI,Completed
CA-2015-156482,PAY04942,Cash on Delivery,Pending
CA-2015-156482,PAY04943,Net Banking,Pending
CA-2017-106782,PAY04944,Credit Card,Completed
CA-2016-151372,PAY04945,Cash on Delivery,Completed
CA-2016-151372,PAY04946,Cash on Delivery,Completed
CA-2016-151372,PAY04947,Credit Card,Completed
CA-2014-102085,PAY04948,UPI,Pending
CA-2017-107125,PAY04949,Debit Card,Completed
CA-2017-107125,PAY04950,Net Banking,Pending
CA-2016-125815,PAY04951,Cash on Delivery,Completed
CA-2015-144190,PAY04952,UPI,Completed
CA-2017-117926,PAY04953,Cash on Delivery,Pending
CA-2015-153906,PAY04954,Debit Card,Completed
CA-2014-160262,PAY04955,Cash on Delivery,Pending
CA-2014-160262,PAY04956,UPI,Pending
CA-2014-160262,PAY04957,Net Banking,Completed
CA-2015-127607,PAY04958,Debit Card,Completed
CA-2015-127607,PAY04959,Net Banking,Pending
CA-2016-166226,PAY04960,Debit Card,Pending
CA-2016-166226,PAY04961,Cash on Delivery,Completed
CA-2014-156587,PAY04962,UPI,Pending
CA-2014-156587,PAY04963,Credit Card,Pending
CA-2014-156587,PAY04964,Credit Card,Completed
CA-2016-141180,PAY04965,Debit Card,Completed
CA-2015-109708,PAY04966,Debit Card,Completed
CA-2015-122406,PAY04967,Debit Card,Completed
CA-2015-122406,PAY04968,Credit Card,Completed
CA-2015-122406,PAY04969,Credit Card,Completed
CA-2015-122406,PAY04970,Net Banking,Completed
US-2016-153815,PAY04971,Credit Card,Completed
US-2016-153815,PAY04972,Net Banking,Failed
US-2016-153815,PAY04973,UPI,Failed
US-2016-153815,PAY04974,Cash on Delivery,Failed
CA-2016-164896,PAY04975,Cash on Delivery,Pending
CA-2015-142202,PAY04976,UPI,Failed
CA-2015-165050,PAY04977,Cash on Delivery,Failed
CA-2015-165050,PAY04978,Credit Card,Completed
CA-2015-165050,PAY04979,UPI,Pending
US-2016-131114,PAY04980,Debit Card,Completed
US-2016-131114,PAY04981,Cash on Delivery,Completed
US-2016-131114,PAY04982,UPI,Completed
CA-2014-160066,PAY04983,Credit Card,Completed
CA-2016-109925,PAY04984,Net Banking,Failed
CA-2015-160696,PAY04985,Credit Card,Pending
CA-2014-125171,PAY04986,Debit Card,Completed
CA-2016-149279,PAY04987,UPI,Completed
CA-2016-149279,PAY04988,Credit Card,Failed
CA-2016-149279,PAY04989,Net Banking,Pending
CA-2017-107321,PAY04990,Credit Card,Completed
CA-2017-107321,PAY04991,UPI,Completed
US-2017-122714,PAY04992,Cash on Delivery,Completed
CA-2015-153038,PAY04993,Net Banking,Completed
CA-2015-153038,PAY04994,Cash on Delivery,Completed
CA-2015-153038,PAY04995,Net Banking,Completed
CA-2014-132227,PAY04996,Credit Card,Completed
CA-2017-155824,PAY04997,Credit Card,Completed
CA-2017-155824,PAY04998,Net Banking,Failed
CA-2016-129238,PAY04999,Credit Card,Failed
CA-2016-129238,PAY05000,Net Banking,Completed
CA-2017-159688,PAY05001,Net Banking,Completed
CA-2016-136126,PAY05002,Debit Card,Pending
CA-2016-136126,PAY05003,Cash on Delivery,Completed
CA-2016-155033,PAY05004,Cash on Delivery,Completed
CA-2014-156006,PAY05005,Net Banking,Completed
CA-2015-158659,PAY05006,UPI,Completed
CA-2015-169796,PAY05007,Debit Card,Completed
CA-2015-169796,PAY05008,Net Banking,Completed
CA-2015-102876,PAY05009,Cash on Delivery,Completed
CA-2015-102876,PAY05010,Credit Card,Completed
CA-2015-102876,PAY05011,Debit Card,Failed
US-2017-139647,PAY05012,UPI,Completed
US-2017-160465,PAY05013,Net Banking,Completed
US-2017-160465,PAY05014,UPI,Completed
US-2017-160465,PAY05015,Debit Card,Completed
CA-2014-153850,PAY05016,Debit Card,Completed
CA-2014-153850,PAY05017,Credit Card,Completed
CA-2014-127558,PAY05018,UPI,Failed
CA-2014-127558,PAY05019,UPI,Failed
CA-2014-127558,PAY05020,Credit Card,Failed
CA-2017-136511,PAY05021,UPI,Completed
CA-2016-133795,PAY05022,Debit Card,Completed
CA-2016-133795,PAY05023,Credit Card,Completed
CA-2016-133795,PAY05024,UPI,Completed
US-2017-130953,PAY05025,Debit Card,Completed
US-2017-130953,PAY05026,Cash on Delivery,Failed
US-2017-130953,PAY05027,Net Banking,Completed
US-2017-130953,PAY05028,Cash on Delivery,Completed
CA-2014-151792,PAY05029,Net Banking,Pending
CA-2017-139304,PAY05030,Debit Card,Completed
CA-2017-139304,PAY05031,Credit Card,Completed
CA-2017-139304,PAY05032,UPI,Completed
CA-2016-155166,PAY05033,Credit Card,Pending
CA-2016-155166,PAY05034,Credit Card,Completed
CA-2015-103954,PAY05035,Credit Card,Completed
CA-2014-169803,PAY05036,UPI,Pending
CA-2014-169803,PAY05037,Debit Card,Pending
CA-2017-141719,PAY05038,Debit Card,Completed
CA-2015-136469,PAY05039,Cash on Delivery,Completed
CA-2015-136469,PAY05040,Cash on Delivery,Completed
CA-2015-136469,PAY05041,Debit Card,Completed
CA-2016-158694,PAY05042,Credit Card,Pending
CA-2016-158694,PAY05043,UPI,Completed
CA-2016-158694,PAY05044,Credit Card,Completed
CA-2016-158694,PAY05045,UPI,Failed
CA-2016-158694,PAY05046,Net Banking,Completed
CA-2016-158694,PAY05047,Cash on Delivery,Pending
CA-2016-158694,PAY05048,UPI,Completed
US-2014-104759,PAY05049,UPI,Completed
US-2014-104759,PAY05050,Debit Card,Completed
CA-2015-150511,PAY05051,UPI,Pending
CA-2015-134922,PAY05052,Cash on Delivery,Completed
US-2017-120607,PAY05053,Debit Card,Completed
CA-2015-141243,PAY05054,Net Banking,Completed
CA-2015-141243,PAY05055,Credit Card,Completed
CA-2015-141243,PAY05056,Cash on Delivery,Pending
CA-2015-162166,PAY05057,Debit Card,Completed
CA-2015-162166,PAY05058,Net Banking,Completed
CA-2016-120796,PAY05059,Credit Card,Completed
CA-2016-109722,PAY05060,Net Banking,Pending
CA-2016-109722,PAY05061,Cash on Delivery,Completed
CA-2015-136798,PAY05062,Cash on Delivery,Failed
CA-2015-136798,PAY05063,Credit Card,Pending
CA-2015-136798,PAY05064,UPI,Pending
CA-2017-122196,PAY05065,UPI,Completed
CA-2017-142090,PAY05066,UPI,Pending
CA-2017-142090,PAY05067,Net Banking,Completed
CA-2017-160934,PAY05068,Credit Card,Completed
CA-2014-124478,PAY05069,UPI,Completed
CA-2014-124478,PAY05070,Credit Card,Completed
CA-2014-124478,PAY05071,Credit Card,Failed
CA-2014-124478,PAY05072,Net Banking,Completed
CA-2014-124478,PAY05073,Credit Card,Completed
CA-2015-145485,PAY05074,UPI,Completed
CA-2017-151071,PAY05075,Credit Card,Failed
CA-2014-134572,PAY05076,Cash on Delivery,Pending
CA-2014-134572,PAY05077,UPI,Completed
CA-2014-134572,PAY05078,Net Banking,Completed
CA-2017-143217,PAY05079,UPI,Completed
US-2017-133312,PAY05080,Credit Card,Completed
US-2017-133312,PAY05081,Debit Card,Completed
US-2015-137533,PAY05082,Cash on Delivery,Pending
CA-2016-155138,PAY05083,UPI,Completed
CA-2016-155138,PAY05084,Cash on Delivery,Completed
CA-2016-108350,PAY05085,Debit Card,Failed
CA-2015-144302,PAY05086,Net Banking,Completed
CA-2015-109001,PAY05087,Debit Card,Completed
CA-2015-109001,PAY05088,Net Banking,Completed
CA-2015-109001,PAY05089,UPI,Completed
CA-2017-132738,PAY05090,Debit Card,Completed
CA-2017-132738,PAY05091,Net Banking,Completed
CA-2017-156720,PAY05092,Net Banking,Completed
CA-2015-119102,PAY05093,UPI,Completed
US-2014-140452,PAY05094,UPI,Pending
US-2014-140452,PAY05095,Debit Card,Pending
US-2014-140452,PAY05096,Debit Card,Completed
US-2014-140452,PAY05097,Cash on Delivery,Completed
US-2014-140452,PAY05098,Debit Card,Completed
US-2014-140452,PAY05099,Credit Card,Completed
CA-2015-141936,PAY05100,Credit Card,Completed
CA-2014-158442,PAY05101,Credit Card,Completed
CA-2014-158442,PAY05102,UPI,Completed
CA-2014-158442,PAY05103,Net Banking,Failed
CA-2015-167374,PAY05104,Net Banking,Completed
CA-2015-167374,PAY05105,Net Banking,Completed
CA-2014-116568,PAY05106,Debit Card,Pending
CA-2015-147102,PAY05107,UPI,Failed
CA-2017-132213,PAY05108,Cash on Delivery,Failed
CA-2017-132213,PAY05109,UPI,Failed
CA-2014-138450,PAY05110,UPI,Completed
CA-2014-138450,PAY05111,Cash on Delivery,Pending
CA-2014-138450,PAY05112,UPI,Completed
CA-2015-153073,PAY05113,UPI,Failed
CA-2016-147970,PAY05114,Debit Card,Completed
CA-2016-150658,PAY05115,Net Banking,Pending
CA-2017-125640,PAY05116,UPI,Pending
CA-2017-154137,PAY05117,Credit Card,Completed
CA-2015-127173,PAY05118,UPI,Pending
CA-2015-127173,PAY05119,UPI,Pending
CA-2015-127173,PAY05120,Net Banking,Completed
CA-2014-149538,PAY05121,Net Banking,Completed
CA-2014-149538,PAY05122,Debit Card,Pending
CA-2014-149538,PAY05123,Credit Card,Failed
CA-2014-149538,PAY05124,Debit Card,Completed
CA-2014-160766,PAY05125,Cash on Delivery,Failed
CA-2014-160766,PAY05126,UPI,Pending
CA-2014-160766,PAY05127,Debit Card,Completed
CA-2014-160766,PAY05128,UPI,Completed
CA-2014-160766,PAY05129,Net Banking,Failed
CA-2014-160766,PAY05130,Net Banking,Completed
CA-2014-160766,PAY05131,Credit Card,Completed
CA-2017-146626,PAY05132,UPI,Completed
CA-2015-123330,PAY05133,Credit Card,Pending
CA-2017-155607,PAY05134,Cash on Delivery,Completed
CA-2017-155607,PAY05135,UPI,Completed
CA-2016-151323,PAY05136,Net Banking,Completed
CA-2015-146696,PAY05137,Credit Card,Failed
CA-2016-128972,PAY05138,Debit Card,Completed
CA-2017-128335,PAY05139,Credit Card,Completed
CA-2017-128335,PAY05140,Cash on Delivery,Completed
CA-2015-154886,PAY05141,UPI,Pending
CA-2016-111213,PAY05142,Debit Card,Completed
CA-2016-111213,PAY05143,Net Banking,Completed
CA-2016-111213,PAY05144,Cash on Delivery,Completed
CA-2017-161333,PAY05145,Cash on Delivery,Completed
CA-2017-161333,PAY05146,Credit Card,Completed
CA-2017-161333,PAY05147,Credit Card,Failed
CA-2017-128734,PAY05148,Net Banking,Completed
CA-2017-128734,PAY05149,UPI,Completed
CA-2014-141796,PAY05150,UPI,Pending
CA-2017-125101,PAY05151,Credit Card,Completed
CA-2017-169929,PAY05152,Net Banking,Completed
US-2014-121566,PAY05153,UPI,Completed
US-2014-121566,PAY05154,Cash on Delivery,Pending
US-2015-124219,PAY05155,Cash on Delivery,Pending
US-2015-124219,PAY05156,Cash on Delivery,Failed
CA-2017-163006,PAY05157,Credit Card,Completed
CA-2017-163006,PAY05158,Net Banking,Completed
CA-2017-163006,PAY05159,Cash on Delivery,Completed
CA-2015-156146,PAY05160,UPI,Completed
CA-2015-156146,PAY05161,Credit Card,Pending
CA-2014-111192,PAY05162,Net Banking,Pending
CA-2016-115378,PAY05163,UPI,Completed
CA-2015-161627,PAY05164,Debit Card,Completed
CA-2014-121006,PAY05165,UPI,Pending
CA-2014-121006,PAY05166,Net Banking,Completed
CA-2014-121006,PAY05167,Debit Card,Completed
CA-2014-121006,PAY05168,Cash on Delivery,Completed
CA-2014-121006,PAY05169,Debit Card,Failed
CA-2014-121006,PAY05170,Cash on Delivery,Completed
CA-2016-122903,PAY05171,Credit Card,Completed
CA-2016-122903,PAY05172,Net Banking,Completed
CA-2016-122903,PAY05173,UPI,Completed
CA-2015-107741,PAY05174,Credit Card,Completed
CA-2017-106432,PAY05175,Debit Card,Completed
CA-2017-106432,PAY05176,Credit Card,Failed
CA-2016-148908,PAY05177,Cash on Delivery,Completed
CA-2016-123015,PAY05178,Net Banking,Pending
US-2015-120502,PAY05179,Cash on Delivery,Completed
US-2015-120502,PAY05180,UPI,Completed
US-2015-120502,PAY05181,Credit Card,Completed
CA-2017-108749,PAY05182,Cash on Delivery,Completed
CA-2017-108749,PAY05183,Net Banking,Pending
CA-2017-163335,PAY05184,Cash on Delivery,Completed
CA-2017-163335,PAY05185,UPI,Completed
CA-2015-134719,PAY05186,Cash on Delivery,Completed
US-2015-154389,PAY05187,Net Banking,Completed
CA-2015-115567,PAY05188,Cash on Delivery,Pending
CA-2015-115567,PAY05189,Debit Card,Completed
US-2017-136679,PAY05190,Credit Card,Completed
US-2017-136679,PAY05191,Cash on Delivery,Pending
US-2017-141943,PAY05192,Net Banking,Pending
CA-2014-101560,PAY05193,UPI,Failed
CA-2014-101560,PAY05194,Debit Card,Completed
CA-2014-101560,PAY05195,Credit Card,Completed
CA-2014-101560,PAY05196,Net Banking,Pending
CA-2014-159709,PAY05197,Cash on Delivery,Completed
CA-2014-159709,PAY05198,Cash on Delivery,Completed
CA-2016-103982,PAY05199,Cash on Delivery,Pending
CA-2016-103982,PAY05200,UPI,Completed
CA-2016-103982,PAY05201,Cash on Delivery,Completed
CA-2016-103982,PAY05202,Net Banking,Completed
CA-2015-142454,PAY05203,Net Banking,Pending
CA-2015-142454,PAY05204,UPI,Pending
CA-2015-102015,PAY05205,UPI,Completed
CA-2015-102015,PAY05206,UPI,Pending
CA-2015-102015,PAY05207,Debit Card,Pending
CA-2015-102015,PAY05208,Credit Card,Completed
CA-2015-102015,PAY05209,Credit Card,Completed
CA-2015-102015,PAY05210,Net Banking,Completed
CA-2015-156755,PAY05211,Net Banking,Completed
CA-2015-130876,PAY05212,UPI,Completed
CA-2016-145898,PAY05213,Net Banking,Completed
CA-2016-145898,PAY05214,Cash on Delivery,Failed
CA-2016-145898,PAY05215,Cash on Delivery,Completed
CA-2016-145898,PAY05216,Cash on Delivery,Completed
US-2017-159562,PAY05217,Net Banking,Pending
CA-2017-134635,PAY05218,UPI,Completed
CA-2017-167080,PAY05219,Net Banking,Completed
CA-2017-145653,PAY05220,UPI,Completed
CA-2014-140487,PAY05221,Debit Card,Failed
CA-2017-117401,PAY05222,Debit Card,Completed
CA-2017-117401,PAY05223,Net Banking,Failed
CA-2017-117401,PAY05224,Credit Card,Pending
US-2017-109582,PAY05225,Cash on Delivery,Failed
CA-2016-119865,PAY05226,UPI,Completed
CA-2016-119865,PAY05227,Credit Card,Completed
CA-2016-119865,PAY05228,Net Banking,Failed
US-2014-147648,PAY05229,Cash on Delivery,Completed
CA-2017-124436,PAY05230,Net Banking,Completed
CA-2017-124436,PAY05231,UPI,Completed
CA-2017-124436,PAY05232,Credit Card,Failed
CA-2017-124436,PAY05233,Cash on Delivery,Completed
CA-2014-115084,PAY05234,Credit Card,Completed
CA-2017-131037,PAY05235,Credit Card,Failed
CA-2016-111143,PAY05236,Net Banking,Pending
CA-2014-166744,PAY05237,Credit Card,Completed
CA-2014-166744,PAY05238,Net Banking,Completed
CA-2014-166744,PAY05239,Net Banking,Pending
CA-2016-116561,PAY05240,Debit Card,Completed
CA-2016-116561,PAY05241,Debit Card,Completed
CA-2016-110730,PAY05242,Debit Card,Completed
CA-2017-146367,PAY05243,Cash on Delivery,Completed
CA-2016-149454,PAY05244,Credit Card,Completed
CA-2016-156265,PAY05245,Debit Card,Completed
CA-2016-156265,PAY05246,UPI,Pending
CA-2016-156265,PAY05247,Net Banking,Failed
US-2015-168914,PAY05248,Cash on Delivery,Completed
US-2017-110989,PAY05249,Cash on Delivery,Completed
CA-2015-106215,PAY05250,Credit Card,Pending
US-2016-169369,PAY05251,Net Banking,Pending
US-2016-169369,PAY05252,Debit Card,Completed
CA-2015-132318,PAY05253,UPI,Completed
US-2014-131982,PAY05254,Credit Card,Pending
CA-2015-125185,PAY05255,Credit Card,Completed
CA-2015-125185,PAY05256,Debit Card,Pending
CA-2016-130078,PAY05257,Cash on Delivery,Completed
US-2017-114034,PAY05258,Credit Card,Completed
US-2017-115595,PAY05259,Credit Card,Pending
CA-2017-158722,PAY05260,Cash on Delivery,Completed
CA-2014-105165,PAY05261,Debit Card,Completed
CA-2014-105165,PAY05262,Credit Card,Completed
CA-2014-105165,PAY05263,Cash on Delivery,Completed
CA-2014-105165,PAY05264,Credit Card,Completed
CA-2014-105165,PAY05265,Credit Card,Completed
CA-2017-147452,PAY05266,Net Banking,Completed
CA-2017-147452,PAY05267,Debit Card,Completed
CA-2017-147452,PAY05268,Debit Card,Completed
US-2017-114657,PAY05269,UPI,Completed
CA-2017-144484,PAY05270,UPI,Pending
CA-2017-144484,PAY05271,Cash on Delivery,Completed
CA-2017-125913,PAY05272,Credit Card,Pending
CA-2017-125913,PAY05273,UPI,Completed
US-2016-158309,PAY05274,Cash on Delivery,Completed
CA-2015-162887,PAY05275,UPI,Completed
CA-2017-147333,PAY05276,Credit Card,Pending
CA-2017-147333,PAY05277,Cash on Delivery,Failed
CA-2014-113859,PAY05278,Debit Card,Completed
CA-2014-159681,PAY05279,Cash on Delivery,Completed
US-2017-104094,PAY05280,Cash on Delivery,Completed
CA-2017-152709,PAY05281,Net Banking,Completed
CA-2015-105158,PAY05282,UPI,Failed
CA-2015-105158,PAY05283,Cash on Delivery,Completed
CA-2014-133424,PAY05284,Debit Card,Completed
CA-2014-133424,PAY05285,UPI,Completed
CA-2017-105991,PAY05286,UPI,Completed
CA-2017-105991,PAY05287,Debit Card,Completed
CA-2017-105991,PAY05288,UPI,Pending
US-2017-136784,PAY05289,Credit Card,Completed
CA-2014-146283,PAY05290,Net Banking,Completed
CA-2014-146283,PAY05291,Credit Card,Failed
CA-2014-146283,PAY05292,Credit Card,Completed
CA-2017-151218,PAY05293,UPI,Completed
CA-2015-111073,PAY05294,UPI,Completed
CA-2017-144883,PAY05295,Credit Card,Failed
CA-2017-142174,PAY05296,Net Banking,Pending
CA-2017-108791,PAY05297,Credit Card,Completed
CA-2017-108791,PAY05298,UPI,Completed
CA-2016-106656,PAY05299,Debit Card,Completed
CA-2016-106656,PAY05300,Net Banking,Pending
CA-2016-113831,PAY05301,Cash on Delivery,Completed
CA-2016-113831,PAY05302,UPI,Completed
CA-2016-113831,PAY05303,UPI,Completed
US-2014-139500,PAY05304,UPI,Completed
US-2014-166310,PAY05305,Net Banking,Completed
US-2016-168410,PAY05306,UPI,Completed
US-2016-168410,PAY05307,Net Banking,Completed
US-2016-168410,PAY05308,Credit Card,Completed
CA-2017-131254,PAY05309,UPI,Completed
CA-2017-131254,PAY05310,Cash on Delivery,Completed
CA-2017-131254,PAY05311,UPI,Completed
CA-2016-123414,PAY05312,Debit Card,Pending
CA-2016-123414,PAY05313,Credit Card,Completed
CA-2017-137876,PAY05314,Debit Card,Completed
CA-2017-137876,PAY05315,UPI,Completed
CA-2016-154060,PAY05316,Cash on Delivery,Completed
US-2017-162558,PAY05317,Net Banking,Failed
US-2017-162558,PAY05318,Net Banking,Completed
US-2017-162558,PAY05319,UPI,Pending
US-2017-162558,PAY05320,Cash on Delivery,Completed
US-2017-162558,PAY05321,Cash on Delivery,Completed
US-2017-162558,PAY05322,Net Banking,Completed
US-2017-162558,PAY05323,UPI,Completed
CA-2017-134439,PAY05324,Credit Card,Failed
CA-2015-119508,PAY05325,Cash on Delivery,Completed
CA-2015-119508,PAY05326,Net Banking,Completed
CA-2015-152681,PAY05327,UPI,Completed
CA-2014-130813,PAY05328,Net Banking,Completed
CA-2015-120320,PAY05329,Cash on Delivery,Completed
CA-2016-111941,PAY05330,Credit Card,Completed
CA-2016-123120,PAY05331,Net Banking,Completed
CA-2016-123120,PAY05332,Credit Card,Pending
CA-2016-123120,PAY05333,Net Banking,Pending
CA-2014-103331,PAY05334,Net Banking,Completed
CA-2014-103331,PAY05335,Net Banking,Completed
CA-2014-103331,PAY05336,Cash on Delivery,Completed
CA-2015-169278,PAY05337,UPI,Completed
CA-2017-111577,PAY05338,Cash on Delivery,Completed
CA-2015-146486,PAY05339,UPI,Completed
CA-2015-146486,PAY05340,Debit Card,Failed
CA-2015-146486,PAY05341,Credit Card,Completed
CA-2015-146486,PAY05342,Debit Card,Completed
US-2014-168501,PAY05343,Cash on Delivery,Pending
US-2014-168501,PAY05344,Net Banking,Completed
CA-2015-112053,PAY05345,Debit Card,Completed
CA-2017-108539,PAY05346,UPI,Failed
CA-2017-108539,PAY05347,Credit Card,Completed
CA-2017-108539,PAY05348,Credit Card,Pending
CA-2015-149811,PAY05349,Credit Card,Completed
CA-2015-149811,PAY05350,Debit Card,Completed
US-2017-103814,PAY05351,Net Banking,Completed
CA-2016-123932,PAY05352,UPI,Completed
CA-2016-123932,PAY05353,Debit Card,Pending
US-2016-101616,PAY05354,Debit Card,Pending
CA-2014-113768,PAY05355,Debit Card,Completed
CA-2014-113768,PAY05356,UPI,Completed
CA-2016-138037,PAY05357,Net Banking,Completed
CA-2014-150490,PAY05358,Cash on Delivery,Completed
CA-2014-150490,PAY05359,Net Banking,Completed
CA-2014-150490,PAY05360,Credit Card,Pending
US-2017-126060,PAY05361,UPI,Completed
CA-2017-100951,PAY05362,Debit Card,Completed
CA-2016-122017,PAY05363,Cash on Delivery,Completed
CA-2016-122017,PAY05364,Debit Card,Completed
CA-2014-123477,PAY05365,Cash on Delivery,Pending
CA-2016-107790,PAY05366,Net Banking,Completed
CA-2017-158071,PAY05367,Debit Card,Completed
CA-2017-158071,PAY05368,UPI,Pending
CA-2017-158071,PAY05369,Debit Card,Completed
CA-2017-147403,PAY05370,Debit Card,Completed
US-2017-136721,PAY05371,Debit Card,Completed
US-2017-136721,PAY05372,Credit Card,Pending
CA-2015-118738,PAY05373,Cash on Delivery,Completed
CA-2015-118738,PAY05374,Credit Card,Completed
CA-2015-118738,PAY05375,Cash on Delivery,Completed
CA-2017-134152,PAY05376,Debit Card,Failed
CA-2017-134152,PAY05377,Cash on Delivery,Failed
CA-2014-125542,PAY05378,UPI,Completed
CA-2014-125542,PAY05379,UPI,Pending
CA-2016-136021,PAY05380,Cash on Delivery,Completed
CA-2016-136021,PAY05381,Credit Card,Completed
CA-2016-149195,PAY05382,Net Banking,Completed
CA-2016-149195,PAY05383,Credit Card,Completed
CA-2016-149195,PAY05384,Credit Card,Completed
CA-2017-161410,PAY05385,Credit Card,Completed
CA-2017-161410,PAY05386,Cash on Delivery,Completed
CA-2017-152786,PAY05387,UPI,Completed
CA-2017-164707,PAY05388,Net Banking,Completed
CA-2017-164707,PAY05389,Net Banking,Completed
CA-2017-164707,PAY05390,Credit Card,Failed
CA-2017-163874,PAY05391,Debit Card,Completed
US-2014-123183,PAY05392,Net Banking,Completed
US-2014-123183,PAY05393,Net Banking,Completed
US-2014-123183,PAY05394,Credit Card,Pending
US-2014-123183,PAY05395,Net Banking,Failed
CA-2014-104829,PAY05396,Cash on Delivery,Completed
US-2016-147340,PAY05397,UPI,Completed
CA-2016-145492,PAY05398,UPI,Completed
CA-2016-163202,PAY05399,Net Banking,Completed
CA-2016-117681,PAY05400,UPI,Completed
CA-2017-132262,PAY05401,UPI,Completed
CA-2017-132262,PAY05402,Debit Card,Pending
CA-2017-123043,PAY05403,UPI,Completed
CA-2017-123043,PAY05404,Net Banking,Completed
US-2016-143280,PAY05405,UPI,Completed
US-2016-143280,PAY05406,Credit Card,Completed
US-2016-143280,PAY05407,Debit Card,Pending
CA-2017-108854,PAY05408,Debit Card,Failed
CA-2017-108854,PAY05409,UPI,Completed
CA-2017-108854,PAY05410,UPI,Completed
CA-2017-108854,PAY05411,Credit Card,Failed
CA-2017-166856,PAY05412,Debit Card,Completed
CA-2017-166856,PAY05413,UPI,Completed
CA-2016-153157,PAY05414,UPI,Completed
US-2017-125647,PAY05415,Cash on Delivery,Completed
US-2017-125647,PAY05416,Credit Card,Pending
US-2017-125647,PAY05417,Credit Card,Failed
CA-2014-132542,PAY05418,Debit Card,Completed
CA-2015-110877,PAY05419,Credit Card,Completed
CA-2015-110877,PAY05420,Cash on Delivery,Completed
US-2016-151827,PAY05421,Credit Card,Completed
US-2016-151827,PAY05422,Net Banking,Completed
US-2016-163258,PAY05423,Net Banking,Completed
CA-2017-103009,PAY05424,Credit Card,Completed
US-2017-120649,PAY05425,Credit Card,Completed
CA-2016-153598,PAY05426,Credit Card,Completed
CA-2016-153598,PAY05427,Net Banking,Pending
US-2016-108497,PAY05428,Net Banking,Completed
CA-2016-113096,PAY05429,Cash on Delivery,Completed
CA-2014-136861,PAY05430,Cash on Delivery,Failed
CA-2017-117422,PAY05431,UPI,Completed
CA-2017-117422,PAY05432,UPI,Completed
CA-2017-117422,PAY05433,Cash on Delivery,Completed
CA-2017-129707,PAY05434,Cash on Delivery,Completed
CA-2015-160171,PAY05435,Credit Card,Completed
CA-2015-160171,PAY05436,Credit Card,Completed
CA-2014-103317,PAY05437,UPI,Completed
CA-2014-103317,PAY05438,UPI,Completed
CA-2014-103317,PAY05439,Debit Card,Pending
CA-2016-167115,PAY05440,Debit Card,Completed
US-2017-153633,PAY05441,Debit Card,Failed
CA-2017-155929,PAY05442,Credit Card,Completed
CA-2015-148712,PAY05443,Cash on Delivery,Completed
CA-2015-148712,PAY05444,Cash on Delivery,Completed
CA-2015-148712,PAY05445,Debit Card,Pending
CA-2016-128307,PAY05446,UPI,Completed
US-2016-127425,PAY05447,Credit Card,Pending
US-2016-127425,PAY05448,Debit Card,Completed
US-2014-119081,PAY05449,Cash on Delivery,Pending
US-2014-119081,PAY05450,Debit Card,Completed
US-2014-119081,PAY05451,Debit Card,Completed
US-2014-119081,PAY05452,Credit Card,Completed
CA-2016-140613,PAY05453,Debit Card,Pending
US-2017-108700,PAY05454,UPI,Completed
CA-2017-160962,PAY05455,Cash on Delivery,Failed
CA-2017-160962,PAY05456,Credit Card,Completed
CA-2017-130631,PAY05457,UPI,Completed
CA-2017-130631,PAY05458,UPI,Completed
CA-2017-116680,PAY05459,Debit Card,Completed
CA-2017-116680,PAY05460,Cash on Delivery,Pending
US-2014-107405,PAY05461,Net Banking,Pending
CA-2017-101574,PAY05462,Cash on Delivery,Completed
CA-2014-146591,PAY05463,Credit Card,Completed
CA-2014-146591,PAY05464,UPI,Completed
CA-2014-146591,PAY05465,Credit Card,Failed
CA-2014-146591,PAY05466,Cash on Delivery,Completed
CA-2014-107706,PAY05467,Debit Card,Completed
CA-2016-122448,PAY05468,Net Banking,Pending
CA-2014-132451,PAY05469,UPI,Completed
CA-2014-132451,PAY05470,Credit Card,Failed
CA-2016-158547,PAY05471,UPI,Completed
CA-2017-116946,PAY05472,Cash on Delivery,Pending
CA-2017-116946,PAY05473,UPI,Completed
CA-2017-116946,PAY05474,Net Banking,Completed
CA-2017-121741,PAY05475,Credit Card,Pending
CA-2017-169691,PAY05476,UPI,Completed
CA-2017-169691,PAY05477,UPI,Completed
CA-2017-169691,PAY05478,UPI,Completed
CA-2016-121356,PAY05479,Credit Card,Pending
CA-2014-101770,PAY05480,UPI,Pending
CA-2017-105487,PAY05481,Cash on Delivery,Failed
CA-2017-105487,PAY05482,Debit Card,Failed
CA-2017-105487,PAY05483,Cash on Delivery,Completed
CA-2017-105487,PAY05484,UPI,Pending
CA-2017-148999,PAY05485,Net Banking,Completed
CA-2014-107573,PAY05486,Net Banking,Pending
CA-2015-156608,PAY05487,UPI,Completed
CA-2017-134495,PAY05488,Cash on Delivery,Completed
CA-2017-134495,PAY05489,Net Banking,Completed
CA-2017-134495,PAY05490,Debit Card,Completed
CA-2017-134495,PAY05491,Cash on Delivery,Pending
CA-2017-164098,PAY05492,Net Banking,Completed
CA-2014-105249,PAY05493,Debit Card,Completed
CA-2014-105249,PAY05494,Debit Card,Completed
CA-2014-105249,PAY05495,UPI,Completed
CA-2015-113523,PAY05496,Cash on Delivery,Completed
CA-2017-117821,PAY05497,Debit Card,Completed
CA-2017-164378,PAY05498,Credit Card,Completed
CA-2017-164378,PAY05499,Net Banking,Pending
CA-2017-164378,PAY05500,Credit Card,Completed
CA-2017-164378,PAY05501,Debit Card,Completed
CA-2017-164378,PAY05502,Debit Card,Completed
CA-2017-127782,PAY05503,Cash on Delivery,Pending
CA-2017-127782,PAY05504,UPI,Completed
CA-2017-127782,PAY05505,Credit Card,Pending
CA-2017-127782,PAY05506,UPI,Completed
US-2016-162026,PAY05507,Debit Card,Completed
CA-2016-150000,PAY05508,UPI,Completed
CA-2015-168529,PAY05509,Credit Card,Completed
US-2017-152569,PAY05510,Net Banking,Failed
US-2017-152569,PAY05511,Debit Card,Completed
US-2014-137680,PAY05512,Debit Card,Completed
US-2014-137680,PAY05513,Credit Card,Completed
CA-2015-103177,PAY05514,UPI,Completed
CA-2015-103177,PAY05515,UPI,Failed
CA-2015-103177,PAY05516,UPI,Completed
US-2016-138408,PAY05517,Net Banking,Pending
CA-2017-117667,PAY05518,UPI,Pending
CA-2017-117667,PAY05519,Debit Card,Completed
CA-2017-117667,PAY05520,Net Banking,Completed
CA-2017-117667,PAY05521,Debit Card,Completed
CA-2017-117667,PAY05522,Debit Card,Completed
CA-2016-110982,PAY05523,Credit Card,Completed
CA-2016-110982,PAY05524,Net Banking,Completed
CA-2016-147123,PAY05525,UPI,Completed
CA-2017-154501,PAY05526,Debit Card,Completed
CA-2017-166933,PAY05527,Debit Card,Completed
CA-2015-142055,PAY05528,Net Banking,Completed
CA-2015-137106,PAY05529,UPI,Completed
CA-2017-136609,PAY05530,Cash on Delivery,Completed
CA-2017-160885,PAY05531,Cash on Delivery,Completed
US-2016-167472,PAY05532,Credit Card,Completed
US-2016-167472,PAY05533,Debit Card,Completed
US-2016-167472,PAY05534,Net Banking,Completed
US-2016-167472,PAY05535,Net Banking,Completed
US-2016-167472,PAY05536,Cash on Delivery,Completed
US-2016-167472,PAY05537,Debit Card,Completed
US-2016-167472,PAY05538,UPI,Completed
CA-2015-120551,PAY05539,Debit Card,Pending
US-2017-150595,PAY05540,Credit Card,Completed
US-2017-150595,PAY05541,Net Banking,Completed
US-2017-150595,PAY05542,Debit Card,Failed
CA-2016-134936,PAY05543,Net Banking,Completed
CA-2016-134936,PAY05544,Credit Card,Completed
CA-2016-134936,PAY05545,Net Banking,Completed
CA-2017-102967,PAY05546,UPI,Pending
CA-2017-151008,PAY05547,Cash on Delivery,Completed
CA-2017-151008,PAY05548,Debit Card,Completed
CA-2014-159800,PAY05549,UPI,Completed
CA-2014-159800,PAY05550,Net Banking,Completed
US-2014-159618,PAY05551,Debit Card,Pending
US-2014-159618,PAY05552,Debit Card,Pending
US-2014-159618,PAY05553,Cash on Delivery,Completed
US-2014-159618,PAY05554,Credit Card,Completed
US-2014-159618,PAY05555,Cash on Delivery,Completed
CA-2017-116113,PAY05556,Debit Card,Completed
CA-2015-125066,PAY05557,Cash on Delivery,Pending
CA-2015-125066,PAY05558,Debit Card,Completed
US-2015-114741,PAY05559,Credit Card,Completed
US-2015-114741,PAY05560,Cash on Delivery,Completed
US-2015-114741,PAY05561,Net Banking,Completed
CA-2017-133263,PAY05562,Cash on Delivery,Pending
CA-2017-133263,PAY05563,Debit Card,Pending
CA-2017-133263,PAY05564,UPI,Completed
CA-2017-157966,PAY05565,Cash on Delivery,Pending
CA-2017-157966,PAY05566,Cash on Delivery,Failed
CA-2017-157966,PAY05567,UPI,Completed
CA-2017-157966,PAY05568,UPI,Failed
CA-2017-157966,PAY05569,Cash on Delivery,Completed
CA-2017-157966,PAY05570,UPI,Completed
CA-2017-157966,PAY05571,UPI,Completed
CA-2014-151162,PAY05572,Debit Card,Pending
CA-2014-151162,PAY05573,Debit Card,Completed
CA-2014-151162,PAY05574,UPI,Pending
CA-2014-151162,PAY05575,UPI,Completed
CA-2014-151162,PAY05576,Debit Card,Completed
CA-2016-136686,PAY05577,Credit Card,Failed
CA-2016-136686,PAY05578,Debit Card,Completed
CA-2017-137498,PAY05579,Debit Card,Completed
CA-2017-137498,PAY05580,Credit Card,Completed
CA-2017-137498,PAY05581,UPI,Completed
CA-2017-163818,PAY05582,Net Banking,Failed
CA-2016-161158,PAY05583,Cash on Delivery,Completed
CA-2014-116673,PAY05584,Net Banking,Pending
CA-2017-105333,PAY05585,Credit Card,Pending
CA-2017-105333,PAY05586,Net Banking,Completed
CA-2017-105333,PAY05587,Net Banking,Completed
CA-2015-149993,PAY05588,Debit Card,Pending
CA-2014-168158,PAY05589,Debit Card,Completed
CA-2016-115224,PAY05590,Debit Card,Pending
CA-2016-115224,PAY05591,Debit Card,Pending
CA-2014-164742,PAY05592,Credit Card,Completed
CA-2014-164742,PAY05593,UPI,Completed
US-2017-108014,PAY05594,Cash on Delivery,Completed
CA-2017-160325,PAY05595,UPI,Completed
CA-2017-160325,PAY05596,Debit Card,Failed
CA-2015-159779,PAY05597,Cash on Delivery,Completed
CA-2017-151176,PAY05598,Debit Card,Pending
CA-2017-151176,PAY05599,Cash on Delivery,Completed
CA-2014-108903,PAY05600,UPI,Completed
CA-2014-108903,PAY05601,UPI,Completed
CA-2014-108903,PAY05602,UPI,Completed
CA-2016-117919,PAY05603,Credit Card,Pending
CA-2016-117919,PAY05604,Debit Card,Completed
CA-2015-142475,PAY05605,Debit Card,Completed
CA-2016-134516,PAY05606,Net Banking,Failed
CA-2016-134516,PAY05607,Cash on Delivery,Completed
CA-2017-105193,PAY05608,Debit Card,Completed
CA-2015-168634,PAY05609,Debit Card,Completed
CA-2017-117198,PAY05610,Cash on Delivery,Pending
CA-2015-145828,PAY05611,Credit Card,Completed
CA-2017-121027,PAY05612,Cash on Delivery,Completed
CA-2017-121027,PAY05613,Net Banking,Completed
CA-2016-147431,PAY05614,Cash on Delivery,Completed
CA-2016-158001,PAY05615,Credit Card,Completed
CA-2016-158001,PAY05616,Cash on Delivery,Completed
CA-2016-158001,PAY05617,Credit Card,Completed
CA-2017-125745,PAY05618,Cash on Delivery,Completed
CA-2015-101154,PAY05619,Net Banking,Completed
US-2016-124163,PAY05620,Debit Card,Completed
US-2016-124163,PAY05621,Cash on Delivery,Pending
US-2016-124163,PAY05622,Debit Card,Failed
US-2016-124163,PAY05623,Cash on Delivery,Completed
CA-2016-121748,PAY05624,Cash on Delivery,Completed
CA-2016-121748,PAY05625,UPI,Completed
CA-2014-126683,PAY05626,UPI,Completed
CA-2014-126683,PAY05627,Credit Card,Completed
CA-2017-148810,PAY05628,Net Banking,Completed
CA-2017-148810,PAY05629,Net Banking,Completed
US-2016-146066,PAY05630,UPI,Pending
CA-2014-127614,PAY05631,Debit Card,Completed
CA-2014-127614,PAY05632,Credit Card,Completed
CA-2014-127614,PAY05633,UPI,Completed
CA-2016-101742,PAY05634,UPI,Pending
CA-2015-134943,PAY05635,Debit Card,Completed
CA-2017-123022,PAY05636,Cash on Delivery,Completed
CA-2017-123022,PAY05637,Net Banking,Pending
CA-2017-113208,PAY05638,Debit Card,Completed
CA-2014-154893,PAY05639,UPI,Completed
CA-2014-154893,PAY05640,Net Banking,Completed
CA-2014-147900,PAY05641,Net Banking,Completed
CA-2017-106355,PAY05642,Cash on Delivery,Pending
CA-2016-127985,PAY05643,UPI,Completed
CA-2015-166604,PAY05644,Credit Card,Completed
CA-2017-120719,PAY05645,Cash on Delivery,Completed
CA-2017-127117,PAY05646,Credit Card,Completed
CA-2015-104241,PAY05647,Credit Card,Completed
CA-2017-168179,PAY05648,Debit Card,Completed
CA-2017-142342,PAY05649,Net Banking,Pending
CA-2017-142342,PAY05650,Net Banking,Completed
CA-2017-142342,PAY05651,Credit Card,Completed
CA-2017-142342,PAY05652,Credit Card,Completed
CA-2017-109099,PAY05653,Credit Card,Completed
US-2014-134187,PAY05654,Cash on Delivery,Completed
CA-2016-145261,PAY05655,UPI,Completed
CA-2016-145261,PAY05656,Net Banking,Completed
CA-2016-145261,PAY05657,Debit Card,Pending
CA-2016-145261,PAY05658,Cash on Delivery,Completed
CA-2016-145261,PAY05659,Cash on Delivery,Completed
CA-2016-145261,PAY05660,UPI,Completed
CA-2016-145261,PAY05661,Net Banking,Completed
CA-2016-108875,PAY05662,Credit Card,Completed
CA-2016-108875,PAY05663,Credit Card,Pending
CA-2016-141957,PAY05664,Debit Card,Completed
CA-2016-141957,PAY05665,Debit Card,Pending
CA-2016-141957,PAY05666,UPI,Pending
CA-2016-141957,PAY05667,Credit Card,Completed
CA-2016-142405,PAY05668,Net Banking,Pending
CA-2016-142405,PAY05669,Cash on Delivery,Completed
CA-2016-142405,PAY05670,Debit Card,Completed
CA-2015-141012,PAY05671,UPI,Completed
CA-2015-141012,PAY05672,Credit Card,Completed
CA-2017-127922,PAY05673,Debit Card,Completed
CA-2017-127922,PAY05674,Debit Card,Completed
CA-2016-146318,PAY05675,Credit Card,Completed
CA-2014-135993,PAY05676,UPI,Pending
CA-2014-135993,PAY05677,Debit Card,Completed
CA-2014-126802,PAY05678,Cash on Delivery,Pending
CA-2016-143924,PAY05679,Credit Card,Failed
CA-2016-143924,PAY05680,Debit Card,Completed
CA-2016-141551,PAY05681,Credit Card,Completed
CA-2016-141551,PAY05682,UPI,Pending
CA-2014-164315,PAY05683,Net Banking,Completed
CA-2014-164315,PAY05684,Debit Card,Completed
CA-2014-164315,PAY05685,Credit Card,Completed
CA-2015-131072,PAY05686,Debit Card,Pending
CA-2014-131541,PAY05687,Cash on Delivery,Completed
CA-2014-131541,PAY05688,Net Banking,Completed
CA-2014-131541,PAY05689,Net Banking,Completed
CA-2015-119550,PAY05690,Net Banking,Failed
US-2015-138093,PAY05691,UPI,Completed
US-2015-138093,PAY05692,UPI,Completed
US-2015-138093,PAY05693,Net Banking,Pending
US-2015-138093,PAY05694,Cash on Delivery,Completed
US-2015-138093,PAY05695,Cash on Delivery,Completed
CA-2016-126165,PAY05696,UPI,Failed
CA-2017-126123,PAY05697,Cash on Delivery,Completed
CA-2017-126123,PAY05698,Debit Card,Completed
CA-2016-143441,PAY05699,UPI,Completed
CA-2017-148320,PAY05700,Net Banking,Completed
CA-2016-125661,PAY05701,Net Banking,Failed
CA-2016-125661,PAY05702,UPI,Pending
US-2014-123519,PAY05703,Net Banking,Completed
US-2014-123519,PAY05704,Debit Card,Completed
US-2014-123519,PAY05705,Net Banking,Completed
CA-2014-155593,PAY05706,Cash on Delivery,Completed
CA-2017-136000,PAY05707,Cash on Delivery,Pending
US-2015-160857,PAY05708,Net Banking,Completed
US-2015-160857,PAY05709,Cash on Delivery,Completed
US-2015-160857,PAY05710,Credit Card,Completed
US-2015-160857,PAY05711,Debit Card,Completed
US-2015-160857,PAY05712,Cash on Delivery,Completed
CA-2017-115805,PAY05713,Debit Card,Pending
US-2014-143707,PAY05714,Cash on Delivery,Completed
CA-2017-116939,PAY05715,Credit Card,Completed
CA-2015-124107,PAY05716,Debit Card,Completed
CA-2015-124107,PAY05717,Net Banking,Completed
CA-2015-124107,PAY05718,Credit Card,Failed
CA-2015-124107,PAY05719,Net Banking,Completed
CA-2017-126550,PAY05720,Credit Card,Completed
CA-2015-138674,PAY05721,Debit Card,Completed
CA-2015-138674,PAY05722,Cash on Delivery,Completed
CA-2015-138674,PAY05723,UPI,Pending
CA-2016-165820,PAY05724,Debit Card,Pending
CA-2014-103191,PAY05725,Credit Card,Completed
CA-2015-103933,PAY05726,UPI,Failed
CA-2015-110548,PAY05727,UPI,Pending
CA-2017-117324,PAY05728,UPI,Pending
CA-2017-117324,PAY05729,UPI,Completed
CA-2017-117324,PAY05730,UPI,Completed
CA-2017-117324,PAY05731,Net Banking,Completed
CA-2017-117324,PAY05732,UPI,Completed
CA-2017-143574,PAY05733,Net Banking,Completed
CA-2017-143574,PAY05734,Cash on Delivery,Completed
CA-2017-143574,PAY05735,Debit Card,Completed
CA-2014-111773,PAY05736,UPI,Completed
CA-2014-148614,PAY05737,Cash on Delivery,Completed
CA-2014-148614,PAY05738,Debit Card,Completed
CA-2017-156139,PAY05739,UPI,Pending
US-2017-147886,PAY05740,Net Banking,Failed
US-2017-147886,PAY05741,Cash on Delivery,Completed
US-2017-147886,PAY05742,Credit Card,Completed
US-2017-147886,PAY05743,Credit Card,Completed
US-2017-147886,PAY05744,UPI,Completed
US-2017-147886,PAY05745,Cash on Delivery,Completed
US-2017-147886,PAY05746,Credit Card,Completed
CA-2016-113733,PAY05747,UPI,Pending
CA-2016-113733,PAY05748,Cash on Delivery,Pending
CA-2016-113733,PAY05749,UPI,Pending
CA-2017-104913,PAY05750,UPI,Completed
CA-2014-145800,PAY05751,Cash on Delivery,Completed
CA-2016-125850,PAY05752,Net Banking,Completed
CA-2016-125850,PAY05753,Credit Card,Completed
CA-2016-118514,PAY05754,Cash on Delivery,Completed
CA-2015-150749,PAY05755,Credit Card,Completed
CA-2014-163748,PAY05756,UPI,Completed
CA-2014-163748,PAY05757,Debit Card,Completed
CA-2015-119634,PAY05758,UPI,Completed
CA-2015-149300,PAY05759,Debit Card,Completed
US-2016-111528,PAY05760,Cash on Delivery,Pending
US-2016-111528,PAY05761,Credit Card,Failed
CA-2017-158169,PAY05762,UPI,Completed
CA-2017-158169,PAY05763,Debit Card,Completed
CA-2015-162047,PAY05764,Debit Card,Completed
CA-2015-117772,PAY05765,Net Banking,Completed
US-2014-126340,PAY05766,Credit Card,Failed
CA-2016-149685,PAY05767,Cash on Delivery,Completed
CA-2017-126396,PAY05768,Net Banking,Completed
CA-2015-154900,PAY05769,UPI,Pending
CA-2015-154900,PAY05770,Debit Card,Completed
CA-2015-103835,PAY05771,Debit Card,Completed
CA-2015-103835,PAY05772,Cash on Delivery,Completed
CA-2015-158939,PAY05773,Debit Card,Completed
CA-2016-117408,PAY05774,Credit Card,Completed
CA-2016-142398,PAY05775,Debit Card,Completed
CA-2016-142398,PAY05776,Cash on Delivery,Failed
CA-2016-105277,PAY05777,Cash on Delivery,Pending
CA-2016-112060,PAY05778,Debit Card,Pending
CA-2014-105270,PAY05779,Credit Card,Completed
CA-2014-105270,PAY05780,Debit Card,Pending
US-2015-159513,PAY05781,Credit Card,Completed
CA-2015-155586,PAY05782,UPI,Failed
CA-2015-155586,PAY05783,UPI,Completed
CA-2015-155586,PAY05784,Cash on Delivery,Pending
CA-2017-141117,PAY05785,Net Banking,Pending
CA-2017-141117,PAY05786,UPI,Completed
CA-2017-141117,PAY05787,Debit Card,Completed
CA-2017-141117,PAY05788,Net Banking,Completed
CA-2017-115070,PAY05789,Cash on Delivery,Completed
CA-2017-115070,PAY05790,Cash on Delivery,Completed
CA-2017-140186,PAY05791,Debit Card,Failed
CA-2017-140186,PAY05792,Net Banking,Pending
CA-2017-140186,PAY05793,Credit Card,Pending
CA-2017-140186,PAY05794,Debit Card,Completed
CA-2017-140186,PAY05795,Net Banking,Completed
CA-2014-124856,PAY05796,Cash on Delivery,Pending
CA-2014-124856,PAY05797,Cash on Delivery,Completed
CA-2014-124856,PAY05798,UPI,Completed
CA-2014-124856,PAY05799,Debit Card,Completed
CA-2014-166716,PAY05800,Net Banking,Completed
CA-2014-123225,PAY05801,Cash on Delivery,Completed
CA-2014-123225,PAY05802,Net Banking,Completed
CA-2015-163440,PAY05803,Debit Card,Completed
US-2017-106796,PAY05804,Debit Card,Completed
CA-2017-113873,PAY05805,Credit Card,Completed
CA-2017-113873,PAY05806,Credit Card,Failed
CA-2016-149783,PAY05807,Debit Card,Completed
CA-2016-149783,PAY05808,Credit Card,Completed
CA-2016-149783,PAY05809,Credit Card,Completed
CA-2016-125017,PAY05810,Cash on Delivery,Completed
US-2015-163279,PAY05811,Credit Card,Completed
US-2015-163279,PAY05812,Net Banking,Completed
US-2015-163279,PAY05813,Debit Card,Completed
CA-2015-150196,PAY05814,UPI,Completed
US-2015-106495,PAY05815,Debit Card,Completed
CA-2014-124730,PAY05816,Cash on Delivery,Failed
CA-2014-124730,PAY05817,Credit Card,Completed
CA-2014-124730,PAY05818,Net Banking,Completed
CA-2014-124730,PAY05819,UPI,Completed
CA-2014-124730,PAY05820,Net Banking,Failed
CA-2017-117632,PAY05821,Debit Card,Completed
CA-2017-117632,PAY05822,Net Banking,Completed
CA-2017-117632,PAY05823,Cash on Delivery,Completed
CA-2017-117632,PAY05824,Cash on Delivery,Completed
CA-2014-115056,PAY05825,Credit Card,Completed
CA-2017-161067,PAY05826,Net Banking,Pending
CA-2017-161067,PAY05827,Credit Card,Completed
CA-2017-161067,PAY05828,Debit Card,Completed
CA-2017-161067,PAY05829,UPI,Completed
CA-2016-122063,PAY05830,Credit Card,Completed
CA-2016-122063,PAY05831,Net Banking,Completed
CA-2015-111206,PAY05832,Net Banking,Pending
CA-2016-142895,PAY05833,Net Banking,Completed
CA-2016-142895,PAY05834,Cash on Delivery,Pending
CA-2015-101868,PAY05835,Cash on Delivery,Pending
CA-2015-101868,PAY05836,Credit Card,Completed
CA-2015-101868,PAY05837,Net Banking,Completed
CA-2017-133207,PAY05838,Credit Card,Pending
CA-2015-132948,PAY05839,Cash on Delivery,Failed
CA-2015-134992,PAY05840,Debit Card,Completed
CA-2015-134992,PAY05841,Credit Card,Completed
CA-2015-126725,PAY05842,Cash on Delivery,Completed
CA-2015-126725,PAY05843,UPI,Completed
CA-2015-126725,PAY05844,Credit Card,Pending
CA-2015-126725,PAY05845,UPI,Completed
CA-2015-126725,PAY05846,Debit Card,Pending
CA-2015-126725,PAY05847,Cash on Delivery,Completed
CA-2015-126725,PAY05848,UPI,Pending
CA-2015-121783,PAY05849,Credit Card,Completed
CA-2015-121783,PAY05850,Cash on Delivery,Completed
CA-2015-121783,PAY05851,Net Banking,Completed
CA-2015-121783,PAY05852,Cash on Delivery,Completed
CA-2015-121783,PAY05853,Credit Card,Completed
US-2014-138835,PAY05854,UPI,Pending
CA-2015-112214,PAY05855,Cash on Delivery,Completed
CA-2015-112214,PAY05856,UPI,Completed
CA-2015-112214,PAY05857,Cash on Delivery,Completed
CA-2015-112214,PAY05858,Credit Card,Completed
US-2017-153255,PAY05859,Net Banking,Completed
CA-2015-108119,PAY05860,Net Banking,Failed
CA-2015-157434,PAY05861,Net Banking,Pending
CA-2016-101525,PAY05862,Net Banking,Completed
CA-2016-101525,PAY05863,Debit Card,Completed
CA-2016-101525,PAY05864,Net Banking,Failed
US-2014-117968,PAY05865,Credit Card,Completed
US-2014-117968,PAY05866,Credit Card,Completed
US-2014-117968,PAY05867,Debit Card,Completed
CA-2016-158211,PAY05868,UPI,Pending
CA-2016-158211,PAY05869,UPI,Pending
CA-2016-152247,PAY05870,Cash on Delivery,Completed
CA-2016-128223,PAY05871,Debit Card,Completed
CA-2016-154235,PAY05872,UPI,Completed
CA-2017-129910,PAY05873,Credit Card,Completed
CA-2017-133095,PAY05874,Cash on Delivery,Completed
CA-2017-133095,PAY05875,UPI,Completed
CA-2015-130554,PAY05876,Net Banking,Completed
CA-2014-152443,PAY05877,UPI,Completed
CA-2014-152443,PAY05878,Debit Card,Pending
CA-2014-152443,PAY05879,Net Banking,Pending
CA-2016-133319,PAY05880,Net Banking,Completed
CA-2016-133935,PAY05881,Debit Card,Pending
CA-2016-133935,PAY05882,Cash on Delivery,Completed
CA-2016-133935,PAY05883,Debit Card,Completed
CA-2016-136301,PAY05884,UPI,Failed
CA-2016-136301,PAY05885,UPI,Pending
US-2014-109456,PAY05886,Credit Card,Completed
US-2014-109456,PAY05887,Net Banking,Completed
CA-2017-151596,PAY05888,Cash on Delivery,Completed
CA-2015-147879,PAY05889,Credit Card,Completed
CA-2016-166625,PAY05890,Debit Card,Completed
CA-2016-146157,PAY05891,UPI,Completed
CA-2016-146157,PAY05892,Credit Card,Failed
CA-2016-146157,PAY05893,Cash on Delivery,Completed
CA-2017-159954,PAY05894,UPI,Completed
CA-2017-100825,PAY05895,Debit Card,Completed
CA-2014-168305,PAY05896,Credit Card,Completed
CA-2014-168305,PAY05897,Credit Card,Completed
CA-2016-167682,PAY05898,UPI,Completed
CA-2016-167682,PAY05899,UPI,Completed
CA-2017-108000,PAY05900,Credit Card,Completed
CA-2015-146465,PAY05901,UPI,Pending
CA-2016-159639,PAY05902,Cash on Delivery,Completed
US-2017-153948,PAY05903,Cash on Delivery,Failed
US-2017-153948,PAY05904,Cash on Delivery,Pending
US-2017-153948,PAY05905,Credit Card,Completed
US-2017-153948,PAY05906,Net Banking,Completed
US-2017-153948,PAY05907,Credit Card,Completed
US-2016-113985,PAY05908,UPI,Pending
US-2016-113985,PAY05909,UPI,Pending
US-2016-113985,PAY05910,UPI,Completed
US-2016-113985,PAY05911,Cash on Delivery,Completed
CA-2016-155383,PAY05912,Cash on Delivery,Completed
CA-2014-120432,PAY05913,Debit Card,Completed
US-2015-126977,PAY05914,Debit Card,Completed
US-2015-126977,PAY05915,UPI,Completed
US-2015-126977,PAY05916,Net Banking,Completed
US-2015-126977,PAY05917,Credit Card,Pending
US-2015-126977,PAY05918,Debit Card,Pending
US-2015-126977,PAY05919,Debit Card,Completed
US-2015-126977,PAY05920,Cash on Delivery,Completed
US-2015-126977,PAY05921,Debit Card,Completed
US-2015-126977,PAY05922,Credit Card,Pending
US-2015-126977,PAY05923,UPI,Completed
CA-2016-130288,PAY05924,Net Banking,Completed
CA-2017-146458,PAY05925,Debit Card,Completed
CA-2017-150420,PAY05926,UPI,Pending
US-2014-118997,PAY05927,UPI,Pending
CA-2014-114314,PAY05928,Credit Card,Completed
CA-2014-114314,PAY05929,Credit Card,Failed
US-2017-169551,PAY05930,Cash on Delivery,Pending
US-2017-169551,PAY05931,Debit Card,Completed
US-2017-169551,PAY05932,Debit Card,Completed
US-2017-169551,PAY05933,Net Banking,Pending
US-2017-169551,PAY05934,Credit Card,Pending
US-2017-169551,PAY05935,Credit Card,Completed
CA-2016-103107,PAY05936,Cash on Delivery,Completed
CA-2016-103107,PAY05937,Credit Card,Failed
CA-2016-103107,PAY05938,Cash on Delivery,Failed
CA-2017-122077,PAY05939,Cash on Delivery,Pending
CA-2017-122077,PAY05940,Net Banking,Completed
CA-2017-112431,PAY05941,UPI,Completed
CA-2017-112431,PAY05942,Credit Card,Failed
CA-2016-151092,PAY05943,Credit Card,Completed
CA-2014-104178,PAY05944,UPI,Completed
CA-2014-104178,PAY05945,Credit Card,Pending
CA-2014-104178,PAY05946,UPI,Completed
CA-2014-104178,PAY05947,Net Banking,Completed
CA-2015-115924,PAY05948,Net Banking,Completed
CA-2017-161046,PAY05949,UPI,Completed
CA-2017-161046,PAY05950,Net Banking,Completed
CA-2017-161046,PAY05951,Cash on Delivery,Completed
CA-2017-161046,PAY05952,Net Banking,Completed
US-2017-141698,PAY05953,Credit Card,Completed
US-2014-105151,PAY05954,Cash on Delivery,Completed
CA-2014-155796,PAY05955,Credit Card,Failed
CA-2014-155796,PAY05956,Cash on Delivery,Completed
CA-2016-127138,PAY05957,UPI,Completed
CA-2016-127138,PAY05958,Cash on Delivery,Completed
CA-2016-127138,PAY05959,Credit Card,Pending
CA-2016-127138,PAY05960,Cash on Delivery,Completed
CA-2017-150602,PAY05961,Credit Card,Failed
CA-2014-140732,PAY05962,Credit Card,Pending
CA-2014-140732,PAY05963,Cash on Delivery,Completed
CA-2014-140732,PAY05964,UPI,Completed
CA-2017-119011,PAY05965,Net Banking,Completed
CA-2017-119011,PAY05966,Credit Card,Completed
CA-2017-119011,PAY05967,Debit Card,Completed
CA-2016-166912,PAY05968,Debit Card,Completed
CA-2014-141726,PAY05969,UPI,Completed
CA-2014-141726,PAY05970,Cash on Delivery,Completed
CA-2014-141726,PAY05971,UPI,Failed
CA-2014-141726,PAY05972,Cash on Delivery,Pending
CA-2017-115105,PAY05973,Net Banking,Completed
CA-2015-143980,PAY05974,Credit Card,Failed
CA-2016-135636,PAY05975,Net Banking,Pending
CA-2017-102155,PAY05976,Net Banking,Completed
CA-2017-102155,PAY05977,Credit Card,Completed
CA-2017-116953,PAY05978,Debit Card,Completed
CA-2014-117765,PAY05979,Cash on Delivery,Completed
CA-2014-117765,PAY05980,Cash on Delivery,Completed
CA-2014-117765,PAY05981,Net Banking,Completed
CA-2014-117765,PAY05982,Debit Card,Failed
CA-2016-114895,PAY05983,Cash on Delivery,Pending
CA-2017-112984,PAY05984,UPI,Completed
CA-2016-163776,PAY05985,Debit Card,Completed
CA-2016-163776,PAY05986,Credit Card,Completed
CA-2016-163776,PAY05987,Credit Card,Completed
CA-2016-163776,PAY05988,Credit Card,Completed
CA-2016-163776,PAY05989,Credit Card,Completed
CA-2016-163776,PAY05990,Credit Card,Failed
US-2017-163300,PAY05991,UPI,Failed
US-2017-163300,PAY05992,UPI,Completed
US-2017-163300,PAY05993,Cash on Delivery,Completed
CA-2016-162187,PAY05994,Net Banking,Completed
CA-2016-162187,PAY05995,Net Banking,Completed
CA-2016-162187,PAY05996,Net Banking,Completed
CA-2016-162187,PAY05997,Debit Card,Pending
CA-2016-162187,PAY05998,Debit Card,Completed
US-2014-112991,PAY05999,Cash on Delivery,Pending
US-2014-112991,PAY06000,Debit Card,Completed
US-2014-112991,PAY06001,Net Banking,Pending
CA-2014-124079,PAY06002,UPI,Completed
CA-2014-124079,PAY06003,Debit Card,Completed
US-2017-146878,PAY06004,Credit Card,Pending
CA-2017-107244,PAY06005,UPI,Completed
CA-2015-100657,PAY06006,Cash on Delivery,Completed
CA-2017-129581,PAY06007,Cash on Delivery,Completed
CA-2017-129028,PAY06008,Cash on Delivery,Completed
CA-2015-135580,PAY06009,Credit Card,Completed
CA-2015-135580,PAY06010,UPI,Completed
CA-2015-135580,PAY06011,UPI,Completed
CA-2015-135580,PAY06012,UPI,Completed
CA-2015-135580,PAY06013,Cash on Delivery,Pending
CA-2016-159016,PAY06014,Net Banking,Failed
CA-2016-159016,PAY06015,Debit Card,Completed
CA-2014-102652,PAY06016,Debit Card,Completed
CA-2014-102652,PAY06017,Debit Card,Completed
CA-2014-102652,PAY06018,Net Banking,Pending
CA-2014-102652,PAY06019,Debit Card,Pending
CA-2014-152422,PAY06020,Debit Card,Pending
US-2016-156692,PAY06021,UPI,Pending
US-2016-156692,PAY06022,Cash on Delivery,Pending
CA-2014-130869,PAY06023,Debit Card,Pending
US-2017-128832,PAY06024,Net Banking,Completed
CA-2017-139717,PAY06025,Credit Card,Completed
CA-2017-139717,PAY06026,UPI,Failed
CA-2017-136007,PAY06027,UPI,Completed
CA-2017-136007,PAY06028,Credit Card,Completed
CA-2016-157364,PAY06029,Net Banking,Pending
US-2016-112970,PAY06030,UPI,Completed
US-2017-152492,PAY06031,Cash on Delivery,Completed
CA-2016-101168,PAY06032,Debit Card,Completed
CA-2017-104010,PAY06033,UPI,Pending
CA-2015-130253,PAY06034,Credit Card,Failed
US-2015-155369,PAY06035,Credit Card,Completed
US-2015-155369,PAY06036,Debit Card,Pending
CA-2016-131205,PAY06037,Debit Card,Pending
CA-2016-131205,PAY06038,Cash on Delivery,Completed
CA-2016-131205,PAY06039,Net Banking,Completed
CA-2016-131205,PAY06040,Cash on Delivery,Completed
CA-2017-122364,PAY06041,Net Banking,Failed
CA-2017-122364,PAY06042,Debit Card,Completed
CA-2016-117912,PAY06043,Cash on Delivery,Completed
CA-2017-145702,PAY06044,Net Banking,Pending
CA-2017-145702,PAY06045,Net Banking,Completed
CA-2015-113215,PAY06046,UPI,Completed
CA-2016-154662,PAY06047,Net Banking,Pending
CA-2015-105571,PAY06048,Credit Card,Pending
CA-2015-105571,PAY06049,Debit Card,Completed
CA-2016-152765,PAY06050,UPI,Failed
CA-2015-153878,PAY06051,Cash on Delivery,Failed
CA-2015-153878,PAY06052,UPI,Completed
CA-2016-124016,PAY06053,Net Banking,Pending
CA-2016-124016,PAY06054,Credit Card,Completed
CA-2016-124016,PAY06055,Net Banking,Completed
CA-2016-113551,PAY06056,Cash on Delivery,Completed
CA-2016-113551,PAY06057,Credit Card,Completed
CA-2014-107524,PAY06058,Net Banking,Completed
CA-2014-107524,PAY06059,Net Banking,Failed
CA-2014-138072,PAY06060,Debit Card,Completed
CA-2015-134201,PAY06061,Cash on Delivery,Completed
CA-2015-134201,PAY06062,Net Banking,Completed
CA-2015-111780,PAY06063,Cash on Delivery,Completed
CA-2015-111780,PAY06064,Cash on Delivery,Completed
CA-2015-111780,PAY06065,Cash on Delivery,Completed
CA-2015-119942,PAY06066,Net Banking,Completed
CA-2015-151547,PAY06067,UPI,Completed
CA-2017-166695,PAY06068,Credit Card,Failed
CA-2017-166695,PAY06069,Credit Card,Failed
CA-2017-166695,PAY06070,Cash on Delivery,Completed
CA-2017-167542,PAY06071,Credit Card,Pending
CA-2015-120901,PAY06072,Cash on Delivery,Completed
CA-2015-120901,PAY06073,Credit Card,Failed
CA-2015-120901,PAY06074,Net Banking,Completed
CA-2017-121398,PAY06075,Cash on Delivery,Completed
CA-2017-121398,PAY06076,Debit Card,Failed
CA-2016-151561,PAY06077,UPI,Completed
CA-2016-151561,PAY06078,Debit Card,Completed
CA-2016-151561,PAY06079,Net Banking,Completed
CA-2016-151561,PAY06080,UPI,Completed
CA-2017-154676,PAY06081,Net Banking,Completed
US-2014-165589,PAY06082,Net Banking,Failed
US-2016-132577,PAY06083,Debit Card,Completed
US-2016-132577,PAY06084,UPI,Completed
US-2016-132577,PAY06085,Cash on Delivery,Completed
US-2016-132577,PAY06086,UPI,Failed
US-2016-132577,PAY06087,Debit Card,Completed
CA-2015-114048,PAY06088,Cash on Delivery,Completed
CA-2015-137281,PAY06089,Credit Card,Pending
US-2017-162068,PAY06090,Debit Card,Completed
CA-2017-100111,PAY06091,Debit Card,Pending
CA-2017-100111,PAY06092,Credit Card,Pending
CA-2017-100111,PAY06093,UPI,Completed
CA-2017-100111,PAY06094,UPI,Completed
CA-2017-100111,PAY06095,Credit Card,Completed
CA-2017-100111,PAY06096,Net Banking,Completed
CA-2017-100111,PAY06097,Cash on Delivery,Completed
CA-2017-100111,PAY06098,Debit Card,Pending
CA-2017-100111,PAY06099,UPI,Completed
CA-2017-100111,PAY06100,Debit Card,Completed
CA-2017-100111,PAY06101,Debit Card,Completed
CA-2017-100111,PAY06102,Credit Card,Completed
CA-2017-100111,PAY06103,Cash on Delivery,Completed
CA-2017-100111,PAY06104,UPI,Pending
US-2017-132381,PAY06105,Debit Card,Completed
CA-2015-147011,PAY06106,Cash on Delivery,Completed
CA-2014-120852,PAY06107,UPI,Completed
CA-2014-120852,PAY06108,Net Banking,Completed
CA-2016-150007,PAY06109,Debit Card,Completed
CA-2016-150007,PAY06110,Cash on Delivery,Pending
CA-2016-124590,PAY06111,Credit Card,Completed
CA-2016-124590,PAY06112,Debit Card,Failed
CA-2016-124590,PAY06113,Credit Card,Completed
CA-2016-124590,PAY06114,UPI,Completed
CA-2016-124590,PAY06115,Credit Card,Pending
CA-2016-133802,PAY06116,Net Banking,Completed
US-2016-113677,PAY06117,Cash on Delivery,Completed
US-2016-113677,PAY06118,Cash on Delivery,Pending
CA-2017-143378,PAY06119,Net Banking,Completed
CA-2017-143378,PAY06120,Net Banking,Completed
CA-2017-143378,PAY06121,Cash on Delivery,Completed
CA-2017-143378,PAY06122,Debit Card,Completed
CA-2017-152660,PAY06123,Debit Card,Completed
CA-2015-142139,PAY06124,Cash on Delivery,Pending
CA-2017-145772,PAY06125,Debit Card,Completed
CA-2017-145772,PAY06126,Cash on Delivery,Failed
CA-2017-145772,PAY06127,Credit Card,Completed
CA-2016-124100,PAY06128,Net Banking,Failed
US-2014-158400,PAY06129,Debit Card,Completed
CA-2017-162033,PAY06130,Cash on Delivery,Completed
CA-2017-162033,PAY06131,Debit Card,Pending
CA-2014-163447,PAY06132,Debit Card,Pending
CA-2017-145737,PAY06133,Net Banking,Completed
CA-2016-148096,PAY06134,Credit Card,Completed
CA-2016-146766,PAY06135,Cash on Delivery,Completed
CA-2015-105613,PAY06136,Debit Card,Completed
CA-2015-105613,PAY06137,Cash on Delivery,Completed
US-2016-142251,PAY06138,Credit Card,Completed
CA-2014-131247,PAY06139,Debit Card,Pending
US-2015-113593,PAY06140,UPI,Completed
CA-2017-121083,PAY06141,Cash on Delivery,Completed
CA-2017-121083,PAY06142,Credit Card,Completed
CA-2017-121083,PAY06143,UPI,Completed
CA-2017-121083,PAY06144,UPI,Completed
CA-2017-151190,PAY06145,UPI,Completed
CA-2014-133543,PAY06146,Credit Card,Completed
CA-2017-105130,PAY06147,Net Banking,Completed
CA-2017-105130,PAY06148,Credit Card,Completed
CA-2016-161928,PAY06149,Cash on Delivery,Pending
CA-2017-101322,PAY06150,UPI,Completed
US-2016-106600,PAY06151,UPI,Completed
CA-2014-111871,PAY06152,Debit Card,Completed
CA-2017-139437,PAY06153,Cash on Delivery,Failed
CA-2017-151484,PAY06154,Debit Card,Completed
CA-2017-151484,PAY06155,Credit Card,Failed
CA-2017-151484,PAY06156,Credit Card,Completed
CA-2017-151484,PAY06157,Credit Card,Completed
CA-2016-104150,PAY06158,Debit Card,Completed
CA-2016-104150,PAY06159,UPI,Completed
CA-2016-161025,PAY06160,Cash on Delivery,Pending
CA-2014-103989,PAY06161,Debit Card,Completed
CA-2014-103989,PAY06162,Debit Card,Completed
CA-2014-103989,PAY06163,Cash on Delivery,Completed
CA-2014-103989,PAY06164,Debit Card,Completed
CA-2014-103989,PAY06165,Credit Card,Pending
CA-2014-103989,PAY06166,Credit Card,Completed
CA-2014-103989,PAY06167,UPI,Completed
CA-2015-142433,PAY06168,Credit Card,Completed
CA-2015-132815,PAY06169,Net Banking,Pending
CA-2014-101266,PAY06170,Credit Card,Completed
CA-2016-141523,PAY06171,UPI,Completed
CA-2016-141523,PAY06172,Credit Card,Pending
US-2014-106299,PAY06173,Credit Card,Pending
US-2014-106299,PAY06174,Net Banking,Completed
US-2014-106299,PAY06175,Net Banking,Pending
CA-2015-158421,PAY06176,Cash on Delivery,Completed
CA-2015-158421,PAY06177,Debit Card,Pending
CA-2015-158421,PAY06178,Cash on Delivery,Completed
CA-2015-158421,PAY06179,Net Banking,Completed
CA-2015-158421,PAY06180,Net Banking,Completed
CA-2015-158421,PAY06181,Cash on Delivery,Completed
CA-2015-158421,PAY06182,Net Banking,Completed
CA-2015-158421,PAY06183,Credit Card,Completed
CA-2015-158421,PAY06184,Credit Card,Failed
CA-2016-143609,PAY06185,Credit Card,Completed
CA-2015-138331,PAY06186,Net Banking,Completed
CA-2015-138954,PAY06187,Credit Card,Completed
CA-2015-138954,PAY06188,UPI,Completed
CA-2015-138954,PAY06189,Cash on Delivery,Completed
CA-2017-157903,PAY06190,Net Banking,Pending
CA-2016-157259,PAY06191,UPI,Completed
CA-2017-107986,PAY06192,Net Banking,Failed
CA-2017-104927,PAY06193,Debit Card,Completed
CA-2017-104927,PAY06194,Cash on Delivery,Completed
CA-2017-104927,PAY06195,Cash on Delivery,Completed
CA-2017-113453,PAY06196,Net Banking,Completed
CA-2017-113453,PAY06197,Credit Card,Completed
CA-2015-149909,PAY06198,Credit Card,Failed
CA-2015-149909,PAY06199,Debit Card,Completed
CA-2015-149909,PAY06200,Cash on Delivery,Completed
CA-2015-146675,PAY06201,Cash on Delivery,Completed
CA-2015-146675,PAY06202,Debit Card,Completed
CA-2016-118332,PAY06203,Credit Card,Completed
CA-2016-133669,PAY06204,UPI,Completed
CA-2017-145660,PAY06205,UPI,Completed
CA-2016-133697,PAY06206,Credit Card,Pending
CA-2016-133697,PAY06207,UPI,Completed
CA-2016-133697,PAY06208,UPI,Completed
CA-2017-148138,PAY06209,Credit Card,Pending
CA-2017-119809,PAY06210,UPI,Completed
CA-2017-119809,PAY06211,Credit Card,Pending
CA-2017-119809,PAY06212,Debit Card,Completed
CA-2017-149944,PAY06213,UPI,Pending
CA-2017-149944,PAY06214,Net Banking,Completed
CA-2014-128538,PAY06215,Cash on Delivery,Completed
CA-2015-161711,PAY06216,UPI,Pending
CA-2015-161711,PAY06217,Cash on Delivery,Pending
US-2015-129553,PAY06218,Debit Card,Completed
CA-2016-160220,PAY06219,Debit Card,Pending
CA-2016-160220,PAY06220,Net Banking,Pending
CA-2016-160220,PAY06221,UPI,Completed
US-2017-157224,PAY06222,Credit Card,Completed
CA-2017-140627,PAY06223,Debit Card,Completed
CA-2017-140627,PAY06224,Cash on Delivery,Completed
CA-2017-140627,PAY06225,Debit Card,Completed
CA-2015-133445,PAY06226,Credit Card,Pending
CA-2015-133445,PAY06227,Debit Card,Pending
CA-2014-148782,PAY06228,Net Banking,Failed
CA-2016-148208,PAY06229,Credit Card,Failed
CA-2016-148208,PAY06230,Credit Card,Completed
CA-2017-127656,PAY06231,UPI,Completed
US-2017-142188,PAY06232,UPI,Completed
US-2017-142188,PAY06233,UPI,Completed
US-2017-142188,PAY06234,Net Banking,Pending
US-2017-142188,PAY06235,UPI,Pending
US-2017-142188,PAY06236,Debit Card,Completed
CA-2016-144400,PAY06237,Cash on Delivery,Completed
US-2016-155180,PAY06238,Debit Card,Pending
CA-2015-134075,PAY06239,Cash on Delivery,Completed
CA-2015-134075,PAY06240,Net Banking,Completed
US-2016-131912,PAY06241,Cash on Delivery,Completed
CA-2017-141572,PAY06242,Net Banking,Completed
CA-2014-134621,PAY06243,Net Banking,Completed
CA-2016-165561,PAY06244,Cash on Delivery,Pending
CA-2015-112305,PAY06245,Debit Card,Completed
CA-2015-112305,PAY06246,Credit Card,Completed
CA-2015-112305,PAY06247,Credit Card,Completed
CA-2017-121580,PAY06248,Net Banking,Completed
CA-2017-121580,PAY06249,Debit Card,Completed
CA-2017-121580,PAY06250,Credit Card,Completed
CA-2017-121580,PAY06251,Cash on Delivery,Completed
CA-2014-101147,PAY06252,Credit Card,Completed
CA-2014-165806,PAY06253,Credit Card,Completed
CA-2014-165806,PAY06254,Net Banking,Completed
CA-2015-151624,PAY06255,Net Banking,Pending
CA-2017-139444,PAY06256,Credit Card,Completed
CA-2015-133977,PAY06257,Net Banking,Completed
CA-2017-141425,PAY06258,Credit Card,Completed
CA-2015-133536,PAY06259,Net Banking,Completed
CA-2015-150441,PAY06260,Net Banking,Completed
CA-2015-162607,PAY06261,Cash on Delivery,Completed
CA-2017-103506,PAY06262,Debit Card,Completed
CA-2016-132479,PAY06263,Debit Card,Completed
CA-2017-160724,PAY06264,Cash on Delivery,Completed
US-2016-115952,PAY06265,Credit Card,Completed
CA-2014-146731,PAY06266,Credit Card,Pending
CA-2014-146731,PAY06267,UPI,Completed
CA-2015-115392,PAY06268,Credit Card,Pending
CA-2015-115392,PAY06269,Net Banking,Completed
CA-2017-102379,PAY06270,Credit Card,Failed
CA-2017-102379,PAY06271,Credit Card,Pending
CA-2017-102379,PAY06272,Cash on Delivery,Completed
CA-2017-149706,PAY06273,UPI,Pending
US-2016-139087,PAY06274,UPI,Completed
US-2016-139087,PAY06275,UPI,Completed
US-2016-139087,PAY06276,Debit Card,Completed
US-2016-139087,PAY06277,Cash on Delivery,Pending
US-2016-139087,PAY06278,Cash on Delivery,Completed
US-2016-139087,PAY06279,Net Banking,Pending
US-2016-139087,PAY06280,Debit Card,Completed
CA-2017-152226,PAY06281,UPI,Completed
CA-2015-116484,PAY06282,Net Banking,Completed
CA-2015-116484,PAY06283,Credit Card,Failed
CA-2016-100944,PAY06284,Debit Card,Completed
CA-2016-100944,PAY06285,Debit Card,Failed
CA-2016-125080,PAY06286,UPI,Failed
CA-2016-121020,PAY06287,Debit Card,Pending
CA-2014-100090,PAY06288,Debit Card,Completed
CA-2014-100090,PAY06289,Credit Card,Failed
US-2015-139675,PAY06290,Credit Card,Completed
US-2015-139675,PAY06291,Net Banking,Completed
CA-2017-143756,PAY06292,Cash on Delivery,Completed
CA-2015-151253,PAY06293,UPI,Completed
CA-2015-151253,PAY06294,Debit Card,Completed
CA-2014-141152,PAY06295,Credit Card,Completed
CA-2014-141313,PAY06296,Net Banking,Completed
CA-2014-141313,PAY06297,Net Banking,Completed
CA-2014-141313,PAY06298,UPI,Failed
CA-2014-169852,PAY06299,Credit Card,Completed
CA-2017-107314,PAY06300,Net Banking,Completed
US-2014-161305,PAY06301,Cash on Delivery,Pending
US-2014-161305,PAY06302,Cash on Delivery,Failed
CA-2017-166919,PAY06303,UPI,Completed
CA-2017-162712,PAY06304,Cash on Delivery,Pending
CA-2017-107552,PAY06305,Net Banking,Completed
CA-2016-163328,PAY06306,Credit Card,Failed
CA-2016-163328,PAY06307,Cash on Delivery,Failed
CA-2016-163328,PAY06308,Cash on Delivery,Completed
CA-2016-163328,PAY06309,UPI,Completed
CA-2016-163328,PAY06310,Cash on Delivery,Completed
CA-2016-163328,PAY06311,UPI,Completed
CA-2014-112837,PAY06312,UPI,Completed
CA-2017-120019,PAY06313,Cash on Delivery,Failed
CA-2017-120019,PAY06314,UPI,Completed
CA-2014-100762,PAY06315,Net Banking,Completed
CA-2014-100762,PAY06316,Debit Card,Completed
CA-2014-100762,PAY06317,Debit Card,Completed
CA-2014-100762,PAY06318,Credit Card,Completed
CA-2017-161459,PAY06319,Cash on Delivery,Completed
CA-2017-161459,PAY06320,UPI,Pending
CA-2017-160017,PAY06321,Net Banking,Failed
CA-2014-123316,PAY06322,Net Banking,Pending
CA-2014-141299,PAY06323,Debit Card,Completed
CA-2014-104402,PAY06324,Cash on Delivery,Completed
CA-2015-110289,PAY06325,Net Banking,Completed
CA-2015-110289,PAY06326,Net Banking,Completed
CA-2014-167927,PAY06327,Net Banking,Pending
CA-2014-167927,PAY06328,UPI,Completed
CA-2014-167927,PAY06329,Cash on Delivery,Completed
CA-2014-167927,PAY06330,Debit Card,Completed
CA-2014-167927,PAY06331,Net Banking,Completed
CA-2014-167927,PAY06332,Credit Card,Completed
CA-2014-167927,PAY06333,Cash on Delivery,Pending
CA-2014-167927,PAY06334,Credit Card,Completed
CA-2014-133305,PAY06335,Debit Card,Completed
CA-2014-133305,PAY06336,Credit Card,Completed
CA-2016-165995,PAY06337,Net Banking,Completed
CA-2016-165995,PAY06338,Credit Card,Failed
CA-2017-143112,PAY06339,Debit Card,Pending
CA-2017-143112,PAY06340,Credit Card,Failed
CA-2017-143112,PAY06341,Cash on Delivery,Pending
US-2017-105830,PAY06342,Cash on Delivery,Completed
CA-2015-146255,PAY06343,Credit Card,Completed
CA-2015-146255,PAY06344,Credit Card,Completed
CA-2015-146255,PAY06345,Cash on Delivery,Completed
CA-2015-146255,PAY06346,Credit Card,Pending
CA-2017-104822,PAY06347,Debit Card,Completed
CA-2015-104486,PAY06348,Debit Card,Completed
CA-2015-104486,PAY06349,UPI,Completed
CA-2015-104486,PAY06350,Net Banking,Completed
CA-2017-161557,PAY06351,Debit Card,Failed
CA-2017-161130,PAY06352,Debit Card,Completed
US-2015-161347,PAY06353,UPI,Pending
US-2015-109015,PAY06354,Debit Card,Completed
US-2015-109015,PAY06355,Cash on Delivery,Failed
CA-2014-110611,PAY06356,Credit Card,Completed
CA-2017-139080,PAY06357,Net Banking,Completed
CA-2017-139080,PAY06358,Debit Card,Pending
CA-2017-139080,PAY06359,Cash on Delivery,Failed
CA-2017-139080,PAY06360,Debit Card,Pending
CA-2015-115693,PAY06361,Credit Card,Completed
US-2014-107993,PAY06362,Net Banking,Completed
CA-2017-110443,PAY06363,Cash on Delivery,Completed
CA-2017-110443,PAY06364,Debit Card,Pending
CA-2017-110443,PAY06365,Credit Card,Pending
CA-2017-144848,PAY06366,UPI,Completed
CA-2017-144848,PAY06367,UPI,Failed
CA-2017-144848,PAY06368,Net Banking,Completed
US-2017-147998,PAY06369,Net Banking,Pending
CA-2016-103919,PAY06370,Credit Card,Completed
CA-2016-113425,PAY06371,Net Banking,Completed
CA-2017-143035,PAY06372,Cash on Delivery,Completed
CA-2017-143035,PAY06373,Net Banking,Pending
CA-2017-143035,PAY06374,Debit Card,Completed
CA-2014-107811,PAY06375,Debit Card,Completed
CA-2014-107811,PAY06376,Debit Card,Failed
CA-2016-163216,PAY06377,UPI,Pending
US-2016-116442,PAY06378,Cash on Delivery,Failed
CA-2017-150623,PAY06379,Cash on Delivery,Failed
CA-2017-150623,PAY06380,Cash on Delivery,Completed
US-2014-163797,PAY06381,Debit Card,Completed
CA-2016-127236,PAY06382,Debit Card,Completed
CA-2016-127236,PAY06383,Credit Card,Completed
US-2017-104661,PAY06384,Credit Card,Completed
US-2017-104661,PAY06385,Net Banking,Pending
US-2017-104661,PAY06386,UPI,Completed
US-2017-104661,PAY06387,Net Banking,Pending
CA-2014-134103,PAY06388,Debit Card,Failed
CA-2014-134103,PAY06389,Cash on Delivery,Pending
CA-2015-147529,PAY06390,UPI,Completed
CA-2015-147529,PAY06391,Credit Card,Completed
CA-2016-129126,PAY06392,UPI,Completed
CA-2016-129126,PAY06393,UPI,Pending
CA-2016-129126,PAY06394,Cash on Delivery,Completed
CA-2016-129126,PAY06395,Net Banking,Completed
CA-2016-129126,PAY06396,Net Banking,Completed
CA-2016-129126,PAY06397,Net Banking,Pending
CA-2017-131632,PAY06398,Net Banking,Completed
CA-2017-151981,PAY06399,Credit Card,Completed
CA-2017-151981,PAY06400,Debit Card,Pending
CA-2017-151981,PAY06401,UPI,Completed
CA-2017-125472,PAY06402,Credit Card,Completed
CA-2017-125472,PAY06403,Credit Card,Completed
CA-2017-125472,PAY06404,UPI,Completed
CA-2015-156328,PAY06405,Cash on Delivery,Pending
CA-2017-154074,PAY06406,Net Banking,Pending
CA-2017-154074,PAY06407,UPI,Completed
CA-2017-161774,PAY06408,Net Banking,Completed
CA-2017-161774,PAY06409,UPI,Completed
CA-2017-161774,PAY06410,Credit Card,Completed
CA-2017-161774,PAY06411,Debit Card,Completed
CA-2017-161774,PAY06412,Cash on Delivery,Completed
CA-2017-151211,PAY06413,UPI,Completed
CA-2017-151211,PAY06414,UPI,Completed
CA-2017-142671,PAY06415,UPI,Failed
CA-2017-144750,PAY06416,Debit Card,Completed
CA-2016-111976,PAY06417,Cash on Delivery,Completed
CA-2016-111976,PAY06418,Net Banking,Pending
CA-2016-140130,PAY06419,Debit Card,Completed
CA-2016-140130,PAY06420,Debit Card,Completed
CA-2016-140130,PAY06421,Cash on Delivery,Completed
CA-2016-140130,PAY06422,Debit Card,Completed
CA-2014-159121,PAY06423,Debit Card,Completed
CA-2015-149650,PAY06424,Debit Card,Pending
CA-2017-115777,PAY06425,Debit Card,Pending
CA-2016-143714,PAY06426,Debit Card,Pending
CA-2016-143714,PAY06427,UPI,Pending
CA-2016-143714,PAY06428,Credit Card,Pending
CA-2016-143714,PAY06429,Credit Card,Completed
CA-2014-165764,PAY06430,Cash on Delivery,Completed
CA-2014-165764,PAY06431,Credit Card,Completed
CA-2014-165764,PAY06432,Credit Card,Completed
CA-2014-165764,PAY06433,Debit Card,Completed
CA-2015-121405,PAY06434,Credit Card,Completed
CA-2015-121405,PAY06435,Net Banking,Completed
US-2017-116897,PAY06436,Cash on Delivery,Completed
US-2017-116897,PAY06437,Cash on Delivery,Failed
US-2017-116897,PAY06438,UPI,Failed
US-2017-113992,PAY06439,Credit Card,Completed
CA-2014-166891,PAY06440,Cash on Delivery,Completed
CA-2016-101161,PAY06441,Credit Card,Completed
CA-2016-101161,PAY06442,Cash on Delivery,Completed
CA-2016-101161,PAY06443,Credit Card,Completed
CA-2016-101161,PAY06444,Net Banking,Completed
CA-2016-101161,PAY06445,Debit Card,Completed
CA-2015-151785,PAY06446,Debit Card,Completed
US-2017-119816,PAY06447,Net Banking,Pending
US-2017-119816,PAY06448,Net Banking,Pending
US-2017-119816,PAY06449,Cash on Delivery,Pending
CA-2015-156510,PAY06450,Credit Card,Pending
CA-2015-156510,PAY06451,Debit Card,Completed
CA-2015-156510,PAY06452,Credit Card,Completed
US-2015-110261,PAY06453,Net Banking,Pending
CA-2015-125710,PAY06454,Credit Card,Completed
CA-2017-161102,PAY06455,Cash on Delivery,Completed
CA-2017-161102,PAY06456,Debit Card,Completed
CA-2014-110065,PAY06457,Net Banking,Pending
CA-2014-110065,PAY06458,Credit Card,Completed
US-2017-133361,PAY06459,UPI,Pending
US-2017-133361,PAY06460,Net Banking,Completed
US-2017-133361,PAY06461,UPI,Completed
US-2017-133361,PAY06462,Credit Card,Failed
US-2017-133361,PAY06463,Debit Card,Failed
US-2017-133361,PAY06464,Credit Card,Completed
US-2016-155404,PAY06465,Debit Card,Failed
CA-2015-114503,PAY06466,Debit Card,Completed
CA-2017-153080,PAY06467,Net Banking,Completed
CA-2016-163804,PAY06468,Net Banking,Completed
CA-2016-163804,PAY06469,UPI,Completed
CA-2016-163804,PAY06470,Cash on Delivery,Completed
CA-2015-108532,PAY06471,Cash on Delivery,Pending
CA-2015-108532,PAY06472,Cash on Delivery,Failed
CA-2014-151897,PAY06473,Credit Card,Completed
CA-2016-113292,PAY06474,Net Banking,Completed
CA-2014-149524,PAY06475,UPI,Completed
CA-2017-140872,PAY06476,Debit Card,Completed
CA-2017-140872,PAY06477,UPI,Completed
CA-2017-140872,PAY06478,Credit Card,Completed
CA-2017-140872,PAY06479,Cash on Delivery,Pending
CA-2017-140872,PAY06480,UPI,Completed
CA-2017-140872,PAY06481,Debit Card,Completed
CA-2017-140872,PAY06482,Credit Card,Completed
CA-2017-140872,PAY06483,Net Banking,Failed
CA-2017-113908,PAY06484,Cash on Delivery,Completed
CA-2017-113908,PAY06485,UPI,Completed
CA-2017-113908,PAY06486,Debit Card,Completed
CA-2015-120621,PAY06487,Credit Card,Pending
CA-2015-120621,PAY06488,Debit Card,Pending
CA-2015-120621,PAY06489,UPI,Completed
US-2017-148866,PAY06490,UPI,Pending
CA-2014-149594,PAY06491,UPI,Pending
CA-2016-113845,PAY06492,UPI,Completed
CA-2016-113845,PAY06493,Debit Card,Completed
CA-2016-113845,PAY06494,Net Banking,Completed
CA-2017-111262,PAY06495,Net Banking,Failed
CA-2017-111262,PAY06496,UPI,Completed
CA-2017-111262,PAY06497,UPI,Pending
CA-2015-103135,PAY06498,Cash on Delivery,Completed
CA-2015-103135,PAY06499,UPI,Completed
CA-2015-103135,PAY06500,Debit Card,Completed
CA-2015-103135,PAY06501,Credit Card,Completed
CA-2014-129147,PAY06502,Credit Card,Completed
CA-2014-129147,PAY06503,Credit Card,Pending
CA-2014-129147,PAY06504,Credit Card,Completed
CA-2017-128265,PAY06505,UPI,Completed
CA-2016-152331,PAY06506,Credit Card,Completed
US-2016-128909,PAY06507,Cash on Delivery,Completed
US-2016-128909,PAY06508,Net Banking,Pending
CA-2017-102197,PAY06509,UPI,Failed
CA-2017-102197,PAY06510,Debit Card,Failed
CA-2017-102197,PAY06511,Net Banking,Completed
CA-2017-167640,PAY06512,Credit Card,Completed
CA-2017-167640,PAY06513,UPI,Failed
CA-2017-167640,PAY06514,UPI,Completed
CA-2017-167640,PAY06515,Debit Card,Completed
US-2017-116652,PAY06516,Credit Card,Completed
US-2017-116652,PAY06517,Net Banking,Completed
US-2017-116652,PAY06518,Cash on Delivery,Failed
US-2017-116652,PAY06519,Credit Card,Completed
US-2017-116652,PAY06520,Credit Card,Pending
CA-2017-138289,PAY06521,Net Banking,Completed
CA-2017-138289,PAY06522,UPI,Completed
CA-2017-138289,PAY06523,Cash on Delivery,Completed
CA-2016-129308,PAY06524,UPI,Completed
CA-2016-129308,PAY06525,Credit Card,Completed
CA-2016-129308,PAY06526,UPI,Completed
CA-2016-129308,PAY06527,Debit Card,Completed
CA-2016-157791,PAY06528,Debit Card,Completed
CA-2014-146864,PAY06529,Credit Card,Completed
CA-2014-103744,PAY06530,Net Banking,Completed
CA-2014-103744,PAY06531,Debit Card,Failed
US-2017-107384,PAY06532,UPI,Completed
US-2017-107384,PAY06533,Debit Card,Completed
US-2017-107384,PAY06534,Cash on Delivery,Completed
CA-2014-128209,PAY06535,Debit Card,Completed
CA-2014-128209,PAY06536,Cash on Delivery,Completed
CA-2014-169684,PAY06537,Debit Card,Completed
CA-2014-169684,PAY06538,Net Banking,Pending
CA-2015-109862,PAY06539,Net Banking,Completed
CA-2015-109862,PAY06540,UPI,Completed
US-2017-107888,PAY06541,Net Banking,Completed
US-2017-107888,PAY06542,UPI,Completed
US-2017-107888,PAY06543,Debit Card,Pending
US-2017-107888,PAY06544,Debit Card,Pending
US-2017-154872,PAY06545,UPI,Completed
US-2017-154872,PAY06546,UPI,Completed
US-2017-154872,PAY06547,Net Banking,Failed
CA-2014-113880,PAY06548,Credit Card,Pending
CA-2014-113880,PAY06549,UPI,Completed
US-2015-164966,PAY06550,UPI,Completed
CA-2015-126739,PAY06551,Debit Card,Completed
CA-2017-161578,PAY06552,Credit Card,Completed
CA-2017-161578,PAY06553,UPI,Pending
CA-2014-137092,PAY06554,Debit Card,Pending
CA-2014-137092,PAY06555,UPI,Completed
CA-2014-137092,PAY06556,UPI,Completed
CA-2014-137092,PAY06557,Credit Card,Completed
CA-2014-137092,PAY06558,UPI,Completed
CA-2015-166947,PAY06559,UPI,Completed
CA-2016-160941,PAY06560,Debit Card,Completed
CA-2016-160941,PAY06561,Cash on Delivery,Completed
CA-2017-144680,PAY06562,Net Banking,Pending
CA-2014-166086,PAY06563,Cash on Delivery,Completed
CA-2014-166086,PAY06564,Credit Card,Completed
CA-2014-166086,PAY06565,Credit Card,Completed
CA-2014-166086,PAY06566,Debit Card,Completed
CA-2017-131282,PAY06567,Credit Card,Pending
CA-2017-131282,PAY06568,UPI,Pending
CA-2014-100678,PAY06569,Cash on Delivery,Completed
CA-2014-100678,PAY06570,UPI,Pending
CA-2014-100678,PAY06571,Debit Card,Completed
CA-2014-100678,PAY06572,Cash on Delivery,Completed
CA-2016-161543,PAY06573,Credit Card,Pending
CA-2016-160535,PAY06574,Cash on Delivery,Pending
CA-2016-160535,PAY06575,UPI,Completed
CA-2017-123085,PAY06576,Net Banking,Failed
CA-2017-123085,PAY06577,Cash on Delivery,Completed
CA-2015-153752,PAY06578,Debit Card,Completed
CA-2014-103660,PAY06579,Net Banking,Completed
CA-2016-169887,PAY06580,Cash on Delivery,Completed
CA-2016-169887,PAY06581,Net Banking,Completed
CA-2016-169887,PAY06582,Credit Card,Completed
CA-2016-148516,PAY06583,Debit Card,Completed
CA-2017-104731,PAY06584,UPI,Completed
CA-2017-104731,PAY06585,Credit Card,Pending
CA-2017-104731,PAY06586,Debit Card,Failed
CA-2017-104731,PAY06587,Credit Card,Completed
CA-2017-104731,PAY06588,Net Banking,Failed
CA-2017-104731,PAY06589,UPI,Completed
CA-2017-104731,PAY06590,UPI,Completed
CA-2014-164749,PAY06591,Cash on Delivery,Completed
CA-2015-103716,PAY06592,Cash on Delivery,Pending
CA-2015-103716,PAY06593,Credit Card,Completed
CA-2016-126795,PAY06594,Net Banking,Completed
CA-2015-146290,PAY06595,Debit Card,Completed
CA-2017-157112,PAY06596,Debit Card,Completed
CA-2017-157112,PAY06597,Credit Card,Pending
CA-2014-169257,PAY06598,Debit Card,Completed
CA-2014-169257,PAY06599,UPI,Completed
CA-2014-154095,PAY06600,UPI,Failed
CA-2014-154095,PAY06601,Net Banking,Completed
CA-2014-154095,PAY06602,Credit Card,Completed
CA-2014-154095,PAY06603,Net Banking,Completed
CA-2017-146346,PAY06604,Debit Card,Completed
CA-2016-148852,PAY06605,Credit Card,Completed
CA-2016-148852,PAY06606,Net Banking,Completed
CA-2016-148852,PAY06607,Credit Card,Completed
CA-2016-148852,PAY06608,Net Banking,Completed
CA-2016-148852,PAY06609,Net Banking,Completed
US-2015-118906,PAY06610,Credit Card,Pending
CA-2016-168921,PAY06611,Net Banking,Completed
CA-2015-107678,PAY06612,UPI,Completed
CA-2015-107678,PAY06613,Debit Card,Completed
CA-2015-107678,PAY06614,Debit Card,Completed
CA-2015-107678,PAY06615,UPI,Completed
CA-2016-123512,PAY06616,Debit Card,Completed
CA-2016-123512,PAY06617,Credit Card,Completed
CA-2016-123512,PAY06618,Debit Card,Completed
US-2017-167402,PAY06619,Credit Card,Completed
US-2017-167402,PAY06620,Debit Card,Pending
US-2017-167402,PAY06621,Cash on Delivery,Completed
US-2017-167402,PAY06622,Cash on Delivery,Pending
CA-2014-130449,PAY06623,Credit Card,Pending
CA-2014-130449,PAY06624,Credit Card,Completed
CA-2015-141250,PAY06625,Cash on Delivery,Pending
CA-2015-141250,PAY06626,Cash on Delivery,Failed
CA-2014-145541,PAY06627,Cash on Delivery,Completed
CA-2014-138513,PAY06628,Debit Card,Completed
CA-2015-135489,PAY06629,Debit Card,Completed
CA-2015-125696,PAY06630,Net Banking,Completed
CA-2016-105081,PAY06631,UPI,Pending
CA-2016-105081,PAY06632,Credit Card,Pending
US-2016-146857,PAY06633,UPI,Completed
CA-2016-166275,PAY06634,Cash on Delivery,Completed
CA-2017-144498,PAY06635,Credit Card,Completed
CA-2017-144498,PAY06636,UPI,Completed
CA-2017-144498,PAY06637,Cash on Delivery,Completed
CA-2017-103352,PAY06638,Cash on Delivery,Completed
CA-2017-103352,PAY06639,Cash on Delivery,Completed
CA-2014-108609,PAY06640,Credit Card,Pending
CA-2017-128328,PAY06641,Credit Card,Completed
CA-2017-128328,PAY06642,Cash on Delivery,Completed
CA-2017-128328,PAY06643,Debit Card,Completed
US-2015-156496,PAY06644,Debit Card,Completed
US-2015-156496,PAY06645,Cash on Delivery,Pending
US-2015-156496,PAY06646,UPI,Completed
US-2016-127334,PAY06647,Credit Card,Completed
US-2016-127334,PAY06648,Credit Card,Completed
US-2017-124779,PAY06649,Net Banking,Completed
US-2017-124779,PAY06650,Net Banking,Failed
US-2017-124779,PAY06651,Credit Card,Pending
US-2017-124779,PAY06652,Net Banking,Completed
US-2017-124779,PAY06653,Debit Card,Completed
US-2017-124779,PAY06654,UPI,Completed
CA-2017-135937,PAY06655,Cash on Delivery,Completed
CA-2017-135937,PAY06656,Debit Card,Completed
CA-2017-135937,PAY06657,Net Banking,Pending
CA-2017-135937,PAY06658,Cash on Delivery,Failed
CA-2017-135937,PAY06659,Debit Card,Completed
CA-2017-135937,PAY06660,Credit Card,Completed
CA-2015-129322,PAY06661,Net Banking,Pending
CA-2015-129322,PAY06662,Cash on Delivery,Pending
CA-2015-129322,PAY06663,Credit Card,Failed
CA-2017-162173,PAY06664,Credit Card,Completed
CA-2017-162173,PAY06665,Debit Card,Completed
CA-2016-115483,PAY06666,Cash on Delivery,Pending
CA-2017-122175,PAY06667,Net Banking,Completed
CA-2017-122175,PAY06668,Debit Card,Completed
CA-2017-122175,PAY06669,Credit Card,Completed
CA-2017-122175,PAY06670,UPI,Completed
CA-2017-161088,PAY06671,Debit Card,Completed
CA-2014-154837,PAY06672,Cash on Delivery,Completed
CA-2015-153794,PAY06673,Debit Card,Pending
CA-2015-135510,PAY06674,Debit Card,Pending
CA-2015-109337,PAY06675,Credit Card,Completed
CA-2015-109337,PAY06676,Cash on Delivery,Completed
CA-2015-109337,PAY06677,Net Banking,Completed
CA-2015-109337,PAY06678,Net Banking,Completed
CA-2014-150329,PAY06679,Debit Card,Completed
CA-2017-145037,PAY06680,Cash on Delivery,Pending
CA-2017-145037,PAY06681,Cash on Delivery,Completed
CA-2017-145037,PAY06682,Cash on Delivery,Completed
CA-2017-154466,PAY06683,Net Banking,Completed
CA-2014-109134,PAY06684,Net Banking,Completed
US-2015-129637,PAY06685,Credit Card,Failed
US-2015-129637,PAY06686,Net Banking,Completed
US-2015-129637,PAY06687,Debit Card,Failed
CA-2015-165162,PAY06688,Credit Card,Completed
CA-2017-140494,PAY06689,Credit Card,Failed
CA-2017-104108,PAY06690,Debit Card,Completed
US-2017-165869,PAY06691,Credit Card,Completed
US-2017-165869,PAY06692,Credit Card,Completed
CA-2017-160899,PAY06693,UPI,Completed
CA-2017-144225,PAY06694,Debit Card,Completed
US-2016-163538,PAY06695,Debit Card,Pending
US-2016-155103,PAY06696,UPI,Completed
US-2016-155103,PAY06697,Cash on Delivery,Completed
US-2016-155103,PAY06698,Debit Card,Completed
CA-2017-145429,PAY06699,Credit Card,Pending
CA-2017-145429,PAY06700,Credit Card,Completed
CA-2017-145429,PAY06701,Credit Card,Pending
CA-2015-153535,PAY06702,Net Banking,Completed
CA-2015-153535,PAY06703,Cash on Delivery,Completed
CA-2015-139164,PAY06704,Cash on Delivery,Completed
CA-2015-139164,PAY06705,Cash on Delivery,Pending
CA-2015-139164,PAY06706,Net Banking,Completed
CA-2016-112277,PAY06707,Cash on Delivery,Completed
CA-2014-167724,PAY06708,Net Banking,Pending
CA-2015-123141,PAY06709,Cash on Delivery,Pending
CA-2015-123141,PAY06710,UPI,Completed
CA-2016-149503,PAY06711,Debit Card,Pending
CA-2017-163069,PAY06712,Credit Card,Pending
CA-2017-107629,PAY06713,Cash on Delivery,Completed
CA-2017-107629,PAY06714,Debit Card,Completed
CA-2017-107629,PAY06715,Credit Card,Completed
CA-2017-107629,PAY06716,UPI,Completed
CA-2016-134789,PAY06717,Debit Card,Completed
CA-2016-134789,PAY06718,UPI,Completed
CA-2016-134789,PAY06719,Net Banking,Completed
CA-2016-130442,PAY06720,Net Banking,Completed
CA-2017-102974,PAY06721,Cash on Delivery,Pending
CA-2017-102974,PAY06722,Cash on Delivery,Failed
CA-2017-102974,PAY06723,UPI,Pending
US-2017-166394,PAY06724,Cash on Delivery,Completed
CA-2016-128811,PAY06725,UPI,Completed
CA-2016-128811,PAY06726,Credit Card,Completed
CA-2016-128811,PAY06727,Cash on Delivery,Completed
CA-2017-145443,PAY06728,Net Banking,Pending
CA-2016-165827,PAY06729,Net Banking,Completed
CA-2015-156734,PAY06730,Cash on Delivery,Completed
CA-2015-156734,PAY06731,Net Banking,Pending
CA-2015-156734,PAY06732,UPI,Pending
CA-2014-120096,PAY06733,Net Banking,Completed
CA-2014-120096,PAY06734,Debit Card,Completed
CA-2015-141754,PAY06735,UPI,Completed
CA-2016-123358,PAY06736,UPI,Completed
CA-2016-123358,PAY06737,Credit Card,Completed
CA-2016-123358,PAY06738,Credit Card,Completed
CA-2016-123358,PAY06739,Credit Card,Completed
CA-2014-144029,PAY06740,Credit Card,Completed
CA-2014-144029,PAY06741,Cash on Delivery,Completed
CA-2014-144029,PAY06742,Net Banking,Completed
US-2017-101784,PAY06743,Net Banking,Pending
CA-2015-156923,PAY06744,Debit Card,Completed
CA-2017-111269,PAY06745,Debit Card,Completed
CA-2017-111269,PAY06746,Debit Card,Pending
CA-2017-159156,PAY06747,Cash on Delivery,Failed
CA-2017-100230,PAY06748,UPI,Completed
CA-2017-100230,PAY06749,Cash on Delivery,Completed
CA-2017-100230,PAY06750,Debit Card,Completed
CA-2016-154767,PAY06751,Cash on Delivery,Completed
CA-2016-154767,PAY06752,Net Banking,Completed
CA-2016-154767,PAY06753,Debit Card,Completed
CA-2016-154767,PAY06754,Credit Card,Pending
CA-2016-154767,PAY06755,Debit Card,Completed
CA-2017-124205,PAY06756,Net Banking,Completed
CA-2017-124205,PAY06757,Cash on Delivery,Completed
CA-2017-124205,PAY06758,Cash on Delivery,Pending
CA-2017-124205,PAY06759,UPI,Completed
CA-2017-165715,PAY06760,Credit Card,Completed
CA-2017-100636,PAY06761,Debit Card,Completed
CA-2016-162943,PAY06762,Net Banking,Completed
CA-2016-144764,PAY06763,Net Banking,Completed
CA-2016-144764,PAY06764,Net Banking,Pending
CA-2016-144764,PAY06765,Net Banking,Failed
CA-2017-100615,PAY06766,Cash on Delivery,Pending
CA-2017-100615,PAY06767,Cash on Delivery,Completed
CA-2017-100615,PAY06768,Debit Card,Completed
CA-2014-109302,PAY06769,Credit Card,Pending
CA-2017-139787,PAY06770,Debit Card,Completed
CA-2017-139402,PAY06771,Cash on Delivery,Completed
CA-2017-139402,PAY06772,Debit Card,Completed
CA-2016-119018,PAY06773,UPI,Failed
CA-2016-119018,PAY06774,Credit Card,Completed
CA-2016-119018,PAY06775,Net Banking,Completed
CA-2015-105361,PAY06776,Credit Card,Completed
US-2016-152373,PAY06777,Cash on Delivery,Pending
US-2017-166037,PAY06778,Credit Card,Completed
US-2016-147711,PAY06779,Credit Card,Completed
US-2016-147711,PAY06780,Cash on Delivery,Pending
US-2016-147711,PAY06781,UPI,Failed
US-2016-147711,PAY06782,Cash on Delivery,Pending
CA-2017-121293,PAY06783,Net Banking,Pending
CA-2017-121293,PAY06784,UPI,Completed
CA-2017-121293,PAY06785,UPI,Pending
CA-2017-121293,PAY06786,Net Banking,Completed
CA-2017-121293,PAY06787,Net Banking,Failed
CA-2015-118843,PAY06788,Credit Card,Completed
CA-2015-118843,PAY06789,Debit Card,Completed
CA-2015-161445,PAY06790,Cash on Delivery,Completed
CA-2016-124527,PAY06791,Debit Card,Failed
CA-2016-162348,PAY06792,Debit Card,Completed
CA-2014-141005,PAY06793,Credit Card,Completed
CA-2015-145394,PAY06794,Debit Card,Failed
CA-2015-145394,PAY06795,Cash on Delivery,Completed
CA-2015-145394,PAY06796,UPI,Completed
CA-2015-168809,PAY06797,UPI,Completed
CA-2015-168809,PAY06798,Debit Card,Completed
CA-2015-168809,PAY06799,Credit Card,Pending
CA-2016-109827,PAY06800,Debit Card,Pending
CA-2016-109827,PAY06801,Credit Card,Completed
CA-2016-109827,PAY06802,Debit Card,Completed
CA-2016-109827,PAY06803,Credit Card,Completed
CA-2016-109827,PAY06804,Net Banking,Pending
CA-2014-152233,PAY06805,Net Banking,Pending
CA-2014-125682,PAY06806,UPI,Failed
CA-2017-162880,PAY06807,Debit Card,Failed
CA-2015-128125,PAY06808,Debit Card,Completed
CA-2015-128125,PAY06809,Credit Card,Failed
CA-2017-156237,PAY06810,UPI,Pending
CA-2017-156237,PAY06811,Debit Card,Pending
CA-2017-156237,PAY06812,UPI,Completed
CA-2017-156237,PAY06813,Debit Card,Pending
CA-2017-156237,PAY06814,UPI,Completed
CA-2017-156237,PAY06815,Net Banking,Pending
CA-2014-144414,PAY06816,Credit Card,Pending
CA-2014-144414,PAY06817,Credit Card,Pending
CA-2014-144414,PAY06818,UPI,Completed
CA-2017-163860,PAY06819,Credit Card,Completed
CA-2017-163860,PAY06820,Net Banking,Failed
CA-2017-163860,PAY06821,Credit Card,Completed
CA-2017-163860,PAY06822,Credit Card,Completed
US-2017-115609,PAY06823,Credit Card,Failed
CA-2015-154291,PAY06824,UPI,Failed
CA-2015-154291,PAY06825,Net Banking,Completed
CA-2016-118689,PAY06826,Debit Card,Completed
CA-2016-118689,PAY06827,Cash on Delivery,Completed
CA-2016-118689,PAY06828,UPI,Completed
CA-2016-118689,PAY06829,UPI,Completed
CA-2016-118689,PAY06830,Credit Card,Completed
CA-2016-140438,PAY06831,Credit Card,Pending
US-2017-123204,PAY06832,Credit Card,Pending
CA-2015-112522,PAY06833,Debit Card,Completed
CA-2016-153101,PAY06834,Credit Card,Completed
CA-2016-142615,PAY06835,UPI,Completed
CA-2017-142643,PAY06836,UPI,Completed
CA-2017-142643,PAY06837,Cash on Delivery,Completed
CA-2015-116260,PAY06838,Net Banking,Completed
CA-2017-107517,PAY06839,Credit Card,Completed
CA-2017-107517,PAY06840,Credit Card,Completed
CA-2015-166338,PAY06841,Cash on Delivery,Completed
CA-2016-123946,PAY06842,Credit Card,Completed
CA-2016-123946,PAY06843,Cash on Delivery,Failed
CA-2016-123946,PAY06844,UPI,Completed
CA-2016-123946,PAY06845,UPI,Completed
CA-2014-147543,PAY06846,Cash on Delivery,Pending
US-2016-159093,PAY06847,Debit Card,Pending
CA-2016-162110,PAY06848,Debit Card,Completed
US-2016-163461,PAY06849,Credit Card,Failed
CA-2014-101462,PAY06850,Credit Card,Completed
US-2016-100461,PAY06851,Net Banking,Completed
US-2016-100461,PAY06852,Credit Card,Pending
US-2017-162670,PAY06853,Credit Card,Pending
US-2017-162670,PAY06854,Cash on Delivery,Failed
US-2017-162670,PAY06855,Net Banking,Completed
US-2017-162670,PAY06856,UPI,Completed
US-2017-162670,PAY06857,Debit Card,Pending
CA-2017-128965,PAY06858,Credit Card,Pending
CA-2017-128965,PAY06859,UPI,Completed
CA-2017-128965,PAY06860,UPI,Completed
CA-2017-128965,PAY06861,Debit Card,Failed
CA-2017-128965,PAY06862,UPI,Completed
CA-2017-128965,PAY06863,Debit Card,Pending
CA-2017-138618,PAY06864,Credit Card,Completed
US-2016-126452,PAY06865,Cash on Delivery,Completed
US-2016-126452,PAY06866,UPI,Pending
US-2016-126452,PAY06867,Credit Card,Completed
US-2016-126452,PAY06868,UPI,Completed
US-2016-126452,PAY06869,Net Banking,Completed
US-2016-126452,PAY06870,UPI,Completed
US-2016-126452,PAY06871,Cash on Delivery,Completed
CA-2016-145009,PAY06872,Cash on Delivery,Completed
CA-2015-162544,PAY06873,UPI,Pending
CA-2014-124394,PAY06874,Cash on Delivery,Pending
CA-2014-124394,PAY06875,Net Banking,Completed
US-2016-121013,PAY06876,Debit Card,Completed
US-2016-121013,PAY06877,Cash on Delivery,Completed
US-2015-123918,PAY06878,Credit Card,Completed
US-2015-123918,PAY06879,UPI,Completed
CA-2015-137113,PAY06880,Net Banking,Completed
CA-2015-137113,PAY06881,Debit Card,Completed
CA-2015-137113,PAY06882,Cash on Delivery,Pending
CA-2015-137113,PAY06883,Credit Card,Completed
CA-2015-137113,PAY06884,Cash on Delivery,Pending
CA-2015-120677,PAY06885,UPI,Pending
CA-2017-123036,PAY06886,Net Banking,Completed
CA-2017-123036,PAY06887,Net Banking,Completed
CA-2017-120222,PAY06888,UPI,Pending
CA-2017-120222,PAY06889,Cash on Delivery,Completed
CA-2017-164756,PAY06890,Cash on Delivery,Pending
CA-2017-164756,PAY06891,UPI,Pending
CA-2017-164756,PAY06892,Net Banking,Completed
CA-2017-164756,PAY06893,Debit Card,Completed
CA-2017-164756,PAY06894,Net Banking,Pending
CA-2017-164756,PAY06895,Cash on Delivery,Completed
CA-2017-164756,PAY06896,Cash on Delivery,Completed
CA-2017-164756,PAY06897,UPI,Pending
CA-2017-122028,PAY06898,Debit Card,Completed
US-2015-165512,PAY06899,Credit Card,Pending
US-2015-165512,PAY06900,Cash on Delivery,Completed
CA-2015-140557,PAY06901,Credit Card,Completed
US-2017-135013,PAY06902,Debit Card,Completed
CA-2017-111220,PAY06903,UPI,Completed
CA-2017-111220,PAY06904,Debit Card,Completed
CA-2017-111220,PAY06905,Net Banking,Pending
US-2017-149006,PAY06906,Cash on Delivery,Completed
CA-2017-149468,PAY06907,Debit Card,Completed
CA-2016-140249,PAY06908,Cash on Delivery,Completed
US-2017-135503,PAY06909,Net Banking,Failed
CA-2014-126277,PAY06910,Credit Card,Completed
US-2017-115301,PAY06911,UPI,Completed
CA-2017-168942,PAY06912,Debit Card,Completed
US-2017-128398,PAY06913,Debit Card,Completed
CA-2015-104115,PAY06914,UPI,Completed
CA-2014-142510,PAY06915,UPI,Completed
CA-2014-142510,PAY06916,Net Banking,Completed
CA-2014-142510,PAY06917,UPI,Completed
CA-2014-124247,PAY06918,Cash on Delivery,Completed
CA-2016-105473,PAY06919,Debit Card,Completed
CA-2015-102806,PAY06920,Credit Card,Completed
CA-2017-121706,PAY06921,Net Banking,Completed
CA-2017-109211,PAY06922,Net Banking,Completed
CA-2015-134257,PAY06923,Debit Card,Completed
CA-2015-134257,PAY06924,Credit Card,Pending
CA-2015-137925,PAY06925,Credit Card,Failed
CA-2015-137925,PAY06926,Credit Card,Completed
CA-2016-140046,PAY06927,Net Banking,Completed
CA-2016-140382,PAY06928,Net Banking,Completed
CA-2016-140382,PAY06929,Cash on Delivery,Completed
CA-2016-140382,PAY06930,Net Banking,Completed
CA-2016-140382,PAY06931,Debit Card,Pending
CA-2014-164182,PAY06932,Cash on Delivery,Completed
CA-2014-164182,PAY06933,Debit Card,Pending
CA-2014-164182,PAY06934,Cash on Delivery,Completed
CA-2014-164182,PAY06935,Debit Card,Pending
CA-2017-137365,PAY06936,Credit Card,Completed
CA-2016-129847,PAY06937,Credit Card,Completed
CA-2014-126963,PAY06938,Net Banking,Completed
CA-2016-125094,PAY06939,UPI,Pending
CA-2017-107132,PAY06940,Net Banking,Completed
CA-2017-107132,PAY06941,Cash on Delivery,Failed
CA-2017-107132,PAY06942,Cash on Delivery,Completed
CA-2017-107132,PAY06943,Debit Card,Completed
CA-2015-139248,PAY06944,Net Banking,Completed
CA-2014-148369,PAY06945,UPI,Pending
CA-2016-106243,PAY06946,Credit Card,Failed
CA-2015-126466,PAY06947,Debit Card,Completed
CA-2015-130365,PAY06948,UPI,Completed
CA-2015-130365,PAY06949,Net Banking,Pending
CA-2017-143021,PAY06950,Debit Card,Completed
CA-2017-143021,PAY06951,Credit Card,Completed
CA-2015-161767,PAY06952,Net Banking,Completed
CA-2015-129917,PAY06953,UPI,Completed
CA-2015-129917,PAY06954,Credit Card,Completed
CA-2015-129917,PAY06955,Debit Card,Completed
CA-2015-115420,PAY06956,Net Banking,Completed
CA-2016-157588,PAY06957,Debit Card,Pending
CA-2016-157588,PAY06958,Cash on Delivery,Pending
CA-2015-167255,PAY06959,Cash on Delivery,Pending
CA-2015-167255,PAY06960,Credit Card,Pending
CA-2015-167255,PAY06961,UPI,Completed
CA-2017-162096,PAY06962,Credit Card,Completed
CA-2016-157161,PAY06963,Credit Card,Completed
CA-2016-157161,PAY06964,Net Banking,Failed
CA-2016-157161,PAY06965,UPI,Completed
CA-2016-157161,PAY06966,Credit Card,Completed
CA-2016-157161,PAY06967,Credit Card,Completed
CA-2016-157161,PAY06968,UPI,Completed
CA-2015-110765,PAY06969,UPI,Pending
CA-2016-163937,PAY06970,UPI,Completed
CA-2017-153822,PAY06971,Net Banking,Completed
CA-2017-153822,PAY06972,Cash on Delivery,Pending
CA-2017-153822,PAY06973,Credit Card,Completed
CA-2017-153822,PAY06974,Net Banking,Completed
CA-2017-146185,PAY06975,UPI,Completed
CA-2015-112144,PAY06976,Cash on Delivery,Failed
CA-2015-112144,PAY06977,Cash on Delivery,Completed
US-2016-119298,PAY06978,Debit Card,Completed
CA-2017-155159,PAY06979,Debit Card,Failed
CA-2017-149076,PAY06980,Net Banking,Completed
CA-2014-146990,PAY06981,Credit Card,Completed
CA-2014-146990,PAY06982,Cash on Delivery,Pending
CA-2016-116526,PAY06983,Debit Card,Failed
CA-2016-116526,PAY06984,Net Banking,Pending
CA-2016-116526,PAY06985,Net Banking,Completed
CA-2016-116526,PAY06986,UPI,Completed
CA-2016-116526,PAY06987,Credit Card,Completed
CA-2016-116526,PAY06988,Cash on Delivery,Completed
CA-2017-158561,PAY06989,Credit Card,Completed
CA-2017-165099,PAY06990,Debit Card,Completed
CA-2015-109386,PAY06991,Credit Card,Completed
CA-2015-109386,PAY06992,Debit Card,Pending
CA-2015-109386,PAY06993,Debit Card,Completed
CA-2015-109386,PAY06994,Debit Card,Completed
CA-2015-109386,PAY06995,UPI,Completed
CA-2015-166800,PAY06996,Net Banking,Completed
CA-2017-117443,PAY06997,UPI,Completed
CA-2017-117443,PAY06998,Net Banking,Completed
US-2016-134369,PAY06999,UPI,Completed
CA-2017-123687,PAY07000,UPI,Completed
CA-2017-123687,PAY07001,UPI,Completed
CA-2015-104871,PAY07002,Debit Card,Completed
CA-2014-133158,PAY07003,Cash on Delivery,Completed
CA-2014-133158,PAY07004,Debit Card,Pending
CA-2014-126333,PAY07005,Cash on Delivery,Pending
CA-2015-141740,PAY07006,Cash on Delivery,Completed
CA-2014-119466,PAY07007,Net Banking,Completed
CA-2015-154823,PAY07008,Credit Card,Failed
CA-2015-154823,PAY07009,Debit Card,Pending
CA-2015-154823,PAY07010,Credit Card,Completed
US-2014-135881,PAY07011,Cash on Delivery,Completed
US-2014-135881,PAY07012,UPI,Completed
US-2014-135881,PAY07013,Debit Card,Completed
CA-2017-141201,PAY07014,Net Banking,Completed
CA-2014-114790,PAY07015,Cash on Delivery,Completed
CA-2014-114790,PAY07016,Debit Card,Completed
CA-2014-114790,PAY07017,Cash on Delivery,Completed
CA-2014-114790,PAY07018,UPI,Completed
US-2016-154256,PAY07019,UPI,Completed
CA-2014-124737,PAY07020,Net Banking,Failed
CA-2014-124737,PAY07021,Cash on Delivery,Completed
CA-2014-124737,PAY07022,Credit Card,Completed
CA-2014-124737,PAY07023,Debit Card,Pending
CA-2014-124737,PAY07024,Net Banking,Completed
CA-2014-124737,PAY07025,Cash on Delivery,Pending
US-2017-101840,PAY07026,Cash on Delivery,Completed
US-2017-101840,PAY07027,Credit Card,Completed
CA-2017-131653,PAY07028,Debit Card,Completed
US-2016-157840,PAY07029,UPI,Completed
CA-2016-145548,PAY07030,Cash on Delivery,Pending
CA-2016-145548,PAY07031,Debit Card,Pending
CA-2016-145548,PAY07032,Debit Card,Pending
CA-2016-145548,PAY07033,Debit Card,Completed
CA-2016-145548,PAY07034,Net Banking,Completed
CA-2016-145548,PAY07035,UPI,Completed
CA-2017-119494,PAY07036,Cash on Delivery,Completed
CA-2014-124618,PAY07037,Debit Card,Completed
CA-2017-161970,PAY07038,UPI,Completed
CA-2017-161970,PAY07039,Net Banking,Pending
CA-2017-103443,PAY07040,Cash on Delivery,Pending
CA-2017-103443,PAY07041,Debit Card,Completed
CA-2017-103443,PAY07042,Debit Card,Completed
US-2017-165358,PAY07043,Cash on Delivery,Completed
US-2017-165358,PAY07044,Debit Card,Completed
US-2017-165358,PAY07045,Credit Card,Completed
CA-2016-160136,PAY07046,Debit Card,Completed
CA-2014-150581,PAY07047,UPI,Completed
CA-2014-150581,PAY07048,Cash on Delivery,Completed
CA-2016-119515,PAY07049,Cash on Delivery,Completed
CA-2014-141355,PAY07050,Cash on Delivery,Completed
CA-2016-165330,PAY07051,UPI,Completed
CA-2016-165330,PAY07052,Debit Card,Completed
CA-2016-165330,PAY07053,UPI,Completed
CA-2016-165330,PAY07054,Debit Card,Completed
CA-2016-165330,PAY07055,Cash on Delivery,Completed
CA-2016-165330,PAY07056,UPI,Completed
CA-2016-165330,PAY07057,Debit Card,Completed
CA-2016-165330,PAY07058,Credit Card,Failed
CA-2016-165330,PAY07059,Cash on Delivery,Completed
CA-2016-165330,PAY07060,Cash on Delivery,Completed
CA-2016-165330,PAY07061,Credit Card,Completed
CA-2015-132633,PAY07062,Debit Card,Pending
CA-2016-157742,PAY07063,UPI,Pending
CA-2017-127712,PAY07064,UPI,Completed
CA-2017-169474,PAY07065,Cash on Delivery,Completed
CA-2014-106726,PAY07066,Credit Card,Pending
CA-2016-147473,PAY07067,Net Banking,Completed
CA-2016-114209,PAY07068,Net Banking,Completed
CA-2016-114209,PAY07069,UPI,Pending
CA-2014-141901,PAY07070,Cash on Delivery,Failed
CA-2016-164490,PAY07071,Net Banking,Completed
CA-2016-112256,PAY07072,Net Banking,Completed
CA-2016-112256,PAY07073,Net Banking,Completed
CA-2016-112256,PAY07074,UPI,Completed
CA-2016-112256,PAY07075,Cash on Delivery,Pending
CA-2016-112256,PAY07076,Net Banking,Completed
CA-2016-167416,PAY07077,Credit Card,Failed
CA-2016-106950,PAY07078,UPI,Completed
CA-2016-106950,PAY07079,Debit Card,Completed
CA-2016-106950,PAY07080,Credit Card,Completed
CA-2016-106950,PAY07081,Credit Card,Pending
CA-2016-106950,PAY07082,Net Banking,Completed
CA-2016-106950,PAY07083,Cash on Delivery,Completed
CA-2017-118724,PAY07084,Cash on Delivery,Completed
CA-2017-118724,PAY07085,Credit Card,Pending
CA-2017-112004,PAY07086,Cash on Delivery,Pending
CA-2017-112004,PAY07087,Credit Card,Completed
US-2017-143175,PAY07088,Debit Card,Completed
CA-2015-105844,PAY07089,Net Banking,Failed
CA-2017-118864,PAY07090,Credit Card,Completed
CA-2015-119480,PAY07091,Credit Card,Pending
CA-2015-119480,PAY07092,Net Banking,Completed
CA-2015-119480,PAY07093,Net Banking,Completed
CA-2015-119480,PAY07094,Debit Card,Completed
US-2015-153374,PAY07095,Credit Card,Completed
CA-2016-101980,PAY07096,Credit Card,Completed
CA-2016-101980,PAY07097,Cash on Delivery,Pending
CA-2016-101980,PAY07098,Debit Card,Completed
CA-2017-144596,PAY07099,Credit Card,Completed
CA-2015-124933,PAY07100,Cash on Delivery,Completed
CA-2014-159625,PAY07101,Cash on Delivery,Completed
CA-2016-144337,PAY07102,Credit Card,Completed
CA-2014-117478,PAY07103,Net Banking,Completed
CA-2017-147410,PAY07104,Net Banking,Completed
CA-2017-128944,PAY07105,Net Banking,Completed
CA-2017-128944,PAY07106,UPI,Completed
CA-2017-128944,PAY07107,Debit Card,Completed
CA-2016-109666,PAY07108,Debit Card,Completed
CA-2016-109666,PAY07109,Debit Card,Pending
CA-2016-109666,PAY07110,Debit Card,Completed
CA-2016-109666,PAY07111,Net Banking,Completed
CA-2016-109666,PAY07112,Cash on Delivery,Completed
CA-2016-109666,PAY07113,Debit Card,Pending
CA-2016-109666,PAY07114,Debit Card,Completed
US-2016-102239,PAY07115,Credit Card,Completed
US-2016-102239,PAY07116,Debit Card,Completed
CA-2014-143168,PAY07117,Cash on Delivery,Completed
CA-2014-143168,PAY07118,Debit Card,Completed
CA-2017-104906,PAY07119,Net Banking,Pending
CA-2017-118122,PAY07120,Cash on Delivery,Pending
US-2014-147774,PAY07121,Cash on Delivery,Failed
CA-2017-166926,PAY07122,UPI,Completed
CA-2017-166926,PAY07123,Credit Card,Failed
CA-2015-128013,PAY07124,Net Banking,Completed
CA-2015-128013,PAY07125,Cash on Delivery,Completed
CA-2016-123176,PAY07126,Debit Card,Completed
CA-2016-123176,PAY07127,Credit Card,Pending
US-2016-117541,PAY07128,Net Banking,Completed
US-2016-117541,PAY07129,Debit Card,Completed
CA-2016-166282,PAY07130,Debit Card,Completed
CA-2016-166282,PAY07131,Debit Card,Pending
CA-2017-141439,PAY07132,Cash on Delivery,Completed
CA-2017-141439,PAY07133,Cash on Delivery,Completed
CA-2017-141439,PAY07134,UPI,Pending
CA-2017-141439,PAY07135,Credit Card,Completed
CA-2017-141439,PAY07136,Credit Card,Pending
CA-2015-163965,PAY07137,Credit Card,Pending
CA-2015-163965,PAY07138,Debit Card,Completed
CA-2015-163965,PAY07139,Net Banking,Completed
CA-2015-163965,PAY07140,Debit Card,Completed
CA-2017-128783,PAY07141,Cash on Delivery,Failed
CA-2017-128783,PAY07142,Cash on Delivery,Pending
CA-2014-122217,PAY07143,UPI,Completed
US-2017-141558,PAY07144,Credit Card,Pending
US-2017-141558,PAY07145,UPI,Completed
US-2017-141558,PAY07146,UPI,Completed
US-2017-141558,PAY07147,Credit Card,Pending
CA-2016-139941,PAY07148,Net Banking,Completed
CA-2016-139941,PAY07149,Cash on Delivery,Pending
CA-2015-166583,PAY07150,UPI,Completed
CA-2017-100412,PAY07151,UPI,Completed
CA-2017-142909,PAY07152,UPI,Pending
CA-2014-137911,PAY07153,UPI,Completed
CA-2015-106208,PAY07154,Debit Card,Pending
US-2015-136749,PAY07155,Debit Card,Pending
US-2015-136749,PAY07156,UPI,Pending
CA-2017-126718,PAY07157,Credit Card,Failed
CA-2016-131380,PAY07158,Net Banking,Completed
CA-2016-131380,PAY07159,Debit Card,Pending
CA-2015-145835,PAY07160,Credit Card,Completed
CA-2015-145835,PAY07161,Credit Card,Completed
CA-2014-138709,PAY07162,Credit Card,Completed
CA-2014-138709,PAY07163,Net Banking,Completed
CA-2014-122070,PAY07164,Debit Card,Failed
CA-2014-122070,PAY07165,Credit Card,Completed
CA-2016-158610,PAY07166,Cash on Delivery,Completed
CA-2014-117464,PAY07167,Cash on Delivery,Completed
CA-2014-117464,PAY07168,Net Banking,Pending
CA-2014-117464,PAY07169,Debit Card,Completed
CA-2014-117464,PAY07170,Cash on Delivery,Completed
US-2017-168613,PAY07171,UPI,Completed
CA-2017-125381,PAY07172,Net Banking,Pending
US-2017-141677,PAY07173,Cash on Delivery,Completed
US-2017-141677,PAY07174,Cash on Delivery,Completed
US-2017-141677,PAY07175,Cash on Delivery,Completed
US-2017-141677,PAY07176,Cash on Delivery,Completed
US-2017-141677,PAY07177,UPI,Failed
CA-2017-133067,PAY07178,Credit Card,Completed
CA-2017-133067,PAY07179,Net Banking,Pending
US-2016-144351,PAY07180,Cash on Delivery,Completed
CA-2014-106054,PAY07181,Cash on Delivery,Completed
CA-2016-138667,PAY07182,Credit Card,Completed
CA-2017-150609,PAY07183,UPI,Failed
CA-2017-128853,PAY07184,Net Banking,Pending
CA-2017-133102,PAY07185,Net Banking,Completed
CA-2017-133102,PAY07186,Cash on Delivery,Completed
CA-2017-133102,PAY07187,Debit Card,Completed
CA-2017-133102,PAY07188,Cash on Delivery,Completed
CA-2017-133102,PAY07189,Debit Card,Completed
CA-2016-164399,PAY07190,Net Banking,Pending
CA-2016-164399,PAY07191,UPI,Completed
CA-2016-116918,PAY07192,Debit Card,Completed
CA-2016-116918,PAY07193,Credit Card,Pending
CA-2016-110492,PAY07194,Cash on Delivery,Pending
CA-2016-110492,PAY07195,Net Banking,Completed
CA-2016-147683,PAY07196,Debit Card,Pending
CA-2014-116785,PAY07197,UPI,Completed
CA-2014-116785,PAY07198,UPI,Pending
US-2015-156797,PAY07199,Debit Card,Completed
US-2015-156797,PAY07200,Cash on Delivery,Completed
CA-2016-104276,PAY07201,UPI,Completed
CA-2016-104276,PAY07202,Cash on Delivery,Completed
CA-2016-120369,PAY07203,UPI,Completed
CA-2014-118276,PAY07204,UPI,Completed
CA-2015-136658,PAY07205,Debit Card,Pending
CA-2017-137414,PAY07206,Credit Card,Completed
CA-2017-137414,PAY07207,Net Banking,Pending
CA-2016-143476,PAY07208,Cash on Delivery,Completed
CA-2016-143476,PAY07209,Credit Card,Pending
CA-2016-143476,PAY07210,UPI,Completed
US-2016-119046,PAY07211,Cash on Delivery,Completed
US-2016-119046,PAY07212,Debit Card,Failed
US-2016-119046,PAY07213,Cash on Delivery,Completed
CA-2017-154949,PAY07214,Debit Card,Pending
CA-2015-103072,PAY07215,Cash on Delivery,Completed
CA-2015-103072,PAY07216,Credit Card,Failed
CA-2015-150770,PAY07217,Debit Card,Completed
CA-2015-150770,PAY07218,Net Banking,Completed
CA-2015-150770,PAY07219,UPI,Failed
CA-2015-150770,PAY07220,Net Banking,Failed
CA-2017-154760,PAY07221,Debit Card,Pending
US-2017-104437,PAY07222,Net Banking,Completed
CA-2017-113075,PAY07223,Net Banking,Completed
CA-2016-109953,PAY07224,Net Banking,Completed
CA-2016-109953,PAY07225,Cash on Delivery,Completed
CA-2016-109953,PAY07226,Cash on Delivery,Completed
CA-2017-127397,PAY07227,Cash on Delivery,Completed
CA-2017-127397,PAY07228,UPI,Completed
CA-2014-157546,PAY07229,UPI,Completed
CA-2014-157546,PAY07230,Credit Card,Completed
CA-2017-153843,PAY07231,Debit Card,Completed
CA-2017-153843,PAY07232,Cash on Delivery,Pending
CA-2017-153843,PAY07233,Credit Card,Completed
CA-2016-137337,PAY07234,Net Banking,Completed
CA-2016-137337,PAY07235,Net Banking,Completed
CA-2016-137337,PAY07236,Credit Card,Completed
CA-2014-138737,PAY07237,Net Banking,Completed
CA-2016-164924,PAY07238,Credit Card,Completed
CA-2016-101651,PAY07239,Cash on Delivery,Completed
CA-2016-101651,PAY07240,UPI,Completed
CA-2017-136651,PAY07241,Credit Card,Completed
CA-2017-136651,PAY07242,Cash on Delivery,Pending
CA-2017-136651,PAY07243,Debit Card,Failed
CA-2017-118892,PAY07244,UPI,Completed
US-2017-151127,PAY07245,Credit Card,Completed
CA-2017-145807,PAY07246,Net Banking,Completed
US-2014-127978,PAY07247,Debit Card,Completed
US-2014-127978,PAY07248,Debit Card,Completed
US-2014-127978,PAY07249,Debit Card,Completed
CA-2015-158491,PAY07250,UPI,Completed
CA-2015-158491,PAY07251,Credit Card,Completed
CA-2016-116764,PAY07252,Net Banking,Pending
CA-2016-152457,PAY07253,UPI,Completed
CA-2016-152730,PAY07254,Debit Card,Completed
CA-2016-152730,PAY07255,Debit Card,Completed
CA-2016-152730,PAY07256,Net Banking,Failed
CA-2016-152730,PAY07257,Debit Card,Pending
CA-2016-152730,PAY07258,Net Banking,Completed
CA-2016-152730,PAY07259,Net Banking,Completed
CA-2016-152730,PAY07260,UPI,Completed
CA-2016-152730,PAY07261,Cash on Delivery,Failed
CA-2017-137001,PAY07262,Credit Card,Failed
CA-2017-156363,PAY07263,Debit Card,Completed
CA-2017-156363,PAY07264,Debit Card,Pending
CA-2017-122056,PAY07265,Net Banking,Completed
US-2014-143721,PAY07266,UPI,Completed
CA-2017-122987,PAY07267,Debit Card,Completed
CA-2017-122987,PAY07268,Cash on Delivery,Completed
CA-2016-133368,PAY07269,Cash on Delivery,Completed
CA-2016-133368,PAY07270,Net Banking,Pending
CA-2016-123337,PAY07271,Net Banking,Completed
CA-2016-123337,PAY07272,Credit Card,Completed
US-2016-150357,PAY07273,Net Banking,Completed
US-2016-150357,PAY07274,Debit Card,Completed
CA-2015-144519,PAY07275,Debit Card,Completed
CA-2015-144519,PAY07276,Net Banking,Completed
CA-2014-120670,PAY07277,UPI,Failed
CA-2016-157217,PAY07278,UPI,Completed
CA-2016-157217,PAY07279,Cash on Delivery,Completed
CA-2016-108224,PAY07280,Credit Card,Completed
CA-2015-162782,PAY07281,UPI,Completed
CA-2017-159282,PAY07282,Cash on Delivery,Failed
CA-2017-155936,PAY07283,Credit Card,Pending
CA-2017-169439,PAY07284,Debit Card,Completed
CA-2017-169439,PAY07285,Debit Card,Completed
CA-2017-151183,PAY07286,Net Banking,Pending
CA-2016-149965,PAY07287,Net Banking,Completed
CA-2016-149965,PAY07288,Cash on Delivery,Completed
CA-2014-158281,PAY07289,Net Banking,Completed
CA-2016-153661,PAY07290,Cash on Delivery,Pending
CA-2016-153661,PAY07291,Cash on Delivery,Completed
CA-2016-153661,PAY07292,Cash on Delivery,Completed
CA-2017-109183,PAY07293,UPI,Completed
CA-2016-113656,PAY07294,Net Banking,Completed
CA-2015-148964,PAY07295,Cash on Delivery,Pending
CA-2014-111899,PAY07296,Net Banking,Pending
CA-2014-111899,PAY07297,Net Banking,Failed
CA-2015-101126,PAY07298,Net Banking,Completed
CA-2014-163468,PAY07299,Net Banking,Completed
CA-2014-163468,PAY07300,UPI,Completed
CA-2014-163468,PAY07301,UPI,Failed
CA-2014-163468,PAY07302,Debit Card,Completed
CA-2014-163468,PAY07303,Cash on Delivery,Completed
US-2017-117450,PAY07304,Debit Card,Failed
US-2017-117450,PAY07305,UPI,Completed
CA-2014-137274,PAY07306,UPI,Completed
CA-2016-144092,PAY07307,Debit Card,Completed
CA-2016-144092,PAY07308,Cash on Delivery,Completed
CA-2016-144092,PAY07309,Net Banking,Pending
CA-2017-112172,PAY07310,Net Banking,Pending
CA-2015-121699,PAY07311,Debit Card,Failed
CA-2015-162761,PAY07312,UPI,Completed
CA-2015-162761,PAY07313,Credit Card,Completed
CA-2015-162761,PAY07314,Cash on Delivery,Completed
CA-2016-121377,PAY07315,Cash on Delivery,Completed
CA-2017-115322,PAY07316,Credit Card,Completed
CA-2016-132066,PAY07317,Debit Card,Completed
CA-2017-158120,PAY07318,Debit Card,Pending
CA-2017-158120,PAY07319,Debit Card,Failed
CA-2017-100097,PAY07320,Net Banking,Completed
CA-2017-100097,PAY07321,UPI,Completed
CA-2017-167626,PAY07322,Debit Card,Completed
CA-2017-167626,PAY07323,Debit Card,Pending
US-2017-126053,PAY07324,Credit Card,Completed
US-2017-126053,PAY07325,Net Banking,Completed
US-2017-128447,PAY07326,UPI,Completed
US-2017-128447,PAY07327,Credit Card,Failed
US-2014-131275,PAY07328,Credit Card,Completed
US-2014-131275,PAY07329,Cash on Delivery,Completed
US-2014-131275,PAY07330,Debit Card,Completed
CA-2016-149349,PAY07331,Cash on Delivery,Failed
CA-2017-115119,PAY07332,Debit Card,Pending
CA-2017-115119,PAY07333,Credit Card,Completed
CA-2015-125563,PAY07334,UPI,Pending
CA-2015-125563,PAY07335,Cash on Delivery,Completed
CA-2015-113152,PAY07336,Debit Card,Completed
CA-2015-113152,PAY07337,UPI,Completed
CA-2017-165155,PAY07338,Credit Card,Completed
CA-2014-163412,PAY07339,Credit Card,Completed
CA-2015-159590,PAY07340,Net Banking,Completed
CA-2014-116190,PAY07341,Net Banking,Completed
CA-2014-116190,PAY07342,Debit Card,Completed
CA-2014-116190,PAY07343,Cash on Delivery,Completed
CA-2014-168473,PAY07344,Credit Card,Completed
CA-2017-168389,PAY07345,Credit Card,Completed
CA-2017-168389,PAY07346,Net Banking,Completed
CA-2017-168389,PAY07347,Cash on Delivery,Completed
CA-2017-168389,PAY07348,Net Banking,Completed
CA-2014-130421,PAY07349,Debit Card,Completed
CA-2017-142125,PAY07350,Net Banking,Completed
CA-2017-142125,PAY07351,Cash on Delivery,Pending
CA-2017-141138,PAY07352,Credit Card,Completed
CA-2017-152135,PAY07353,Net Banking,Completed
CA-2016-151974,PAY07354,Credit Card,Completed
CA-2017-154102,PAY07355,Cash on Delivery,Pending
CA-2015-139780,PAY07356,Credit Card,Completed
CA-2016-114748,PAY07357,Debit Card,Pending
CA-2016-114748,PAY07358,Debit Card,Pending
US-2014-115189,PAY07359,Cash on Delivery,Failed
US-2014-115189,PAY07360,UPI,Completed
CA-2016-163594,PAY07361,Net Banking,Completed
CA-2016-163594,PAY07362,Credit Card,Completed
CA-2016-163594,PAY07363,Debit Card,Pending
CA-2016-127243,PAY07364,Cash on Delivery,Completed
CA-2016-127243,PAY07365,Credit Card,Completed
CA-2016-127243,PAY07366,Cash on Delivery,Pending
CA-2016-127243,PAY07367,Credit Card,Completed
CA-2016-127243,PAY07368,Cash on Delivery,Failed
CA-2017-161851,PAY07369,Credit Card,Completed
CA-2015-110345,PAY07370,Cash on Delivery,Completed
CA-2014-107769,PAY07371,Cash on Delivery,Completed
US-2017-123862,PAY07372,Debit Card,Pending
US-2017-123862,PAY07373,Net Banking,Completed
US-2017-123862,PAY07374,UPI,Completed
US-2017-123862,PAY07375,Cash on Delivery,Pending
CA-2017-100580,PAY07376,UPI,Completed
US-2017-145597,PAY07377,Cash on Delivery,Completed
CA-2014-132787,PAY07378,Debit Card,Failed
CA-2015-136224,PAY07379,Debit Card,Completed
CA-2016-105732,PAY07380,Net Banking,Pending
CA-2016-105732,PAY07381,Debit Card,Completed
CA-2016-105732,PAY07382,Cash on Delivery,Completed
CA-2016-105732,PAY07383,Net Banking,Completed
CA-2016-105732,PAY07384,Debit Card,Completed
CA-2016-105732,PAY07385,Net Banking,Pending
CA-2016-105732,PAY07386,Debit Card,Completed
CA-2016-105732,PAY07387,UPI,Completed
CA-2016-105732,PAY07388,Credit Card,Pending
CA-2016-105732,PAY07389,Net Banking,Completed
CA-2017-108035,PAY07390,Cash on Delivery,Pending
CA-2017-108035,PAY07391,Debit Card,Failed
CA-2017-160031,PAY07392,Debit Card,Completed
CA-2017-147844,PAY07393,Cash on Delivery,Completed
CA-2017-147844,PAY07394,Cash on Delivery,Pending
CA-2017-147844,PAY07395,Credit Card,Completed
CA-2016-110975,PAY07396,Cash on Delivery,Completed
CA-2016-110975,PAY07397,Credit Card,Completed
CA-2014-141649,PAY07398,Debit Card,Completed
CA-2014-124807,PAY07399,Debit Card,Completed
CA-2014-124807,PAY07400,Debit Card,Pending
CA-2016-110009,PAY07401,Cash on Delivery,Pending
CA-2016-110009,PAY07402,UPI,Completed
CA-2017-168172,PAY07403,UPI,Completed
CA-2015-100146,PAY07404,Cash on Delivery,Completed
CA-2015-100146,PAY07405,Debit Card,Pending
CA-2015-100146,PAY07406,Cash on Delivery,Completed
CA-2015-100146,PAY07407,UPI,Completed
CA-2017-152079,PAY07408,Cash on Delivery,Failed
CA-2016-129728,PAY07409,Cash on Delivery,Completed
CA-2014-121769,PAY07410,Credit Card,Pending
CA-2014-103058,PAY07411,UPI,Completed
CA-2017-121125,PAY07412,Cash on Delivery,Pending
CA-2017-121125,PAY07413,Debit Card,Completed
CA-2017-121125,PAY07414,UPI,Completed
US-2016-114013,PAY07415,Cash on Delivery,Completed
US-2016-114013,PAY07416,UPI,Pending
US-2016-114013,PAY07417,UPI,Pending
US-2016-114013,PAY07418,Net Banking,Completed
US-2016-114013,PAY07419,Net Banking,Completed
US-2016-114013,PAY07420,UPI,Pending
US-2016-114013,PAY07421,Credit Card,Completed
US-2016-114013,PAY07422,UPI,Completed
US-2016-114013,PAY07423,UPI,Pending
CA-2017-135069,PAY07424,Net Banking,Completed
CA-2017-135069,PAY07425,Cash on Delivery,Pending
CA-2016-101693,PAY07426,Debit Card,Completed
CA-2016-101693,PAY07427,Net Banking,Completed
US-2014-164763,PAY07428,Credit Card,Pending
US-2014-164763,PAY07429,UPI,Completed
US-2014-164763,PAY07430,Credit Card,Pending
US-2014-164763,PAY07431,Credit Card,Completed
US-2014-164763,PAY07432,Debit Card,Pending
CA-2014-161249,PAY07433,Cash on Delivery,Completed
CA-2014-161249,PAY07434,Credit Card,Completed
CA-2015-148180,PAY07435,UPI,Completed
CA-2015-148180,PAY07436,Cash on Delivery,Completed
CA-2015-148180,PAY07437,Debit Card,Completed
CA-2014-165568,PAY07438,Cash on Delivery,Completed
CA-2015-145457,PAY07439,Cash on Delivery,Completed
US-2017-163657,PAY07440,Cash on Delivery,Pending
US-2017-163657,PAY07441,Credit Card,Failed
CA-2015-120446,PAY07442,Cash on Delivery,Pending
CA-2014-109932,PAY07443,Net Banking,Failed
CA-2014-109932,PAY07444,Cash on Delivery,Completed
CA-2017-127474,PAY07445,Credit Card,Completed
CA-2017-127474,PAY07446,Cash on Delivery,Completed
CA-2017-127474,PAY07447,Net Banking,Pending
CA-2017-127474,PAY07448,UPI,Pending
CA-2017-115448,PAY07449,Net Banking,Completed
CA-2017-105669,PAY07450,UPI,Pending
CA-2017-105669,PAY07451,UPI,Pending
CA-2017-105669,PAY07452,Credit Card,Completed
CA-2017-105669,PAY07453,Credit Card,Completed
CA-2017-134796,PAY07454,Debit Card,Completed
CA-2016-137743,PAY07455,Debit Card,Pending
CA-2016-137743,PAY07456,Net Banking,Completed
CA-2015-137974,PAY07457,UPI,Completed
CA-2015-137974,PAY07458,UPI,Pending
CA-2015-137974,PAY07459,Cash on Delivery,Completed
CA-2015-137974,PAY07460,Cash on Delivery,Completed
US-2015-136987,PAY07461,UPI,Completed
US-2015-136987,PAY07462,Debit Card,Completed
CA-2015-138485,PAY07463,Cash on Delivery,Completed
CA-2016-103709,PAY07464,Credit Card,Failed
CA-2016-103709,PAY07465,Debit Card,Completed
CA-2016-103709,PAY07466,Credit Card,Pending
CA-2016-138282,PAY07467,UPI,Completed
CA-2017-148985,PAY07468,Debit Card,Pending
CA-2014-138100,PAY07469,Credit Card,Pending
CA-2014-138100,PAY07470,UPI,Completed
CA-2015-100734,PAY07471,Debit Card,Pending
CA-2015-100734,PAY07472,Credit Card,Pending
CA-2016-139997,PAY07473,Credit Card,Completed
CA-2016-109652,PAY07474,Net Banking,Completed
CA-2014-167199,PAY07475,Net Banking,Pending
CA-2014-167199,PAY07476,Cash on Delivery,Pending
CA-2014-167199,PAY07477,Cash on Delivery,Pending
CA-2014-167199,PAY07478,Credit Card,Pending
CA-2014-167199,PAY07479,Credit Card,Failed
CA-2014-167199,PAY07480,Debit Card,Completed
CA-2014-167199,PAY07481,Net Banking,Completed
CA-2016-124583,PAY07482,Debit Card,Completed
CA-2014-113964,PAY07483,Debit Card,Completed
CA-2014-129938,PAY07484,Credit Card,Failed
CA-2017-135111,PAY07485,Credit Card,Completed
CA-2017-135111,PAY07486,UPI,Completed
US-2015-134558,PAY07487,UPI,Completed
US-2015-134558,PAY07488,Net Banking,Completed
US-2015-134558,PAY07489,Debit Card,Completed
CA-2017-157196,PAY07490,Debit Card,Completed
CA-2015-108672,PAY07491,Debit Card,Completed
US-2017-118598,PAY07492,Credit Card,Completed
US-2017-160836,PAY07493,Net Banking,Completed
US-2017-160836,PAY07494,Credit Card,Completed
US-2017-160836,PAY07495,UPI,Completed
CA-2017-121048,PAY07496,Net Banking,Completed
CA-2017-121048,PAY07497,Net Banking,Completed
CA-2017-121048,PAY07498,Debit Card,Completed
CA-2017-121048,PAY07499,Credit Card,Completed
CA-2017-121048,PAY07500,Cash on Delivery,Failed
CA-2017-121048,PAY07501,Debit Card,Pending
CA-2017-121048,PAY07502,UPI,Pending
US-2017-120147,PAY07503,Credit Card,Failed
US-2017-120147,PAY07504,Cash on Delivery,Completed
CA-2016-158043,PAY07505,Credit Card,Completed
US-2017-106579,PAY07506,UPI,Completed
CA-2014-115889,PAY07507,UPI,Pending
CA-2014-115889,PAY07508,Net Banking,Completed
US-2017-161935,PAY07509,UPI,Completed
US-2017-161935,PAY07510,Cash on Delivery,Completed
US-2017-161935,PAY07511,Cash on Delivery,Completed
US-2017-161935,PAY07512,Cash on Delivery,Completed
US-2017-161935,PAY07513,Net Banking,Completed
US-2017-161935,PAY07514,Cash on Delivery,Completed
US-2017-167920,PAY07515,Net Banking,Completed
US-2017-167920,PAY07516,Credit Card,Completed
US-2017-167920,PAY07517,Debit Card,Completed
US-2017-167920,PAY07518,Cash on Delivery,Completed
US-2017-167920,PAY07519,Credit Card,Pending
US-2017-167920,PAY07520,Credit Card,Completed
US-2017-167920,PAY07521,Net Banking,Pending
CA-2016-162383,PAY07522,Cash on Delivery,Completed
CA-2016-162383,PAY07523,Cash on Delivery,Completed
CA-2016-162383,PAY07524,UPI,Completed
CA-2014-125731,PAY07525,Credit Card,Completed
CA-2014-125731,PAY07526,Net Banking,Pending
US-2017-106145,PAY07527,UPI,Failed
US-2017-106145,PAY07528,Credit Card,Failed
US-2017-106145,PAY07529,Cash on Delivery,Completed
US-2017-106145,PAY07530,UPI,Completed
US-2017-106145,PAY07531,Cash on Delivery,Completed
CA-2016-107146,PAY07532,Debit Card,Completed
CA-2016-107146,PAY07533,Cash on Delivery,Failed
US-2017-134642,PAY07534,Debit Card,Pending
US-2017-134642,PAY07535,Debit Card,Completed
US-2017-160143,PAY07536,Cash on Delivery,Completed
CA-2017-103415,PAY07537,Debit Card,Completed
CA-2016-106460,PAY07538,UPI,Completed
US-2017-112347,PAY07539,Debit Card,Completed
US-2017-112347,PAY07540,Credit Card,Completed
US-2017-112347,PAY07541,Net Banking,Completed
US-2017-112347,PAY07542,Debit Card,Completed
US-2017-112347,PAY07543,Cash on Delivery,Completed
US-2017-112347,PAY07544,UPI,Completed
US-2017-112347,PAY07545,Debit Card,Completed
CA-2014-103492,PAY07546,Cash on Delivery,Failed
CA-2014-103492,PAY07547,Credit Card,Completed
CA-2014-103492,PAY07548,Debit Card,Completed
CA-2014-103492,PAY07549,Credit Card,Failed
CA-2016-136595,PAY07550,Debit Card,Failed
CA-2014-140396,PAY07551,Cash on Delivery,Completed
CA-2014-140396,PAY07552,Debit Card,Pending
CA-2014-140396,PAY07553,Credit Card,Completed
CA-2014-140396,PAY07554,Net Banking,Pending
CA-2014-114181,PAY07555,Debit Card,Completed
CA-2014-114181,PAY07556,Credit Card,Failed
CA-2017-159506,PAY07557,UPI,Completed
CA-2017-159506,PAY07558,Cash on Delivery,Completed
US-2014-137155,PAY07559,UPI,Completed
US-2014-137155,PAY07560,Credit Card,Completed
US-2014-137155,PAY07561,Credit Card,Completed
CA-2016-105746,PAY07562,UPI,Completed
US-2016-104815,PAY07563,UPI,Completed
CA-2017-157672,PAY07564,UPI,Completed
US-2016-166660,PAY07565,Credit Card,Completed
US-2016-166660,PAY07566,Cash on Delivery,Completed
CA-2017-140802,PAY07567,UPI,Pending
CA-2017-140802,PAY07568,Cash on Delivery,Failed
CA-2014-133830,PAY07569,Cash on Delivery,Completed
CA-2014-133830,PAY07570,Net Banking,Completed
CA-2014-133830,PAY07571,Net Banking,Pending
CA-2014-100916,PAY07572,Cash on Delivery,Failed
CA-2014-100916,PAY07573,Credit Card,Completed
CA-2014-100916,PAY07574,Cash on Delivery,Pending
CA-2015-129532,PAY07575,Debit Card,Completed
CA-2015-129532,PAY07576,UPI,Completed
CA-2014-134726,PAY07577,Credit Card,Completed
CA-2014-134726,PAY07578,UPI,Pending
CA-2016-138597,PAY07579,UPI,Completed
CA-2015-123113,PAY07580,UPI,Completed
CA-2015-123113,PAY07581,Net Banking,Completed
CA-2015-169656,PAY07582,UPI,Pending
CA-2015-142734,PAY07583,UPI,Completed
CA-2014-163223,PAY07584,Credit Card,Failed
CA-2014-163223,PAY07585,Cash on Delivery,Completed
CA-2014-163223,PAY07586,Debit Card,Failed
CA-2014-163223,PAY07587,UPI,Pending
CA-2014-163223,PAY07588,Net Banking,Completed
CA-2017-122945,PAY07589,Cash on Delivery,Completed
CA-2015-139738,PAY07590,UPI,Pending
CA-2016-158778,PAY07591,Debit Card,Completed
CA-2016-158778,PAY07592,Net Banking,Failed
CA-2016-158778,PAY07593,Cash on Delivery,Failed
CA-2016-158778,PAY07594,UPI,Completed
CA-2017-119655,PAY07595,UPI,Failed
CA-2017-119655,PAY07596,Debit Card,Completed
CA-2015-164567,PAY07597,Net Banking,Completed
CA-2014-131947,PAY07598,Credit Card,Completed
CA-2014-131947,PAY07599,Credit Card,Failed
CA-2014-131947,PAY07600,Net Banking,Completed
CA-2014-131947,PAY07601,Net Banking,Failed
CA-2014-131947,PAY07602,UPI,Completed
CA-2014-131947,PAY07603,Net Banking,Completed
CA-2016-152520,PAY07604,UPI,Pending
CA-2016-101791,PAY07605,Credit Card,Completed
CA-2016-101791,PAY07606,Debit Card,Pending
CA-2016-101791,PAY07607,Cash on Delivery,Completed
CA-2017-121195,PAY07608,Debit Card,Pending
CA-2017-163209,PAY07609,UPI,Completed
CA-2017-163209,PAY07610,Debit Card,Pending
CA-2014-133354,PAY07611,Cash on Delivery,Completed
US-2015-130491,PAY07612,Net Banking,Pending
US-2015-130491,PAY07613,UPI,Completed
US-2015-130491,PAY07614,Net Banking,Completed
CA-2015-113740,PAY07615,Cash on Delivery,Completed
CA-2014-148425,PAY07616,UPI,Failed
CA-2016-144309,PAY07617,Credit Card,Completed
CA-2016-144309,PAY07618,Cash on Delivery,Completed
CA-2017-151225,PAY07619,Cash on Delivery,Pending
CA-2017-151225,PAY07620,UPI,Completed
US-2014-144078,PAY07621,Net Banking,Completed
US-2014-144078,PAY07622,Debit Card,Completed
US-2014-144078,PAY07623,Net Banking,Failed
CA-2014-124464,PAY07624,UPI,Completed
CA-2015-136805,PAY07625,Net Banking,Completed
CA-2015-136805,PAY07626,Cash on Delivery,Completed
US-2015-159499,PAY07627,Debit Card,Completed
US-2015-159499,PAY07628,Cash on Delivery,Completed
US-2015-159499,PAY07629,Credit Card,Completed
CA-2014-162089,PAY07630,Credit Card,Pending
CA-2014-162089,PAY07631,Cash on Delivery,Failed
CA-2014-162089,PAY07632,Cash on Delivery,Pending
US-2017-158526,PAY07633,Debit Card,Completed
US-2017-158526,PAY07634,Net Banking,Completed
US-2017-158526,PAY07635,UPI,Completed
US-2017-158526,PAY07636,UPI,Completed
US-2017-158526,PAY07637,Credit Card,Completed
CA-2017-104885,PAY07638,Cash on Delivery,Completed
CA-2017-104885,PAY07639,Cash on Delivery,Completed
CA-2017-104885,PAY07640,Debit Card,Completed
CA-2017-104885,PAY07641,UPI,Failed
US-2016-157490,PAY07642,Net Banking,Completed
US-2016-157490,PAY07643,UPI,Completed
US-2016-157490,PAY07644,Net Banking,Failed
US-2016-157490,PAY07645,Credit Card,Completed
CA-2015-161452,PAY07646,UPI,Completed
US-2014-115196,PAY07647,Credit Card,Completed
CA-2016-138968,PAY07648,Cash on Delivery,Pending
CA-2016-138968,PAY07649,UPI,Completed
CA-2015-101889,PAY07650,Cash on Delivery,Failed
CA-2015-101889,PAY07651,Net Banking,Completed
CA-2017-110821,PAY07652,Net Banking,Pending
CA-2017-110821,PAY07653,Credit Card,Completed
CA-2015-121552,PAY07654,Credit Card,Completed
CA-2015-107685,PAY07655,Cash on Delivery,Completed
CA-2015-107685,PAY07656,UPI,Failed
US-2014-120740,PAY07657,Cash on Delivery,Completed
US-2014-120740,PAY07658,Debit Card,Completed
CA-2017-155740,PAY07659,Net Banking,Completed
CA-2017-146493,PAY07660,Debit Card,Completed
CA-2014-105417,PAY07661,Debit Card,Completed
CA-2014-105417,PAY07662,Net Banking,Completed
US-2017-141509,PAY07663,Cash on Delivery,Completed
CA-2017-139493,PAY07664,Cash on Delivery,Completed
CA-2014-151967,PAY07665,Cash on Delivery,Completed
US-2016-140158,PAY07666,Debit Card,Completed
US-2016-140158,PAY07667,UPI,Completed
US-2016-140158,PAY07668,Cash on Delivery,Failed
CA-2015-130974,PAY07669,Debit Card,Completed
CA-2015-130974,PAY07670,Net Banking,Pending
CA-2015-130974,PAY07671,Debit Card,Completed
CA-2015-130974,PAY07672,UPI,Completed
CA-2015-130974,PAY07673,Debit Card,Pending
CA-2015-130974,PAY07674,Credit Card,Pending
CA-2015-130974,PAY07675,Credit Card,Completed
CA-2017-133487,PAY07676,UPI,Completed
CA-2014-142951,PAY07677,Cash on Delivery,Completed
CA-2014-133592,PAY07678,Debit Card,Pending
CA-2014-133592,PAY07679,Net Banking,Completed
CA-2014-133592,PAY07680,Net Banking,Completed
CA-2014-133592,PAY07681,Credit Card,Pending
CA-2014-133592,PAY07682,UPI,Completed
CA-2015-120782,PAY07683,Debit Card,Completed
CA-2015-120782,PAY07684,UPI,Completed
CA-2015-116876,PAY07685,Credit Card,Pending
CA-2015-116876,PAY07686,Credit Card,Completed
CA-2016-169838,PAY07687,Debit Card,Pending
CA-2016-169838,PAY07688,UPI,Completed
CA-2016-169838,PAY07689,Cash on Delivery,Completed
US-2017-128951,PAY07690,Debit Card,Completed
US-2017-128951,PAY07691,Cash on Delivery,Pending
US-2017-128951,PAY07692,Credit Card,Failed
CA-2014-102330,PAY07693,Cash on Delivery,Completed
CA-2014-102330,PAY07694,Debit Card,Completed
CA-2016-118899,PAY07695,UPI,Completed
CA-2017-107958,PAY07696,Cash on Delivery,Completed
CA-2017-107958,PAY07697,Credit Card,Completed
CA-2017-151799,PAY07698,Credit Card,Failed
CA-2017-151799,PAY07699,Debit Card,Completed
CA-2017-151799,PAY07700,Credit Card,Failed
CA-2017-151799,PAY07701,Credit Card,Completed
CA-2017-151799,PAY07702,Credit Card,Completed
CA-2016-114601,PAY07703,Debit Card,Completed
CA-2016-114601,PAY07704,Debit Card,Completed
CA-2016-114601,PAY07705,Debit Card,Completed
CA-2016-114601,PAY07706,Debit Card,Completed
CA-2016-114601,PAY07707,Debit Card,Completed
CA-2017-100237,PAY07708,Debit Card,Completed
CA-2014-139542,PAY07709,Credit Card,Pending
CA-2014-139542,PAY07710,UPI,Completed
US-2015-142811,PAY07711,UPI,Completed
CA-2017-139353,PAY07712,Credit Card,Completed
CA-2017-139353,PAY07713,Credit Card,Completed
CA-2017-139353,PAY07714,Debit Card,Completed
CA-2014-150203,PAY07715,Net Banking,Completed
US-2017-101518,PAY07716,Net Banking,Completed
CA-2015-149636,PAY07717,Debit Card,Completed
CA-2015-149636,PAY07718,Credit Card,Completed
US-2017-146213,PAY07719,UPI,Completed
CA-2015-108588,PAY07720,Cash on Delivery,Pending
CA-2015-108588,PAY07721,Cash on Delivery,Completed
CA-2015-108588,PAY07722,Net Banking,Failed
US-2017-138086,PAY07723,UPI,Completed
CA-2015-139374,PAY07724,Cash on Delivery,Completed
CA-2016-113978,PAY07725,Net Banking,Completed
CA-2016-113978,PAY07726,Debit Card,Pending
CA-2016-113978,PAY07727,UPI,Completed
US-2015-150231,PAY07728,Net Banking,Completed
CA-2016-106915,PAY07729,Debit Card,Failed
US-2016-109260,PAY07730,Debit Card,Completed
CA-2017-104850,PAY07731,Credit Card,Completed
CA-2017-140508,PAY07732,UPI,Completed
CA-2017-143294,PAY07733,UPI,Pending
CA-2016-165673,PAY07734,Cash on Delivery,Pending
CA-2017-134418,PAY07735,Credit Card,Completed
US-2016-106313,PAY07736,Debit Card,Completed
CA-2014-105872,PAY07737,Cash on Delivery,Completed
CA-2017-108287,PAY07738,Cash on Delivery,Completed
CA-2017-141103,PAY07739,Credit Card,Failed
CA-2014-154781,PAY07740,Debit Card,Pending
CA-2014-154781,PAY07741,Credit Card,Completed
CA-2015-147816,PAY07742,Cash on Delivery,Completed
CA-2017-105326,PAY07743,UPI,Completed
CA-2016-133613,PAY07744,Credit Card,Completed
CA-2016-133613,PAY07745,Credit Card,Completed
CA-2016-133613,PAY07746,Cash on Delivery,Completed
CA-2015-109113,PAY07747,Credit Card,Completed
CA-2015-156153,PAY07748,UPI,Completed
CA-2015-133242,PAY07749,Debit Card,Completed
CA-2015-133242,PAY07750,Debit Card,Completed
CA-2015-133242,PAY07751,Debit Card,Failed
CA-2015-133242,PAY07752,Credit Card,Completed
CA-2015-133242,PAY07753,Debit Card,Completed
CA-2015-158323,PAY07754,Cash on Delivery,Completed
CA-2015-161795,PAY07755,Net Banking,Completed
CA-2017-100902,PAY07756,Cash on Delivery,Completed
CA-2017-100902,PAY07757,Cash on Delivery,Pending
CA-2017-112844,PAY07758,Credit Card,Completed
CA-2017-112844,PAY07759,Credit Card,Pending
CA-2016-158925,PAY07760,Net Banking,Completed
CA-2014-155390,PAY07761,Cash on Delivery,Completed
CA-2017-123071,PAY07762,Net Banking,Completed
CA-2017-156391,PAY07763,Credit Card,Completed
CA-2015-103093,PAY07764,Debit Card,Completed
US-2017-118941,PAY07765,Cash on Delivery,Pending
US-2017-118941,PAY07766,Cash on Delivery,Pending
US-2017-118941,PAY07767,UPI,Completed
CA-2015-169299,PAY07768,Credit Card,Pending
CA-2017-154088,PAY07769,UPI,Completed
CA-2016-155978,PAY07770,Net Banking,Completed
CA-2016-155978,PAY07771,UPI,Completed
CA-2016-108196,PAY07772,Cash on Delivery,Completed
CA-2016-108196,PAY07773,Net Banking,Completed
CA-2016-108196,PAY07774,Net Banking,Completed
CA-2016-152800,PAY07775,Net Banking,Completed
CA-2014-166961,PAY07776,Net Banking,Pending
CA-2014-166961,PAY07777,Net Banking,Completed
CA-2014-166961,PAY07778,Credit Card,Completed
CA-2014-166961,PAY07779,Cash on Delivery,Completed
CA-2016-139381,PAY07780,Debit Card,Completed
CA-2016-139381,PAY07781,Cash on Delivery,Pending
CA-2015-132136,PAY07782,Debit Card,Completed
CA-2016-162236,PAY07783,Credit Card,Completed
CA-2016-162236,PAY07784,UPI,Completed
CA-2016-162236,PAY07785,Net Banking,Pending
US-2014-111353,PAY07786,UPI,Completed
US-2016-117037,PAY07787,Debit Card,Completed
US-2016-117037,PAY07788,Credit Card,Pending
US-2016-117037,PAY07789,Net Banking,Failed
US-2016-117037,PAY07790,Credit Card,Pending
CA-2017-160801,PAY07791,Cash on Delivery,Completed
CA-2016-108364,PAY07792,Credit Card,Completed
CA-2017-169362,PAY07793,Credit Card,Completed
CA-2015-127481,PAY07794,Cash on Delivery,Completed
CA-2015-127481,PAY07795,Debit Card,Completed
CA-2015-112711,PAY07796,UPI,Completed
US-2015-145121,PAY07797,Debit Card,Completed
CA-2017-166184,PAY07798,Net Banking,Completed
CA-2017-166184,PAY07799,UPI,Completed
CA-2017-166184,PAY07800,Debit Card,Completed
CA-2017-157413,PAY07801,UPI,Pending
CA-2014-143637,PAY07802,UPI,Failed
CA-2015-102260,PAY07803,UPI,Pending
CA-2015-102260,PAY07804,Debit Card,Completed
CA-2015-102260,PAY07805,Credit Card,Completed
CA-2015-102260,PAY07806,UPI,Completed
CA-2015-102260,PAY07807,Cash on Delivery,Completed
US-2016-137295,PAY07808,UPI,Completed
US-2016-137295,PAY07809,Cash on Delivery,Pending
US-2016-137295,PAY07810,Debit Card,Completed
CA-2016-134334,PAY07811,Net Banking,Completed
CA-2016-134334,PAY07812,Credit Card,Failed
CA-2016-134334,PAY07813,UPI,Failed
CA-2016-134334,PAY07814,Credit Card,Completed
US-2017-109316,PAY07815,UPI,Completed
US-2017-109316,PAY07816,Cash on Delivery,Completed
CA-2016-138478,PAY07817,Debit Card,Completed
CA-2016-138478,PAY07818,Net Banking,Completed
CA-2016-138478,PAY07819,Debit Card,Pending
CA-2017-150469,PAY07820,Credit Card,Completed
CA-2017-152436,PAY07821,Cash on Delivery,Completed
CA-2016-169334,PAY07822,UPI,Completed
US-2014-115413,PAY07823,Cash on Delivery,Pending
US-2014-115413,PAY07824,Cash on Delivery,Completed
CA-2014-125150,PAY07825,Credit Card,Pending
CA-2015-127327,PAY07826,UPI,Completed
CA-2017-117114,PAY07827,Net Banking,Completed
CA-2017-117114,PAY07828,Net Banking,Completed
CA-2015-137302,PAY07829,Credit Card,Completed
CA-2015-137302,PAY07830,Cash on Delivery,Completed
CA-2015-137302,PAY07831,Cash on Delivery,Pending
CA-2015-137302,PAY07832,Net Banking,Pending
CA-2016-112382,PAY07833,Debit Card,Completed
CA-2015-128958,PAY07834,Net Banking,Completed
CA-2015-106257,PAY07835,Credit Card,Completed
CA-2015-106257,PAY07836,UPI,Failed
CA-2015-149083,PAY07837,Debit Card,Pending
CA-2015-149083,PAY07838,Credit Card,Pending
CA-2015-149083,PAY07839,Debit Card,Completed
US-2014-137869,PAY07840,Net Banking,Completed
US-2014-137869,PAY07841,Net Banking,Completed
CA-2016-116603,PAY07842,Cash on Delivery,Completed
CA-2014-158470,PAY07843,Debit Card,Completed
CA-2014-158470,PAY07844,Credit Card,Completed
US-2017-123834,PAY07845,UPI,Completed
CA-2015-125976,PAY07846,Cash on Delivery,Completed
CA-2015-125976,PAY07847,Cash on Delivery,Completed
CA-2016-128706,PAY07848,Credit Card,Completed
CA-2016-104311,PAY07849,UPI,Completed
CA-2016-104311,PAY07850,Cash on Delivery,Pending
CA-2016-104311,PAY07851,Debit Card,Completed
CA-2014-169649,PAY07852,UPI,Failed
CA-2014-169649,PAY07853,Credit Card,Pending
CA-2015-144890,PAY07854,UPI,Completed
CA-2017-135587,PAY07855,UPI,Completed
CA-2017-135587,PAY07856,Credit Card,Pending
CA-2014-103429,PAY07857,Cash on Delivery,Pending
CA-2014-103429,PAY07858,Debit Card,Completed
CA-2014-103429,PAY07859,UPI,Completed
CA-2014-103429,PAY07860,Net Banking,Pending
CA-2017-152261,PAY07861,Net Banking,Completed
CA-2015-142993,PAY07862,Debit Card,Completed
CA-2015-142993,PAY07863,Cash on Delivery,Completed
CA-2015-143364,PAY07864,Debit Card,Completed
CA-2015-143364,PAY07865,Credit Card,Failed
CA-2015-143364,PAY07866,Credit Card,Completed
CA-2015-143364,PAY07867,Cash on Delivery,Completed
CA-2014-100972,PAY07868,Credit Card,Completed
CA-2016-136994,PAY07869,Credit Card,Completed
US-2017-166233,PAY07870,Cash on Delivery,Completed
CA-2017-122112,PAY07871,Cash on Delivery,Completed
CA-2016-101672,PAY07872,Credit Card,Completed
CA-2016-101672,PAY07873,Net Banking,Pending
CA-2016-101672,PAY07874,Cash on Delivery,Completed
CA-2016-101672,PAY07875,UPI,Completed
CA-2017-168403,PAY07876,Debit Card,Completed
CA-2017-168403,PAY07877,Cash on Delivery,Pending
CA-2015-148705,PAY07878,Credit Card,Completed
CA-2016-160241,PAY07879,UPI,Completed
CA-2016-155747,PAY07880,Cash on Delivery,Completed
CA-2017-118017,PAY07881,UPI,Pending
CA-2017-118017,PAY07882,Cash on Delivery,Completed
CA-2017-118017,PAY07883,Credit Card,Completed
CA-2017-118017,PAY07884,Debit Card,Completed
CA-2017-118017,PAY07885,Net Banking,Completed
CA-2017-118017,PAY07886,Cash on Delivery,Completed
CA-2017-118017,PAY07887,Cash on Delivery,Completed
CA-2017-118017,PAY07888,Cash on Delivery,Completed
CA-2016-113117,PAY07889,Cash on Delivery,Completed
CA-2016-148684,PAY07890,Debit Card,Completed
CA-2016-148684,PAY07891,Credit Card,Pending
CA-2016-148684,PAY07892,Debit Card,Completed
CA-2016-148684,PAY07893,Net Banking,Failed
CA-2017-125367,PAY07894,UPI,Completed
CA-2017-124744,PAY07895,Cash on Delivery,Pending
CA-2017-124744,PAY07896,Debit Card,Completed
CA-2017-124744,PAY07897,Debit Card,Failed
CA-2017-128363,PAY07898,Cash on Delivery,Completed
CA-2017-128363,PAY07899,UPI,Failed
CA-2017-128363,PAY07900,Credit Card,Completed
CA-2017-128363,PAY07901,Net Banking,Completed
CA-2017-128363,PAY07902,Cash on Delivery,Completed
CA-2017-128363,PAY07903,Debit Card,Completed
CA-2017-128363,PAY07904,Cash on Delivery,Pending
CA-2015-126669,PAY07905,Cash on Delivery,Completed
US-2015-118766,PAY07906,Cash on Delivery,Completed
US-2015-118766,PAY07907,Cash on Delivery,Completed
CA-2016-112585,PAY07908,Cash on Delivery,Completed
CA-2016-149762,PAY07909,Credit Card,Pending
CA-2016-149762,PAY07910,Debit Card,Completed
CA-2016-149762,PAY07911,Debit Card,Completed
CA-2016-149762,PAY07912,Cash on Delivery,Pending
CA-2016-167605,PAY07913,Net Banking,Pending
US-2017-105697,PAY07914,Credit Card,Completed
CA-2017-165323,PAY07915,Cash on Delivery,Completed
CA-2017-165323,PAY07916,UPI,Pending
CA-2015-110891,PAY07917,Credit Card,Completed
CA-2017-100783,PAY07918,Credit Card,Failed
CA-2015-152513,PAY07919,Net Banking,Completed
CA-2017-139822,PAY07920,Credit Card,Completed
CA-2017-139822,PAY07921,Credit Card,Completed
CA-2017-107713,PAY07922,Cash on Delivery,Completed
CA-2017-134096,PAY07923,Debit Card,Completed
CA-2017-134096,PAY07924,Cash on Delivery,Completed
CA-2016-125843,PAY07925,UPI,Pending
CA-2016-125843,PAY07926,Cash on Delivery,Failed
CA-2017-120404,PAY07927,Debit Card,Completed
CA-2017-120404,PAY07928,UPI,Completed
CA-2017-120404,PAY07929,Credit Card,Pending
CA-2017-167549,PAY07930,Net Banking,Completed
CA-2016-120082,PAY07931,Credit Card,Completed
US-2016-168095,PAY07932,UPI,Pending
US-2016-168095,PAY07933,Credit Card,Completed
CA-2017-166093,PAY07934,UPI,Completed
CA-2017-166093,PAY07935,UPI,Failed
CA-2017-166093,PAY07936,Debit Card,Completed
CA-2017-166093,PAY07937,Net Banking,Completed
CA-2017-166093,PAY07938,Cash on Delivery,Completed
CA-2017-166093,PAY07939,Debit Card,Pending
CA-2017-166093,PAY07940,Cash on Delivery,Completed
CA-2016-146325,PAY07941,Debit Card,Completed
CA-2016-146325,PAY07942,Credit Card,Completed
CA-2017-134194,PAY07943,Credit Card,Completed
CA-2017-134194,PAY07944,Cash on Delivery,Completed
CA-2017-134194,PAY07945,Credit Card,Completed
CA-2017-134194,PAY07946,Debit Card,Completed
CA-2017-134194,PAY07947,Cash on Delivery,Completed
CA-2014-131009,PAY07948,Debit Card,Completed
CA-2014-131009,PAY07949,UPI,Completed
CA-2014-131009,PAY07950,UPI,Completed
CA-2014-131009,PAY07951,Debit Card,Pending
CA-2015-145814,PAY07952,Cash on Delivery,Completed
CA-2015-145814,PAY07953,Debit Card,Completed
CA-2014-138359,PAY07954,Debit Card,Completed
CA-2014-138359,PAY07955,Net Banking,Pending
CA-2017-131807,PAY07956,Debit Card,Completed
CA-2017-131807,PAY07957,Credit Card,Completed
CA-2017-131807,PAY07958,Cash on Delivery,Completed
CA-2017-131807,PAY07959,Net Banking,Pending
CA-2017-131807,PAY07960,Credit Card,Pending
CA-2017-131807,PAY07961,Net Banking,Completed
CA-2017-104864,PAY07962,UPI,Pending
CA-2017-104864,PAY07963,Debit Card,Pending
CA-2017-104864,PAY07964,UPI,Pending
CA-2017-104864,PAY07965,Cash on Delivery,Completed
CA-2017-104864,PAY07966,Credit Card,Completed
CA-2015-138219,PAY07967,Cash on Delivery,Pending
CA-2016-157707,PAY07968,UPI,Completed
CA-2016-157707,PAY07969,Net Banking,Completed
CA-2016-157707,PAY07970,Net Banking,Completed
US-2015-126753,PAY07971,Debit Card,Pending
US-2015-126753,PAY07972,UPI,Completed
US-2015-126753,PAY07973,Credit Card,Completed
US-2015-126753,PAY07974,Cash on Delivery,Completed
US-2015-126753,PAY07975,Net Banking,Completed
US-2015-126753,PAY07976,Debit Card,Failed
US-2015-126753,PAY07977,Credit Card,Completed
CA-2014-166051,PAY07978,Credit Card,Pending
CA-2014-166051,PAY07979,Debit Card,Completed
CA-2015-113040,PAY07980,Credit Card,Failed
CA-2014-103800,PAY07981,Net Banking,Completed
CA-2014-113383,PAY07982,Credit Card,Pending
CA-2014-113383,PAY07983,Debit Card,Completed
CA-2017-152499,PAY07984,Net Banking,Completed
CA-2017-152499,PAY07985,Debit Card,Completed
CA-2016-151498,PAY07986,Cash on Delivery,Failed
CA-2016-137939,PAY07987,UPI,Pending
US-2016-117793,PAY07988,Net Banking,Completed
US-2016-117793,PAY07989,Debit Card,Completed
US-2016-117793,PAY07990,Credit Card,Completed
US-2016-117793,PAY07991,Credit Card,Completed
CA-2016-133872,PAY07992,Debit Card,Completed
CA-2016-133872,PAY07993,Debit Card,Completed
US-2015-165743,PAY07994,Cash on Delivery,Completed
US-2015-165743,PAY07995,Credit Card,Completed
US-2015-165743,PAY07996,Debit Card,Pending
US-2017-105998,PAY07997,Net Banking,Pending
US-2017-105998,PAY07998,Cash on Delivery,Completed
US-2014-148194,PAY07999,Cash on Delivery,Completed
US-2014-148194,PAY08000,Debit Card,Completed
US-2015-151407,PAY08001,Net Banking,Completed
CA-2015-110870,PAY08002,Net Banking,Completed
CA-2015-110870,PAY08003,Cash on Delivery,Pending
CA-2014-143210,PAY08004,Debit Card,Completed
CA-2014-143210,PAY08005,Credit Card,Completed
CA-2014-143210,PAY08006,Debit Card,Failed
CA-2016-139808,PAY08007,Cash on Delivery,Pending
CA-2015-110863,PAY08008,Debit Card,Pending
CA-2015-110863,PAY08009,UPI,Completed
CA-2015-110863,PAY08010,UPI,Failed
CA-2014-127859,PAY08011,Cash on Delivery,Pending
US-2015-136427,PAY08012,Credit Card,Completed
CA-2017-120168,PAY08013,Cash on Delivery,Failed
CA-2017-120168,PAY08014,Cash on Delivery,Pending
CA-2017-120168,PAY08015,Cash on Delivery,Completed
CA-2017-120168,PAY08016,Credit Card,Completed
US-2014-131870,PAY08017,Credit Card,Completed
US-2014-131870,PAY08018,Credit Card,Pending
CA-2017-114804,PAY08019,Credit Card,Completed
CA-2017-167227,PAY08020,Cash on Delivery,Completed
CA-2017-167227,PAY08021,UPI,Pending
CA-2014-129189,PAY08022,Credit Card,Completed
CA-2014-129189,PAY08023,Credit Card,Completed
CA-2014-129189,PAY08024,UPI,Failed
CA-2014-129189,PAY08025,Credit Card,Completed
CA-2015-132465,PAY08026,Net Banking,Completed
CA-2015-132465,PAY08027,Debit Card,Completed
CA-2015-132465,PAY08028,UPI,Failed
CA-2015-132465,PAY08029,UPI,Completed
CA-2016-166373,PAY08030,Debit Card,Pending
CA-2016-158806,PAY08031,Debit Card,Pending
CA-2016-158806,PAY08032,Cash on Delivery,Failed
CA-2015-119690,PAY08033,Debit Card,Completed
CA-2015-119690,PAY08034,Cash on Delivery,Completed
CA-2015-119690,PAY08035,Credit Card,Completed
CA-2015-119690,PAY08036,Credit Card,Completed
CA-2015-153738,PAY08037,UPI,Completed
CA-2017-169012,PAY08038,Debit Card,Completed
CA-2017-109393,PAY08039,Net Banking,Completed
CA-2017-121489,PAY08040,Credit Card,Completed
CA-2017-121489,PAY08041,Net Banking,Failed
CA-2017-121489,PAY08042,Credit Card,Pending
US-2017-133081,PAY08043,UPI,Pending
US-2017-133081,PAY08044,Net Banking,Completed
CA-2017-165008,PAY08045,Debit Card,Completed
CA-2016-145611,PAY08046,Debit Card,Completed
CA-2016-113600,PAY08047,Cash on Delivery,Completed
CA-2017-130834,PAY08048,Credit Card,Failed
CA-2016-168543,PAY08049,UPI,Completed
CA-2014-144974,PAY08050,Debit Card,Completed
CA-2014-144974,PAY08051,Debit Card,Completed
CA-2014-144974,PAY08052,Credit Card,Completed
CA-2014-109904,PAY08053,Net Banking,Completed
CA-2017-152205,PAY08054,Credit Card,Completed
CA-2015-121188,PAY08055,Debit Card,Completed
CA-2015-121188,PAY08056,UPI,Pending
CA-2015-121188,PAY08057,Net Banking,Completed
CA-2015-121188,PAY08058,Debit Card,Completed
CA-2015-121188,PAY08059,Net Banking,Pending
CA-2015-121188,PAY08060,Cash on Delivery,Completed
CA-2015-156013,PAY08061,Net Banking,Pending
CA-2015-156013,PAY08062,Net Banking,Completed
CA-2016-132997,PAY08063,Net Banking,Failed
CA-2016-132997,PAY08064,Debit Card,Failed
CA-2016-132997,PAY08065,Cash on Delivery,Completed
CA-2016-132997,PAY08066,Debit Card,Pending
CA-2016-132997,PAY08067,UPI,Completed
US-2015-160563,PAY08068,Debit Card,Completed
US-2015-160563,PAY08069,Net Banking,Completed
CA-2017-151750,PAY08070,Net Banking,Completed
CA-2017-151750,PAY08071,UPI,Completed
CA-2017-151750,PAY08072,Cash on Delivery,Failed
CA-2017-151750,PAY08073,Cash on Delivery,Completed
CA-2017-151750,PAY08074,Debit Card,Completed
CA-2017-151750,PAY08075,Debit Card,Completed
CA-2017-151750,PAY08076,Credit Card,Completed
CA-2015-106187,PAY08077,UPI,Completed
CA-2015-106187,PAY08078,Net Banking,Completed
CA-2015-106187,PAY08079,Debit Card,Completed
US-2016-164945,PAY08080,Cash on Delivery,Completed
CA-2015-150714,PAY08081,Credit Card,Completed
CA-2015-150714,PAY08082,Credit Card,Completed
CA-2015-150714,PAY08083,Credit Card,Completed
CA-2015-150714,PAY08084,Net Banking,Pending
CA-2015-150714,PAY08085,Net Banking,Pending
CA-2016-105753,PAY08086,Debit Card,Completed
CA-2017-120894,PAY08087,Credit Card,Pending
CA-2016-106621,PAY08088,Debit Card,Completed
CA-2015-107020,PAY08089,Net Banking,Completed
US-2015-117492,PAY08090,Net Banking,Completed
CA-2014-101392,PAY08091,Net Banking,Completed
CA-2015-127502,PAY08092,Cash on Delivery,Pending
CA-2017-143658,PAY08093,Cash on Delivery,Completed
CA-2017-133046,PAY08094,Credit Card,Completed
CA-2017-133046,PAY08095,Cash on Delivery,Completed
CA-2017-133046,PAY08096,Debit Card,Pending
CA-2017-133046,PAY08097,Credit Card,Completed
CA-2017-122798,PAY08098,Credit Card,Completed
CA-2017-122798,PAY08099,Net Banking,Completed
CA-2016-169663,PAY08100,Cash on Delivery,Completed
CA-2016-169663,PAY08101,Net Banking,Failed
CA-2015-149846,PAY08102,Cash on Delivery,Completed
CA-2015-149846,PAY08103,Net Banking,Completed
CA-2015-149846,PAY08104,Net Banking,Pending
CA-2015-149846,PAY08105,UPI,Completed
CA-2017-159149,PAY08106,Cash on Delivery,Completed
CA-2017-159149,PAY08107,Credit Card,Completed
CA-2017-159149,PAY08108,Net Banking,Completed
US-2017-167570,PAY08109,Net Banking,Completed
CA-2017-160122,PAY08110,Credit Card,Pending
CA-2017-160122,PAY08111,UPI,Completed
CA-2016-130393,PAY08112,Debit Card,Failed
CA-2016-130393,PAY08113,Net Banking,Completed
CA-2016-130393,PAY08114,Net Banking,Completed
CA-2017-144820,PAY08115,Cash on Delivery,Completed
CA-2017-101014,PAY08116,Cash on Delivery,Completed
CA-2017-105543,PAY08117,UPI,Completed
US-2017-113201,PAY08118,Net Banking,Pending
US-2017-106551,PAY08119,Debit Card,Completed
CA-2016-116722,PAY08120,Debit Card,Pending
CA-2016-116722,PAY08121,Credit Card,Completed
CA-2016-116722,PAY08122,Net Banking,Pending
CA-2014-138128,PAY08123,Debit Card,Failed
CA-2014-138128,PAY08124,Debit Card,Completed
US-2017-150070,PAY08125,UPI,Completed
CA-2015-137064,PAY08126,UPI,Completed
CA-2015-137064,PAY08127,Credit Card,Completed
CA-2015-137064,PAY08128,Cash on Delivery,Completed
CA-2017-157350,PAY08129,Cash on Delivery,Completed
CA-2014-127866,PAY08130,Debit Card,Completed
CA-2014-127866,PAY08131,Cash on Delivery,Completed
CA-2014-127866,PAY08132,Net Banking,Pending
CA-2014-127866,PAY08133,Net Banking,Completed
CA-2015-131352,PAY08134,Net Banking,Completed
CA-2015-121776,PAY08135,UPI,Completed
CA-2015-121776,PAY08136,Cash on Delivery,Completed
CA-2016-118073,PAY08137,Credit Card,Completed
CA-2014-103219,PAY08138,Net Banking,Completed
CA-2016-102561,PAY08139,Net Banking,Completed
CA-2016-102561,PAY08140,Debit Card,Failed
CA-2016-102561,PAY08141,Debit Card,Pending
CA-2016-100993,PAY08142,Cash on Delivery,Completed
CA-2016-100993,PAY08143,UPI,Completed
CA-2016-100993,PAY08144,Credit Card,Pending
CA-2016-100993,PAY08145,UPI,Failed
US-2014-112949,PAY08146,UPI,Pending
US-2014-112949,PAY08147,Cash on Delivery,Completed
US-2017-146822,PAY08148,Credit Card,Completed
US-2016-131058,PAY08149,Credit Card,Completed
CA-2014-167997,PAY08150,Net Banking,Completed
CA-2014-167997,PAY08151,Cash on Delivery,Pending
CA-2017-140151,PAY08152,Cash on Delivery,Failed
CA-2017-140151,PAY08153,Debit Card,Completed
CA-2017-140151,PAY08154,UPI,Pending
US-2017-143770,PAY08155,Net Banking,Completed
US-2017-143770,PAY08156,Net Banking,Pending
CA-2016-131296,PAY08157,Credit Card,Completed
CA-2016-103464,PAY08158,Cash on Delivery,Completed
CA-2017-136238,PAY08159,Cash on Delivery,Pending
CA-2016-120803,PAY08160,Cash on Delivery,Failed
CA-2016-134138,PAY08161,Cash on Delivery,Completed
CA-2015-120915,PAY08162,Credit Card,Completed
CA-2015-120915,PAY08163,Net Banking,Pending
CA-2015-168207,PAY08164,Net Banking,Failed
CA-2015-168207,PAY08165,Net Banking,Pending
CA-2015-168207,PAY08166,Debit Card,Pending
CA-2015-168207,PAY08167,Cash on Delivery,Completed
CA-2016-144148,PAY08168,Debit Card,Completed
CA-2017-107174,PAY08169,Credit Card,Completed
CA-2017-107174,PAY08170,Debit Card,Completed
CA-2017-107174,PAY08171,Cash on Delivery,Completed
CA-2016-146150,PAY08172,Debit Card,Completed
CA-2014-114125,PAY08173,UPI,Completed
CA-2014-114125,PAY08174,Debit Card,Completed
CA-2014-114125,PAY08175,Net Banking,Completed
CA-2016-114944,PAY08176,Cash on Delivery,Pending
CA-2016-135965,PAY08177,Credit Card,Completed
CA-2017-149699,PAY08178,Net Banking,Completed
CA-2016-166429,PAY08179,Credit Card,Completed
CA-2015-112767,PAY08180,Cash on Delivery,Completed
CA-2015-119879,PAY08181,UPI,Completed
CA-2015-119879,PAY08182,Net Banking,Completed
CA-2017-155642,PAY08183,Cash on Delivery,Pending
CA-2017-155642,PAY08184,UPI,Completed
US-2017-101721,PAY08185,Credit Card,Failed
CA-2015-136728,PAY08186,Net Banking,Completed
CA-2015-136728,PAY08187,Net Banking,Completed
CA-2016-127194,PAY08188,Debit Card,Completed
CA-2015-140375,PAY08189,Debit Card,Pending
CA-2015-140375,PAY08190,Credit Card,Failed
US-2017-155866,PAY08191,UPI,Failed
US-2017-155866,PAY08192,Debit Card,Completed
CA-2015-141327,PAY08193,Credit Card,Completed
CA-2015-141327,PAY08194,Debit Card,Completed
CA-2015-141327,PAY08195,Net Banking,Failed
CA-2015-136700,PAY08196,Credit Card,Failed
CA-2017-102736,PAY08197,Cash on Delivery,Completed
CA-2017-102736,PAY08198,Debit Card,Pending
CA-2017-102736,PAY08199,Cash on Delivery,Completed
CA-2017-125269,PAY08200,UPI,Pending
CA-2017-125269,PAY08201,Credit Card,Failed
CA-2015-114811,PAY08202,Cash on Delivery,Completed
CA-2015-114811,PAY08203,Net Banking,Completed
CA-2015-114811,PAY08204,Net Banking,Completed
CA-2015-114811,PAY08205,Net Banking,Completed
CA-2015-114811,PAY08206,Cash on Delivery,Failed
CA-2015-122266,PAY08207,UPI,Pending
CA-2015-122266,PAY08208,Credit Card,Completed
CA-2015-141565,PAY08209,Cash on Delivery,Pending
CA-2015-141565,PAY08210,UPI,Completed
CA-2017-128769,PAY08211,Debit Card,Pending
CA-2016-116337,PAY08212,UPI,Completed
CA-2016-116337,PAY08213,Net Banking,Failed
CA-2015-120845,PAY08214,Credit Card,Completed
CA-2015-120845,PAY08215,Net Banking,Completed
CA-2015-120845,PAY08216,UPI,Completed
CA-2015-120845,PAY08217,Debit Card,Completed
CA-2014-120775,PAY08218,UPI,Completed
CA-2014-120775,PAY08219,Credit Card,Completed
CA-2014-120775,PAY08220,Debit Card,Completed
CA-2014-120775,PAY08221,Net Banking,Pending
CA-2014-120775,PAY08222,Net Banking,Completed
CA-2014-152905,PAY08223,Credit Card,Completed
CA-2016-104633,PAY08224,Debit Card,Pending
CA-2016-104633,PAY08225,Credit Card,Completed
CA-2017-104136,PAY08226,Net Banking,Completed
CA-2017-104136,PAY08227,Cash on Delivery,Completed
CA-2016-123050,PAY08228,Credit Card,Failed
CA-2016-123050,PAY08229,UPI,Completed
CA-2016-123050,PAY08230,Net Banking,Failed
CA-2016-162355,PAY08231,UPI,Completed
CA-2016-162355,PAY08232,Credit Card,Completed
CA-2014-158225,PAY08233,Cash on Delivery,Completed
CA-2014-158225,PAY08234,Credit Card,Completed
CA-2017-102204,PAY08235,UPI,Completed
CA-2017-102204,PAY08236,Debit Card,Completed
CA-2017-102204,PAY08237,Debit Card,Completed
CA-2017-103065,PAY08238,Credit Card,Completed
CA-2017-103065,PAY08239,Net Banking,Pending
CA-2017-103065,PAY08240,UPI,Pending
CA-2017-103065,PAY08241,UPI,Completed
CA-2014-109855,PAY08242,UPI,Pending
CA-2014-109855,PAY08243,Credit Card,Completed
CA-2014-109897,PAY08244,Credit Card,Completed
CA-2014-109897,PAY08245,UPI,Pending
US-2014-143581,PAY08246,UPI,Completed
CA-2015-129217,PAY08247,Net Banking,Failed
CA-2015-129217,PAY08248,UPI,Completed
CA-2016-133816,PAY08249,Cash on Delivery,Completed
CA-2015-140221,PAY08250,Debit Card,Completed
CA-2015-140221,PAY08251,UPI,Completed
CA-2015-140221,PAY08252,UPI,Completed
CA-2015-140221,PAY08253,Cash on Delivery,Completed
CA-2017-152310,PAY08254,Credit Card,Completed
CA-2017-152310,PAY08255,Debit Card,Completed
CA-2017-152310,PAY08256,UPI,Pending
CA-2017-152310,PAY08257,Cash on Delivery,Pending
CA-2017-152310,PAY08258,UPI,Completed
CA-2017-152310,PAY08259,Cash on Delivery,Completed
CA-2016-118101,PAY08260,Debit Card,Pending
CA-2016-118101,PAY08261,Credit Card,Completed
CA-2016-118101,PAY08262,Cash on Delivery,Completed
CA-2016-100307,PAY08263,Debit Card,Completed
CA-2015-138457,PAY08264,Net Banking,Pending
CA-2014-131800,PAY08265,Cash on Delivery,Completed
CA-2014-131800,PAY08266,UPI,Failed
CA-2014-118304,PAY08267,Cash on Delivery,Completed
CA-2017-121790,PAY08268,Debit Card,Completed
CA-2017-121790,PAY08269,UPI,Pending
CA-2017-121790,PAY08270,Net Banking,Completed
CA-2017-121790,PAY08271,UPI,Completed
CA-2016-169670,PAY08272,Debit Card,Completed
CA-2016-139549,PAY08273,Net Banking,Completed
CA-2015-104059,PAY08274,UPI,Completed
CA-2017-164112,PAY08275,Cash on Delivery,Completed
CA-2015-143882,PAY08276,Cash on Delivery,Completed
US-2016-139262,PAY08277,Net Banking,Completed
US-2016-139262,PAY08278,UPI,Completed
US-2016-139262,PAY08279,Credit Card,Completed
CA-2017-146192,PAY08280,Net Banking,Completed
CA-2017-134810,PAY08281,Credit Card,Failed
CA-2017-134810,PAY08282,UPI,Completed
CA-2015-154284,PAY08283,Debit Card,Failed
CA-2015-154284,PAY08284,Cash on Delivery,Completed
CA-2015-154284,PAY08285,Cash on Delivery,Failed
CA-2015-154284,PAY08286,UPI,Completed
CA-2014-156244,PAY08287,Credit Card,Completed
CA-2014-156244,PAY08288,UPI,Pending
CA-2014-156244,PAY08289,Cash on Delivery,Completed
CA-2014-156244,PAY08290,Credit Card,Completed
CA-2014-156244,PAY08291,Debit Card,Pending
CA-2014-156244,PAY08292,Cash on Delivery,Completed
CA-2015-106362,PAY08293,UPI,Completed
US-2017-168802,PAY08294,Credit Card,Pending
US-2017-146906,PAY08295,Cash on Delivery,Completed
CA-2016-166380,PAY08296,Cash on Delivery,Pending
CA-2016-166380,PAY08297,Net Banking,Completed
US-2015-158911,PAY08298,Cash on Delivery,Completed
US-2015-158911,PAY08299,Credit Card,Pending
US-2014-103338,PAY08300,Debit Card,Pending
CA-2015-109169,PAY08301,UPI,Completed
US-2017-167318,PAY08302,Credit Card,Pending
US-2017-167318,PAY08303,Credit Card,Completed
US-2014-120313,PAY08304,Net Banking,Completed
CA-2017-135419,PAY08305,UPI,Pending
CA-2016-128671,PAY08306,Net Banking,Completed
CA-2016-128671,PAY08307,UPI,Completed
CA-2016-128671,PAY08308,UPI,Failed
CA-2016-149335,PAY08309,Credit Card,Completed
CA-2014-168312,PAY08310,Debit Card,Pending
CA-2014-168312,PAY08311,UPI,Completed
US-2017-105935,PAY08312,Cash on Delivery,Pending
US-2017-105935,PAY08313,Cash on Delivery,Completed
CA-2014-161508,PAY08314,Net Banking,Completed
CA-2014-161508,PAY08315,Net Banking,Pending
CA-2014-161508,PAY08316,Debit Card,Completed
CA-2014-161508,PAY08317,UPI,Failed
CA-2017-130904,PAY08318,Cash on Delivery,Completed
CA-2017-130904,PAY08319,Debit Card,Completed
CA-2017-133620,PAY08320,UPI,Completed
CA-2015-142937,PAY08321,UPI,Completed
US-2016-149790,PAY08322,Cash on Delivery,Completed
CA-2016-130778,PAY08323,Cash on Delivery,Completed
CA-2016-130778,PAY08324,Cash on Delivery,Completed
CA-2017-144456,PAY08325,Cash on Delivery,Completed
CA-2017-144456,PAY08326,Debit Card,Completed
CA-2017-103478,PAY08327,Net Banking,Completed
CA-2017-103478,PAY08328,Cash on Delivery,Pending
CA-2017-118577,PAY08329,Net Banking,Pending
CA-2017-118577,PAY08330,Cash on Delivery,Completed
CA-2017-113572,PAY08331,Debit Card,Completed
CA-2016-153269,PAY08332,Cash on Delivery,Pending
CA-2016-153269,PAY08333,Debit Card,Completed
CA-2016-153269,PAY08334,Cash on Delivery,Completed
CA-2016-153269,PAY08335,Debit Card,Completed
CA-2017-161655,PAY08336,Net Banking,Completed
CA-2016-101469,PAY08337,Cash on Delivery,Completed
CA-2014-153087,PAY08338,Net Banking,Failed
CA-2014-153087,PAY08339,Net Banking,Completed
CA-2017-135076,PAY08340,UPI,Completed
CA-2014-161634,PAY08341,Credit Card,Completed
CA-2017-141481,PAY08342,Credit Card,Completed
CA-2016-132549,PAY08343,Net Banking,Completed
US-2014-155544,PAY08344,Debit Card,Completed
US-2014-155544,PAY08345,Debit Card,Completed
US-2014-155544,PAY08346,Credit Card,Completed
US-2015-115238,PAY08347,Net Banking,Completed
US-2015-115238,PAY08348,Net Banking,Completed
US-2015-115238,PAY08349,Net Banking,Pending
US-2015-115238,PAY08350,Credit Card,Pending
US-2015-115238,PAY08351,Credit Card,Completed
CA-2017-132199,PAY08352,Cash on Delivery,Completed
CA-2017-132199,PAY08353,Net Banking,Failed
CA-2017-132199,PAY08354,UPI,Completed
CA-2017-132199,PAY08355,Credit Card,Completed
CA-2017-132199,PAY08356,Debit Card,Completed
CA-2016-163174,PAY08357,UPI,Completed
CA-2014-110555,PAY08358,Debit Card,Completed
CA-2014-110555,PAY08359,UPI,Completed
CA-2014-110555,PAY08360,Cash on Delivery,Completed
CA-2017-147207,PAY08361,Credit Card,Pending
CA-2017-147207,PAY08362,UPI,Completed
CA-2017-147207,PAY08363,Credit Card,Completed
CA-2017-147207,PAY08364,UPI,Completed
CA-2017-137631,PAY08365,Credit Card,Completed
CA-2017-157273,PAY08366,Debit Card,Completed
CA-2014-109918,PAY08367,Credit Card,Completed
CA-2014-109918,PAY08368,UPI,Pending
CA-2014-109918,PAY08369,UPI,Completed
CA-2016-118745,PAY08370,Net Banking,Completed
CA-2016-163972,PAY08371,Debit Card,Completed
CA-2014-165393,PAY08372,Net Banking,Pending
CA-2016-113726,PAY08373,Cash on Delivery,Completed
CA-2016-152940,PAY08374,Net Banking,Pending
CA-2015-158701,PAY08375,Debit Card,Completed
CA-2015-158701,PAY08376,Debit Card,Completed
CA-2017-156272,PAY08377,Debit Card,Completed
CA-2015-162964,PAY08378,UPI,Failed
CA-2015-162964,PAY08379,UPI,Completed
CA-2015-162964,PAY08380,Net Banking,Failed
CA-2014-103527,PAY08381,Debit Card,Completed
CA-2016-134544,PAY08382,UPI,Pending
CA-2016-163048,PAY08383,Cash on Delivery,Completed
CA-2016-145135,PAY08384,Net Banking,Completed
CA-2016-145135,PAY08385,Net Banking,Completed
CA-2017-137582,PAY08386,Credit Card,Completed
CA-2015-149601,PAY08387,Cash on Delivery,Completed
CA-2015-149601,PAY08388,Credit Card,Pending
CA-2014-139423,PAY08389,Credit Card,Completed
CA-2016-102596,PAY08390,UPI,Completed
CA-2017-153227,PAY08391,Credit Card,Completed
CA-2017-110625,PAY08392,Credit Card,Pending
CA-2016-142594,PAY08393,Cash on Delivery,Completed
CA-2016-142594,PAY08394,Debit Card,Pending
CA-2016-142594,PAY08395,Credit Card,Pending
CA-2016-142594,PAY08396,Net Banking,Completed
CA-2014-152254,PAY08397,Net Banking,Failed
US-2014-120236,PAY08398,Cash on Delivery,Completed
CA-2017-120061,PAY08399,Cash on Delivery,Completed
CA-2015-133837,PAY08400,Cash on Delivery,Completed
CA-2015-110814,PAY08401,Net Banking,Completed
CA-2015-110814,PAY08402,Credit Card,Completed
CA-2015-110814,PAY08403,UPI,Completed
CA-2016-154067,PAY08404,Credit Card,Completed
CA-2017-140480,PAY08405,Cash on Delivery,Pending
CA-2017-140480,PAY08406,UPI,Completed
CA-2017-140480,PAY08407,Debit Card,Completed
CA-2017-140480,PAY08408,Net Banking,Completed
CA-2017-140480,PAY08409,Net Banking,Failed
CA-2015-134082,PAY08410,Net Banking,Completed
CA-2016-130820,PAY08411,Debit Card,Completed
CA-2016-159765,PAY08412,Cash on Delivery,Pending
CA-2017-132290,PAY08413,Credit Card,Completed
CA-2016-147109,PAY08414,Debit Card,Pending
CA-2016-147109,PAY08415,Net Banking,Completed
CA-2017-107265,PAY08416,Net Banking,Pending
CA-2017-118199,PAY08417,Debit Card,Completed
CA-2017-118199,PAY08418,Net Banking,Completed
CA-2017-118199,PAY08419,Credit Card,Pending
CA-2017-118199,PAY08420,Net Banking,Completed
CA-2017-118199,PAY08421,Net Banking,Completed
CA-2017-150091,PAY08422,UPI,Completed
CA-2017-150091,PAY08423,UPI,Failed
CA-2017-150091,PAY08424,UPI,Completed
CA-2017-150091,PAY08425,Cash on Delivery,Completed
CA-2016-137652,PAY08426,Net Banking,Completed
CA-2015-128356,PAY08427,Debit Card,Completed
CA-2017-167017,PAY08428,UPI,Completed
US-2017-132220,PAY08429,Net Banking,Failed
CA-2016-118129,PAY08430,UPI,Completed
US-2014-113124,PAY08431,Debit Card,Pending
CA-2017-155621,PAY08432,Debit Card,Completed
US-2014-127635,PAY08433,UPI,Completed
US-2014-127635,PAY08434,Cash on Delivery,Pending
US-2014-127635,PAY08435,Net Banking,Completed
US-2014-127635,PAY08436,Debit Card,Failed
CA-2015-151470,PAY08437,Credit Card,Pending
CA-2015-112823,PAY08438,Cash on Delivery,Completed
CA-2014-108861,PAY08439,Cash on Delivery,Failed
CA-2017-114370,PAY08440,Debit Card,Completed
CA-2016-158302,PAY08441,UPI,Completed
CA-2017-145779,PAY08442,UPI,Completed
US-2016-155173,PAY08443,UPI,Failed
US-2016-155173,PAY08444,Debit Card,Completed
US-2016-155173,PAY08445,Debit Card,Pending
CA-2017-125451,PAY08446,Debit Card,Pending
CA-2017-125451,PAY08447,UPI,Completed
CA-2017-125451,PAY08448,Credit Card,Completed
CA-2017-125451,PAY08449,Credit Card,Completed
CA-2017-125451,PAY08450,UPI,Pending
CA-2017-125451,PAY08451,Credit Card,Completed
CA-2014-131387,PAY08452,Debit Card,Failed
CA-2016-125087,PAY08453,UPI,Completed
CA-2016-125087,PAY08454,Credit Card,Completed
CA-2016-125087,PAY08455,Cash on Delivery,Completed
CA-2016-154081,PAY08456,Debit Card,Completed
US-2017-118556,PAY08457,Cash on Delivery,Completed
US-2017-118556,PAY08458,Net Banking,Completed
CA-2014-126200,PAY08459,Net Banking,Failed
CA-2014-126200,PAY08460,Cash on Delivery,Pending
CA-2014-146500,PAY08461,Cash on Delivery,Completed
CA-2014-146500,PAY08462,UPI,Completed
CA-2015-169537,PAY08463,Cash on Delivery,Completed
CA-2014-100881,PAY08464,Debit Card,Failed
CA-2015-144043,PAY08465,Net Banking,Completed
CA-2015-116512,PAY08466,UPI,Completed
CA-2015-101000,PAY08467,Net Banking,Completed
CA-2016-168557,PAY08468,Cash on Delivery,Failed
US-2016-164196,PAY08469,Credit Card,Completed
US-2017-132031,PAY08470,Cash on Delivery,Completed
US-2017-132031,PAY08471,Cash on Delivery,Pending
US-2017-132031,PAY08472,UPI,Completed
US-2017-132031,PAY08473,Net Banking,Pending
CA-2015-169733,PAY08474,Credit Card,Completed
CA-2017-169404,PAY08475,Net Banking,Pending
CA-2017-169404,PAY08476,Credit Card,Completed
CA-2017-134880,PAY08477,Net Banking,Completed
CA-2015-145758,PAY08478,Credit Card,Pending
CA-2017-158736,PAY08479,UPI,Failed
US-2016-119270,PAY08480,Credit Card,Pending
CA-2014-109890,PAY08481,Cash on Delivery,Completed
CA-2016-138583,PAY08482,Net Banking,Completed
US-2017-118535,PAY08483,Debit Card,Completed
CA-2016-126284,PAY08484,Debit Card,Pending
CA-2017-142391,PAY08485,Net Banking,Pending
CA-2017-124716,PAY08486,UPI,Completed
CA-2017-124716,PAY08487,Cash on Delivery,Failed
CA-2017-124716,PAY08488,Debit Card,Completed
CA-2016-158841,PAY08489,Debit Card,Completed
CA-2016-158841,PAY08490,Cash on Delivery,Completed
CA-2016-158841,PAY08491,Net Banking,Failed
CA-2017-106824,PAY08492,Cash on Delivery,Completed
CA-2015-109190,PAY08493,UPI,Completed
CA-2015-109190,PAY08494,Cash on Delivery,Completed
CA-2015-109190,PAY08495,Net Banking,Completed
CA-2016-143154,PAY08496,Debit Card,Completed
CA-2014-169061,PAY08497,Cash on Delivery,Failed
CA-2014-169061,PAY08498,Debit Card,Completed
CA-2014-169061,PAY08499,Cash on Delivery,Completed
CA-2014-169061,PAY08500,UPI,Completed
CA-2014-169061,PAY08501,Debit Card,Pending
CA-2015-102316,PAY08502,Net Banking,Pending
CA-2015-102316,PAY08503,Cash on Delivery,Completed
CA-2014-164903,PAY08504,UPI,Pending
CA-2016-109400,PAY08505,Net Banking,Pending
CA-2016-130400,PAY08506,UPI,Pending
CA-2016-130400,PAY08507,Net Banking,Completed
CA-2016-130400,PAY08508,Debit Card,Completed
CA-2015-135853,PAY08509,UPI,Completed
CA-2015-135853,PAY08510,Cash on Delivery,Completed
CA-2015-135853,PAY08511,Credit Card,Completed
CA-2016-103359,PAY08512,UPI,Completed
CA-2016-144645,PAY08513,Debit Card,Completed
CA-2017-141614,PAY08514,Cash on Delivery,Completed
CA-2015-122168,PAY08515,Credit Card,Completed
CA-2015-122168,PAY08516,Debit Card,Failed
CA-2016-132899,PAY08517,Credit Card,Completed
CA-2017-149720,PAY08518,Cash on Delivery,Completed
CA-2017-118003,PAY08519,Net Banking,Pending
CA-2017-118003,PAY08520,Debit Card,Completed
CA-2017-118003,PAY08521,UPI,Pending
CA-2016-141887,PAY08522,UPI,Completed
US-2016-160206,PAY08523,Cash on Delivery,Completed
CA-2017-133074,PAY08524,Net Banking,Completed
CA-2017-161172,PAY08525,Debit Card,Completed
CA-2017-161172,PAY08526,Credit Card,Completed
CA-2017-161172,PAY08527,Credit Card,Pending
CA-2017-161172,PAY08528,Net Banking,Completed
CA-2017-161172,PAY08529,Net Banking,Completed
CA-2017-137624,PAY08530,Credit Card,Completed
CA-2016-156748,PAY08531,Cash on Delivery,Completed
CA-2016-156748,PAY08532,Cash on Delivery,Pending
CA-2016-156748,PAY08533,UPI,Completed
CA-2016-156748,PAY08534,Credit Card,Completed
CA-2015-169677,PAY08535,Debit Card,Completed
US-2014-163146,PAY08536,Net Banking,Pending
CA-2015-157343,PAY08537,Debit Card,Completed
CA-2015-157343,PAY08538,Credit Card,Completed
CA-2015-157343,PAY08539,Credit Card,Completed
CA-2017-147354,PAY08540,Net Banking,Pending
CA-2017-147354,PAY08541,Cash on Delivery,Pending
CA-2015-157287,PAY08542,Cash on Delivery,Completed
CA-2015-157287,PAY08543,Net Banking,Completed
CA-2014-137575,PAY08544,Cash on Delivery,Completed
CA-2016-119074,PAY08545,Net Banking,Completed
CA-2016-119074,PAY08546,Net Banking,Pending
CA-2016-119074,PAY08547,Cash on Delivery,Completed
CA-2015-149566,PAY08548,UPI,Completed
CA-2015-149566,PAY08549,Net Banking,Pending
CA-2015-126186,PAY08550,Debit Card,Completed
CA-2015-121132,PAY08551,Credit Card,Completed
CA-2015-121132,PAY08552,UPI,Completed
CA-2014-140473,PAY08553,Debit Card,Completed
US-2017-102904,PAY08554,Debit Card,Completed
CA-2016-102092,PAY08555,Credit Card,Completed
CA-2015-117884,PAY08556,Cash on Delivery,Completed
CA-2015-117884,PAY08557,Cash on Delivery,Pending
CA-2016-132829,PAY08558,Cash on Delivery,Completed
CA-2016-132829,PAY08559,Debit Card,Completed
CA-2016-132829,PAY08560,Credit Card,Completed
CA-2016-132829,PAY08561,Cash on Delivery,Pending
CA-2016-132829,PAY08562,Credit Card,Completed
CA-2016-123540,PAY08563,Credit Card,Pending
US-2017-108315,PAY08564,Net Banking,Completed
US-2017-108315,PAY08565,Net Banking,Completed
CA-2016-134110,PAY08566,Net Banking,Completed
CA-2016-134110,PAY08567,UPI,Pending
US-2016-136581,PAY08568,UPI,Completed
CA-2016-162390,PAY08569,Debit Card,Completed
CA-2016-162390,PAY08570,UPI,Pending
CA-2016-162390,PAY08571,UPI,Completed
CA-2016-162222,PAY08572,Credit Card,Completed
CA-2014-121629,PAY08573,Debit Card,Completed
CA-2015-164623,PAY08574,UPI,Pending
CA-2014-159849,PAY08575,Credit Card,Completed
CA-2017-101273,PAY08576,Cash on Delivery,Pending
CA-2017-106747,PAY08577,Cash on Delivery,Completed
CA-2017-146164,PAY08578,Cash on Delivery,Pending
CA-2017-146164,PAY08579,Net Banking,Completed
CA-2016-111605,PAY08580,Credit Card,Completed
CA-2014-130673,PAY08581,UPI,Completed
CA-2014-130673,PAY08582,Net Banking,Completed
CA-2014-130673,PAY08583,Debit Card,Failed
CA-2014-130673,PAY08584,Net Banking,Completed
CA-2014-104808,PAY08585,Net Banking,Completed
US-2017-132927,PAY08586,Cash on Delivery,Completed
CA-2017-162015,PAY08587,Net Banking,Completed
CA-2017-162015,PAY08588,UPI,Pending
CA-2015-138492,PAY08589,Credit Card,Completed
CA-2017-145338,PAY08590,Cash on Delivery,Completed
CA-2017-126676,PAY08591,Debit Card,Pending
CA-2017-101700,PAY08592,Debit Card,Completed
CA-2017-101700,PAY08593,UPI,Completed
CA-2017-159667,PAY08594,Credit Card,Pending
CA-2017-159667,PAY08595,Debit Card,Failed
CA-2014-111934,PAY08596,Debit Card,Completed
CA-2014-111934,PAY08597,Cash on Delivery,Completed
US-2016-117387,PAY08598,Credit Card,Completed
CA-2014-141110,PAY08599,UPI,Pending
CA-2014-141110,PAY08600,UPI,Pending
CA-2014-141110,PAY08601,Credit Card,Pending
CA-2014-141110,PAY08602,Debit Card,Completed
US-2014-133949,PAY08603,Credit Card,Completed
US-2016-116365,PAY08604,Cash on Delivery,Completed
US-2016-116365,PAY08605,Net Banking,Pending
US-2016-116365,PAY08606,Cash on Delivery,Pending
CA-2017-162936,PAY08607,Net Banking,Completed
CA-2014-151946,PAY08608,Credit Card,Failed
CA-2014-151946,PAY08609,Net Banking,Completed
CA-2014-151946,PAY08610,UPI,Completed
CA-2014-151946,PAY08611,Credit Card,Completed
CA-2017-123624,PAY08612,Net Banking,Pending
CA-2016-146437,PAY08613,UPI,Completed
CA-2016-138233,PAY08614,Credit Card,Completed
CA-2016-165918,PAY08615,Cash on Delivery,Completed
CA-2016-165918,PAY08616,UPI,Completed
CA-2016-165918,PAY08617,Cash on Delivery,Pending
CA-2016-165918,PAY08618,Debit Card,Completed
CA-2017-117513,PAY08619,Credit Card,Completed
CA-2017-132437,PAY08620,UPI,Failed
US-2017-119319,PAY08621,Debit Card,Completed
CA-2017-104318,PAY08622,UPI,Pending
US-2016-114230,PAY08623,Net Banking,Completed
CA-2015-136147,PAY08624,UPI,Completed
CA-2015-136147,PAY08625,Net Banking,Pending
CA-2015-156118,PAY08626,UPI,Completed
CA-2015-164084,PAY08627,Cash on Delivery,Completed
CA-2015-164084,PAY08628,UPI,Completed
CA-2015-164084,PAY08629,UPI,Pending
CA-2015-164084,PAY08630,Cash on Delivery,Completed
CA-2015-164084,PAY08631,UPI,Pending
CA-2016-107783,PAY08632,Cash on Delivery,Completed
CA-2016-107783,PAY08633,Net Banking,Pending
CA-2016-107783,PAY08634,Net Banking,Pending
CA-2017-159793,PAY08635,UPI,Completed
CA-2014-160094,PAY08636,Debit Card,Pending
CA-2014-160094,PAY08637,Debit Card,Failed
CA-2017-151281,PAY08638,Debit Card,Completed
CA-2017-118346,PAY08639,Net Banking,Failed
CA-2014-129819,PAY08640,Cash on Delivery,Completed
US-2017-148551,PAY08641,Cash on Delivery,Completed
CA-2017-147767,PAY08642,Credit Card,Completed
CA-2015-108259,PAY08643,Net Banking,Completed
CA-2015-108259,PAY08644,Net Banking,Pending
CA-2015-108259,PAY08645,Cash on Delivery,Completed
CA-2015-108259,PAY08646,Credit Card,Completed
CA-2016-113341,PAY08647,UPI,Completed
US-2015-131842,PAY08648,Net Banking,Completed
CA-2016-164574,PAY08649,Net Banking,Completed
CA-2016-164574,PAY08650,Credit Card,Completed
CA-2014-142769,PAY08651,Cash on Delivery,Failed
CA-2014-142769,PAY08652,Debit Card,Failed
CA-2014-142769,PAY08653,Cash on Delivery,Completed
CA-2014-142769,PAY08654,UPI,Completed
CA-2014-142769,PAY08655,Net Banking,Completed
CA-2014-142769,PAY08656,Cash on Delivery,Completed
CA-2014-142769,PAY08657,Cash on Delivery,Completed
CA-2014-142769,PAY08658,Cash on Delivery,Completed
CA-2016-168361,PAY08659,UPI,Completed
CA-2016-153185,PAY08660,Credit Card,Pending
CA-2017-124765,PAY08661,Net Banking,Completed
CA-2015-131856,PAY08662,UPI,Completed
CA-2015-131856,PAY08663,UPI,Completed
CA-2015-131856,PAY08664,Debit Card,Completed
CA-2017-126634,PAY08665,UPI,Pending
CA-2016-118500,PAY08666,Debit Card,Completed
CA-2016-163951,PAY08667,Net Banking,Completed
CA-2016-149916,PAY08668,Net Banking,Failed
CA-2016-149916,PAY08669,Debit Card,Completed
CA-2015-158918,PAY08670,Cash on Delivery,Completed
US-2014-159611,PAY08671,Debit Card,Completed
US-2014-159611,PAY08672,Credit Card,Completed
CA-2017-163265,PAY08673,Credit Card,Completed
CA-2017-163265,PAY08674,Cash on Delivery,Completed
CA-2017-163265,PAY08675,Credit Card,Completed
CA-2017-163265,PAY08676,Debit Card,Pending
CA-2017-163265,PAY08677,Debit Card,Completed
CA-2017-141705,PAY08678,UPI,Completed
CA-2016-112739,PAY08679,UPI,Completed
CA-2016-112739,PAY08680,Debit Card,Completed
CA-2016-143805,PAY08681,Credit Card,Failed
CA-2016-143805,PAY08682,Credit Card,Completed
CA-2014-133634,PAY08683,UPI,Pending
CA-2017-101665,PAY08684,Debit Card,Completed
CA-2016-155446,PAY08685,Net Banking,Completed
CA-2017-137323,PAY08686,Cash on Delivery,Completed
CA-2016-144015,PAY08687,Cash on Delivery,Completed
CA-2016-144015,PAY08688,UPI,Completed
CA-2016-144015,PAY08689,Debit Card,Completed
CA-2014-101427,PAY08690,Debit Card,Completed
CA-2016-136770,PAY08691,Debit Card,Pending
CA-2016-136770,PAY08692,Debit Card,Completed
CA-2016-136770,PAY08693,Cash on Delivery,Completed
CA-2016-118311,PAY08694,Debit Card,Completed
US-2014-112795,PAY08695,Debit Card,Completed
CA-2017-127096,PAY08696,Credit Card,Completed
CA-2017-119284,PAY08697,UPI,Completed
CA-2017-119284,PAY08698,Debit Card,Pending
CA-2017-119284,PAY08699,UPI,Pending
CA-2017-119284,PAY08700,UPI,Completed
CA-2017-119284,PAY08701,Credit Card,Completed
CA-2017-119284,PAY08702,Cash on Delivery,Completed
CA-2017-119284,PAY08703,Debit Card,Completed
CA-2015-133494,PAY08704,Net Banking,Completed
CA-2016-111318,PAY08705,UPI,Pending
US-2014-132745,PAY08706,UPI,Completed
CA-2014-146815,PAY08707,Cash on Delivery,Completed
CA-2014-146815,PAY08708,Cash on Delivery,Completed
CA-2014-119144,PAY08709,Cash on Delivery,Completed
CA-2014-119144,PAY08710,Credit Card,Completed
CA-2014-119144,PAY08711,UPI,Failed
CA-2014-105648,PAY08712,Debit Card,Completed
US-2015-145422,PAY08713,Net Banking,Pending
CA-2017-136623,PAY08714,UPI,Completed
CA-2017-136623,PAY08715,Cash on Delivery,Completed
CA-2017-121678,PAY08716,Debit Card,Completed
CA-2016-120824,PAY08717,UPI,Pending
CA-2016-120824,PAY08718,Net Banking,Pending
CA-2016-120824,PAY08719,UPI,Completed
CA-2016-120824,PAY08720,Cash on Delivery,Completed
CA-2016-120824,PAY08721,Credit Card,Completed
CA-2016-120824,PAY08722,UPI,Completed
CA-2016-120824,PAY08723,UPI,Completed
US-2016-135209,PAY08724,Cash on Delivery,Failed
US-2016-135209,PAY08725,UPI,Completed
CA-2017-148145,PAY08726,Net Banking,Completed
CA-2015-103870,PAY08727,Net Banking,Completed
CA-2015-103870,PAY08728,Net Banking,Pending
CA-2015-103870,PAY08729,Net Banking,Completed
CA-2015-103870,PAY08730,Net Banking,Completed
CA-2015-103870,PAY08731,Net Banking,Completed
CA-2015-111017,PAY08732,Cash on Delivery,Completed
CA-2017-116988,PAY08733,Credit Card,Completed
CA-2017-116988,PAY08734,Net Banking,Completed
CA-2017-116988,PAY08735,Net Banking,Completed
US-2014-169390,PAY08736,Cash on Delivery,Pending
CA-2016-168774,PAY08737,Net Banking,Completed
CA-2017-161592,PAY08738,Net Banking,Pending
US-2017-131961,PAY08739,Credit Card,Completed
US-2017-131961,PAY08740,Cash on Delivery,Completed
CA-2016-102498,PAY08741,Net Banking,Completed
CA-2015-113222,PAY08742,Cash on Delivery,Completed
US-2015-144771,PAY08743,Credit Card,Completed
US-2015-144771,PAY08744,UPI,Failed
CA-2015-162376,PAY08745,Debit Card,Pending
CA-2015-162376,PAY08746,Debit Card,Completed
CA-2017-128076,PAY08747,Cash on Delivery,Failed
CA-2017-128076,PAY08748,Debit Card,Completed
CA-2017-128076,PAY08749,Cash on Delivery,Completed
US-2015-163825,PAY08750,UPI,Completed
US-2015-163825,PAY08751,Cash on Delivery,Completed
CA-2016-105662,PAY08752,Credit Card,Completed
CA-2016-105662,PAY08753,Credit Card,Failed
CA-2017-152198,PAY08754,UPI,Completed
CA-2017-152198,PAY08755,UPI,Completed
CA-2017-152198,PAY08756,Cash on Delivery,Completed
CA-2016-114307,PAY08757,UPI,Completed
CA-2016-114307,PAY08758,Debit Card,Completed
CA-2016-114307,PAY08759,Cash on Delivery,Completed
CA-2016-114307,PAY08760,Net Banking,Completed
CA-2016-159891,PAY08761,Credit Card,Pending
CA-2016-159891,PAY08762,Credit Card,Completed
CA-2016-112578,PAY08763,Debit Card,Completed
CA-2016-112578,PAY08764,Net Banking,Failed
CA-2015-107083,PAY08765,Net Banking,Completed
CA-2015-107083,PAY08766,UPI,Pending
CA-2015-107083,PAY08767,Debit Card,Completed
CA-2015-107083,PAY08768,Credit Card,Completed
CA-2015-151722,PAY08769,Cash on Delivery,Completed
CA-2016-151148,PAY08770,UPI,Pending
CA-2016-151148,PAY08771,Net Banking,Completed
CA-2017-115882,PAY08772,Cash on Delivery,Completed
CA-2017-115882,PAY08773,Debit Card,Completed
CA-2015-132276,PAY08774,Net Banking,Completed
CA-2015-132276,PAY08775,Net Banking,Completed
CA-2016-163636,PAY08776,Credit Card,Completed
CA-2016-102813,PAY08777,UPI,Failed
CA-2016-102813,PAY08778,Cash on Delivery,Completed
CA-2017-135377,PAY08779,Debit Card,Completed
CA-2015-165813,PAY08780,Credit Card,Completed
CA-2015-133585,PAY08781,Debit Card,Completed
CA-2015-133585,PAY08782,Debit Card,Failed
CA-2016-116911,PAY08783,Debit Card,Failed
CA-2016-116911,PAY08784,Cash on Delivery,Failed
US-2017-129224,PAY08785,Net Banking,Completed
CA-2017-145765,PAY08786,Cash on Delivery,Completed
CA-2017-145765,PAY08787,Credit Card,Failed
CA-2017-145765,PAY08788,Credit Card,Completed
CA-2017-126914,PAY08789,UPI,Pending
CA-2017-126914,PAY08790,UPI,Completed
CA-2015-169572,PAY08791,Debit Card,Failed
CA-2017-162075,PAY08792,Net Banking,Completed
CA-2014-162992,PAY08793,Debit Card,Completed
CA-2014-162992,PAY08794,Credit Card,Pending
CA-2014-162992,PAY08795,Debit Card,Completed
CA-2014-162992,PAY08796,Credit Card,Completed
CA-2016-106397,PAY08797,Credit Card,Completed
CA-2016-106397,PAY08798,Credit Card,Completed
US-2016-150140,PAY08799,Credit Card,Completed
CA-2014-116666,PAY08800,Cash on Delivery,Completed
CA-2017-148992,PAY08801,Net Banking,Failed
CA-2016-140935,PAY08802,Net Banking,Completed
CA-2016-140935,PAY08803,Net Banking,Completed
CA-2014-157644,PAY08804,Credit Card,Pending
CA-2014-157644,PAY08805,Debit Card,Completed
US-2017-100398,PAY08806,Cash on Delivery,Pending
CA-2016-113082,PAY08807,Net Banking,Completed
US-2017-110646,PAY08808,Net Banking,Completed
US-2017-110646,PAY08809,Credit Card,Completed
US-2017-110646,PAY08810,Net Banking,Completed
CA-2017-120614,PAY08811,Debit Card,Completed
US-2016-140172,PAY08812,Net Banking,Completed
US-2016-140172,PAY08813,Net Banking,Pending
CA-2015-127754,PAY08814,Debit Card,Completed
CA-2015-144274,PAY08815,Debit Card,Pending
CA-2015-144274,PAY08816,Net Banking,Completed
CA-2015-144274,PAY08817,UPI,Failed
CA-2015-144274,PAY08818,Debit Card,Completed
CA-2015-144274,PAY08819,Cash on Delivery,Completed
CA-2015-142930,PAY08820,UPI,Completed
CA-2017-100622,PAY08821,Credit Card,Completed
CA-2017-100622,PAY08822,Cash on Delivery,Completed
CA-2017-100622,PAY08823,UPI,Completed
CA-2017-100622,PAY08824,Cash on Delivery,Pending
CA-2017-117156,PAY08825,Credit Card,Completed
CA-2015-115399,PAY08826,UPI,Pending
US-2014-157847,PAY08827,Cash on Delivery,Failed
US-2014-157847,PAY08828,Net Banking,Pending
CA-2015-115168,PAY08829,Debit Card,Completed
CA-2014-109680,PAY08830,Debit Card,Failed
CA-2016-167983,PAY08831,Net Banking,Completed
CA-2015-145324,PAY08832,Cash on Delivery,Pending
CA-2015-153423,PAY08833,Net Banking,Completed
US-2017-132675,PAY08834,Cash on Delivery,Completed
US-2017-132675,PAY08835,UPI,Completed
US-2017-132675,PAY08836,Cash on Delivery,Pending
US-2017-132675,PAY08837,Debit Card,Completed
US-2017-132675,PAY08838,Net Banking,Pending
CA-2014-153808,PAY08839,Cash on Delivery,Completed
CA-2014-153808,PAY08840,Net Banking,Completed
CA-2014-153808,PAY08841,Debit Card,Completed
US-2016-112396,PAY08842,UPI,Completed
US-2016-112396,PAY08843,Debit Card,Completed
CA-2014-141173,PAY08844,Debit Card,Pending
CA-2017-156664,PAY08845,Debit Card,Completed
CA-2017-156664,PAY08846,Credit Card,Completed
CA-2017-156664,PAY08847,Net Banking,Completed
CA-2017-156664,PAY08848,UPI,Completed
CA-2015-140718,PAY08849,UPI,Completed
CA-2015-140718,PAY08850,Cash on Delivery,Completed
CA-2015-140718,PAY08851,Debit Card,Completed
CA-2015-140718,PAY08852,Credit Card,Completed
CA-2014-119977,PAY08853,Cash on Delivery,Completed
US-2015-115343,PAY08854,Credit Card,Pending
US-2015-115343,PAY08855,UPI,Pending
CA-2017-163671,PAY08856,Cash on Delivery,Completed
CA-2017-135909,PAY08857,Debit Card,Pending
CA-2017-135909,PAY08858,Net Banking,Completed
CA-2017-135909,PAY08859,Debit Card,Failed
US-2017-114356,PAY08860,Cash on Delivery,Completed
CA-2015-125934,PAY08861,Debit Card,Completed
CA-2015-125934,PAY08862,Credit Card,Completed
CA-2015-125934,PAY08863,Cash on Delivery,Completed
CA-2015-125934,PAY08864,Cash on Delivery,Failed
CA-2015-125934,PAY08865,Net Banking,Completed
CA-2015-158148,PAY08866,UPI,Pending
CA-2014-120411,PAY08867,Debit Card,Completed
CA-2014-120411,PAY08868,Cash on Delivery,Completed
CA-2016-158260,PAY08869,Net Banking,Completed
CA-2017-101805,PAY08870,Debit Card,Completed
CA-2017-101805,PAY08871,Cash on Delivery,Completed
CA-2017-101805,PAY08872,Credit Card,Pending
US-2014-105137,PAY08873,UPI,Failed
US-2014-105137,PAY08874,Credit Card,Completed
CA-2017-142489,PAY08875,Credit Card,Pending
US-2016-141264,PAY08876,Cash on Delivery,Completed
US-2016-141264,PAY08877,Debit Card,Pending
CA-2017-126928,PAY08878,Debit Card,Pending
CA-2017-126928,PAY08879,Credit Card,Failed
US-2015-107944,PAY08880,Net Banking,Completed
US-2015-107944,PAY08881,Debit Card,Completed
CA-2016-135594,PAY08882,Cash on Delivery,Completed
US-2017-115252,PAY08883,Net Banking,Pending
US-2017-115252,PAY08884,Credit Card,Completed
CA-2014-107398,PAY08885,Cash on Delivery,Failed
CA-2014-107398,PAY08886,Net Banking,Pending
CA-2014-107398,PAY08887,Cash on Delivery,Completed
CA-2014-169642,PAY08888,UPI,Completed
CA-2017-103968,PAY08889,Net Banking,Completed
CA-2016-147256,PAY08890,Debit Card,Completed
CA-2016-147256,PAY08891,UPI,Completed
CA-2016-162159,PAY08892,Net Banking,Completed
CA-2015-111038,PAY08893,Net Banking,Completed
CA-2014-124723,PAY08894,Net Banking,Completed
CA-2016-167241,PAY08895,Debit Card,Completed
CA-2016-167241,PAY08896,Net Banking,Completed
CA-2016-167241,PAY08897,Debit Card,Completed
CA-2016-167241,PAY08898,Credit Card,Completed
CA-2015-163237,PAY08899,Net Banking,Completed
CA-2015-163237,PAY08900,Cash on Delivery,Completed
CA-2016-150483,PAY08901,Net Banking,Pending
CA-2016-150483,PAY08902,UPI,Completed
CA-2016-150483,PAY08903,Net Banking,Completed
CA-2016-150483,PAY08904,Net Banking,Completed
US-2016-126431,PAY08905,Credit Card,Completed
US-2016-126431,PAY08906,Credit Card,Completed
US-2016-126431,PAY08907,Credit Card,Pending
CA-2016-139934,PAY08908,Debit Card,Completed
CA-2015-109603,PAY08909,Net Banking,Completed
CA-2017-160661,PAY08910,UPI,Completed
CA-2017-102610,PAY08911,Debit Card,Completed
CA-2017-102610,PAY08912,Cash on Delivery,Completed
CA-2017-102610,PAY08913,Debit Card,Failed
CA-2017-102610,PAY08914,Cash on Delivery,Completed
US-2016-144057,PAY08915,Debit Card,Completed
US-2016-144057,PAY08916,Cash on Delivery,Failed
US-2016-144057,PAY08917,UPI,Completed
US-2016-144057,PAY08918,UPI,Completed
US-2016-144057,PAY08919,Net Banking,Completed
CA-2014-160276,PAY08920,Net Banking,Completed
CA-2014-132983,PAY08921,Debit Card,Failed
CA-2016-145709,PAY08922,Cash on Delivery,Completed
CA-2016-145709,PAY08923,Cash on Delivery,Completed
CA-2017-133928,PAY08924,Debit Card,Completed
CA-2016-168032,PAY08925,Debit Card,Completed
CA-2016-168032,PAY08926,Net Banking,Pending
CA-2016-168032,PAY08927,Debit Card,Pending
CA-2015-143616,PAY08928,Net Banking,Completed
US-2015-168704,PAY08929,Debit Card,Completed
US-2015-168704,PAY08930,UPI,Failed
US-2015-168704,PAY08931,UPI,Completed
CA-2017-143252,PAY08932,UPI,Completed
CA-2017-143252,PAY08933,Debit Card,Completed
CA-2016-102134,PAY08934,UPI,Completed
CA-2017-130036,PAY08935,UPI,Completed
CA-2017-130036,PAY08936,Credit Card,Completed
CA-2015-134117,PAY08937,Debit Card,Failed
CA-2015-134117,PAY08938,Credit Card,Completed
CA-2015-134117,PAY08939,Credit Card,Completed
CA-2015-134117,PAY08940,Debit Card,Failed
CA-2014-130918,PAY08941,UPI,Completed
CA-2016-159023,PAY08942,Credit Card,Failed
CA-2016-159023,PAY08943,Credit Card,Completed
CA-2017-111717,PAY08944,Net Banking,Pending
CA-2014-154592,PAY08945,Net Banking,Completed
CA-2014-128622,PAY08946,Net Banking,Completed
CA-2017-148355,PAY08947,Net Banking,Completed
CA-2017-148355,PAY08948,UPI,Completed
CA-2014-132913,PAY08949,Net Banking,Completed
CA-2017-150910,PAY08950,Cash on Delivery,Pending
CA-2017-150910,PAY08951,Net Banking,Completed
CA-2017-150910,PAY08952,Cash on Delivery,Completed
CA-2017-150910,PAY08953,UPI,Completed
CA-2017-150910,PAY08954,Debit Card,Completed
CA-2014-156790,PAY08955,Cash on Delivery,Completed
CA-2014-126480,PAY08956,UPI,Failed
CA-2017-105620,PAY08957,Debit Card,Pending
CA-2017-105620,PAY08958,Credit Card,Completed
CA-2017-150266,PAY08959,Debit Card,Completed
CA-2017-150266,PAY08960,Net Banking,Completed
CA-2017-150266,PAY08961,Debit Card,Completed
CA-2017-150266,PAY08962,Credit Card,Completed
CA-2016-157280,PAY08963,UPI,Pending
CA-2016-157280,PAY08964,Cash on Delivery,Completed
CA-2016-157280,PAY08965,Cash on Delivery,Pending
CA-2017-106691,PAY08966,Net Banking,Completed
CA-2016-134180,PAY08967,Cash on Delivery,Pending
CA-2016-134180,PAY08968,Credit Card,Completed
CA-2014-166730,PAY08969,Net Banking,Completed
CA-2017-157469,PAY08970,Debit Card,Completed
CA-2017-157469,PAY08971,Cash on Delivery,Completed
CA-2017-122308,PAY08972,Debit Card,Completed
US-2014-149034,PAY08973,Debit Card,Pending
CA-2017-159226,PAY08974,Cash on Delivery,Completed
CA-2017-156622,PAY08975,Cash on Delivery,Completed
CA-2017-156622,PAY08976,Net Banking,Completed
CA-2017-156622,PAY08977,Net Banking,Pending
CA-2017-156622,PAY08978,UPI,Failed
CA-2014-119529,PAY08979,Cash on Delivery,Pending
CA-2015-150413,PAY08980,Cash on Delivery,Completed
CA-2014-108182,PAY08981,Net Banking,Completed
CA-2016-110898,PAY08982,Debit Card,Completed
CA-2016-110898,PAY08983,Credit Card,Completed
CA-2016-110898,PAY08984,UPI,Completed
CA-2016-110898,PAY08985,Debit Card,Completed
CA-2015-123092,PAY08986,Net Banking,Completed
CA-2015-123092,PAY08987,Cash on Delivery,Failed
CA-2015-123092,PAY08988,Credit Card,Completed
CA-2015-123092,PAY08989,Credit Card,Completed
US-2015-128587,PAY08990,Credit Card,Completed
US-2015-128587,PAY08991,Net Banking,Completed
US-2017-139577,PAY08992,Credit Card,Completed
CA-2017-159100,PAY08993,Net Banking,Completed
CA-2017-159100,PAY08994,Credit Card,Failed
CA-2014-109043,PAY08995,Debit Card,Failed
CA-2014-109043,PAY08996,Credit Card,Completed
US-2017-116491,PAY08997,UPI,Completed
CA-2017-122763,PAY08998,UPI,Completed
CA-2017-122763,PAY08999,UPI,Completed
CA-2017-137785,PAY09000,Cash on Delivery,Completed
CA-2014-133389,PAY09001,Credit Card,Pending
CA-2014-103807,PAY09002,Credit Card,Completed
CA-2014-103807,PAY09003,UPI,Completed
CA-2015-102855,PAY09004,Credit Card,Completed
CA-2015-102855,PAY09005,Debit Card,Completed
CA-2017-107825,PAY09006,Debit Card,Pending
CA-2017-107825,PAY09007,UPI,Completed
CA-2017-107825,PAY09008,Debit Card,Pending
CA-2017-107825,PAY09009,UPI,Failed
CA-2017-106047,PAY09010,Debit Card,Pending
CA-2017-127803,PAY09011,UPI,Completed
CA-2015-137071,PAY09012,Net Banking,Completed
CA-2016-121447,PAY09013,UPI,Completed
CA-2017-143084,PAY09014,Cash on Delivery,Completed
CA-2017-143084,PAY09015,Credit Card,Completed
CA-2016-131639,PAY09016,Net Banking,Completed
CA-2016-131639,PAY09017,Cash on Delivery,Completed
CA-2016-161361,PAY09018,Credit Card,Failed
CA-2016-161361,PAY09019,Cash on Delivery,Failed
CA-2014-100706,PAY09020,Credit Card,Completed
CA-2014-100706,PAY09021,Credit Card,Completed
CA-2015-129525,PAY09022,Debit Card,Pending
US-2016-141880,PAY09023,UPI,Failed
CA-2015-165799,PAY09024,Cash on Delivery,Completed
CA-2016-102127,PAY09025,UPI,Completed
CA-2016-102127,PAY09026,Net Banking,Failed
CA-2016-102127,PAY09027,Cash on Delivery,Completed
US-2016-152415,PAY09028,UPI,Completed
US-2016-152415,PAY09029,Net Banking,Pending
CA-2014-138198,PAY09030,Debit Card,Completed
CA-2017-128041,PAY09031,Credit Card,Completed
CA-2017-128041,PAY09032,Credit Card,Completed
CA-2017-105823,PAY09033,Cash on Delivery,Completed
CA-2014-152268,PAY09034,UPI,Pending
CA-2015-148873,PAY09035,Cash on Delivery,Failed
CA-2015-148873,PAY09036,Debit Card,Completed
CA-2015-166492,PAY09037,Debit Card,Failed
CA-2015-166492,PAY09038,Net Banking,Pending
CA-2017-157420,PAY09039,Credit Card,Pending
CA-2016-117121,PAY09040,Credit Card,Pending
CA-2014-138177,PAY09041,Credit Card,Completed
CA-2014-114335,PAY09042,Net Banking,Completed
CA-2015-168760,PAY09043,Credit Card,Pending
CA-2016-168830,PAY09044,Cash on Delivery,Completed
CA-2017-137463,PAY09045,UPI,Pending
CA-2017-137463,PAY09046,Credit Card,Failed
CA-2017-137463,PAY09047,UPI,Completed
CA-2017-137463,PAY09048,Credit Card,Completed
CA-2017-137463,PAY09049,Credit Card,Completed
CA-2014-124513,PAY09050,Cash on Delivery,Completed
CA-2015-165554,PAY09051,Credit Card,Completed
CA-2014-141838,PAY09052,Credit Card,Failed
CA-2014-141838,PAY09053,UPI,Completed
CA-2014-141838,PAY09054,Net Banking,Completed
CA-2017-117009,PAY09055,Debit Card,Completed
CA-2015-128993,PAY09056,Cash on Delivery,Completed
CA-2015-160227,PAY09057,Debit Card,Completed
CA-2015-149097,PAY09058,Cash on Delivery,Completed
CA-2015-149097,PAY09059,Net Banking,Pending
CA-2016-132304,PAY09060,UPI,Completed
CA-2015-136420,PAY09061,Credit Card,Completed
CA-2015-136420,PAY09062,Debit Card,Completed
CA-2016-101623,PAY09063,Debit Card,Pending
US-2014-151015,PAY09064,Credit Card,Completed
US-2014-151015,PAY09065,UPI,Failed
US-2014-151015,PAY09066,UPI,Completed
CA-2017-152968,PAY09067,Credit Card,Completed
CA-2016-150077,PAY09068,UPI,Completed
CA-2016-106278,PAY09069,Net Banking,Pending
CA-2016-106278,PAY09070,Debit Card,Failed
CA-2017-147550,PAY09071,Debit Card,Completed
CA-2015-136105,PAY09072,Debit Card,Completed
CA-2016-142524,PAY09073,Net Banking,Completed
CA-2016-142524,PAY09074,Net Banking,Pending
CA-2014-136336,PAY09075,Net Banking,Completed
US-2015-136259,PAY09076,Net Banking,Completed
US-2015-136259,PAY09077,UPI,Completed
US-2014-124625,PAY09078,Cash on Delivery,Completed
CA-2016-108105,PAY09079,Cash on Delivery,Completed
CA-2016-108105,PAY09080,Cash on Delivery,Completed
CA-2017-166898,PAY09081,Credit Card,Failed
CA-2017-166898,PAY09082,Debit Card,Completed
CA-2017-169005,PAY09083,UPI,Pending
CA-2015-104038,PAY09084,Credit Card,Pending
CA-2015-104038,PAY09085,Net Banking,Pending
CA-2016-126102,PAY09086,Credit Card,Failed
CA-2016-143406,PAY09087,Cash on Delivery,Completed
CA-2016-143406,PAY09088,Cash on Delivery,Completed
CA-2015-150308,PAY09089,Cash on Delivery,Pending
CA-2016-131093,PAY09090,Debit Card,Completed
US-2017-148831,PAY09091,Debit Card,Completed
CA-2015-162950,PAY09092,Cash on Delivery,Completed
CA-2015-162950,PAY09093,Credit Card,Pending
US-2015-132836,PAY09094,Net Banking,Failed
US-2015-132836,PAY09095,Debit Card,Completed
US-2015-132836,PAY09096,Net Banking,Pending
US-2015-132836,PAY09097,Debit Card,Completed
US-2014-158365,PAY09098,Debit Card,Pending
CA-2017-152933,PAY09099,Net Banking,Completed
CA-2017-152933,PAY09100,Net Banking,Completed
CA-2017-152933,PAY09101,Net Banking,Completed
CA-2015-163181,PAY09102,UPI,Completed
CA-2015-163181,PAY09103,Debit Card,Pending
CA-2015-163181,PAY09104,Net Banking,Pending
CA-2015-163181,PAY09105,Cash on Delivery,Failed
CA-2015-163181,PAY09106,UPI,Pending
CA-2015-163181,PAY09107,Net Banking,Pending
CA-2015-132941,PAY09108,Net Banking,Completed
CA-2015-132941,PAY09109,Net Banking,Completed
CA-2015-132941,PAY09110,Cash on Delivery,Completed
CA-2014-132010,PAY09111,Net Banking,Completed
CA-2014-132010,PAY09112,Net Banking,Failed
CA-2014-132010,PAY09113,Debit Card,Completed
CA-2014-132010,PAY09114,Net Banking,Completed
CA-2016-135461,PAY09115,Net Banking,Completed
CA-2017-153045,PAY09116,Net Banking,Failed
CA-2017-153045,PAY09117,Credit Card,Pending
CA-2017-153045,PAY09118,Cash on Delivery,Pending
CA-2017-153045,PAY09119,Credit Card,Completed
US-2016-155971,PAY09120,UPI,Completed
US-2016-155971,PAY09121,Credit Card,Completed
CA-2017-122007,PAY09122,Net Banking,Completed
CA-2017-162250,PAY09123,Debit Card,Completed
US-2016-158288,PAY09124,UPI,Completed
CA-2016-128916,PAY09125,Credit Card,Completed
CA-2016-128916,PAY09126,UPI,Pending
CA-2015-157028,PAY09127,UPI,Pending
CA-2017-112473,PAY09128,Credit Card,Failed
US-2017-147655,PAY09129,Credit Card,Completed
CA-2016-130911,PAY09130,Debit Card,Completed
CA-2016-130911,PAY09131,Debit Card,Completed
CA-2017-100055,PAY09132,Debit Card,Pending
CA-2017-100055,PAY09133,Credit Card,Completed
CA-2015-157805,PAY09134,Credit Card,Completed
CA-2016-124254,PAY09135,UPI,Pending
CA-2016-124254,PAY09136,Credit Card,Completed
CA-2016-124254,PAY09137,Net Banking,Pending
CA-2014-123400,PAY09138,Debit Card,Pending
CA-2014-123400,PAY09139,Cash on Delivery,Completed
CA-2014-106971,PAY09140,UPI,Completed
CA-2017-123029,PAY09141,Debit Card,Completed
CA-2016-139409,PAY09142,Net Banking,Pending
US-2017-166688,PAY09143,UPI,Completed
US-2017-166688,PAY09144,UPI,Completed
US-2017-166688,PAY09145,Debit Card,Pending
CA-2015-126970,PAY09146,Cash on Delivery,Pending
US-2016-165505,PAY09147,UPI,Completed
US-2016-165505,PAY09148,UPI,Pending
US-2016-165505,PAY09149,Cash on Delivery,Completed
US-2014-157070,PAY09150,Cash on Delivery,Pending
US-2014-157070,PAY09151,Cash on Delivery,Completed
US-2015-106873,PAY09152,UPI,Pending
US-2015-106873,PAY09153,UPI,Completed
US-2015-106873,PAY09154,UPI,Completed
CA-2016-132990,PAY09155,UPI,Completed
CA-2014-102645,PAY09156,UPI,Completed
CA-2014-134215,PAY09157,UPI,Completed
CA-2014-134215,PAY09158,Net Banking,Completed
CA-2014-134215,PAY09159,Debit Card,Pending
CA-2016-118934,PAY09160,UPI,Completed
CA-2016-118934,PAY09161,Cash on Delivery,Completed
CA-2016-160108,PAY09162,Debit Card,Completed
CA-2016-160108,PAY09163,Debit Card,Completed
CA-2015-164007,PAY09164,Credit Card,Completed
CA-2015-164007,PAY09165,UPI,Completed
CA-2016-100300,PAY09166,UPI,Failed
CA-2016-100300,PAY09167,UPI,Completed
CA-2016-100300,PAY09168,UPI,Completed
CA-2016-140571,PAY09169,UPI,Completed
CA-2016-140571,PAY09170,Credit Card,Completed
US-2016-155768,PAY09171,UPI,Completed
US-2016-155768,PAY09172,Net Banking,Completed
US-2016-155768,PAY09173,Credit Card,Completed
US-2016-155768,PAY09174,Net Banking,Completed
CA-2017-119424,PAY09175,UPI,Completed
CA-2017-119424,PAY09176,Credit Card,Completed
CA-2016-118178,PAY09177,Net Banking,Completed
CA-2016-166618,PAY09178,Cash on Delivery,Completed
CA-2016-166618,PAY09179,Cash on Delivery,Completed
CA-2017-156776,PAY09180,Credit Card,Failed
CA-2017-156776,PAY09181,Credit Card,Completed
CA-2017-156776,PAY09182,UPI,Completed
CA-2017-156776,PAY09183,Debit Card,Completed
CA-2017-156776,PAY09184,Cash on Delivery,Completed
CA-2017-156776,PAY09185,Debit Card,Completed
CA-2017-156776,PAY09186,Credit Card,Completed
CA-2017-156776,PAY09187,Debit Card,Completed
US-2015-130512,PAY09188,Debit Card,Completed
US-2015-130512,PAY09189,Net Banking,Completed
US-2015-130512,PAY09190,Credit Card,Completed
US-2015-130512,PAY09191,Debit Card,Completed
US-2015-130512,PAY09192,Debit Card,Completed
CA-2015-141810,PAY09193,Net Banking,Completed
CA-2015-141810,PAY09194,Cash on Delivery,Completed
CA-2014-146843,PAY09195,Net Banking,Completed
CA-2014-146843,PAY09196,Debit Card,Pending
CA-2014-103310,PAY09197,Cash on Delivery,Completed
CA-2014-103310,PAY09198,UPI,Completed
CA-2014-103310,PAY09199,Debit Card,Pending
CA-2014-103310,PAY09200,Credit Card,Pending
CA-2016-152688,PAY09201,Cash on Delivery,Failed
CA-2016-152688,PAY09202,Credit Card,Completed
CA-2016-153836,PAY09203,Cash on Delivery,Failed
CA-2016-153836,PAY09204,Debit Card,Completed
CA-2016-104689,PAY09205,Net Banking,Failed
CA-2016-146423,PAY09206,Cash on Delivery,Pending
CA-2016-146423,PAY09207,Credit Card,Completed
CA-2017-140781,PAY09208,Net Banking,Pending
CA-2017-141747,PAY09209,Cash on Delivery,Pending
CA-2017-142776,PAY09210,UPI,Completed
CA-2017-142776,PAY09211,Credit Card,Completed
CA-2015-167479,PAY09212,Credit Card,Completed
CA-2014-144071,PAY09213,Net Banking,Completed
CA-2014-144071,PAY09214,Net Banking,Pending
US-2017-120908,PAY09215,Debit Card,Completed
CA-2016-152646,PAY09216,Credit Card,Completed
CA-2017-103765,PAY09217,UPI,Completed
US-2017-118157,PAY09218,Credit Card,Failed
US-2015-164238,PAY09219,Cash on Delivery,Completed
US-2015-164238,PAY09220,Debit Card,Pending
CA-2017-103212,PAY09221,Debit Card,Pending
CA-2017-103212,PAY09222,Cash on Delivery,Pending
CA-2017-103212,PAY09223,Net Banking,Completed
CA-2017-121160,PAY09224,Net Banking,Completed
CA-2017-121160,PAY09225,Cash on Delivery,Completed
CA-2017-121160,PAY09226,Credit Card,Completed
CA-2017-121160,PAY09227,Cash on Delivery,Completed
CA-2017-140515,PAY09228,Credit Card,Completed
CA-2014-153619,PAY09229,Debit Card,Completed
CA-2017-133718,PAY09230,Net Banking,Pending
CA-2017-133718,PAY09231,Net Banking,Completed
CA-2014-148383,PAY09232,UPI,Completed
CA-2016-126732,PAY09233,UPI,Completed
CA-2016-126732,PAY09234,Credit Card,Failed
CA-2016-126732,PAY09235,Net Banking,Completed
CA-2016-126732,PAY09236,Credit Card,Completed
CA-2016-126732,PAY09237,Credit Card,Completed
CA-2016-126732,PAY09238,UPI,Pending
CA-2017-138156,PAY09239,Credit Card,Completed
CA-2017-110310,PAY09240,UPI,Completed
CA-2017-110310,PAY09241,Debit Card,Completed
CA-2017-110310,PAY09242,UPI,Completed
CA-2014-113271,PAY09243,Net Banking,Completed
CA-2014-113271,PAY09244,UPI,Completed
CA-2014-113271,PAY09245,Cash on Delivery,Completed
CA-2014-113271,PAY09246,Cash on Delivery,Completed
CA-2017-130106,PAY09247,Credit Card,Pending
CA-2017-130106,PAY09248,Debit Card,Completed
CA-2016-127761,PAY09249,UPI,Pending
CA-2016-127761,PAY09250,Credit Card,Completed
CA-2016-105354,PAY09251,UPI,Completed
CA-2017-155712,PAY09252,UPI,Completed
CA-2017-102309,PAY09253,Cash on Delivery,Completed
CA-2017-102309,PAY09254,Credit Card,Pending
CA-2014-168368,PAY09255,Debit Card,Failed
CA-2014-168368,PAY09256,Debit Card,Completed
CA-2014-168368,PAY09257,Cash on Delivery,Pending
CA-2014-168368,PAY09258,Debit Card,Failed
CA-2014-168368,PAY09259,Cash on Delivery,Completed
CA-2014-168368,PAY09260,UPI,Completed
CA-2017-167976,PAY09261,Debit Card,Pending
CA-2017-111388,PAY09262,UPI,Completed
CA-2015-124499,PAY09263,Cash on Delivery,Completed
CA-2015-124499,PAY09264,Net Banking,Completed
US-2017-128118,PAY09265,Net Banking,Completed
US-2017-128118,PAY09266,Credit Card,Completed
CA-2014-125759,PAY09267,Net Banking,Completed
CA-2015-151869,PAY09268,UPI,Pending
CA-2015-151869,PAY09269,Cash on Delivery,Completed
US-2017-102183,PAY09270,Net Banking,Completed
US-2017-102183,PAY09271,Net Banking,Completed
CA-2016-100510,PAY09272,Net Banking,Completed
CA-2016-100510,PAY09273,Cash on Delivery,Completed
CA-2017-146983,PAY09274,Net Banking,Completed
US-2014-134054,PAY09275,Cash on Delivery,Completed
CA-2016-113236,PAY09276,Net Banking,Failed
CA-2016-113236,PAY09277,UPI,Completed
CA-2017-122539,PAY09278,UPI,Pending
CA-2017-122539,PAY09279,UPI,Completed
CA-2017-122539,PAY09280,Net Banking,Completed
CA-2016-166772,PAY09281,Credit Card,Completed
US-2017-152898,PAY09282,Credit Card,Completed
CA-2016-160486,PAY09283,Credit Card,Completed
CA-2017-102218,PAY09284,Cash on Delivery,Completed
CA-2014-161032,PAY09285,Credit Card,Completed
CA-2015-102778,PAY09286,Credit Card,Pending
CA-2017-154011,PAY09287,Debit Card,Completed
CA-2017-154011,PAY09288,Cash on Delivery,Pending
US-2017-165456,PAY09289,Debit Card,Completed
CA-2014-111857,PAY09290,Debit Card,Completed
CA-2014-163650,PAY09291,Debit Card,Completed
CA-2014-163650,PAY09292,Cash on Delivery,Completed
CA-2017-124114,PAY09293,Credit Card,Completed
US-2017-116505,PAY09294,Credit Card,Completed
CA-2017-161340,PAY09295,Debit Card,Completed
CA-2017-161340,PAY09296,Debit Card,Failed
US-2015-163433,PAY09297,UPI,Completed
US-2015-163433,PAY09298,Net Banking,Completed
US-2015-163433,PAY09299,Credit Card,Completed
US-2015-163433,PAY09300,Credit Card,Completed
US-2015-163433,PAY09301,Net Banking,Completed
US-2015-163433,PAY09302,UPI,Pending
US-2015-163433,PAY09303,Credit Card,Completed
US-2015-163433,PAY09304,Credit Card,Pending
US-2015-163433,PAY09305,Net Banking,Pending
CA-2015-137603,PAY09306,UPI,Completed
CA-2014-128237,PAY09307,Net Banking,Failed
CA-2014-128237,PAY09308,Credit Card,Completed
CA-2014-128237,PAY09309,Credit Card,Failed
CA-2014-128237,PAY09310,UPI,Failed
US-2016-102141,PAY09311,Net Banking,Completed
CA-2017-148642,PAY09312,Debit Card,Pending
CA-2017-148642,PAY09313,UPI,Pending
CA-2015-111948,PAY09314,Credit Card,Completed
CA-2015-111948,PAY09315,UPI,Pending
CA-2016-161907,PAY09316,Cash on Delivery,Completed
CA-2016-161907,PAY09317,UPI,Completed
CA-2017-124940,PAY09318,Cash on Delivery,Completed
US-2017-108343,PAY09319,Cash on Delivery,Completed
US-2017-108343,PAY09320,Cash on Delivery,Completed
US-2017-108343,PAY09321,Net Banking,Completed
US-2016-111563,PAY09322,UPI,Completed
US-2016-111563,PAY09323,Debit Card,Completed
CA-2017-121853,PAY09324,UPI,Completed
CA-2017-121853,PAY09325,Credit Card,Completed
CA-2017-121853,PAY09326,Debit Card,Pending
US-2017-130687,PAY09327,Credit Card,Completed
US-2017-130687,PAY09328,Credit Card,Completed
US-2017-130687,PAY09329,Net Banking,Completed
CA-2015-164497,PAY09330,Net Banking,Pending
US-2015-153283,PAY09331,Debit Card,Pending
CA-2016-108056,PAY09332,Debit Card,Failed
CA-2017-127726,PAY09333,Debit Card,Pending
CA-2017-127726,PAY09334,Debit Card,Pending
CA-2017-110198,PAY09335,Debit Card,Completed
CA-2017-110198,PAY09336,Debit Card,Completed
CA-2017-130715,PAY09337,Net Banking,Pending
CA-2014-155264,PAY09338,Credit Card,Pending
CA-2014-155264,PAY09339,Cash on Delivery,Completed
CA-2014-155264,PAY09340,Debit Card,Completed
CA-2014-155264,PAY09341,Cash on Delivery,Pending
CA-2014-155264,PAY09342,Debit Card,Completed
CA-2016-119123,PAY09343,Net Banking,Pending
CA-2017-109085,PAY09344,Net Banking,Completed
CA-2017-109085,PAY09345,Cash on Delivery,Completed
CA-2017-109085,PAY09346,UPI,Failed
CA-2017-109085,PAY09347,UPI,Completed
CA-2017-109085,PAY09348,Cash on Delivery,Completed
CA-2016-114860,PAY09349,UPI,Completed
CA-2016-114860,PAY09350,UPI,Completed
CA-2016-159009,PAY09351,Debit Card,Completed
CA-2016-159009,PAY09352,Credit Card,Completed
CA-2017-148411,PAY09353,UPI,Pending
CA-2017-148411,PAY09354,Debit Card,Completed
CA-2015-110324,PAY09355,Credit Card,Completed
CA-2015-110324,PAY09356,Debit Card,Completed
CA-2015-110324,PAY09357,Net Banking,Completed
CA-2016-168046,PAY09358,Cash on Delivery,Pending
CA-2016-168046,PAY09359,Net Banking,Completed
CA-2016-168046,PAY09360,Credit Card,Completed
CA-2016-168046,PAY09361,Net Banking,Completed
CA-2017-111591,PAY09362,Debit Card,Pending
CA-2017-111591,PAY09363,Debit Card,Completed
CA-2017-111591,PAY09364,Net Banking,Failed
CA-2017-111591,PAY09365,Debit Card,Completed
US-2014-166828,PAY09366,Debit Card,Pending
CA-2014-108147,PAY09367,Cash on Delivery,Completed
CA-2014-108147,PAY09368,Credit Card,Completed
CA-2016-154998,PAY09369,Debit Card,Completed
CA-2017-113460,PAY09370,Debit Card,Completed
CA-2015-111339,PAY09371,Credit Card,Pending
CA-2015-111339,PAY09372,UPI,Completed
CA-2015-111339,PAY09373,Credit Card,Completed
CA-2017-102820,PAY09374,Credit Card,Completed
CA-2016-149671,PAY09375,Net Banking,Completed
CA-2015-126347,PAY09376,Credit Card,Completed
CA-2017-108756,PAY09377,Debit Card,Failed
CA-2017-155362,PAY09378,Net Banking,Completed
CA-2016-117625,PAY09379,UPI,Completed
CA-2014-154158,PAY09380,Debit Card,Completed
CA-2014-154158,PAY09381,Net Banking,Completed
CA-2014-154158,PAY09382,Debit Card,Completed
CA-2014-154158,PAY09383,UPI,Completed
CA-2014-154158,PAY09384,Cash on Delivery,Completed
CA-2017-100433,PAY09385,Net Banking,Completed
CA-2017-163097,PAY09386,Credit Card,Pending
US-2017-127292,PAY09387,Credit Card,Completed
US-2017-127292,PAY09388,UPI,Completed
US-2017-127292,PAY09389,Debit Card,Completed
US-2017-127292,PAY09390,Debit Card,Pending
CA-2015-163734,PAY09391,Cash on Delivery,Completed
CA-2017-162474,PAY09392,Credit Card,Failed
CA-2015-130848,PAY09393,Cash on Delivery,Pending
CA-2014-125997,PAY09394,Net Banking,Completed
CA-2014-125997,PAY09395,UPI,Completed
CA-2014-125997,PAY09396,UPI,Completed
CA-2014-125997,PAY09397,Net Banking,Failed
CA-2014-125997,PAY09398,Debit Card,Completed
CA-2014-125997,PAY09399,Credit Card,Completed
CA-2016-103128,PAY09400,Net Banking,Pending
CA-2015-167696,PAY09401,Credit Card,Pending
CA-2014-159814,PAY09402,Net Banking,Completed
CA-2016-105459,PAY09403,Cash on Delivery,Completed
CA-2016-105459,PAY09404,Debit Card,Completed
CA-2017-141663,PAY09405,UPI,Failed
CA-2014-152618,PAY09406,UPI,Completed
CA-2014-152618,PAY09407,UPI,Completed
CA-2017-162789,PAY09408,Net Banking,Pending
CA-2017-162789,PAY09409,Credit Card,Completed
US-2017-110149,PAY09410,Net Banking,Failed
US-2017-110149,PAY09411,UPI,Pending
CA-2016-108959,PAY09412,Cash on Delivery,Failed
CA-2015-164777,PAY09413,UPI,Completed
CA-2016-132017,PAY09414,Debit Card,Pending
CA-2015-127824,PAY09415,Net Banking,Completed
CA-2015-127824,PAY09416,Debit Card,Completed
CA-2015-127824,PAY09417,Net Banking,Completed
CA-2014-148285,PAY09418,Credit Card,Pending
CA-2014-148285,PAY09419,Net Banking,Completed
CA-2017-152926,PAY09420,Net Banking,Failed
CA-2017-152926,PAY09421,Debit Card,Failed
CA-2014-145254,PAY09422,UPI,Completed
CA-2014-145254,PAY09423,Debit Card,Completed
CA-2014-145254,PAY09424,Net Banking,Completed
CA-2014-145254,PAY09425,Cash on Delivery,Completed
CA-2014-116246,PAY09426,Credit Card,Completed
CA-2016-160479,PAY09427,UPI,Completed
CA-2014-167486,PAY09428,Cash on Delivery,Completed
CA-2014-152100,PAY09429,Cash on Delivery,Completed
CA-2015-166219,PAY09430,Debit Card,Completed
CA-2015-166219,PAY09431,Net Banking,Completed
CA-2015-111864,PAY09432,Debit Card,Completed
CA-2015-119627,PAY09433,Net Banking,Completed
CA-2015-119627,PAY09434,Cash on Delivery,Completed
CA-2015-119627,PAY09435,Cash on Delivery,Failed
CA-2015-119627,PAY09436,Credit Card,Failed
CA-2015-160787,PAY09437,Debit Card,Completed
CA-2017-107853,PAY09438,Net Banking,Completed
CA-2017-126144,PAY09439,Debit Card,Completed
US-2014-154655,PAY09440,Debit Card,Completed
CA-2014-100391,PAY09441,Credit Card,Completed
CA-2014-165477,PAY09442,UPI,Pending
CA-2017-165904,PAY09443,Credit Card,Completed
CA-2017-165904,PAY09444,Net Banking,Pending
CA-2015-104052,PAY09445,Debit Card,Pending
CA-2015-168277,PAY09446,UPI,Completed
CA-2016-158617,PAY09447,Credit Card,Pending
CA-2017-136882,PAY09448,Net Banking,Completed
US-2016-148957,PAY09449,Credit Card,Pending
CA-2014-140032,PAY09450,Cash on Delivery,Completed
CA-2017-145506,PAY09451,Credit Card,Completed
CA-2015-129546,PAY09452,UPI,Pending
CA-2015-129546,PAY09453,Net Banking,Completed
CA-2015-129546,PAY09454,Debit Card,Completed
CA-2015-129546,PAY09455,Net Banking,Completed
CA-2016-140977,PAY09456,Credit Card,Completed
CA-2017-151855,PAY09457,Debit Card,Pending
CA-2017-151855,PAY09458,UPI,Pending
CA-2014-138240,PAY09459,Credit Card,Completed
CA-2014-138240,PAY09460,Credit Card,Completed
CA-2014-101833,PAY09461,Cash on Delivery,Failed
CA-2014-100867,PAY09462,Credit Card,Completed
US-2017-109610,PAY09463,UPI,Completed
CA-2014-156545,PAY09464,Credit Card,Completed
CA-2014-109127,PAY09465,Credit Card,Completed
CA-2016-126858,PAY09466,Credit Card,Completed
CA-2017-102925,PAY09467,Credit Card,Pending
CA-2017-102925,PAY09468,Debit Card,Pending
CA-2017-102925,PAY09469,Credit Card,Completed
CA-2017-102925,PAY09470,Debit Card,Pending
CA-2017-102925,PAY09471,UPI,Completed
CA-2017-102925,PAY09472,Debit Card,Completed
CA-2017-102925,PAY09473,UPI,Completed
CA-2017-102925,PAY09474,Debit Card,Completed
CA-2015-100818,PAY09475,Credit Card,Failed
CA-2015-100818,PAY09476,Debit Card,Completed
CA-2015-100818,PAY09477,Debit Card,Completed
CA-2015-100818,PAY09478,Cash on Delivery,Completed
CA-2014-126193,PAY09479,Credit Card,Pending
CA-2014-126193,PAY09480,UPI,Completed
CA-2014-126193,PAY09481,Credit Card,Completed
CA-2017-150504,PAY09482,Cash on Delivery,Completed
CA-2015-158351,PAY09483,Net Banking,Completed
CA-2014-122679,PAY09484,Cash on Delivery,Completed
CA-2016-164770,PAY09485,Credit Card,Completed
CA-2016-164770,PAY09486,Credit Card,Completed
CA-2017-130505,PAY09487,UPI,Completed
US-2017-125213,PAY09488,Net Banking,Completed
CA-2015-156566,PAY09489,Debit Card,Completed
US-2016-102232,PAY09490,Credit Card,Completed
CA-2017-111738,PAY09491,UPI,Pending
CA-2017-111738,PAY09492,Cash on Delivery,Completed
CA-2017-163188,PAY09493,UPI,Completed
CA-2016-105207,PAY09494,Debit Card,Completed
CA-2016-105207,PAY09495,Cash on Delivery,Completed
US-2016-123610,PAY09496,UPI,Pending
US-2016-123610,PAY09497,Debit Card,Completed
CA-2017-118213,PAY09498,Debit Card,Completed
CA-2017-118213,PAY09499,Cash on Delivery,Pending
CA-2017-118213,PAY09500,UPI,Completed
CA-2016-149237,PAY09501,Credit Card,Completed
US-2015-158589,PAY09502,UPI,Pending
CA-2016-101329,PAY09503,Debit Card,Completed
CA-2016-101329,PAY09504,Credit Card,Completed
CA-2016-113607,PAY09505,UPI,Completed
CA-2016-113607,PAY09506,Net Banking,Completed
CA-2014-149104,PAY09507,Credit Card,Pending
CA-2014-149104,PAY09508,Cash on Delivery,Completed
CA-2014-149104,PAY09509,Debit Card,Pending
CA-2014-149104,PAY09510,Debit Card,Failed
CA-2016-105263,PAY09511,Net Banking,Pending
CA-2014-130575,PAY09512,Net Banking,Completed
CA-2017-142461,PAY09513,UPI,Completed
CA-2016-125220,PAY09514,UPI,Completed
CA-2014-100293,PAY09515,Credit Card,Completed
CA-2014-154165,PAY09516,UPI,Pending
CA-2015-123939,PAY09517,Debit Card,Completed
CA-2015-123939,PAY09518,Debit Card,Pending
CA-2015-123939,PAY09519,UPI,Completed
US-2017-104451,PAY09520,UPI,Completed
CA-2016-101189,PAY09521,UPI,Completed
CA-2014-169446,PAY09522,UPI,Completed
CA-2014-169446,PAY09523,Net Banking,Completed
CA-2014-169446,PAY09524,Debit Card,Completed
CA-2017-156958,PAY09525,Debit Card,Completed
CA-2017-156958,PAY09526,Debit Card,Pending
CA-2017-156958,PAY09527,UPI,Completed
CA-2017-156958,PAY09528,Cash on Delivery,Failed
CA-2017-156958,PAY09529,Debit Card,Pending
CA-2017-101637,PAY09530,Net Banking,Completed
CA-2017-111759,PAY09531,Debit Card,Pending
CA-2017-102729,PAY09532,Net Banking,Completed
CA-2016-116596,PAY09533,Net Banking,Completed
CA-2016-116596,PAY09534,Debit Card,Pending
CA-2016-116596,PAY09535,UPI,Pending
CA-2016-116596,PAY09536,UPI,Completed
CA-2017-124191,PAY09537,Credit Card,Completed
CA-2016-148747,PAY09538,Net Banking,Pending
US-2017-169488,PAY09539,Credit Card,Completed
US-2017-169488,PAY09540,Debit Card,Completed
CA-2015-135727,PAY09541,Credit Card,Pending
CA-2015-135251,PAY09542,UPI,Completed
CA-2015-135251,PAY09543,UPI,Completed
CA-2015-135251,PAY09544,Credit Card,Pending
CA-2015-135251,PAY09545,Debit Card,Failed
CA-2014-166590,PAY09546,UPI,Completed
CA-2014-166590,PAY09547,Cash on Delivery,Completed
CA-2016-131744,PAY09548,Cash on Delivery,Completed
CA-2016-131744,PAY09549,Cash on Delivery,Pending
CA-2016-131744,PAY09550,Cash on Delivery,Completed
CA-2015-160864,PAY09551,Credit Card,Completed
CA-2015-147690,PAY09552,Cash on Delivery,Completed
CA-2015-163923,PAY09553,UPI,Completed
CA-2016-125724,PAY09554,Net Banking,Completed
CA-2015-111612,PAY09555,Net Banking,Pending
CA-2015-111612,PAY09556,Cash on Delivery,Failed
CA-2015-156853,PAY09557,Credit Card,Failed
CA-2014-103086,PAY09558,Cash on Delivery,Pending
CA-2016-129280,PAY09559,Debit Card,Completed
CA-2016-129280,PAY09560,UPI,Completed
CA-2016-129280,PAY09561,Net Banking,Completed
CA-2016-129280,PAY09562,Net Banking,Completed
CA-2016-129280,PAY09563,Cash on Delivery,Completed
CA-2016-129280,PAY09564,Net Banking,Completed
CA-2015-161242,PAY09565,Credit Card,Completed
CA-2014-130428,PAY09566,Net Banking,Failed
CA-2014-130428,PAY09567,UPI,Pending
CA-2014-130428,PAY09568,Debit Card,Completed
CA-2017-104388,PAY09569,UPI,Completed
CA-2015-113131,PAY09570,Net Banking,Completed
CA-2015-113131,PAY09571,Debit Card,Completed
CA-2015-113131,PAY09572,Net Banking,Completed
CA-2015-113131,PAY09573,UPI,Completed
CA-2015-113131,PAY09574,Debit Card,Failed
CA-2015-148495,PAY09575,Cash on Delivery,Completed
CA-2015-143147,PAY09576,Debit Card,Completed
CA-2015-143147,PAY09577,Credit Card,Completed
CA-2015-143147,PAY09578,Net Banking,Completed
CA-2017-152975,PAY09579,UPI,Completed
CA-2017-152975,PAY09580,Credit Card,Completed
CA-2017-152975,PAY09581,UPI,Completed
CA-2017-152975,PAY09582,UPI,Failed
CA-2016-107475,PAY09583,Debit Card,Completed
CA-2017-116127,PAY09584,Debit Card,Pending
CA-2017-132584,PAY09585,Net Banking,Completed
CA-2016-160598,PAY09586,UPI,Pending
CA-2016-108630,PAY09587,UPI,Completed
US-2017-129203,PAY09588,Debit Card,Completed
CA-2017-110940,PAY09589,Debit Card,Pending
CA-2014-119172,PAY09590,Cash on Delivery,Completed
CA-2014-119172,PAY09591,Credit Card,Completed
US-2016-105452,PAY09592,Debit Card,Pending
US-2016-105452,PAY09593,Cash on Delivery,Completed
CA-2017-108931,PAY09594,Net Banking,Completed
CA-2017-108931,PAY09595,Cash on Delivery,Failed
CA-2017-104619,PAY09596,Credit Card,Pending
CA-2017-104619,PAY09597,Cash on Delivery,Failed
CA-2017-104619,PAY09598,Net Banking,Pending
CA-2015-149517,PAY09599,Cash on Delivery,Completed
CA-2015-116841,PAY09600,Cash on Delivery,Failed
CA-2017-107797,PAY09601,UPI,Failed
CA-2016-117604,PAY09602,Net Banking,Pending
CA-2014-130155,PAY09603,Debit Card,Pending
CA-2016-129861,PAY09604,Debit Card,Pending
CA-2015-138625,PAY09605,Debit Card,Completed
US-2017-122672,PAY09606,Debit Card,Pending
US-2017-122672,PAY09607,Debit Card,Completed
CA-2017-117128,PAY09608,Debit Card,Completed
CA-2017-117128,PAY09609,UPI,Completed
CA-2016-130638,PAY09610,Cash on Delivery,Completed
CA-2016-130638,PAY09611,UPI,Pending
CA-2017-144365,PAY09612,Cash on Delivery,Completed
CA-2016-110086,PAY09613,Net Banking,Completed
CA-2014-128524,PAY09614,Net Banking,Completed
CA-2014-128524,PAY09615,Credit Card,Pending
CA-2014-128524,PAY09616,Cash on Delivery,Completed
CA-2016-140256,PAY09617,UPI,Completed
CA-2017-160633,PAY09618,UPI,Completed
CA-2017-160633,PAY09619,Credit Card,Completed
CA-2017-160633,PAY09620,Net Banking,Failed
CA-2014-115133,PAY09621,Net Banking,Completed
CA-2014-115133,PAY09622,UPI,Completed
CA-2014-115133,PAY09623,Credit Card,Completed
CA-2017-137449,PAY09624,Debit Card,Completed
CA-2017-137449,PAY09625,Net Banking,Completed
CA-2017-137449,PAY09626,Debit Card,Completed
CA-2017-103520,PAY09627,UPI,Completed
CA-2014-139283,PAY09628,Cash on Delivery,Pending
CA-2014-118192,PAY09629,Net Banking,Pending
CA-2014-118192,PAY09630,Credit Card,Pending
CA-2016-168844,PAY09631,Debit Card,Completed
CA-2016-168844,PAY09632,Debit Card,Completed
CA-2017-154809,PAY09633,Credit Card,Completed
CA-2014-151330,PAY09634,Credit Card,Completed
CA-2014-151330,PAY09635,Credit Card,Completed
CA-2014-151330,PAY09636,Net Banking,Completed
CA-2014-124702,PAY09637,UPI,Failed
CA-2014-124702,PAY09638,Cash on Delivery,Pending
US-2017-125808,PAY09639,Debit Card,Failed
CA-2015-116638,PAY09640,Net Banking,Completed
CA-2014-104563,PAY09641,Credit Card,Completed
CA-2014-104563,PAY09642,Credit Card,Pending
CA-2014-104563,PAY09643,Debit Card,Completed
CA-2014-104563,PAY09644,Net Banking,Pending
US-2017-107979,PAY09645,Credit Card,Completed
US-2017-107979,PAY09646,UPI,Completed
US-2017-107979,PAY09647,Credit Card,Completed
CA-2014-150518,PAY09648,Net Banking,Completed
CA-2014-150518,PAY09649,Net Banking,Completed
CA-2016-107104,PAY09650,UPI,Completed
CA-2016-107104,PAY09651,Credit Card,Pending
CA-2016-107104,PAY09652,Net Banking,Pending
CA-2016-107104,PAY09653,Net Banking,Completed
CA-2017-161893,PAY09654,Credit Card,Pending
CA-2017-161893,PAY09655,UPI,Completed
CA-2014-156160,PAY09656,Net Banking,Completed
CA-2014-156160,PAY09657,UPI,Failed
CA-2014-156160,PAY09658,Cash on Delivery,Pending
CA-2014-156160,PAY09659,Debit Card,Pending
CA-2014-100860,PAY09660,Cash on Delivery,Completed
CA-2016-160717,PAY09661,Debit Card,Completed
CA-2016-160717,PAY09662,UPI,Completed
CA-2016-160717,PAY09663,Credit Card,Completed
CA-2017-132619,PAY09664,UPI,Completed
US-2015-120957,PAY09665,UPI,Completed
CA-2017-157448,PAY09666,UPI,Pending
CA-2017-157448,PAY09667,UPI,Completed
CA-2016-126270,PAY09668,Credit Card,Completed
CA-2016-126270,PAY09669,UPI,Completed
CA-2017-145275,PAY09670,UPI,Completed
CA-2015-133396,PAY09671,Credit Card,Pending
US-2017-140312,PAY09672,Net Banking,Completed
CA-2016-114867,PAY09673,UPI,Completed
CA-2016-114867,PAY09674,Net Banking,Pending
US-2014-164644,PAY09675,Cash on Delivery,Completed
CA-2016-137393,PAY09676,Cash on Delivery,Completed
US-2014-120175,PAY09677,Cash on Delivery,Pending
CA-2016-144785,PAY09678,Credit Card,Completed
CA-2016-144785,PAY09679,Net Banking,Completed
CA-2015-130113,PAY09680,Net Banking,Completed
CA-2015-130113,PAY09681,Debit Card,Completed
CA-2017-122770,PAY09682,Cash on Delivery,Completed
CA-2017-122770,PAY09683,Credit Card,Pending
CA-2017-122770,PAY09684,Debit Card,Completed
CA-2017-122770,PAY09685,Debit Card,Pending
CA-2017-118668,PAY09686,Credit Card,Completed
CA-2017-116498,PAY09687,Credit Card,Completed
US-2017-130603,PAY09688,Debit Card,Completed
US-2017-135986,PAY09689,Net Banking,Completed
US-2017-135986,PAY09690,Debit Card,Pending
CA-2017-140536,PAY09691,Credit Card,Pending
CA-2015-130183,PAY09692,Net Banking,Completed
CA-2015-107902,PAY09693,Debit Card,Completed
CA-2017-130148,PAY09694,Net Banking,Completed
CA-2017-130148,PAY09695,Cash on Delivery,Pending
US-2016-151260,PAY09696,Credit Card,Completed
CA-2014-144281,PAY09697,Net Banking,Completed
CA-2016-122511,PAY09698,Net Banking,Completed
CA-2017-154116,PAY09699,Net Banking,Completed
CA-2017-154116,PAY09700,Credit Card,Completed
CA-2017-154116,PAY09701,Credit Card,Pending
CA-2016-105291,PAY09702,Net Banking,Pending
CA-2017-147032,PAY09703,Debit Card,Completed
CA-2017-147032,PAY09704,Credit Card,Completed
CA-2017-147032,PAY09705,UPI,Pending
CA-2017-125990,PAY09706,Net Banking,Pending
CA-2016-161746,PAY09707,UPI,Pending
CA-2016-161746,PAY09708,Credit Card,Completed
CA-2016-161746,PAY09709,Cash on Delivery,Completed
CA-2016-161746,PAY09710,Cash on Delivery,Completed
CA-2014-114251,PAY09711,Credit Card,Completed
CA-2014-114251,PAY09712,UPI,Completed
CA-2014-114251,PAY09713,Net Banking,Completed
CA-2014-114251,PAY09714,Credit Card,Completed
CA-2014-114251,PAY09715,Cash on Delivery,Completed
CA-2016-116379,PAY09716,Credit Card,Failed
US-2016-144477,PAY09717,Debit Card,Completed
CA-2016-108210,PAY09718,Cash on Delivery,Completed
CA-2016-108210,PAY09719,Debit Card,Failed
CA-2017-166835,PAY09720,Credit Card,Completed
CA-2016-119641,PAY09721,Net Banking,Completed
CA-2016-105781,PAY09722,Credit Card,Failed
CA-2016-105781,PAY09723,UPI,Completed
CA-2014-101364,PAY09724,UPI,Pending
CA-2015-117898,PAY09725,Cash on Delivery,Failed
CA-2017-142293,PAY09726,Cash on Delivery,Completed
CA-2017-167395,PAY09727,Debit Card,Completed
CA-2017-167395,PAY09728,UPI,Completed
CA-2017-167395,PAY09729,Debit Card,Completed
CA-2014-111962,PAY09730,UPI,Completed
CA-2014-111962,PAY09731,Debit Card,Completed
CA-2017-124261,PAY09732,Debit Card,Failed
CA-2014-114321,PAY09733,Debit Card,Completed
CA-2014-114321,PAY09734,Cash on Delivery,Completed
CA-2014-114321,PAY09735,Cash on Delivery,Completed
CA-2014-128062,PAY09736,Debit Card,Completed
US-2015-100069,PAY09737,Debit Card,Failed
CA-2017-129294,PAY09738,UPI,Completed
CA-2017-129294,PAY09739,Cash on Delivery,Completed
CA-2017-129294,PAY09740,Debit Card,Completed
CA-2017-129294,PAY09741,UPI,Completed
CA-2015-117086,PAY09742,Debit Card,Completed
CA-2017-131303,PAY09743,Cash on Delivery,Completed
CA-2016-137127,PAY09744,Debit Card,Completed
CA-2017-141782,PAY09745,UPI,Completed
CA-2017-137505,PAY09746,Debit Card,Pending
CA-2017-137505,PAY09747,Cash on Delivery,Completed
US-2014-140914,PAY09748,Debit Card,Completed
US-2014-140914,PAY09749,Debit Card,Completed
CA-2016-158358,PAY09750,UPI,Completed
CA-2016-113390,PAY09751,Cash on Delivery,Completed
CA-2016-113390,PAY09752,UPI,Pending
US-2016-158680,PAY09753,Credit Card,Completed
CA-2017-113705,PAY09754,Credit Card,Completed
CA-2017-113705,PAY09755,Net Banking,Completed
CA-2017-113705,PAY09756,Cash on Delivery,Pending
CA-2017-113705,PAY09757,Credit Card,Pending
CA-2017-113705,PAY09758,Cash on Delivery,Pending
CA-2017-113705,PAY09759,Cash on Delivery,Completed
CA-2016-146913,PAY09760,Cash on Delivery,Failed
CA-2017-159135,PAY09761,Cash on Delivery,Pending
CA-2014-121762,PAY09762,Credit Card,Completed
CA-2014-121762,PAY09763,Debit Card,Completed
CA-2014-121762,PAY09764,Debit Card,Completed
CA-2014-123855,PAY09765,Debit Card,Completed
CA-2017-101959,PAY09766,Net Banking,Pending
CA-2017-101959,PAY09767,Debit Card,Completed
CA-2017-102659,PAY09768,Credit Card,Completed
CA-2017-142328,PAY09769,Net Banking,Completed
CA-2016-123533,PAY09770,Credit Card,Completed
CA-2016-123533,PAY09771,UPI,Pending
CA-2016-123533,PAY09772,Net Banking,Pending
CA-2016-104983,PAY09773,Credit Card,Failed
CA-2016-160234,PAY09774,UPI,Failed
CA-2014-169019,PAY09775,Credit Card,Failed
CA-2014-169019,PAY09776,Net Banking,Completed
CA-2014-169019,PAY09777,Net Banking,Completed
CA-2014-169019,PAY09778,Debit Card,Completed
CA-2014-169019,PAY09779,Net Banking,Completed
CA-2014-169019,PAY09780,UPI,Completed
CA-2016-153178,PAY09781,UPI,Completed
CA-2016-153178,PAY09782,Cash on Delivery,Completed
CA-2015-149748,PAY09783,Debit Card,Completed
CA-2015-149748,PAY09784,Credit Card,Completed
CA-2015-149748,PAY09785,Net Banking,Completed
CA-2015-155635,PAY09786,Debit Card,Completed
US-2014-114377,PAY09787,Net Banking,Completed
CA-2017-144491,PAY09788,Debit Card,Completed
CA-2017-144491,PAY09789,UPI,Failed
CA-2017-144491,PAY09790,UPI,Completed
CA-2017-144491,PAY09791,UPI,Completed
CA-2014-127166,PAY09792,Debit Card,Completed
CA-2014-127166,PAY09793,Credit Card,Completed
CA-2014-127166,PAY09794,Net Banking,Pending
CA-2014-127166,PAY09795,UPI,Failed
CA-2016-125920,PAY09796,UPI,Completed
CA-2015-128608,PAY09797,UPI,Completed
CA-2015-128608,PAY09798,Credit Card,Failed
CA-2015-128608,PAY09799,Debit Card,Pending
CA-2015-128608,PAY09800,Debit Card,Failed
CA-2015-128608,PAY09801,Cash on Delivery,Completed
CA-2017-137918,PAY09802,Cash on Delivery,Pending
CA-2015-122973,PAY09803,UPI,Pending
CA-2015-122973,PAY09804,UPI,Pending
CA-2015-122973,PAY09805,Credit Card,Pending
CA-2016-136322,PAY09806,Credit Card,Completed
CA-2016-136322,PAY09807,Credit Card,Pending
CA-2017-107209,PAY09808,UPI,Completed
CA-2017-145093,PAY09809,UPI,Completed
US-2014-139640,PAY09810,Debit Card,Completed
US-2014-139640,PAY09811,UPI,Completed
CA-2016-117583,PAY09812,Cash on Delivery,Pending
CA-2016-117583,PAY09813,UPI,Completed
CA-2016-117583,PAY09814,Credit Card,Completed
CA-2016-117583,PAY09815,Debit Card,Completed
CA-2015-162201,PAY09816,UPI,Completed
CA-2015-162201,PAY09817,Credit Card,Completed
CA-2015-162201,PAY09818,Net Banking,Completed
CA-2015-162201,PAY09819,Cash on Delivery,Completed
CA-2015-162201,PAY09820,Cash on Delivery,Completed
CA-2015-162201,PAY09821,Credit Card,Completed
CA-2015-162201,PAY09822,UPI,Pending
US-2014-164406,PAY09823,Debit Card,Completed
US-2014-164406,PAY09824,Credit Card,Failed
US-2014-164406,PAY09825,Net Banking,Completed
US-2014-164406,PAY09826,Credit Card,Completed
US-2014-164406,PAY09827,Cash on Delivery,Failed
CA-2017-169999,PAY09828,Credit Card,Completed
CA-2017-169999,PAY09829,Debit Card,Completed
US-2017-152842,PAY09830,UPI,Completed
CA-2014-113257,PAY09831,Net Banking,Completed
CA-2014-113257,PAY09832,Net Banking,Pending
CA-2014-133963,PAY09833,UPI,Completed
CA-2017-130302,PAY09834,Net Banking,Completed
CA-2016-126627,PAY09835,Credit Card,Failed
CA-2016-126627,PAY09836,Net Banking,Completed
US-2016-125402,PAY09837,UPI,Completed
US-2016-125402,PAY09838,UPI,Completed
US-2016-125402,PAY09839,Cash on Delivery,Completed
US-2016-125402,PAY09840,Credit Card,Pending
US-2016-125402,PAY09841,Credit Card,Completed
US-2016-125402,PAY09842,Debit Card,Completed
US-2016-125402,PAY09843,Debit Card,Pending
CA-2014-163867,PAY09844,Net Banking,Completed
CA-2014-163867,PAY09845,Credit Card,Completed
CA-2014-163867,PAY09846,Cash on Delivery,Completed
CA-2017-169327,PAY09847,Net Banking,Completed
CA-2017-169327,PAY09848,Credit Card,Completed
CA-2017-169327,PAY09849,Cash on Delivery,Completed
CA-2014-142979,PAY09850,Credit Card,Completed
CA-2016-158155,PAY09851,Debit Card,Completed
CA-2016-158155,PAY09852,Debit Card,Pending
CA-2016-158155,PAY09853,Debit Card,Failed
CA-2016-158155,PAY09854,Net Banking,Completed
CA-2017-138870,PAY09855,Credit Card,Completed
CA-2017-138870,PAY09856,UPI,Completed
CA-2014-120950,PAY09857,Credit Card,Completed
CA-2015-164301,PAY09858,UPI,Completed
CA-2017-113278,PAY09859,Credit Card,Failed
CA-2017-113278,PAY09860,UPI,Completed
CA-2017-113278,PAY09861,Credit Card,Completed
CA-2017-113278,PAY09862,UPI,Failed
CA-2017-113278,PAY09863,UPI,Completed
CA-2017-113278,PAY09864,Debit Card,Completed
CA-2017-113278,PAY09865,Net Banking,Pending
CA-2017-113278,PAY09866,Debit Card,Pending
US-2015-116981,PAY09867,Cash on Delivery,Completed
US-2015-116981,PAY09868,UPI,Completed
CA-2014-114195,PAY09869,UPI,Completed
CA-2014-114195,PAY09870,UPI,Pending
CA-2014-114195,PAY09871,UPI,Completed
CA-2017-146269,PAY09872,Net Banking,Completed
CA-2017-146269,PAY09873,Credit Card,Completed
CA-2016-100587,PAY09874,Credit Card,Completed
CA-2016-166653,PAY09875,Net Banking,Completed
CA-2015-130855,PAY09876,Credit Card,Completed
US-2017-166324,PAY09877,UPI,Completed
US-2017-166324,PAY09878,Debit Card,Completed
US-2017-166324,PAY09879,UPI,Completed
CA-2016-122581,PAY09880,Credit Card,Completed
CA-2015-104297,PAY09881,Debit Card,Completed
CA-2014-153927,PAY09882,UPI,Completed
CA-2014-153927,PAY09883,Credit Card,Completed
CA-2014-112291,PAY09884,Debit Card,Pending
CA-2014-112291,PAY09885,Net Banking,Completed
CA-2014-112291,PAY09886,Credit Card,Completed
CA-2014-146997,PAY09887,Credit Card,Completed
CA-2017-169607,PAY09888,UPI,Completed
CA-2015-127544,PAY09889,Cash on Delivery,Completed
CA-2017-166499,PAY09890,Cash on Delivery,Completed
US-2016-115441,PAY09891,Cash on Delivery,Completed
US-2016-115441,PAY09892,Debit Card,Failed
US-2016-115441,PAY09893,UPI,Completed
US-2016-115441,PAY09894,Cash on Delivery,Completed
US-2016-115441,PAY09895,UPI,Completed
CA-2014-115049,PAY09896,Net Banking,Completed
CA-2014-156342,PAY09897,Credit Card,Completed
CA-2016-112830,PAY09898,Debit Card,Completed
CA-2016-112830,PAY09899,Credit Card,Completed
US-2014-117380,PAY09900,Credit Card,Pending
CA-2017-117646,PAY09901,Debit Card,Pending
CA-2017-117646,PAY09902,Cash on Delivery,Completed
CA-2017-117646,PAY09903,UPI,Pending
CA-2014-122609,PAY09904,UPI,Completed
CA-2014-122609,PAY09905,UPI,Completed
US-2015-129007,PAY09906,UPI,Completed
US-2015-129007,PAY09907,Debit Card,Failed
US-2015-129007,PAY09908,Debit Card,Completed
US-2015-129007,PAY09909,UPI,Completed
US-2015-129007,PAY09910,Net Banking,Completed
US-2015-129007,PAY09911,Debit Card,Pending
US-2014-157231,PAY09912,UPI,Completed
CA-2015-132388,PAY09913,Net Banking,Completed
CA-2015-132388,PAY09914,UPI,Completed
CA-2017-160927,PAY09915,Credit Card,Completed
CA-2017-160927,PAY09916,UPI,Completed
CA-2017-160927,PAY09917,UPI,Completed
CA-2017-160927,PAY09918,Net Banking,Pending
CA-2015-105508,PAY09919,Credit Card,Completed
CA-2016-149272,PAY09920,Cash on Delivery,Completed
CA-2016-149272,PAY09921,Credit Card,Completed
CA-2014-111360,PAY09922,Cash on Delivery,Failed
US-2017-162124,PAY09923,Credit Card,Failed
CA-2015-159534,PAY09924,Debit Card,Completed
CA-2015-159534,PAY09925,Credit Card,Failed
CA-2015-159534,PAY09926,Cash on Delivery,Completed
CA-2015-159534,PAY09927,Credit Card,Completed
CA-2015-159534,PAY09928,Net Banking,Completed
CA-2016-129630,PAY09929,UPI,Completed
CA-2016-129630,PAY09930,Credit Card,Completed
CA-2015-104948,PAY09931,Net Banking,Completed
CA-2015-104948,PAY09932,UPI,Completed
CA-2015-104948,PAY09933,Debit Card,Pending
CA-2014-166555,PAY09934,Cash on Delivery,Completed
CA-2016-114405,PAY09935,Debit Card,Pending
CA-2016-114405,PAY09936,UPI,Failed
CA-2017-132955,PAY09937,Debit Card,Failed
CA-2016-164889,PAY09938,UPI,Pending
CA-2016-169824,PAY09939,UPI,Completed
CA-2016-169824,PAY09940,Cash on Delivery,Completed
CA-2016-169824,PAY09941,Net Banking,Completed
CA-2017-164028,PAY09942,UPI,Completed
CA-2014-143371,PAY09943,Debit Card,Completed
CA-2014-143371,PAY09944,Credit Card,Completed
CA-2015-145415,PAY09945,Debit Card,Completed
CA-2014-111157,PAY09946,Cash on Delivery,Completed
CA-2014-111157,PAY09947,Cash on Delivery,Completed
CA-2017-121559,PAY09948,UPI,Completed
CA-2017-121559,PAY09949,Debit Card,Completed
CA-2017-121559,PAY09950,Credit Card,Completed
CA-2017-121559,PAY09951,UPI,Completed
CA-2017-121559,PAY09952,UPI,Completed
CA-2015-141593,PAY09953,Credit Card,Failed
CA-2015-141593,PAY09954,UPI,Completed
CA-2015-141593,PAY09955,Net Banking,Pending
CA-2015-141593,PAY09956,UPI,Completed
US-2014-143287,PAY09957,Credit Card,Completed
US-2014-143287,PAY09958,UPI,Failed
US-2014-143287,PAY09959,Credit Card,Pending
CA-2017-137421,PAY09960,Credit Card,Completed
CA-2017-141446,PAY09961,Cash on Delivery,Completed
CA-2015-168088,PAY09962,Credit Card,Completed
CA-2015-168088,PAY09963,UPI,Failed
CA-2015-143700,PAY09964,Credit Card,Failed
CA-2016-146374,PAY09965,Net Banking,Completed
CA-2016-146374,PAY09966,UPI,Completed
CA-2016-146374,PAY09967,UPI,Completed
CA-2017-153871,PAY09968,Debit Card,Completed
CA-2017-153871,PAY09969,Net Banking,Pending
CA-2017-153871,PAY09970,Net Banking,Completed
CA-2015-103772,PAY09971,Net Banking,Completed
CA-2015-103772,PAY09972,Debit Card,Pending
CA-2016-130225,PAY09973,Debit Card,Failed
US-2016-103674,PAY09974,Net Banking,Completed
US-2016-103674,PAY09975,Credit Card,Completed
US-2016-103674,PAY09976,Credit Card,Failed
US-2016-103674,PAY09977,Debit Card,Completed
US-2016-103674,PAY09978,Debit Card,Completed
US-2016-103674,PAY09979,Cash on Delivery,Completed
US-2016-103674,PAY09980,Debit Card,Completed
US-2015-151435,PAY09981,UPI,Completed
CA-2017-163566,PAY09982,Cash on Delivery,Failed
US-2016-157728,PAY09983,Debit Card,Failed
US-2016-157728,PAY09984,UPI,Completed
CA-2015-100251,PAY09985,Debit Card,Completed
CA-2015-100251,PAY09986,Credit Card,Completed
CA-2016-125794,PAY09987,UPI,Completed
CA-2017-163629,PAY09988,UPI,Completed
CA-2017-163629,PAY09989,Debit Card,Completed
CA-2014-110422,PAY09990,Cash on Delivery,Pending
CA-2017-121258,PAY09991,Cash on Delivery,Completed
CA-2017-121258,PAY09992,Net Banking,Completed
CA-2017-121258,PAY09993,Debit Card,Completed
CA-2017-119914,PAY09994,Net Banking,Completed
,,,
,,,
,,,
