Order ID,Shipment ID,Delivery Status,Delivery Partner
CA-2016-152156,SHIP00001,Delivered,India Post
CA-2016-152156,SHIP00002,Delivered,XpressBees
CA-2016-138688,SHIP00003,Cancelled,XpressBees
US-2015-108966,SHIP00004,Delivered,India Post
US-2015-108966,SHIP00005,Cancelled,India Post
CA-2014-115812,SHIP00006,Delivered,XpressBees
CA-2014-115812,SHIP00007,Delivered,Ecom Express
CA-2014-115812,SHIP00008,Delivered,Delhivery
CA-2014-115812,SHIP00009,Returned,XpressBees
CA-2014-115812,SHIP00010,Delivered,XpressBees
CA-2014-115812,SHIP00011,Delivered,India Post
CA-2014-115812,SHIP00012,Delivered,Delhivery
CA-2017-114412,SHIP00013,Delivered,DTDC
CA-2016-161389,SHIP00014,Delivered,Ecom Express
US-2015-118983,SHIP00015,Delivered,DTDC
US-2015-118983,SHIP00016,In Transit,Blue Dart
CA-2014-105893,SHIP00017,Delivered,DTDC
CA-2014-167164,SHIP00018,Delivered,India Post
CA-2014-143336,SHIP00019,Delivered,XpressBees
CA-2014-143336,SHIP00020,Cancelled,India Post
CA-2014-143336,SHIP00021,Delivered,India Post
CA-2016-137330,SHIP00022,Delivered,India Post
CA-2016-137330,SHIP00023,Delivered,Delhivery
US-2017-156909,SHIP00024,Delivered,India Post
CA-2015-106320,SHIP00025,Returned,XpressBees
CA-2016-121755,SHIP00026,Delivered,DTDC
CA-2016-121755,SHIP00027,Delivered,Ecom Express
US-2015-150630,SHIP00028,Delivered,Delhivery
US-2015-150630,SHIP00029,Returned,Ecom Express
US-2015-150630,SHIP00030,Delivered,Delhivery
US-2015-150630,SHIP00031,Delivered,XpressBees
US-2015-150630,SHIP00032,Delivered,Ecom Express
US-2015-150630,SHIP00033,Delivered,Delhivery
US-2015-150630,SHIP00034,In Transit,XpressBees
CA-2017-107727,SHIP00035,Delivered,Delhivery
CA-2016-117590,SHIP00036,Delivered,India Post
CA-2016-117590,SHIP00037,Returned,India Post
CA-2015-117415,SHIP00038,In Transit,India Post
CA-2015-117415,SHIP00039,Delivered,Blue Dart
CA-2015-117415,SHIP00040,Delivered,Ecom Express
CA-2015-117415,SHIP00041,Delivered,Delhivery
CA-2017-120999,SHIP00042,Delivered,Ecom Express
CA-2016-101343,SHIP00043,Delivered,Delhivery
CA-2017-139619,SHIP00044,Delivered,DTDC
CA-2016-118255,SHIP00045,Delivered,DTDC
CA-2016-118255,SHIP00046,Delivered,XpressBees
CA-2014-146703,SHIP00047,Cancelled,India Post
CA-2016-169194,SHIP00048,Delivered,DTDC
CA-2016-169194,SHIP00049,Delivered,India Post
CA-2015-115742,SHIP00050,Delivered,Ecom Express
CA-2015-115742,SHIP00051,Delivered,Blue Dart
CA-2015-115742,SHIP00052,Delivered,Blue Dart
CA-2015-115742,SHIP00053,Returned,DTDC
CA-2016-105816,SHIP00054,Delivered,Blue Dart
CA-2016-105816,SHIP00055,Delivered,DTDC
CA-2016-111682,SHIP00056,Delivered,DTDC
CA-2016-111682,SHIP00057,Delivered,XpressBees
CA-2016-111682,SHIP00058,Returned,Ecom Express
CA-2016-111682,SHIP00059,Delivered,XpressBees
CA-2016-111682,SHIP00060,Delivered,India Post
CA-2016-111682,SHIP00061,Returned,Delhivery
CA-2016-111682,SHIP00062,Cancelled,XpressBees
CA-2015-135545,SHIP00063,Returned,Blue Dart
CA-2015-135545,SHIP00064,Delivered,DTDC
CA-2015-135545,SHIP00065,Cancelled,XpressBees
CA-2015-135545,SHIP00066,Delivered,Ecom Express
US-2015-164175,SHIP00067,Delivered,DTDC
CA-2014-106376,SHIP00068,Delivered,India Post
CA-2014-106376,SHIP00069,Delivered,Ecom Express
CA-2016-119823,SHIP00070,Delivered,Delhivery
CA-2016-106075,SHIP00071,Delivered,DTDC
CA-2017-114440,SHIP00072,Delivered,XpressBees
US-2015-134026,SHIP00073,Delivered,XpressBees
US-2015-134026,SHIP00074,Delivered,XpressBees
US-2015-134026,SHIP00075,Delivered,Delhivery
US-2017-118038,SHIP00076,Cancelled,Blue Dart
US-2017-118038,SHIP00077,Delivered,Ecom Express
US-2017-118038,SHIP00078,Delivered,India Post
US-2014-147606,SHIP00079,Delivered,Ecom Express
CA-2016-127208,SHIP00080,Returned,Blue Dart
CA-2016-127208,SHIP00081,Returned,Ecom Express
CA-2014-139451,SHIP00082,Cancelled,XpressBees
CA-2014-139451,SHIP00083,Delivered,Delhivery
CA-2015-149734,SHIP00084,Delivered,Blue Dart
US-2017-119662,SHIP00085,Delivered,DTDC
CA-2017-140088,SHIP00086,In Transit,XpressBees
CA-2017-155558,SHIP00087,Delivered,XpressBees
CA-2017-155558,SHIP00088,Delivered,Ecom Express
CA-2016-159695,SHIP00089,Delivered,Blue Dart
CA-2016-109806,SHIP00090,Returned,India Post
CA-2016-109806,SHIP00091,Returned,India Post
CA-2016-109806,SHIP00092,Returned,India Post
CA-2015-149587,SHIP00093,Returned,India Post
CA-2015-149587,SHIP00094,Delivered,Blue Dart
CA-2015-149587,SHIP00095,Delivered,India Post
US-2017-109484,SHIP00096,Cancelled,XpressBees
CA-2017-161018,SHIP00097,In Transit,DTDC
CA-2017-157833,SHIP00098,In Transit,DTDC
CA-2016-149223,SHIP00099,Delivered,XpressBees
CA-2016-158568,SHIP00100,Returned,XpressBees
CA-2016-158568,SHIP00101,Delivered,XpressBees
CA-2016-158568,SHIP00102,Cancelled,XpressBees
CA-2016-129903,SHIP00103,Delivered,Ecom Express
US-2015-156867,SHIP00104,Delivered,DTDC
US-2015-156867,SHIP00105,Delivered,Delhivery
US-2015-156867,SHIP00106,In Transit,Ecom Express
CA-2017-119004,SHIP00107,Delivered,DTDC
CA-2017-119004,SHIP00108,Cancelled,Delhivery
CA-2017-119004,SHIP00109,Delivered,India Post
CA-2015-129476,SHIP00110,Delivered,India Post
CA-2017-146780,SHIP00111,Delivered,Delhivery
CA-2016-128867,SHIP00112,Delivered,DTDC
CA-2016-128867,SHIP00113,Returned,India Post
CA-2014-115259,SHIP00114,Delivered,XpressBees
CA-2014-115259,SHIP00115,Delivered,DTDC
CA-2014-115259,SHIP00116,Delivered,Ecom Express
CA-2014-115259,SHIP00117,Delivered,India Post
CA-2015-110457,SHIP00118,Delivered,Delhivery
US-2015-136476,SHIP00119,In Transit,India Post
CA-2016-103730,SHIP00120,Delivered,Ecom Express
CA-2016-103730,SHIP00121,In Transit,Ecom Express
CA-2016-103730,SHIP00122,Cancelled,Blue Dart
CA-2016-103730,SHIP00123,Delivered,DTDC
CA-2016-103730,SHIP00124,Delivered,Delhivery
US-2014-152030,SHIP00125,In Transit,Blue Dart
US-2014-134614,SHIP00126,Delivered,Blue Dart
US-2017-107272,SHIP00127,Delivered,DTDC
US-2017-107272,SHIP00128,In Transit,Blue Dart
US-2016-125969,SHIP00129,Delivered,Blue Dart
US-2016-125969,SHIP00130,Delivered,Blue Dart
US-2017-164147,SHIP00131,Cancelled,Blue Dart
US-2017-164147,SHIP00132,Delivered,DTDC
US-2017-164147,SHIP00133,Returned,XpressBees
CA-2016-145583,SHIP00134,Returned,XpressBees
CA-2016-145583,SHIP00135,Delivered,Delhivery
CA-2016-145583,SHIP00136,Delivered,XpressBees
CA-2016-145583,SHIP00137,Delivered,Blue Dart
CA-2016-145583,SHIP00138,Delivered,XpressBees
CA-2016-145583,SHIP00139,Delivered,India Post
CA-2016-145583,SHIP00140,Delivered,Delhivery
CA-2016-110366,SHIP00141,Delivered,India Post
CA-2017-106180,SHIP00142,Delivered,DTDC
CA-2017-106180,SHIP00143,In Transit,Ecom Express
CA-2017-106180,SHIP00144,Delivered,India Post
CA-2017-155376,SHIP00145,Delivered,XpressBees
CA-2015-110744,SHIP00146,In Transit,Delhivery
CA-2014-110072,SHIP00147,Delivered,India Post
CA-2016-114489,SHIP00148,Returned,India Post
CA-2016-114489,SHIP00149,In Transit,Ecom Express
CA-2016-114489,SHIP00150,Delivered,Blue Dart
CA-2016-114489,SHIP00151,Delivered,Ecom Express
CA-2016-158834,SHIP00152,Delivered,Delhivery
CA-2016-158834,SHIP00153,Delivered,Delhivery
CA-2015-124919,SHIP00154,Delivered,Delhivery
CA-2015-124919,SHIP00155,Delivered,XpressBees
CA-2015-124919,SHIP00156,Delivered,India Post
CA-2015-118948,SHIP00157,Delivered,Blue Dart
CA-2014-104269,SHIP00158,Delivered,India Post
CA-2016-114104,SHIP00159,In Transit,DTDC
CA-2016-114104,SHIP00160,Delivered,Delhivery
CA-2016-162733,SHIP00161,Delivered,Delhivery
CA-2015-119697,SHIP00162,Delivered,Ecom Express
CA-2016-154508,SHIP00163,Delivered,Delhivery
CA-2016-113817,SHIP00164,In Transit,Delhivery
CA-2014-139892,SHIP00165,Delivered,DTDC
CA-2014-139892,SHIP00166,Delivered,DTDC
CA-2014-139892,SHIP00167,Returned,Delhivery
CA-2014-139892,SHIP00168,Cancelled,XpressBees
CA-2014-139892,SHIP00169,Delivered,Delhivery
CA-2014-139892,SHIP00170,Returned,Blue Dart
CA-2014-139892,SHIP00171,Delivered,India Post
CA-2014-118962,SHIP00172,In Transit,India Post
CA-2014-118962,SHIP00173,Delivered,Blue Dart
CA-2014-118962,SHIP00174,Delivered,XpressBees
US-2014-100853,SHIP00175,Delivered,India Post
US-2014-100853,SHIP00176,Delivered,DTDC
US-2017-152366,SHIP00177,Delivered,Blue Dart
US-2015-101511,SHIP00178,Delivered,Blue Dart
US-2015-101511,SHIP00179,Delivered,XpressBees
CA-2015-137225,SHIP00180,Delivered,Delhivery
CA-2014-166191,SHIP00181,Cancelled,Delhivery
CA-2014-166191,SHIP00182,Returned,XpressBees
CA-2014-158274,SHIP00183,In Transit,Ecom Express
CA-2014-158274,SHIP00184,Delivered,India Post
CA-2014-158274,SHIP00185,Delivered,XpressBees
CA-2016-105018,SHIP00186,Delivered,India Post
CA-2014-123260,SHIP00187,Returned,XpressBees
CA-2016-157000,SHIP00188,Delivered,XpressBees
CA-2016-157000,SHIP00189,Delivered,XpressBees
CA-2015-102281,SHIP00190,Delivered,Ecom Express
CA-2015-102281,SHIP00191,Delivered,Blue Dart
CA-2015-102281,SHIP00192,Delivered,Delhivery
CA-2015-102281,SHIP00193,Delivered,Ecom Express
CA-2015-102281,SHIP00194,Delivered,DTDC
CA-2015-131457,SHIP00195,Delivered,XpressBees
CA-2014-140004,SHIP00196,In Transit,Blue Dart
CA-2014-140004,SHIP00197,Delivered,India Post
CA-2017-107720,SHIP00198,Returned,XpressBees
US-2017-124303,SHIP00199,Delivered,XpressBees
US-2017-124303,SHIP00200,Delivered,Delhivery
CA-2017-105074,SHIP00201,In Transit,Ecom Express
CA-2014-133690,SHIP00202,In Transit,DTDC
CA-2014-133690,SHIP00203,Cancelled,DTDC
US-2017-116701,SHIP00204,Delivered,Blue Dart
CA-2017-126382,SHIP00205,Delivered,India Post
CA-2017-108329,SHIP00206,Cancelled,Delhivery
CA-2017-135860,SHIP00207,Delivered,Delhivery
CA-2017-135860,SHIP00208,Returned,Blue Dart
CA-2017-135860,SHIP00209,Delivered,DTDC
CA-2017-135860,SHIP00210,Delivered,DTDC
CA-2017-135860,SHIP00211,Cancelled,Blue Dart
CA-2015-101007,SHIP00212,In Transit,Delhivery
CA-2015-146262,SHIP00213,Delivered,Ecom Express
CA-2015-146262,SHIP00214,Delivered,Delhivery
CA-2015-146262,SHIP00215,Cancelled,Delhivery
CA-2015-146262,SHIP00216,Cancelled,India Post
CA-2015-146262,SHIP00217,Delivered,Delhivery
CA-2016-130162,SHIP00218,Delivered,India Post
CA-2016-130162,SHIP00219,Delivered,XpressBees
CA-2015-169397,SHIP00220,Delivered,Ecom Express
CA-2015-169397,SHIP00221,Delivered,India Post
CA-2015-169397,SHIP00222,Delivered,Delhivery
CA-2015-169397,SHIP00223,Delivered,DTDC
CA-2015-169397,SHIP00224,Delivered,DTDC
CA-2015-169397,SHIP00225,Delivered,XpressBees
CA-2015-163055,SHIP00226,Cancelled,Delhivery
CA-2015-163055,SHIP00227,Delivered,XpressBees
CA-2015-163055,SHIP00228,Delivered,Ecom Express
US-2015-145436,SHIP00229,Delivered,Ecom Express
US-2015-145436,SHIP00230,Returned,Delhivery
US-2014-156216,SHIP00231,In Transit,Ecom Express
US-2017-100930,SHIP00232,Delivered,Delhivery
US-2017-100930,SHIP00233,Cancelled,DTDC
US-2017-100930,SHIP00234,In Transit,DTDC
US-2017-100930,SHIP00235,Cancelled,India Post
US-2017-100930,SHIP00236,Delivered,DTDC
CA-2017-160514,SHIP00237,Delivered,XpressBees
CA-2016-157749,SHIP00238,In Transit,Ecom Express
CA-2016-157749,SHIP00239,Delivered,XpressBees
CA-2016-157749,SHIP00240,Delivered,India Post
CA-2016-157749,SHIP00241,Delivered,Blue Dart
CA-2016-157749,SHIP00242,Cancelled,Blue Dart
CA-2016-157749,SHIP00243,In Transit,DTDC
CA-2016-157749,SHIP00244,Cancelled,DTDC
CA-2014-131926,SHIP00245,Delivered,Delhivery
CA-2014-131926,SHIP00246,Delivered,XpressBees
CA-2014-131926,SHIP00247,Delivered,XpressBees
CA-2014-131926,SHIP00248,Delivered,Delhivery
CA-2014-131926,SHIP00249,Delivered,Delhivery
CA-2016-154739,SHIP00250,Cancelled,Delhivery
CA-2016-145625,SHIP00251,Delivered,DTDC
CA-2016-145625,SHIP00252,Delivered,Blue Dart
CA-2016-146941,SHIP00253,Delivered,XpressBees
CA-2016-146941,SHIP00254,Delivered,Blue Dart
US-2015-159982,SHIP00255,Delivered,Blue Dart
US-2015-159982,SHIP00256,Delivered,DTDC
US-2015-159982,SHIP00257,Delivered,DTDC
US-2015-159982,SHIP00258,Delivered,India Post
CA-2017-163139,SHIP00259,Delivered,Blue Dart
CA-2017-163139,SHIP00260,In Transit,DTDC
CA-2017-163139,SHIP00261,Delivered,Ecom Express
US-2017-155299,SHIP00262,Delivered,XpressBees
US-2014-106992,SHIP00263,Delivered,Delhivery
US-2014-106992,SHIP00264,Cancelled,Ecom Express
CA-2016-125318,SHIP00265,Returned,India Post
CA-2015-155040,SHIP00266,Delivered,India Post
CA-2017-136826,SHIP00267,Delivered,India Post
CA-2016-111010,SHIP00268,Delivered,Delhivery
US-2017-145366,SHIP00269,Delivered,XpressBees
US-2017-145366,SHIP00270,Returned,Ecom Express
CA-2017-163979,SHIP00271,Cancelled,Ecom Express
CA-2015-155334,SHIP00272,Delivered,Delhivery
CA-2015-155334,SHIP00273,Delivered,XpressBees
CA-2015-155334,SHIP00274,Delivered,XpressBees
CA-2017-118136,SHIP00275,Delivered,Delhivery
CA-2017-118136,SHIP00276,Cancelled,DTDC
CA-2017-132976,SHIP00277,Returned,Ecom Express
CA-2017-132976,SHIP00278,In Transit,DTDC
CA-2017-132976,SHIP00279,Delivered,India Post
CA-2017-132976,SHIP00280,Cancelled,Blue Dart
US-2015-161991,SHIP00281,Delivered,XpressBees
US-2015-161991,SHIP00282,Delivered,India Post
CA-2015-130890,SHIP00283,Delivered,DTDC
CA-2015-130883,SHIP00284,Delivered,XpressBees
CA-2015-130883,SHIP00285,Delivered,Ecom Express
CA-2015-130883,SHIP00286,Returned,India Post
CA-2016-112697,SHIP00287,Returned,DTDC
CA-2016-112697,SHIP00288,Delivered,XpressBees
CA-2016-112697,SHIP00289,Returned,Ecom Express
CA-2016-110772,SHIP00290,In Transit,DTDC
CA-2016-110772,SHIP00291,Cancelled,Blue Dart
CA-2016-110772,SHIP00292,Delivered,DTDC
CA-2016-110772,SHIP00293,Delivered,Ecom Express
CA-2014-111451,SHIP00294,Delivered,Delhivery
CA-2014-111451,SHIP00295,Delivered,Blue Dart
CA-2014-111451,SHIP00296,Delivered,Blue Dart
CA-2014-111451,SHIP00297,In Transit,DTDC
CA-2014-111451,SHIP00298,Delivered,DTDC
CA-2016-142545,SHIP00299,Delivered,XpressBees
CA-2016-142545,SHIP00300,Delivered,India Post
CA-2016-142545,SHIP00301,Delivered,DTDC
CA-2016-142545,SHIP00302,Delivered,DTDC
CA-2016-142545,SHIP00303,Delivered,XpressBees
US-2017-152380,SHIP00304,Delivered,DTDC
CA-2015-144253,SHIP00305,Delivered,Ecom Express
CA-2014-130960,SHIP00306,Delivered,Delhivery
CA-2014-111003,SHIP00307,Delivered,Blue Dart
CA-2014-111003,SHIP00308,Delivered,Blue Dart
CA-2017-126774,SHIP00309,Delivered,XpressBees
CA-2016-142902,SHIP00310,Returned,XpressBees
CA-2016-142902,SHIP00311,Returned,Delhivery
CA-2016-142902,SHIP00312,Delivered,DTDC
CA-2016-142902,SHIP00313,Delivered,Delhivery
CA-2014-120887,SHIP00314,Delivered,XpressBees
CA-2014-167850,SHIP00315,Delivered,India Post
CA-2014-167850,SHIP00316,Delivered,Delhivery
CA-2014-164259,SHIP00317,Delivered,Delhivery
CA-2014-164973,SHIP00318,Delivered,Blue Dart
CA-2014-164973,SHIP00319,Cancelled,XpressBees
CA-2014-164973,SHIP00320,Delivered,XpressBees
CA-2014-164973,SHIP00321,Delivered,DTDC
CA-2014-164973,SHIP00322,Delivered,Delhivery
CA-2014-156601,SHIP00323,In Transit,Delhivery
CA-2016-162138,SHIP00324,In Transit,India Post
CA-2016-162138,SHIP00325,Delivered,DTDC
CA-2017-153339,SHIP00326,In Transit,India Post
US-2016-141544,SHIP00327,Returned,Blue Dart
US-2016-141544,SHIP00328,Delivered,India Post
US-2016-141544,SHIP00329,Delivered,Delhivery
US-2016-141544,SHIP00330,Delivered,DTDC
US-2016-141544,SHIP00331,Returned,Ecom Express
US-2016-150147,SHIP00332,Delivered,DTDC
US-2016-150147,SHIP00333,Delivered,DTDC
US-2016-150147,SHIP00334,Delivered,Delhivery
CA-2015-137946,SHIP00335,Returned,India Post
CA-2015-137946,SHIP00336,Returned,DTDC
CA-2015-137946,SHIP00337,In Transit,Ecom Express
CA-2014-129924,SHIP00338,Delivered,India Post
CA-2014-129924,SHIP00339,Delivered,India Post
CA-2015-128167,SHIP00340,Delivered,India Post
CA-2014-122336,SHIP00341,Delivered,Ecom Express
CA-2014-122336,SHIP00342,In Transit,Delhivery
CA-2014-122336,SHIP00343,Cancelled,Delhivery
CA-2014-122336,SHIP00344,Delivered,Ecom Express
US-2015-120712,SHIP00345,Cancelled,Delhivery
CA-2017-169901,SHIP00346,In Transit,Blue Dart
CA-2017-134306,SHIP00347,Delivered,Blue Dart
CA-2017-134306,SHIP00348,Delivered,DTDC
CA-2017-134306,SHIP00349,Cancelled,Blue Dart
CA-2016-129714,SHIP00350,Delivered,DTDC
CA-2016-129714,SHIP00351,Delivered,Delhivery
CA-2016-129714,SHIP00352,Delivered,India Post
CA-2016-129714,SHIP00353,Delivered,XpressBees
CA-2016-129714,SHIP00354,Delivered,Ecom Express
CA-2016-138520,SHIP00355,Delivered,DTDC
CA-2016-138520,SHIP00356,Delivered,DTDC
CA-2016-138520,SHIP00357,Returned,Delhivery
CA-2016-138520,SHIP00358,Returned,Delhivery
CA-2016-130001,SHIP00359,Delivered,Blue Dart
CA-2017-155698,SHIP00360,Delivered,Blue Dart
CA-2017-155698,SHIP00361,In Transit,Blue Dart
CA-2017-144904,SHIP00362,Delivered,Ecom Express
CA-2017-144904,SHIP00363,Delivered,Ecom Express
CA-2017-144904,SHIP00364,Delivered,Ecom Express
CA-2017-144904,SHIP00365,Delivered,Blue Dart
CA-2014-123344,SHIP00366,In Transit,XpressBees
CA-2016-155516,SHIP00367,Delivered,Blue Dart
CA-2016-155516,SHIP00368,Cancelled,XpressBees
CA-2016-155516,SHIP00369,Returned,Delhivery
CA-2016-155516,SHIP00370,Cancelled,Ecom Express
CA-2017-104745,SHIP00371,Returned,Ecom Express
CA-2017-104745,SHIP00372,Delivered,XpressBees
US-2014-119137,SHIP00373,Delivered,Blue Dart
US-2014-119137,SHIP00374,Delivered,DTDC
US-2014-119137,SHIP00375,Delivered,Delhivery
US-2014-119137,SHIP00376,Delivered,DTDC
US-2016-134656,SHIP00377,Delivered,Delhivery
US-2017-134481,SHIP00378,Cancelled,DTDC
CA-2015-130792,SHIP00379,Delivered,Blue Dart
CA-2015-130792,SHIP00380,In Transit,Delhivery
CA-2015-130792,SHIP00381,In Transit,Ecom Express
CA-2016-134775,SHIP00382,Delivered,Delhivery
CA-2016-134775,SHIP00383,Cancelled,India Post
CA-2015-125395,SHIP00384,Delivered,Ecom Express
US-2015-168935,SHIP00385,Delivered,Delhivery
US-2015-168935,SHIP00386,Delivered,Blue Dart
CA-2015-122756,SHIP00387,Delivered,DTDC
CA-2015-122756,SHIP00388,Returned,Delhivery
CA-2014-115973,SHIP00389,Cancelled,Delhivery
CA-2017-101798,SHIP00390,Returned,XpressBees
CA-2017-101798,SHIP00391,Delivered,Ecom Express
US-2014-135972,SHIP00392,Delivered,Delhivery
US-2014-135972,SHIP00393,Delivered,DTDC
US-2014-134971,SHIP00394,In Transit,Ecom Express
CA-2017-102946,SHIP00395,Delivered,XpressBees
CA-2017-165603,SHIP00396,Delivered,India Post
CA-2017-165603,SHIP00397,Delivered,DTDC
CA-2015-122259,SHIP00398,Returned,Ecom Express
CA-2016-108987,SHIP00399,Delivered,Blue Dart
CA-2016-108987,SHIP00400,Delivered,XpressBees
CA-2016-108987,SHIP00401,Delivered,XpressBees
CA-2016-108987,SHIP00402,Delivered,Blue Dart
CA-2014-113166,SHIP00403,Delivered,India Post
CA-2014-155208,SHIP00404,Delivered,Blue Dart
CA-2017-117933,SHIP00405,Delivered,Ecom Express
CA-2017-117457,SHIP00406,Delivered,India Post
CA-2017-117457,SHIP00407,Delivered,XpressBees
CA-2017-117457,SHIP00408,Delivered,DTDC
CA-2017-117457,SHIP00409,Delivered,Blue Dart
CA-2017-117457,SHIP00410,Delivered,Ecom Express
CA-2017-117457,SHIP00411,In Transit,DTDC
CA-2017-117457,SHIP00412,Delivered,Ecom Express
CA-2017-117457,SHIP00413,Delivered,Ecom Express
CA-2017-117457,SHIP00414,Delivered,XpressBees
CA-2017-142636,SHIP00415,Delivered,Ecom Express
CA-2017-142636,SHIP00416,In Transit,Ecom Express
CA-2017-122105,SHIP00417,Delivered,XpressBees
CA-2016-148796,SHIP00418,Returned,Ecom Express
CA-2017-154816,SHIP00419,Delivered,DTDC
CA-2017-110478,SHIP00420,Delivered,Ecom Express
CA-2017-110478,SHIP00421,In Transit,Blue Dart
CA-2014-142048,SHIP00422,Delivered,XpressBees
CA-2017-125388,SHIP00423,Cancelled,Delhivery
CA-2017-125388,SHIP00424,Returned,Blue Dart
CA-2017-155705,SHIP00425,Cancelled,Blue Dart
CA-2017-149160,SHIP00426,Delivered,DTDC
CA-2017-149160,SHIP00427,Returned,India Post
CA-2014-101476,SHIP00428,Delivered,India Post
CA-2017-152275,SHIP00429,Returned,India Post
US-2016-123750,SHIP00430,Delivered,XpressBees
US-2016-123750,SHIP00431,Delivered,India Post
US-2016-123750,SHIP00432,Cancelled,DTDC
US-2016-123750,SHIP00433,Cancelled,XpressBees
CA-2016-127369,SHIP00434,Delivered,Delhivery
US-2014-150574,SHIP00435,Delivered,Ecom Express
US-2014-150574,SHIP00436,In Transit,Ecom Express
CA-2016-147375,SHIP00437,Returned,DTDC
CA-2016-147375,SHIP00438,Delivered,Blue Dart
CA-2017-130043,SHIP00439,Cancelled,India Post
CA-2017-157252,SHIP00440,In Transit,India Post
CA-2016-115756,SHIP00441,Delivered,Blue Dart
CA-2016-115756,SHIP00442,Returned,Blue Dart
CA-2016-115756,SHIP00443,Delivered,Blue Dart
CA-2016-115756,SHIP00444,Delivered,Delhivery
CA-2016-115756,SHIP00445,Delivered,Blue Dart
CA-2016-115756,SHIP00446,In Transit,Delhivery
CA-2017-154214,SHIP00447,Delivered,XpressBees
CA-2016-166674,SHIP00448,Cancelled,India Post
CA-2016-166674,SHIP00449,Returned,India Post
CA-2016-166674,SHIP00450,Delivered,DTDC
CA-2016-166674,SHIP00451,Delivered,XpressBees
CA-2016-166674,SHIP00452,Returned,India Post
CA-2016-166674,SHIP00453,Returned,Blue Dart
CA-2017-147277,SHIP00454,Delivered,XpressBees
CA-2017-147277,SHIP00455,Delivered,DTDC
CA-2016-100153,SHIP00456,Delivered,DTDC
US-2014-110674,SHIP00457,Delivered,XpressBees
US-2016-157945,SHIP00458,Delivered,DTDC
US-2016-157945,SHIP00459,Delivered,XpressBees
CA-2015-109638,SHIP00460,Delivered,XpressBees
CA-2015-109638,SHIP00461,Delivered,Delhivery
CA-2015-109638,SHIP00462,Delivered,Delhivery
CA-2016-109869,SHIP00463,In Transit,Blue Dart
CA-2016-109869,SHIP00464,Delivered,Delhivery
CA-2016-109869,SHIP00465,Delivered,Ecom Express
CA-2016-109869,SHIP00466,Delivered,Ecom Express
CA-2016-109869,SHIP00467,Delivered,Delhivery
US-2015-101399,SHIP00468,Delivered,XpressBees
CA-2017-154907,SHIP00469,Cancelled,Blue Dart
US-2016-100419,SHIP00470,Delivered,Ecom Express
CA-2015-154144,SHIP00471,Cancelled,XpressBees
CA-2014-144666,SHIP00472,Cancelled,XpressBees
CA-2014-144666,SHIP00473,Delivered,India Post
CA-2014-144666,SHIP00474,Delivered,Delhivery
CA-2014-144666,SHIP00475,Delivered,India Post
CA-2014-144666,SHIP00476,Delivered,Delhivery
CA-2014-144666,SHIP00477,Delivered,XpressBees
CA-2016-103891,SHIP00478,Delivered,India Post
CA-2016-152632,SHIP00479,Delivered,India Post
CA-2016-100790,SHIP00480,Returned,India Post
CA-2016-100790,SHIP00481,Cancelled,XpressBees
CA-2014-134677,SHIP00482,Delivered,DTDC
CA-2014-127691,SHIP00483,Delivered,Ecom Express
CA-2014-127691,SHIP00484,Delivered,Ecom Express
CA-2017-140963,SHIP00485,Delivered,DTDC
CA-2017-140963,SHIP00486,Delivered,XpressBees
CA-2017-140963,SHIP00487,Delivered,Delhivery
CA-2014-154627,SHIP00488,Delivered,DTDC
CA-2014-133753,SHIP00489,Cancelled,XpressBees
CA-2014-133753,SHIP00490,Delivered,Ecom Express
CA-2014-133753,SHIP00491,Delivered,Delhivery
CA-2014-113362,SHIP00492,Delivered,India Post
CA-2014-113362,SHIP00493,Delivered,Blue Dart
CA-2016-169166,SHIP00494,Delivered,Delhivery
US-2016-120929,SHIP00495,Delivered,Delhivery
CA-2015-134782,SHIP00496,Returned,XpressBees
CA-2016-126158,SHIP00497,Delivered,XpressBees
CA-2016-126158,SHIP00498,Delivered,Delhivery
CA-2016-126158,SHIP00499,Delivered,DTDC
CA-2016-126158,SHIP00500,Cancelled,Delhivery
US-2016-105578,SHIP00501,Delivered,Delhivery
US-2016-105578,SHIP00502,Delivered,India Post
US-2016-105578,SHIP00503,Delivered,XpressBees
US-2016-105578,SHIP00504,Delivered,India Post
US-2016-105578,SHIP00505,Delivered,Delhivery
CA-2017-134978,SHIP00506,In Transit,XpressBees
CA-2015-145352,SHIP00507,Cancelled,Blue Dart
CA-2015-145352,SHIP00508,Cancelled,XpressBees
CA-2015-145352,SHIP00509,Delivered,Delhivery
CA-2015-145352,SHIP00510,Delivered,Ecom Express
CA-2017-135307,SHIP00511,In Transit,Blue Dart
CA-2017-135307,SHIP00512,In Transit,Delhivery
CA-2016-106341,SHIP00513,Delivered,Delhivery
CA-2017-163405,SHIP00514,Delivered,XpressBees
CA-2017-163405,SHIP00515,Cancelled,Ecom Express
CA-2017-127432,SHIP00516,Delivered,Ecom Express
CA-2017-127432,SHIP00517,Delivered,Blue Dart
CA-2017-127432,SHIP00518,Delivered,XpressBees
CA-2017-127432,SHIP00519,Delivered,DTDC
CA-2015-157812,SHIP00520,Cancelled,XpressBees
CA-2015-157812,SHIP00521,In Transit,Blue Dart
CA-2015-157812,SHIP00522,Delivered,XpressBees
CA-2017-145142,SHIP00523,Returned,Ecom Express
US-2016-139486,SHIP00524,Delivered,Blue Dart
US-2016-139486,SHIP00525,Delivered,Delhivery
CA-2015-158792,SHIP00526,Delivered,DTDC
CA-2017-113558,SHIP00527,Delivered,Blue Dart
CA-2017-113558,SHIP00528,Delivered,XpressBees
US-2015-138303,SHIP00529,Delivered,Delhivery
US-2015-138303,SHIP00530,Returned,DTDC
US-2015-138303,SHIP00531,Delivered,Blue Dart
CA-2015-102848,SHIP00532,Cancelled,India Post
US-2017-129441,SHIP00533,Delivered,Delhivery
CA-2016-168753,SHIP00534,Delivered,Ecom Express
CA-2016-168753,SHIP00535,Delivered,DTDC
CA-2016-126613,SHIP00536,Delivered,Ecom Express
US-2017-122637,SHIP00537,Delivered,Blue Dart
CA-2015-147851,SHIP00538,Delivered,India Post
CA-2015-134894,SHIP00539,Delivered,XpressBees
CA-2015-134894,SHIP00540,Delivered,XpressBees
CA-2014-140795,SHIP00541,Delivered,Blue Dart
CA-2016-136924,SHIP00542,Delivered,Ecom Express
US-2015-120161,SHIP00543,Returned,Blue Dart
CA-2014-103849,SHIP00544,In Transit,Ecom Express
CA-2014-103849,SHIP00545,Delivered,Ecom Express
CA-2014-103849,SHIP00546,In Transit,DTDC
CA-2017-162929,SHIP00547,Delivered,Ecom Express
CA-2017-162929,SHIP00548,Delivered,XpressBees
CA-2015-113173,SHIP00549,In Transit,XpressBees
CA-2015-113173,SHIP00550,Delivered,Delhivery
CA-2015-113173,SHIP00551,Delivered,Blue Dart
CA-2016-136406,SHIP00552,Cancelled,Ecom Express
CA-2017-112774,SHIP00553,Delivered,Ecom Express
CA-2017-101945,SHIP00554,Delivered,Delhivery
CA-2017-100650,SHIP00555,Delivered,DTDC
CA-2014-155852,SHIP00556,Delivered,XpressBees
CA-2016-113243,SHIP00557,Delivered,India Post
CA-2016-113243,SHIP00558,Delivered,Delhivery
CA-2016-113243,SHIP00559,Delivered,Blue Dart
CA-2017-118731,SHIP00560,Delivered,Delhivery
CA-2017-118731,SHIP00561,In Transit,Delhivery
CA-2014-145576,SHIP00562,Delivered,India Post
CA-2014-145576,SHIP00563,Delivered,XpressBees
CA-2015-130736,SHIP00564,In Transit,DTDC
CA-2015-130736,SHIP00565,Delivered,India Post
CA-2017-137099,SHIP00566,Delivered,India Post
CA-2017-156951,SHIP00567,Delivered,XpressBees
CA-2017-156951,SHIP00568,Delivered,Delhivery
CA-2017-156951,SHIP00569,Delivered,XpressBees
CA-2017-156951,SHIP00570,Delivered,Delhivery
CA-2017-164826,SHIP00571,Delivered,India Post
CA-2017-164826,SHIP00572,Returned,Ecom Express
CA-2017-164826,SHIP00573,Delivered,Blue Dart
CA-2017-164826,SHIP00574,Delivered,XpressBees
CA-2016-127250,SHIP00575,Cancelled,Ecom Express
CA-2015-149713,SHIP00576,In Transit,DTDC
CA-2015-149713,SHIP00577,Delivered,XpressBees
CA-2015-149713,SHIP00578,Delivered,Delhivery
CA-2017-118640,SHIP00579,Delivered,XpressBees
CA-2017-118640,SHIP00580,Delivered,DTDC
CA-2015-132906,SHIP00581,In Transit,India Post
CA-2017-145233,SHIP00582,Delivered,Blue Dart
CA-2017-145233,SHIP00583,Delivered,Blue Dart
CA-2017-145233,SHIP00584,Delivered,Delhivery
CA-2017-145233,SHIP00585,Delivered,Blue Dart
CA-2017-145233,SHIP00586,Delivered,India Post
CA-2015-128139,SHIP00587,Cancelled,Ecom Express
CA-2015-128139,SHIP00588,In Transit,XpressBees
US-2016-156986,SHIP00589,Delivered,DTDC
US-2016-156986,SHIP00590,Delivered,DTDC
US-2016-156986,SHIP00591,Delivered,Ecom Express
US-2016-156986,SHIP00592,Returned,XpressBees
CA-2014-135405,SHIP00593,Delivered,XpressBees
CA-2014-135405,SHIP00594,Delivered,XpressBees
CA-2014-131450,SHIP00595,Delivered,Ecom Express
CA-2014-131450,SHIP00596,Cancelled,Blue Dart
CA-2014-131450,SHIP00597,Delivered,Ecom Express
CA-2014-131450,SHIP00598,Delivered,Ecom Express
CA-2016-120180,SHIP00599,Delivered,XpressBees
US-2016-100720,SHIP00600,Delivered,Ecom Express
US-2016-100720,SHIP00601,Delivered,Delhivery
US-2016-100720,SHIP00602,Delivered,Blue Dart
CA-2014-149958,SHIP00603,Delivered,Blue Dart
CA-2014-149958,SHIP00604,Delivered,Ecom Express
CA-2014-149958,SHIP00605,Returned,India Post
CA-2014-149958,SHIP00606,Cancelled,Delhivery
CA-2014-149958,SHIP00607,Delivered,Delhivery
US-2014-105767,SHIP00608,Delivered,India Post
US-2014-105767,SHIP00609,Delivered,India Post
US-2014-105767,SHIP00610,Cancelled,XpressBees
CA-2016-161816,SHIP00611,In Transit,XpressBees
CA-2016-161816,SHIP00612,Delivered,Blue Dart
CA-2016-121223,SHIP00613,In Transit,India Post
CA-2016-121223,SHIP00614,Delivered,Blue Dart
CA-2017-138611,SHIP00615,In Transit,XpressBees
CA-2017-138611,SHIP00616,Delivered,Delhivery
CA-2017-117947,SHIP00617,Returned,India Post
CA-2017-117947,SHIP00618,In Transit,India Post
CA-2017-117947,SHIP00619,Delivered,DTDC
CA-2017-117947,SHIP00620,In Transit,XpressBees
CA-2017-117947,SHIP00621,Cancelled,Blue Dart
US-2014-111171,SHIP00622,Delivered,XpressBees
CA-2015-138009,SHIP00623,Delivered,Blue Dart
CA-2015-138009,SHIP00624,In Transit,Ecom Express
CA-2015-138009,SHIP00625,In Transit,DTDC
CA-2015-138009,SHIP00626,Delivered,Delhivery
CA-2017-163020,SHIP00627,Delivered,Blue Dart
CA-2017-153787,SHIP00628,Returned,Delhivery
CA-2017-133431,SHIP00629,Delivered,India Post
CA-2017-133431,SHIP00630,Delivered,Blue Dart
US-2016-135720,SHIP00631,Delivered,Delhivery
US-2016-135720,SHIP00632,Delivered,India Post
US-2016-135720,SHIP00633,Delivered,DTDC
CA-2017-144694,SHIP00634,Delivered,Delhivery
CA-2017-144694,SHIP00635,Delivered,DTDC
CA-2015-168004,SHIP00636,Delivered,Delhivery
US-2016-123470,SHIP00637,Delivered,Delhivery
US-2016-123470,SHIP00638,Delivered,DTDC
CA-2016-115917,SHIP00639,Delivered,India Post
CA-2016-115917,SHIP00640,Cancelled,DTDC
CA-2016-147067,SHIP00641,Delivered,India Post
CA-2017-167913,SHIP00642,Cancelled,Ecom Express
CA-2017-167913,SHIP00643,In Transit,Blue Dart
CA-2017-106103,SHIP00644,Returned,India Post
US-2017-127719,SHIP00645,Delivered,DTDC
CA-2017-126221,SHIP00646,Delivered,Ecom Express
CA-2016-103947,SHIP00647,In Transit,Ecom Express
CA-2016-103947,SHIP00648,Delivered,Ecom Express
CA-2016-160745,SHIP00649,In Transit,Ecom Express
CA-2016-160745,SHIP00650,Delivered,India Post
CA-2016-160745,SHIP00651,Delivered,Blue Dart
CA-2016-132661,SHIP00652,Delivered,DTDC
CA-2017-140844,SHIP00653,Delivered,Blue Dart
CA-2017-140844,SHIP00654,In Transit,Delhivery
CA-2016-137239,SHIP00655,Delivered,Ecom Express
CA-2016-137239,SHIP00656,Delivered,Ecom Express
CA-2016-137239,SHIP00657,In Transit,Delhivery
US-2016-156097,SHIP00658,Delivered,XpressBees
US-2016-156097,SHIP00659,Delivered,Ecom Express
CA-2015-146563,SHIP00660,Delivered,Blue Dart
CA-2015-146563,SHIP00661,Delivered,Delhivery
CA-2015-146563,SHIP00662,Delivered,Delhivery
CA-2015-146563,SHIP00663,Delivered,Delhivery
CA-2016-123666,SHIP00664,Delivered,Blue Dart
CA-2016-143308,SHIP00665,Delivered,DTDC
CA-2017-132682,SHIP00666,Delivered,DTDC
CA-2017-132682,SHIP00667,Delivered,XpressBees
CA-2017-132682,SHIP00668,Delivered,Delhivery
CA-2014-156314,SHIP00669,Returned,Delhivery
US-2017-106663,SHIP00670,Delivered,Delhivery
US-2017-106663,SHIP00671,Returned,Ecom Express
US-2017-106663,SHIP00672,Delivered,Ecom Express
CA-2017-111178,SHIP00673,Delivered,India Post
CA-2017-130351,SHIP00674,Delivered,India Post
CA-2017-130351,SHIP00675,Delivered,India Post
CA-2017-130351,SHIP00676,Delivered,Delhivery
US-2017-119438,SHIP00677,Delivered,India Post
US-2017-119438,SHIP00678,Delivered,DTDC
US-2017-119438,SHIP00679,Delivered,XpressBees
US-2017-119438,SHIP00680,Delivered,Delhivery
CA-2016-164511,SHIP00681,Cancelled,India Post
CA-2016-164511,SHIP00682,Delivered,Ecom Express
CA-2016-164511,SHIP00683,Delivered,Ecom Express
US-2017-168116,SHIP00684,In Transit,Delhivery
US-2017-168116,SHIP00685,Delivered,India Post
CA-2014-157784,SHIP00686,Delivered,Delhivery
CA-2014-157784,SHIP00687,Delivered,Blue Dart
CA-2014-157784,SHIP00688,Delivered,Blue Dart
CA-2017-161480,SHIP00689,Delivered,XpressBees
US-2014-117135,SHIP00690,Delivered,Delhivery
US-2014-117135,SHIP00691,In Transit,Delhivery
US-2014-117135,SHIP00692,Delivered,Delhivery
CA-2015-131534,SHIP00693,Delivered,Ecom Express
CA-2015-131534,SHIP00694,Delivered,XpressBees
CA-2015-119291,SHIP00695,Cancelled,XpressBees
CA-2015-119291,SHIP00696,Delivered,DTDC
CA-2015-119291,SHIP00697,Cancelled,DTDC
CA-2015-119291,SHIP00698,Delivered,DTDC
CA-2015-119291,SHIP00699,Delivered,Delhivery
CA-2015-119291,SHIP00700,Delivered,Delhivery
CA-2015-119291,SHIP00701,Delivered,Ecom Express
CA-2017-114552,SHIP00702,Delivered,Ecom Express
CA-2016-163755,SHIP00703,Delivered,Delhivery
CA-2015-142027,SHIP00704,Delivered,XpressBees
CA-2014-138527,SHIP00705,Delivered,Blue Dart
CA-2014-138527,SHIP00706,Delivered,XpressBees
CA-2014-138527,SHIP00707,Delivered,India Post
CA-2014-112158,SHIP00708,Cancelled,India Post
CA-2014-112158,SHIP00709,Delivered,India Post
CA-2014-112158,SHIP00710,Delivered,XpressBees
CA-2014-113887,SHIP00711,Delivered,Blue Dart
CA-2017-146136,SHIP00712,Returned,XpressBees
US-2017-100048,SHIP00713,Delivered,Delhivery
US-2017-100048,SHIP00714,Delivered,Blue Dart
US-2017-100048,SHIP00715,In Transit,India Post
CA-2014-153150,SHIP00716,Delivered,DTDC
CA-2014-130092,SHIP00717,Cancelled,Ecom Express
CA-2017-108910,SHIP00718,Delivered,DTDC
CA-2014-104472,SHIP00719,Cancelled,India Post
CA-2014-104472,SHIP00720,Delivered,Delhivery
CA-2016-112942,SHIP00721,Delivered,Blue Dart
CA-2016-142335,SHIP00722,Delivered,XpressBees
CA-2016-142335,SHIP00723,Delivered,Ecom Express
CA-2014-117429,SHIP00724,Delivered,XpressBees
CA-2016-114713,SHIP00725,Returned,DTDC
CA-2017-144113,SHIP00726,Delivered,DTDC
CA-2017-144113,SHIP00727,Delivered,XpressBees
US-2016-150861,SHIP00728,Delivered,India Post
US-2016-150861,SHIP00729,Delivered,India Post
US-2016-150861,SHIP00730,Delivered,Ecom Express
US-2016-150861,SHIP00731,Cancelled,DTDC
US-2016-150861,SHIP00732,Delivered,Blue Dart
CA-2017-131954,SHIP00733,Returned,Ecom Express
CA-2017-131954,SHIP00734,Delivered,DTDC
CA-2017-131954,SHIP00735,Delivered,XpressBees
CA-2017-131954,SHIP00736,Delivered,Ecom Express
CA-2017-131954,SHIP00737,In Transit,Delhivery
CA-2017-131954,SHIP00738,Delivered,Delhivery
CA-2014-132500,SHIP00739,Cancelled,India Post
CA-2014-112326,SHIP00740,Delivered,Delhivery
CA-2014-112326,SHIP00741,Delivered,India Post
CA-2014-112326,SHIP00742,Returned,Ecom Express
US-2016-146710,SHIP00743,Delivered,DTDC
US-2016-146710,SHIP00744,Delivered,DTDC
US-2016-146710,SHIP00745,Delivered,Delhivery
US-2016-146710,SHIP00746,Delivered,Blue Dart
CA-2014-124429,SHIP00747,Cancelled,Delhivery
CA-2014-124429,SHIP00748,Delivered,Ecom Express
CA-2016-150889,SHIP00749,Cancelled,India Post
CA-2017-126074,SHIP00750,Delivered,DTDC
CA-2017-126074,SHIP00751,Delivered,Ecom Express
CA-2017-126074,SHIP00752,Delivered,India Post
CA-2017-126074,SHIP00753,Returned,XpressBees
CA-2016-110499,SHIP00754,Delivered,XpressBees
CA-2015-135272,SHIP00755,Delivered,India Post
CA-2016-140928,SHIP00756,Delivered,Blue Dart
CA-2014-106803,SHIP00757,Delivered,India Post
CA-2014-106803,SHIP00758,Delivered,Delhivery
CA-2017-117240,SHIP00759,Delivered,India Post
CA-2017-133333,SHIP00760,Delivered,DTDC
CA-2015-112319,SHIP00761,Cancelled,Delhivery
CA-2017-126046,SHIP00762,Delivered,Ecom Express
CA-2015-114923,SHIP00763,Returned,Ecom Express
CA-2014-162775,SHIP00764,Delivered,India Post
CA-2014-162775,SHIP00765,Delivered,India Post
CA-2014-162775,SHIP00766,Returned,DTDC
CA-2014-162775,SHIP00767,Returned,Ecom Express
CA-2014-162775,SHIP00768,Delivered,Delhivery
CA-2014-106810,SHIP00769,Delivered,Ecom Express
CA-2016-157245,SHIP00770,Delivered,Ecom Express
CA-2017-104220,SHIP00771,Delivered,XpressBees
CA-2017-104220,SHIP00772,Delivered,India Post
CA-2017-104220,SHIP00773,Delivered,DTDC
CA-2017-104220,SHIP00774,Delivered,Blue Dart
CA-2017-104220,SHIP00775,Cancelled,XpressBees
CA-2017-104220,SHIP00776,Delivered,India Post
CA-2014-165974,SHIP00777,Cancelled,Delhivery
CA-2015-144267,SHIP00778,Delivered,DTDC
CA-2015-144267,SHIP00779,In Transit,DTDC
CA-2015-144267,SHIP00780,Delivered,Ecom Express
CA-2015-144267,SHIP00781,Delivered,Blue Dart
US-2015-157014,SHIP00782,Delivered,Blue Dart
US-2015-157014,SHIP00783,Delivered,Ecom Express
US-2015-157014,SHIP00784,Delivered,Blue Dart
US-2015-157014,SHIP00785,Delivered,Delhivery
CA-2015-154921,SHIP00786,Delivered,Ecom Express
CA-2017-129567,SHIP00787,Delivered,DTDC
CA-2015-154620,SHIP00788,Cancelled,Blue Dart
CA-2015-115938,SHIP00789,Delivered,Blue Dart
CA-2015-115938,SHIP00790,Delivered,XpressBees
CA-2015-115938,SHIP00791,Delivered,Delhivery
CA-2015-115938,SHIP00792,Delivered,XpressBees
CA-2016-105256,SHIP00793,Delivered,Ecom Express
CA-2014-156433,SHIP00794,Delivered,India Post
CA-2014-156433,SHIP00795,In Transit,Blue Dart
CA-2017-151428,SHIP00796,Delivered,Blue Dart
CA-2015-124653,SHIP00797,Delivered,Blue Dart
CA-2015-124653,SHIP00798,Delivered,Blue Dart
CA-2015-124653,SHIP00799,In Transit,DTDC
CA-2015-101910,SHIP00800,Returned,DTDC
CA-2017-105809,SHIP00801,Delivered,Blue Dart
CA-2017-105809,SHIP00802,Delivered,XpressBees
CA-2016-136133,SHIP00803,Cancelled,India Post
CA-2016-115504,SHIP00804,Delivered,Blue Dart
CA-2017-135783,SHIP00805,Returned,DTDC
CA-2014-134313,SHIP00806,Delivered,XpressBees
CA-2014-134313,SHIP00807,In Transit,DTDC
CA-2015-140921,SHIP00808,Returned,India Post
CA-2015-140921,SHIP00809,Delivered,India Post
CA-2014-151995,SHIP00810,Delivered,DTDC
CA-2014-151995,SHIP00811,Delivered,Delhivery
CA-2014-151995,SHIP00812,Delivered,Ecom Express
CA-2014-151995,SHIP00813,Delivered,Ecom Express
CA-2017-143686,SHIP00814,Returned,Blue Dart
CA-2017-143686,SHIP00815,Delivered,Delhivery
CA-2015-106565,SHIP00816,Cancelled,Delhivery
CA-2016-149370,SHIP00817,Delivered,India Post
CA-2014-140858,SHIP00818,Returned,India Post
CA-2014-140858,SHIP00819,Delivered,XpressBees
CA-2014-140858,SHIP00820,Delivered,India Post
CA-2014-140858,SHIP00821,Delivered,India Post
CA-2014-140858,SHIP00822,Delivered,DTDC
CA-2017-101434,SHIP00823,Returned,XpressBees
CA-2017-101434,SHIP00824,Delivered,XpressBees
US-2014-102071,SHIP00825,Delivered,India Post
US-2014-102071,SHIP00826,Delivered,Ecom Express
CA-2017-126956,SHIP00827,Delivered,India Post
CA-2017-126956,SHIP00828,Delivered,Delhivery
CA-2017-126956,SHIP00829,Delivered,Delhivery
CA-2017-129462,SHIP00830,Cancelled,Blue Dart
CA-2017-129462,SHIP00831,Cancelled,Blue Dart
CA-2017-129462,SHIP00832,Returned,Blue Dart
CA-2017-129462,SHIP00833,Delivered,XpressBees
CA-2016-165316,SHIP00834,Delivered,DTDC
CA-2016-165316,SHIP00835,Delivered,Ecom Express
CA-2016-165316,SHIP00836,In Transit,Ecom Express
US-2014-115987,SHIP00837,In Transit,Delhivery
US-2017-156083,SHIP00838,Delivered,India Post
US-2016-137547,SHIP00839,Delivered,XpressBees
CA-2015-100454,SHIP00840,Delivered,Delhivery
CA-2015-100454,SHIP00841,Delivered,Blue Dart
CA-2015-100454,SHIP00842,Delivered,Blue Dart
CA-2016-161669,SHIP00843,Delivered,Delhivery
CA-2016-161669,SHIP00844,Delivered,Blue Dart
CA-2016-161669,SHIP00845,Delivered,XpressBees
CA-2016-161669,SHIP00846,Delivered,Ecom Express
CA-2015-114300,SHIP00847,Delivered,India Post
CA-2015-114300,SHIP00848,In Transit,XpressBees
CA-2017-107503,SHIP00849,Delivered,India Post
CA-2014-107755,SHIP00850,Delivered,DTDC
CA-2016-152534,SHIP00851,Delivered,India Post
CA-2016-152534,SHIP00852,Returned,Blue Dart
CA-2016-113747,SHIP00853,Delivered,Blue Dart
CA-2016-123274,SHIP00854,Delivered,DTDC
CA-2016-123274,SHIP00855,Returned,Delhivery
CA-2014-125612,SHIP00856,Delivered,Blue Dart
CA-2014-125612,SHIP00857,Delivered,XpressBees
CA-2014-125612,SHIP00858,Delivered,Ecom Express
CA-2017-161984,SHIP00859,Delivered,DTDC
CA-2017-161984,SHIP00860,Delivered,Blue Dart
CA-2014-133851,SHIP00861,Delivered,Blue Dart
CA-2014-133851,SHIP00862,Delivered,India Post
CA-2016-134474,SHIP00863,Delivered,India Post
CA-2016-134474,SHIP00864,Returned,Ecom Express
CA-2016-134474,SHIP00865,Returned,DTDC
CA-2014-149020,SHIP00866,In Transit,Ecom Express
CA-2014-149020,SHIP00867,Delivered,XpressBees
CA-2016-134362,SHIP00868,Cancelled,Ecom Express
CA-2014-136742,SHIP00869,Delivered,XpressBees
CA-2016-158099,SHIP00870,Delivered,Ecom Express
CA-2016-158099,SHIP00871,Delivered,Ecom Express
CA-2015-131128,SHIP00872,In Transit,Blue Dart
CA-2014-148488,SHIP00873,Cancelled,Delhivery
CA-2014-148488,SHIP00874,Delivered,Blue Dart
CA-2017-114636,SHIP00875,Cancelled,Delhivery
CA-2016-116736,SHIP00876,Delivered,XpressBees
CA-2016-116736,SHIP00877,In Transit,India Post
CA-2016-116736,SHIP00878,Delivered,Blue Dart
US-2014-158638,SHIP00879,Cancelled,Blue Dart
CA-2017-111689,SHIP00880,Delivered,Ecom Express
CA-2017-111689,SHIP00881,Delivered,Ecom Express
CA-2015-129098,SHIP00882,Delivered,India Post
US-2017-123463,SHIP00883,Delivered,Delhivery
CA-2016-165148,SHIP00884,Returned,Ecom Express
CA-2014-134061,SHIP00885,Delivered,XpressBees
CA-2015-143602,SHIP00886,Returned,India Post
CA-2017-115364,SHIP00887,Delivered,Ecom Express
CA-2017-150707,SHIP00888,Delivered,India Post
CA-2014-104976,SHIP00889,Delivered,India Post
CA-2017-132934,SHIP00890,In Transit,DTDC
CA-2017-132934,SHIP00891,Delivered,Blue Dart
CA-2017-133256,SHIP00892,Delivered,XpressBees
CA-2017-133256,SHIP00893,Delivered,Delhivery
CA-2017-133256,SHIP00894,Delivered,XpressBees
CA-2016-105494,SHIP00895,In Transit,DTDC
CA-2016-105494,SHIP00896,Delivered,India Post
CA-2016-140634,SHIP00897,Delivered,XpressBees
CA-2014-144407,SHIP00898,Delivered,XpressBees
CA-2017-160983,SHIP00899,Returned,DTDC
US-2016-114622,SHIP00900,Delivered,XpressBees
CA-2017-150959,SHIP00901,Delivered,Blue Dart
CA-2017-150959,SHIP00902,Delivered,India Post
CA-2017-132353,SHIP00903,Delivered,Blue Dart
CA-2016-130477,SHIP00904,In Transit,Blue Dart
CA-2016-130477,SHIP00905,Cancelled,India Post
CA-2016-130477,SHIP00906,Delivered,India Post
CA-2017-143259,SHIP00907,Delivered,Ecom Express
CA-2017-143259,SHIP00908,Delivered,XpressBees
CA-2017-143259,SHIP00909,Delivered,India Post
CA-2017-137596,SHIP00910,Delivered,Blue Dart
CA-2017-137596,SHIP00911,Delivered,India Post
CA-2017-137596,SHIP00912,Delivered,India Post
CA-2015-133627,SHIP00913,In Transit,India Post
CA-2017-102519,SHIP00914,Returned,Ecom Express
CA-2017-102519,SHIP00915,Delivered,Blue Dart
US-2014-141215,SHIP00916,Delivered,DTDC
US-2014-141215,SHIP00917,Delivered,Blue Dart
US-2014-141215,SHIP00918,Delivered,Ecom Express
CA-2016-165218,SHIP00919,Delivered,DTDC
CA-2016-165218,SHIP00920,Delivered,Ecom Express
CA-2014-138296,SHIP00921,Delivered,Delhivery
CA-2015-111164,SHIP00922,Returned,DTDC
CA-2015-111164,SHIP00923,Delivered,Ecom Express
CA-2015-111164,SHIP00924,Returned,Delhivery
CA-2016-149797,SHIP00925,Delivered,India Post
CA-2014-132962,SHIP00926,Delivered,Delhivery
CA-2014-132962,SHIP00927,Delivered,DTDC
CA-2015-115091,SHIP00928,Cancelled,India Post
CA-2015-115091,SHIP00929,Returned,India Post
CA-2017-144932,SHIP00930,Returned,Ecom Express
CA-2017-144932,SHIP00931,Returned,Ecom Express
CA-2017-144932,SHIP00932,Delivered,XpressBees
CA-2017-114216,SHIP00933,Delivered,Ecom Express
CA-2016-140081,SHIP00934,Cancelled,XpressBees
CA-2016-140081,SHIP00935,Delivered,Ecom Express
CA-2016-140081,SHIP00936,Delivered,XpressBees
CA-2016-140081,SHIP00937,In Transit,DTDC
US-2017-111745,SHIP00938,Delivered,XpressBees
CA-2015-148250,SHIP00939,In Transit,Delhivery
CA-2015-148250,SHIP00940,Cancelled,Ecom Express
CA-2016-105760,SHIP00941,Delivered,India Post
CA-2016-142958,SHIP00942,In Transit,XpressBees
CA-2016-142958,SHIP00943,Returned,Ecom Express
CA-2015-120880,SHIP00944,Returned,DTDC
CA-2015-120880,SHIP00945,Delivered,XpressBees
CA-2015-120880,SHIP00946,Delivered,Delhivery
US-2015-140200,SHIP00947,Delivered,Delhivery
US-2017-110576,SHIP00948,Delivered,DTDC
US-2017-110576,SHIP00949,Returned,XpressBees
US-2017-110576,SHIP00950,Delivered,Blue Dart
US-2017-110576,SHIP00951,In Transit,XpressBees
US-2017-110576,SHIP00952,In Transit,Delhivery
CA-2017-131156,SHIP00953,Delivered,Delhivery
CA-2017-136539,SHIP00954,Delivered,Delhivery
CA-2017-136539,SHIP00955,Delivered,DTDC
CA-2017-119305,SHIP00956,Returned,DTDC
CA-2017-102414,SHIP00957,Delivered,DTDC
CA-2017-102414,SHIP00958,Delivered,India Post
CA-2017-102414,SHIP00959,Delivered,DTDC
CA-2015-112571,SHIP00960,Delivered,Delhivery
CA-2017-152142,SHIP00961,Returned,XpressBees
CA-2015-160059,SHIP00962,Delivered,DTDC
CA-2016-120859,SHIP00963,Delivered,DTDC
CA-2014-127488,SHIP00964,Delivered,Blue Dart
CA-2017-135279,SHIP00965,Delivered,Ecom Express
CA-2017-135279,SHIP00966,Delivered,India Post
CA-2017-135279,SHIP00967,Delivered,Blue Dart
CA-2017-135279,SHIP00968,Cancelled,Delhivery
CA-2017-135279,SHIP00969,Delivered,Ecom Express
CA-2017-135279,SHIP00970,Delivered,Delhivery
CA-2014-115791,SHIP00971,In Transit,Ecom Express
CA-2014-115791,SHIP00972,Delivered,India Post
CA-2014-115791,SHIP00973,Cancelled,Ecom Express
CA-2014-115791,SHIP00974,Delivered,Blue Dart
US-2017-103247,SHIP00975,Delivered,Ecom Express
US-2017-103247,SHIP00976,In Transit,DTDC
US-2017-100209,SHIP00977,Returned,Blue Dart
CA-2017-159366,SHIP00978,Delivered,XpressBees
CA-2016-145499,SHIP00979,Delivered,DTDC
CA-2015-157035,SHIP00980,Delivered,XpressBees
CA-2016-144939,SHIP00981,Cancelled,DTDC
CA-2014-163419,SHIP00982,Delivered,India Post
CA-2014-163419,SHIP00983,Delivered,India Post
CA-2014-163419,SHIP00984,In Transit,Blue Dart
CA-2017-100314,SHIP00985,Delivered,India Post
CA-2017-100314,SHIP00986,Delivered,XpressBees
CA-2017-100314,SHIP00987,In Transit,XpressBees
CA-2015-146829,SHIP00988,Returned,Delhivery
CA-2017-167899,SHIP00989,In Transit,Delhivery
CA-2017-167899,SHIP00990,Returned,India Post
CA-2015-153549,SHIP00991,Delivered,XpressBees
CA-2016-110023,SHIP00992,Delivered,XpressBees
CA-2016-105585,SHIP00993,Delivered,Blue Dart
CA-2016-105585,SHIP00994,Delivered,XpressBees
CA-2014-117639,SHIP00995,Returned,Delhivery
CA-2014-117639,SHIP00996,Cancelled,DTDC
CA-2015-162537,SHIP00997,Delivered,DTDC
CA-2015-162537,SHIP00998,In Transit,DTDC
CA-2015-162537,SHIP00999,Delivered,India Post
CA-2015-162537,SHIP01000,Delivered,XpressBees
CA-2016-155488,SHIP01001,Delivered,Delhivery
CA-2015-124891,SHIP01002,In Transit,DTDC
CA-2015-124891,SHIP01003,Delivered,XpressBees
CA-2015-124891,SHIP01004,In Transit,India Post
CA-2015-126445,SHIP01005,Delivered,XpressBees
CA-2015-111199,SHIP01006,Delivered,Ecom Express
CA-2015-105312,SHIP01007,Delivered,Ecom Express
CA-2015-105312,SHIP01008,Returned,India Post
US-2017-106705,SHIP01009,Cancelled,Delhivery
CA-2017-135034,SHIP01010,Cancelled,India Post
CA-2014-158540,SHIP01011,Delivered,Delhivery
CA-2017-118437,SHIP01012,Cancelled,Blue Dart
CA-2017-118437,SHIP01013,Delivered,Delhivery
US-2015-126214,SHIP01014,Delivered,XpressBees
US-2015-126214,SHIP01015,Delivered,Delhivery
CA-2015-133025,SHIP01016,Delivered,Delhivery
CA-2015-108665,SHIP01017,Delivered,India Post
CA-2015-108665,SHIP01018,Delivered,XpressBees
CA-2015-108665,SHIP01019,Delivered,XpressBees
CA-2015-108665,SHIP01020,Returned,DTDC
CA-2015-124450,SHIP01021,Cancelled,Blue Dart
CA-2015-124450,SHIP01022,Delivered,Ecom Express
CA-2015-124450,SHIP01023,Delivered,Ecom Express
CA-2015-167269,SHIP01024,Delivered,Delhivery
CA-2017-106964,SHIP01025,Delivered,Blue Dart
CA-2016-126529,SHIP01026,Delivered,DTDC
CA-2016-126529,SHIP01027,Delivered,India Post
CA-2016-126529,SHIP01028,In Transit,Ecom Express
CA-2014-163552,SHIP01029,Delivered,Delhivery
CA-2014-163552,SHIP01030,Delivered,DTDC
CA-2014-163552,SHIP01031,Returned,XpressBees
CA-2014-163552,SHIP01032,Delivered,India Post
CA-2014-163552,SHIP01033,Delivered,Blue Dart
CA-2016-109820,SHIP01034,Delivered,Delhivery
CA-2016-109820,SHIP01035,Returned,India Post
CA-2016-109820,SHIP01036,Cancelled,XpressBees
CA-2016-113061,SHIP01037,Delivered,Delhivery
CA-2015-127418,SHIP01038,Delivered,Ecom Express
CA-2017-121818,SHIP01039,In Transit,Blue Dart
CA-2017-121818,SHIP01040,Delivered,India Post
CA-2016-127670,SHIP01041,Returned,Delhivery
CA-2016-102981,SHIP01042,Delivered,Blue Dart
CA-2016-102981,SHIP01043,Delivered,Ecom Express
CA-2017-115651,SHIP01044,Delivered,DTDC
CA-2017-115651,SHIP01045,In Transit,DTDC
CA-2017-152702,SHIP01046,Returned,XpressBees
CA-2016-169103,SHIP01047,Delivered,Blue Dart
CA-2016-169103,SHIP01048,Delivered,XpressBees
CA-2014-139192,SHIP01049,Delivered,Ecom Express
CA-2014-139192,SHIP01050,Delivered,DTDC
US-2015-153500,SHIP01051,Delivered,Blue Dart
US-2015-153500,SHIP01052,Delivered,XpressBees
US-2015-153500,SHIP01053,Delivered,Blue Dart
CA-2015-110667,SHIP01054,Cancelled,XpressBees
CA-2015-110667,SHIP01055,Cancelled,Blue Dart
CA-2015-110667,SHIP01056,Cancelled,Blue Dart
CA-2015-110667,SHIP01057,Delivered,Delhivery
CA-2017-167150,SHIP01058,Delivered,India Post
CA-2017-167150,SHIP01059,Cancelled,India Post
CA-2016-105284,SHIP01060,Delivered,Blue Dart
US-2015-125374,SHIP01061,Delivered,XpressBees
CA-2015-161263,SHIP01062,Delivered,Delhivery
CA-2015-161263,SHIP01063,Delivered,Blue Dart
CA-2015-161263,SHIP01064,Delivered,Ecom Express
CA-2015-161263,SHIP01065,Delivered,DTDC
CA-2015-161263,SHIP01066,Delivered,Delhivery
CA-2015-161263,SHIP01067,Delivered,Ecom Express
CA-2016-157686,SHIP01068,Cancelled,India Post
US-2017-139955,SHIP01069,Cancelled,Blue Dart
US-2015-150161,SHIP01070,In Transit,DTDC
CA-2015-144652,SHIP01071,Delivered,Blue Dart
CA-2016-152814,SHIP01072,Delivered,Ecom Express
CA-2017-106943,SHIP01073,In Transit,Delhivery
CA-2016-134348,SHIP01074,Delivered,Delhivery
CA-2016-134348,SHIP01075,Delivered,XpressBees
CA-2016-134348,SHIP01076,Delivered,XpressBees
CA-2016-161781,SHIP01077,Delivered,Delhivery
CA-2017-132521,SHIP01078,Delivered,DTDC
CA-2017-132521,SHIP01079,Cancelled,DTDC
CA-2017-132521,SHIP01080,Delivered,Ecom Express
CA-2015-110016,SHIP01081,Delivered,Blue Dart
CA-2015-110016,SHIP01082,Delivered,Ecom Express
US-2016-143819,SHIP01083,Delivered,India Post
US-2016-143819,SHIP01084,Delivered,Blue Dart
US-2016-143819,SHIP01085,Delivered,Blue Dart
US-2016-143819,SHIP01086,Cancelled,India Post
CA-2016-167584,SHIP01087,Returned,India Post
CA-2016-166163,SHIP01088,In Transit,DTDC
CA-2016-166163,SHIP01089,Returned,DTDC
CA-2017-158407,SHIP01090,Delivered,Blue Dart
CA-2017-158407,SHIP01091,Cancelled,India Post
CA-2015-143490,SHIP01092,Delivered,XpressBees
CA-2015-143490,SHIP01093,Delivered,XpressBees
CA-2015-165085,SHIP01094,Delivered,India Post
CA-2015-165085,SHIP01095,Delivered,Blue Dart
CA-2017-160423,SHIP01096,Delivered,Delhivery
CA-2017-160423,SHIP01097,In Transit,XpressBees
CA-2014-159338,SHIP01098,Delivered,India Post
CA-2016-107216,SHIP01099,Returned,Blue Dart
CA-2016-107216,SHIP01100,Delivered,India Post
CA-2016-107216,SHIP01101,Cancelled,Ecom Express
CA-2016-107216,SHIP01102,Delivered,India Post
US-2017-145863,SHIP01103,Delivered,India Post
US-2017-145863,SHIP01104,Delivered,DTDC
CA-2016-112340,SHIP01105,Delivered,Blue Dart
US-2016-110156,SHIP01106,Delivered,Blue Dart
US-2016-110156,SHIP01107,Returned,Delhivery
US-2016-110156,SHIP01108,In Transit,XpressBees
US-2016-110156,SHIP01109,Delivered,India Post
US-2016-110156,SHIP01110,Delivered,Blue Dart
US-2016-110156,SHIP01111,Delivered,DTDC
US-2016-110156,SHIP01112,Delivered,XpressBees
US-2016-110156,SHIP01113,In Transit,DTDC
CA-2017-140585,SHIP01114,Returned,XpressBees
CA-2017-140585,SHIP01115,In Transit,XpressBees
CA-2017-140585,SHIP01116,Delivered,Delhivery
CA-2016-144855,SHIP01117,Delivered,DTDC
CA-2015-142755,SHIP01118,Delivered,DTDC
CA-2015-142755,SHIP01119,Delivered,Blue Dart
CA-2015-142755,SHIP01120,Delivered,Blue Dart
CA-2015-142755,SHIP01121,Delivered,Delhivery
US-2014-147627,SHIP01122,Delivered,Ecom Express
US-2014-147627,SHIP01123,Returned,Blue Dart
US-2014-147627,SHIP01124,Cancelled,Ecom Express
US-2014-147627,SHIP01125,Cancelled,Delhivery
US-2014-147627,SHIP01126,Delivered,Blue Dart
US-2014-147627,SHIP01127,Delivered,India Post
CA-2015-105970,SHIP01128,Delivered,Blue Dart
CA-2015-105970,SHIP01129,Delivered,DTDC
CA-2016-112102,SHIP01130,Delivered,XpressBees
CA-2016-112102,SHIP01131,Delivered,Delhivery
CA-2016-112102,SHIP01132,Cancelled,DTDC
US-2016-114776,SHIP01133,Delivered,Blue Dart
US-2016-134908,SHIP01134,Delivered,India Post
US-2016-134908,SHIP01135,Delivered,Ecom Express
US-2016-148803,SHIP01136,Delivered,Blue Dart
CA-2016-152170,SHIP01137,Delivered,XpressBees
CA-2016-152170,SHIP01138,Delivered,Delhivery
CA-2016-152170,SHIP01139,Delivered,Ecom Express
CA-2016-152170,SHIP01140,Delivered,Delhivery
CA-2016-152170,SHIP01141,Delivered,Ecom Express
CA-2014-146969,SHIP01142,Delivered,DTDC
CA-2014-146969,SHIP01143,Delivered,India Post
CA-2014-146969,SHIP01144,Delivered,India Post
CA-2014-146969,SHIP01145,In Transit,XpressBees
CA-2014-146969,SHIP01146,In Transit,DTDC
CA-2015-112452,SHIP01147,In Transit,Blue Dart
CA-2015-112452,SHIP01148,In Transit,India Post
CA-2015-112452,SHIP01149,In Transit,Ecom Express
CA-2015-112452,SHIP01150,Delivered,Delhivery
CA-2015-112452,SHIP01151,Delivered,DTDC
CA-2015-113971,SHIP01152,Returned,Delhivery
CA-2017-160395,SHIP01153,Delivered,India Post
CA-2017-160395,SHIP01154,Cancelled,Ecom Express
CA-2014-136567,SHIP01155,Delivered,Delhivery
CA-2014-136567,SHIP01156,Delivered,Delhivery
CA-2014-136567,SHIP01157,Delivered,XpressBees
CA-2014-136567,SHIP01158,In Transit,Blue Dart
CA-2016-149314,SHIP01159,Delivered,India Post
CA-2017-147039,SHIP01160,Delivered,Delhivery
CA-2017-147039,SHIP01161,In Transit,DTDC
CA-2014-126522,SHIP01162,Delivered,XpressBees
CA-2014-127964,SHIP01163,Delivered,Blue Dart
CA-2014-127964,SHIP01164,Returned,Ecom Express
CA-2014-127964,SHIP01165,Delivered,India Post
CA-2014-117709,SHIP01166,Delivered,XpressBees
CA-2015-125416,SHIP01167,Returned,India Post
CA-2017-145226,SHIP01168,Cancelled,Blue Dart
CA-2017-145226,SHIP01169,Delivered,India Post
CA-2017-145226,SHIP01170,Delivered,Delhivery
CA-2017-145226,SHIP01171,Delivered,India Post
US-2014-100279,SHIP01172,Delivered,Blue Dart
CA-2014-158064,SHIP01173,Delivered,XpressBees
US-2015-104430,SHIP01174,In Transit,DTDC
CA-2015-132080,SHIP01175,Delivered,Ecom Express
CA-2016-161207,SHIP01176,Returned,Ecom Express
CA-2014-120243,SHIP01177,Delivered,Delhivery
CA-2016-113621,SHIP01178,Delivered,Delhivery
CA-2016-113621,SHIP01179,Returned,DTDC
CA-2016-168081,SHIP01180,Delivered,Blue Dart
CA-2014-128146,SHIP01181,Delivered,India Post
CA-2014-128146,SHIP01182,Delivered,Blue Dart
CA-2017-138779,SHIP01183,Delivered,XpressBees
CA-2017-138779,SHIP01184,Delivered,Blue Dart
CA-2014-127131,SHIP01185,Returned,Ecom Express
CA-2014-127131,SHIP01186,Delivered,India Post
CA-2014-127131,SHIP01187,Cancelled,India Post
CA-2014-127131,SHIP01188,Returned,Delhivery
CA-2017-117212,SHIP01189,Returned,XpressBees
CA-2017-117212,SHIP01190,Delivered,Ecom Express
CA-2017-117212,SHIP01191,Delivered,Ecom Express
CA-2017-117212,SHIP01192,Delivered,Delhivery
CA-2017-117212,SHIP01193,Delivered,Delhivery
US-2015-130519,SHIP01194,In Transit,Delhivery
US-2015-130519,SHIP01195,Delivered,Blue Dart
US-2015-130519,SHIP01196,Delivered,Ecom Express
US-2015-130519,SHIP01197,Cancelled,XpressBees
CA-2016-130946,SHIP01198,Delivered,Delhivery
CA-2016-130946,SHIP01199,Returned,Blue Dart
CA-2016-130946,SHIP01200,Delivered,India Post
CA-2016-114727,SHIP01201,Delivered,Delhivery
CA-2016-114727,SHIP01202,In Transit,Delhivery
CA-2016-114727,SHIP01203,Delivered,DTDC
CA-2016-114727,SHIP01204,Returned,XpressBees
CA-2016-114727,SHIP01205,Delivered,Delhivery
CA-2017-133235,SHIP01206,Cancelled,XpressBees
CA-2016-137050,SHIP01207,Cancelled,Delhivery
CA-2016-137050,SHIP01208,Delivered,Blue Dart
CA-2016-137050,SHIP01209,Cancelled,DTDC
CA-2016-137050,SHIP01210,In Transit,Blue Dart
CA-2016-137050,SHIP01211,In Transit,Delhivery
CA-2016-137050,SHIP01212,Delivered,Ecom Express
US-2017-118087,SHIP01213,Delivered,Ecom Express
US-2017-118087,SHIP01214,Delivered,India Post
US-2017-118087,SHIP01215,Returned,XpressBees
US-2017-118087,SHIP01216,Delivered,Ecom Express
US-2017-118087,SHIP01217,Delivered,DTDC
US-2017-118087,SHIP01218,Delivered,Delhivery
US-2017-118087,SHIP01219,In Transit,Ecom Express
US-2017-118087,SHIP01220,Delivered,Blue Dart
CA-2014-110184,SHIP01221,Delivered,Blue Dart
CA-2014-110184,SHIP01222,Delivered,XpressBees
CA-2016-126004,SHIP01223,Delivered,DTDC
CA-2016-126004,SHIP01224,In Transit,Ecom Express
CA-2016-126004,SHIP01225,Delivered,Ecom Express
CA-2016-126004,SHIP01226,Returned,DTDC
CA-2016-126004,SHIP01227,In Transit,XpressBees
CA-2016-126004,SHIP01228,Delivered,Ecom Express
CA-2017-100013,SHIP01229,Delivered,XpressBees
CA-2017-100013,SHIP01230,Delivered,XpressBees
CA-2017-100013,SHIP01231,Delivered,Ecom Express
CA-2015-132570,SHIP01232,Returned,India Post
CA-2015-132570,SHIP01233,Delivered,Delhivery
CA-2016-153682,SHIP01234,Delivered,Blue Dart
CA-2016-144344,SHIP01235,In Transit,XpressBees
CA-2016-144344,SHIP01236,Delivered,XpressBees
CA-2016-144344,SHIP01237,Cancelled,Ecom Express
CA-2016-144344,SHIP01238,Returned,India Post
CA-2014-127012,SHIP01239,Delivered,Ecom Express
CA-2014-127012,SHIP01240,Delivered,DTDC
CA-2014-127012,SHIP01241,Delivered,Ecom Express
CA-2016-128727,SHIP01242,Returned,Blue Dart
US-2016-162859,SHIP01243,Delivered,Blue Dart
US-2016-162859,SHIP01244,Delivered,Blue Dart
CA-2017-133641,SHIP01245,Delivered,Delhivery
CA-2014-168494,SHIP01246,Returned,Delhivery
CA-2014-168494,SHIP01247,Returned,India Post
CA-2014-168494,SHIP01248,Delivered,Delhivery
CA-2017-115602,SHIP01249,Returned,India Post
CA-2017-115602,SHIP01250,Delivered,XpressBees
CA-2017-115602,SHIP01251,Delivered,Blue Dart
CA-2017-115602,SHIP01252,Delivered,DTDC
CA-2015-154956,SHIP01253,Delivered,Ecom Express
CA-2017-144638,SHIP01254,Delivered,India Post
CA-2017-144638,SHIP01255,In Transit,Delhivery
CA-2017-144638,SHIP01256,Cancelled,India Post
CA-2017-144638,SHIP01257,In Transit,DTDC
US-2016-168620,SHIP01258,Delivered,Ecom Express
US-2016-168620,SHIP01259,In Transit,India Post
US-2016-168620,SHIP01260,Returned,XpressBees
CA-2017-117079,SHIP01261,Returned,DTDC
US-2016-144393,SHIP01262,Delivered,Ecom Express
CA-2017-105053,SHIP01263,Cancelled,Delhivery
CA-2016-155992,SHIP01264,Delivered,Delhivery
CA-2016-155992,SHIP01265,In Transit,Blue Dart
CA-2017-110380,SHIP01266,Delivered,DTDC
US-2014-167738,SHIP01267,Delivered,Delhivery
US-2014-167738,SHIP01268,Delivered,India Post
CA-2017-121412,SHIP01269,Delivered,XpressBees
CA-2017-100426,SHIP01270,Delivered,India Post
US-2016-103646,SHIP01271,Delivered,Delhivery
US-2016-103646,SHIP01272,Delivered,Blue Dart
US-2016-103646,SHIP01273,Delivered,Blue Dart
CA-2016-119186,SHIP01274,Delivered,Delhivery
CA-2016-119186,SHIP01275,Cancelled,DTDC
CA-2016-119186,SHIP01276,Delivered,Ecom Express
CA-2016-119186,SHIP01277,Delivered,DTDC
CA-2016-148698,SHIP01278,Delivered,Delhivery
CA-2014-163293,SHIP01279,Delivered,Ecom Express
CA-2014-163293,SHIP01280,Returned,DTDC
CA-2016-160815,SHIP01281,Delivered,Delhivery
CA-2017-122154,SHIP01282,Returned,Delhivery
CA-2017-122154,SHIP01283,Cancelled,Blue Dart
CA-2017-122154,SHIP01284,In Transit,India Post
US-2015-149692,SHIP01285,Delivered,Blue Dart
CA-2016-119445,SHIP01286,Delivered,Delhivery
CA-2015-124268,SHIP01287,Delivered,Blue Dart
CA-2016-154711,SHIP01288,Delivered,Blue Dart
CA-2016-154711,SHIP01289,Cancelled,Ecom Express
CA-2016-154711,SHIP01290,Delivered,Blue Dart
CA-2016-163384,SHIP01291,Delivered,XpressBees
CA-2016-163384,SHIP01292,Delivered,XpressBees
CA-2015-101707,SHIP01293,Delivered,Ecom Express
CA-2015-101707,SHIP01294,Delivered,Blue Dart
CA-2015-101707,SHIP01295,Cancelled,Ecom Express
CA-2015-138898,SHIP01296,Delivered,India Post
CA-2017-115427,SHIP01297,Delivered,Delhivery
CA-2017-115427,SHIP01298,Cancelled,Blue Dart
CA-2016-134425,SHIP01299,Delivered,XpressBees
CA-2015-121391,SHIP01300,Delivered,India Post
CA-2016-137043,SHIP01301,Cancelled,India Post
CA-2016-137043,SHIP01302,Cancelled,Delhivery
CA-2015-115847,SHIP01303,In Transit,India Post
US-2017-126179,SHIP01304,Delivered,XpressBees
US-2017-126179,SHIP01305,Delivered,Blue Dart
CA-2016-101966,SHIP01306,Delivered,DTDC
CA-2016-141397,SHIP01307,Cancelled,Ecom Express
CA-2016-141397,SHIP01308,Delivered,India Post
CA-2016-141397,SHIP01309,Delivered,Ecom Express
CA-2016-141397,SHIP01310,Delivered,Ecom Express
CA-2016-141397,SHIP01311,Returned,XpressBees
CA-2016-141082,SHIP01312,Delivered,Blue Dart
CA-2016-141082,SHIP01313,Delivered,XpressBees
US-2016-134488,SHIP01314,Delivered,XpressBees
CA-2016-145919,SHIP01315,Returned,Blue Dart
CA-2016-145919,SHIP01316,Delivered,India Post
CA-2016-145919,SHIP01317,Delivered,Delhivery
CA-2017-157651,SHIP01318,Delivered,Ecom Express
CA-2014-160773,SHIP01319,Delivered,Ecom Express
CA-2014-160773,SHIP01320,In Transit,XpressBees
CA-2017-167703,SHIP01321,In Transit,Ecom Express
CA-2017-167703,SHIP01322,Delivered,Blue Dart
CA-2017-121804,SHIP01323,Delivered,Delhivery
CA-2017-162635,SHIP01324,In Transit,Blue Dart
CA-2014-107153,SHIP01325,Delivered,DTDC
US-2014-117058,SHIP01326,Delivered,XpressBees
CA-2015-120439,SHIP01327,Returned,XpressBees
CA-2016-128258,SHIP01328,Delivered,DTDC
CA-2017-106033,SHIP01329,Delivered,Ecom Express
CA-2016-142762,SHIP01330,Delivered,Ecom Express
CA-2017-127705,SHIP01331,Delivered,Delhivery
CA-2017-127705,SHIP01332,Delivered,Delhivery
CA-2014-122567,SHIP01333,Returned,Ecom Express
CA-2014-122567,SHIP01334,Returned,DTDC
CA-2014-121664,SHIP01335,Delivered,Ecom Express
CA-2016-122133,SHIP01336,Delivered,XpressBees
US-2017-123281,SHIP01337,Delivered,XpressBees
CA-2017-100524,SHIP01338,Returned,Delhivery
CA-2017-100524,SHIP01339,Delivered,XpressBees
CA-2017-100524,SHIP01340,Delivered,India Post
CA-2017-113481,SHIP01341,Delivered,XpressBees
CA-2017-113481,SHIP01342,Delivered,DTDC
CA-2017-113481,SHIP01343,In Transit,Delhivery
CA-2015-131758,SHIP01344,Delivered,India Post
CA-2015-131758,SHIP01345,Cancelled,DTDC
CA-2014-118339,SHIP01346,Delivered,XpressBees
CA-2014-118339,SHIP01347,Delivered,India Post
CA-2014-118339,SHIP01348,Delivered,Ecom Express
CA-2014-118339,SHIP01349,Cancelled,XpressBees
CA-2014-118339,SHIP01350,Delivered,Ecom Express
CA-2014-153976,SHIP01351,Delivered,Delhivery
CA-2016-162901,SHIP01352,Delivered,India Post
CA-2017-162978,SHIP01353,Cancelled,Ecom Express
CA-2017-162978,SHIP01354,Cancelled,Ecom Express
CA-2017-162978,SHIP01355,Delivered,India Post
US-2014-160444,SHIP01356,Delivered,XpressBees
US-2014-160444,SHIP01357,Delivered,Blue Dart
CA-2016-145247,SHIP01358,Returned,India Post
CA-2017-160045,SHIP01359,Delivered,Delhivery
US-2014-151925,SHIP01360,Delivered,Delhivery
CA-2017-125199,SHIP01361,Delivered,Delhivery
CA-2017-125199,SHIP01362,Delivered,DTDC
CA-2017-125199,SHIP01363,Delivered,Blue Dart
US-2017-155425,SHIP01364,Returned,Delhivery
US-2017-155425,SHIP01365,Delivered,India Post
US-2017-155425,SHIP01366,Delivered,DTDC
US-2017-155425,SHIP01367,Delivered,India Post
US-2017-155425,SHIP01368,In Transit,DTDC
CA-2017-133249,SHIP01369,Returned,DTDC
US-2015-103471,SHIP01370,Delivered,XpressBees
US-2015-103471,SHIP01371,Delivered,India Post
CA-2017-136672,SHIP01372,Delivered,Ecom Express
US-2014-157021,SHIP01373,In Transit,Ecom Express
US-2014-157021,SHIP01374,Delivered,Delhivery
CA-2015-120362,SHIP01375,Delivered,Delhivery
CA-2014-126361,SHIP01376,In Transit,Delhivery
CA-2014-126361,SHIP01377,Delivered,Blue Dart
CA-2014-126361,SHIP01378,Delivered,Delhivery
CA-2014-126361,SHIP01379,Delivered,Ecom Express
CA-2014-126361,SHIP01380,Delivered,DTDC
CA-2014-126361,SHIP01381,Delivered,Ecom Express
US-2016-100566,SHIP01382,Delivered,DTDC
US-2016-108504,SHIP01383,In Transit,Ecom Express
US-2016-108504,SHIP01384,In Transit,XpressBees
US-2016-108504,SHIP01385,Delivered,XpressBees
US-2016-108504,SHIP01386,Returned,DTDC
US-2016-108504,SHIP01387,Delivered,India Post
US-2016-108504,SHIP01388,Cancelled,India Post
US-2016-108504,SHIP01389,Delivered,India Post
US-2016-108504,SHIP01390,Delivered,India Post
US-2016-108504,SHIP01391,Returned,DTDC
US-2016-108504,SHIP01392,Delivered,India Post
US-2016-108504,SHIP01393,Delivered,Ecom Express
CA-2017-124828,SHIP01394,Delivered,Delhivery
US-2017-117247,SHIP01395,Delivered,Blue Dart
US-2017-117247,SHIP01396,Delivered,Blue Dart
CA-2016-124485,SHIP01397,Delivered,DTDC
CA-2016-124485,SHIP01398,In Transit,India Post
CA-2016-124485,SHIP01399,Cancelled,Delhivery
CA-2016-124485,SHIP01400,Returned,XpressBees
CA-2016-159212,SHIP01401,Delivered,Delhivery
CA-2016-159212,SHIP01402,Delivered,India Post
US-2016-161396,SHIP01403,Delivered,Blue Dart
US-2016-161396,SHIP01404,Delivered,India Post
US-2014-118486,SHIP01405,In Transit,Ecom Express
US-2014-118486,SHIP01406,Delivered,India Post
US-2014-118486,SHIP01407,Delivered,India Post
CA-2016-130407,SHIP01408,Delivered,Delhivery
CA-2016-130407,SHIP01409,Delivered,Blue Dart
US-2016-122245,SHIP01410,Delivered,XpressBees
CA-2017-105144,SHIP01411,Delivered,XpressBees
CA-2016-136329,SHIP01412,Delivered,DTDC
CA-2016-136329,SHIP01413,Delivered,Delhivery
CA-2014-146640,SHIP01414,Delivered,XpressBees
CA-2017-115994,SHIP01415,Cancelled,DTDC
CA-2017-115994,SHIP01416,Delivered,Ecom Express
CA-2015-126697,SHIP01417,Delivered,DTDC
CA-2015-126697,SHIP01418,Delivered,Ecom Express
CA-2015-126697,SHIP01419,Delivered,India Post
CA-2015-124800,SHIP01420,Cancelled,Ecom Express
CA-2015-124800,SHIP01421,Delivered,India Post
CA-2015-124800,SHIP01422,Delivered,Delhivery
CA-2015-124800,SHIP01423,Delivered,Blue Dart
CA-2015-124800,SHIP01424,Returned,Ecom Express
CA-2015-124800,SHIP01425,Delivered,Ecom Express
CA-2015-124800,SHIP01426,Delivered,India Post
US-2015-164448,SHIP01427,Delivered,Ecom Express
US-2015-164448,SHIP01428,Delivered,Blue Dart
US-2015-164448,SHIP01429,Delivered,DTDC
US-2015-164448,SHIP01430,Returned,XpressBees
CA-2017-122700,SHIP01431,Returned,Blue Dart
CA-2014-120768,SHIP01432,Delivered,Blue Dart
CA-2014-120768,SHIP01433,Delivered,DTDC
CA-2014-120768,SHIP01434,Delivered,Delhivery
US-2016-153129,SHIP01435,Delivered,XpressBees
CA-2017-106852,SHIP01436,Cancelled,Blue Dart
CA-2017-106852,SHIP01437,Delivered,Delhivery
CA-2015-139731,SHIP01438,Delivered,Delhivery
CA-2015-139731,SHIP01439,Delivered,Delhivery
CA-2017-122735,SHIP01440,Delivered,DTDC
CA-2017-122735,SHIP01441,Delivered,India Post
CA-2017-128160,SHIP01442,Cancelled,India Post
CA-2017-117695,SHIP01443,Delivered,Ecom Express
CA-2015-166135,SHIP01444,Delivered,Delhivery
CA-2016-133725,SHIP01445,Delivered,Delhivery
CA-2017-102337,SHIP01446,Delivered,India Post
CA-2017-102337,SHIP01447,Cancelled,DTDC
CA-2017-102337,SHIP01448,In Transit,XpressBees
US-2014-112564,SHIP01449,Delivered,Delhivery
CA-2015-145821,SHIP01450,Delivered,Delhivery
US-2015-160150,SHIP01451,Delivered,Blue Dart
CA-2016-133711,SHIP01452,Cancelled,Delhivery
CA-2016-133711,SHIP01453,Delivered,Delhivery
CA-2016-133711,SHIP01454,Delivered,India Post
CA-2016-133711,SHIP01455,Delivered,Ecom Express
CA-2017-148474,SHIP01456,Cancelled,India Post
CA-2017-148474,SHIP01457,Delivered,Ecom Express
CA-2015-111297,SHIP01458,Delivered,India Post
CA-2016-123722,SHIP01459,Returned,DTDC
CA-2014-155271,SHIP01460,Delivered,Ecom Express
CA-2015-119907,SHIP01461,In Transit,XpressBees
US-2016-128902,SHIP01462,Delivered,Blue Dart
CA-2016-152289,SHIP01463,Delivered,Ecom Express
CA-2016-152289,SHIP01464,Delivered,Ecom Express
US-2016-104794,SHIP01465,Cancelled,XpressBees
CA-2014-151708,SHIP01466,Returned,Blue Dart
CA-2014-151708,SHIP01467,Delivered,DTDC
CA-2015-100769,SHIP01468,In Transit,DTDC
CA-2017-139199,SHIP01469,Cancelled,DTDC
CA-2017-139199,SHIP01470,Delivered,Blue Dart
CA-2017-139199,SHIP01471,Delivered,India Post
US-2015-161466,SHIP01472,In Transit,XpressBees
CA-2017-164959,SHIP01473,Delivered,XpressBees
US-2015-105676,SHIP01474,Delivered,Ecom Express
CA-2016-113138,SHIP01475,Delivered,Delhivery
CA-2016-113138,SHIP01476,Delivered,Delhivery
US-2017-104955,SHIP01477,Delivered,XpressBees
CA-2016-121958,SHIP01478,Delivered,India Post
CA-2017-121468,SHIP01479,Delivered,Blue Dart
US-2016-108455,SHIP01480,In Transit,XpressBees
US-2016-108455,SHIP01481,Delivered,DTDC
US-2016-108455,SHIP01482,Delivered,Blue Dart
CA-2017-101210,SHIP01483,Delivered,XpressBees
CA-2017-101210,SHIP01484,Delivered,Delhivery
US-2016-108098,SHIP01485,Cancelled,DTDC
CA-2014-119032,SHIP01486,Cancelled,XpressBees
CA-2015-140410,SHIP01487,Cancelled,DTDC
CA-2015-140410,SHIP01488,Delivered,XpressBees
CA-2015-140410,SHIP01489,Delivered,Ecom Express
CA-2014-136280,SHIP01490,Delivered,Ecom Express
CA-2017-151911,SHIP01491,Delivered,Blue Dart
CA-2017-166436,SHIP01492,Delivered,Blue Dart
CA-2017-166436,SHIP01493,Delivered,XpressBees
CA-2017-139661,SHIP01494,Cancelled,Blue Dart
CA-2014-123925,SHIP01495,Cancelled,Ecom Express
CA-2017-152485,SHIP01496,Delivered,India Post
CA-2017-152485,SHIP01497,Delivered,XpressBees
CA-2017-152485,SHIP01498,Delivered,Ecom Express
CA-2016-141586,SHIP01499,Delivered,Ecom Express
CA-2017-130386,SHIP01500,Returned,XpressBees
CA-2017-130386,SHIP01501,Delivered,XpressBees
CA-2017-130386,SHIP01502,Delivered,DTDC
CA-2016-100468,SHIP01503,Delivered,XpressBees
CA-2016-100468,SHIP01504,Delivered,Blue Dart
CA-2015-153388,SHIP01505,Returned,India Post
CA-2015-153388,SHIP01506,Delivered,Delhivery
CA-2017-154935,SHIP01507,Delivered,XpressBees
CA-2016-134208,SHIP01508,In Transit,DTDC
CA-2017-108294,SHIP01509,Delivered,Ecom Express
CA-2017-103611,SHIP01510,Delivered,DTDC
CA-2017-100384,SHIP01511,Delivered,Delhivery
CA-2017-100384,SHIP01512,Delivered,Blue Dart
CA-2017-112809,SHIP01513,Delivered,DTDC
CA-2017-112809,SHIP01514,Delivered,Blue Dart
CA-2017-112809,SHIP01515,In Transit,Ecom Express
US-2017-160759,SHIP01516,Cancelled,Ecom Express
CA-2017-148446,SHIP01517,In Transit,Delhivery
CA-2014-111059,SHIP01518,Delivered,India Post
CA-2014-111059,SHIP01519,Returned,XpressBees
CA-2017-116204,SHIP01520,Delivered,India Post
CA-2017-109946,SHIP01521,Delivered,Ecom Express
CA-2015-144806,SHIP01522,Delivered,India Post
CA-2015-144806,SHIP01523,Delivered,India Post
CA-2015-144806,SHIP01524,Returned,Ecom Express
CA-2015-144806,SHIP01525,Returned,XpressBees
CA-2015-144806,SHIP01526,Delivered,Delhivery
CA-2016-122392,SHIP01527,Delivered,India Post
CA-2016-122392,SHIP01528,Delivered,India Post
CA-2015-148432,SHIP01529,Delivered,Blue Dart
CA-2015-148432,SHIP01530,Delivered,DTDC
CA-2015-103793,SHIP01531,Delivered,India Post
CA-2017-159884,SHIP01532,Delivered,XpressBees
CA-2017-159884,SHIP01533,In Transit,India Post
CA-2016-139885,SHIP01534,Delivered,Delhivery
CA-2017-124086,SHIP01535,Delivered,India Post
CA-2016-112389,SHIP01536,Delivered,Ecom Express
CA-2016-112389,SHIP01537,Cancelled,DTDC
CA-2017-121888,SHIP01538,Delivered,Ecom Express
CA-2017-121888,SHIP01539,Delivered,Blue Dart
CA-2017-121888,SHIP01540,In Transit,Blue Dart
CA-2017-121888,SHIP01541,Delivered,India Post
CA-2014-166884,SHIP01542,In Transit,XpressBees
CA-2014-166884,SHIP01543,Cancelled,Ecom Express
CA-2014-107181,SHIP01544,Delivered,Ecom Express
CA-2014-107181,SHIP01545,Returned,XpressBees
CA-2014-150245,SHIP01546,Cancelled,XpressBees
CA-2015-111395,SHIP01547,Delivered,Blue Dart
CA-2015-111395,SHIP01548,In Transit,XpressBees
CA-2015-111395,SHIP01549,Delivered,Blue Dart
CA-2014-134278,SHIP01550,Delivered,XpressBees
US-2017-124926,SHIP01551,Delivered,Ecom Express
CA-2016-159345,SHIP01552,Returned,DTDC
CA-2014-130274,SHIP01553,Delivered,Blue Dart
CA-2017-158386,SHIP01554,Delivered,Ecom Express
CA-2015-111507,SHIP01555,Delivered,XpressBees
CA-2017-120761,SHIP01556,In Transit,Delhivery
CA-2016-109176,SHIP01557,Delivered,DTDC
CA-2016-109176,SHIP01558,Delivered,Ecom Express
CA-2015-112116,SHIP01559,Delivered,XpressBees
CA-2016-126809,SHIP01560,Delivered,India Post
CA-2014-105172,SHIP01561,Delivered,Delhivery
CA-2017-107293,SHIP01562,Cancelled,DTDC
US-2017-102890,SHIP01563,Cancelled,Blue Dart
CA-2015-158554,SHIP01564,Delivered,DTDC
CA-2014-116239,SHIP01565,Delivered,Delhivery
CA-2015-132101,SHIP01566,Cancelled,Delhivery
CA-2015-129112,SHIP01567,Returned,India Post
CA-2015-129112,SHIP01568,Delivered,Ecom Express
US-2017-152002,SHIP01569,Delivered,Ecom Express
CA-2017-165029,SHIP01570,Delivered,Blue Dart
US-2014-157385,SHIP01571,Delivered,Delhivery
US-2014-157385,SHIP01572,Delivered,Blue Dart
US-2014-157385,SHIP01573,Cancelled,XpressBees
US-2014-157385,SHIP01574,Returned,India Post
CA-2014-101602,SHIP01575,Delivered,DTDC
CA-2014-101602,SHIP01576,Delivered,Blue Dart
CA-2016-109057,SHIP01577,Delivered,Ecom Express
CA-2016-154403,SHIP01578,Delivered,Blue Dart
CA-2016-102456,SHIP01579,Cancelled,DTDC
CA-2015-131338,SHIP01580,Delivered,DTDC
CA-2015-131338,SHIP01581,Returned,XpressBees
CA-2015-131338,SHIP01582,Delivered,DTDC
CA-2015-131338,SHIP01583,Returned,Ecom Express
CA-2015-131338,SHIP01584,Delivered,DTDC
CA-2015-131338,SHIP01585,Returned,Delhivery
CA-2015-131338,SHIP01586,Delivered,Delhivery
CA-2015-131338,SHIP01587,In Transit,Delhivery
CA-2015-131338,SHIP01588,Delivered,Blue Dart
CA-2015-131338,SHIP01589,Delivered,Ecom Express
CA-2016-109911,SHIP01590,Delivered,India Post
US-2016-132423,SHIP01591,Cancelled,Ecom Express
US-2016-132423,SHIP01592,Delivered,India Post
CA-2015-122826,SHIP01593,Delivered,DTDC
CA-2014-117317,SHIP01594,In Transit,Blue Dart
CA-2015-118423,SHIP01595,Cancelled,Blue Dart
CA-2017-149181,SHIP01596,Delivered,DTDC
CA-2017-132234,SHIP01597,Delivered,DTDC
CA-2017-158876,SHIP01598,Delivered,Delhivery
CA-2017-158876,SHIP01599,Delivered,Ecom Express
CA-2017-158876,SHIP01600,Delivered,XpressBees
CA-2017-158876,SHIP01601,Delivered,India Post
CA-2016-164672,SHIP01602,Delivered,XpressBees
US-2016-132857,SHIP01603,Delivered,DTDC
CA-2017-116645,SHIP01604,In Transit,Ecom Express
US-2016-115819,SHIP01605,Delivered,Blue Dart
US-2016-115819,SHIP01606,Cancelled,Blue Dart
US-2016-115819,SHIP01607,Delivered,India Post
US-2016-115819,SHIP01608,In Transit,Blue Dart
US-2016-115819,SHIP01609,Delivered,Blue Dart
US-2016-115819,SHIP01610,Delivered,Ecom Express
CA-2014-156349,SHIP01611,Cancelled,Delhivery
CA-2014-156349,SHIP01612,Returned,XpressBees
CA-2014-156349,SHIP01613,Delivered,India Post
CA-2017-138380,SHIP01614,Returned,Delhivery
US-2016-113509,SHIP01615,Delivered,XpressBees
CA-2015-130022,SHIP01616,Cancelled,Blue Dart
CA-2015-130022,SHIP01617,Returned,Ecom Express
CA-2015-130022,SHIP01618,Delivered,Blue Dart
US-2016-118780,SHIP01619,Delivered,Delhivery
US-2016-118780,SHIP01620,Cancelled,XpressBees
CA-2017-108560,SHIP01621,Delivered,XpressBees
CA-2017-108560,SHIP01622,Delivered,DTDC
CA-2017-108560,SHIP01623,Delivered,XpressBees
CA-2017-108560,SHIP01624,Delivered,DTDC
CA-2015-157084,SHIP01625,Delivered,Blue Dart
CA-2015-157084,SHIP01626,Delivered,Blue Dart
CA-2015-164539,SHIP01627,In Transit,Delhivery
CA-2015-143119,SHIP01628,Returned,Blue Dart
CA-2017-101049,SHIP01629,Delivered,Delhivery
CA-2017-101049,SHIP01630,Delivered,India Post
CA-2016-106530,SHIP01631,Delivered,XpressBees
CA-2016-106530,SHIP01632,Delivered,Delhivery
CA-2016-106530,SHIP01633,Delivered,India Post
CA-2016-106530,SHIP01634,Delivered,DTDC
CA-2016-106530,SHIP01635,Delivered,India Post
CA-2014-168984,SHIP01636,In Transit,India Post
CA-2014-168984,SHIP01637,Delivered,XpressBees
CA-2014-168984,SHIP01638,Cancelled,XpressBees
CA-2016-157266,SHIP01639,Returned,Blue Dart
CA-2016-157266,SHIP01640,Delivered,Ecom Express
CA-2016-157266,SHIP01641,Cancelled,India Post
CA-2016-157266,SHIP01642,Delivered,Ecom Express
US-2014-134712,SHIP01643,In Transit,Blue Dart
CA-2015-111829,SHIP01644,Cancelled,Blue Dart
CA-2015-111829,SHIP01645,Delivered,Delhivery
CA-2015-111829,SHIP01646,Returned,DTDC
CA-2015-105221,SHIP01647,Cancelled,DTDC
CA-2015-105221,SHIP01648,In Transit,Blue Dart
CA-2015-120341,SHIP01649,Delivered,Blue Dart
CA-2015-120341,SHIP01650,Delivered,Delhivery
CA-2014-135699,SHIP01651,Delivered,India Post
CA-2014-135699,SHIP01652,Returned,Delhivery
US-2017-132444,SHIP01653,Delivered,Ecom Express
US-2017-132444,SHIP01654,Cancelled,Delhivery
US-2017-132444,SHIP01655,Delivered,Blue Dart
US-2017-132444,SHIP01656,Delivered,DTDC
US-2017-132444,SHIP01657,Delivered,India Post
CA-2014-127159,SHIP01658,Delivered,Delhivery
CA-2017-161809,SHIP01659,Delivered,India Post
CA-2017-127285,SHIP01660,Returned,India Post
CA-2017-127285,SHIP01661,Returned,Delhivery
CA-2017-144526,SHIP01662,Delivered,India Post
CA-2017-144526,SHIP01663,In Transit,DTDC
CA-2016-128531,SHIP01664,In Transit,Ecom Express
CA-2016-128531,SHIP01665,Delivered,India Post
CA-2016-128531,SHIP01666,In Transit,XpressBees
CA-2016-128531,SHIP01667,Delivered,India Post
CA-2016-128531,SHIP01668,Returned,DTDC
CA-2016-128531,SHIP01669,Cancelled,DTDC
US-2015-157154,SHIP01670,Delivered,Blue Dart
CA-2017-159457,SHIP01671,Delivered,India Post
CA-2016-107615,SHIP01672,Delivered,India Post
CA-2017-111647,SHIP01673,Delivered,Blue Dart
CA-2015-150560,SHIP01674,Returned,Delhivery
CA-2015-143077,SHIP01675,Returned,XpressBees
CA-2015-143077,SHIP01676,In Transit,Blue Dart
CA-2016-122728,SHIP01677,Delivered,Delhivery
CA-2016-122728,SHIP01678,Delivered,Ecom Express
CA-2014-122882,SHIP01679,Returned,DTDC
CA-2014-122882,SHIP01680,Returned,Ecom Express
CA-2014-122882,SHIP01681,Delivered,DTDC
CA-2014-122882,SHIP01682,Cancelled,Delhivery
US-2016-101497,SHIP01683,Delivered,DTDC
CA-2016-147585,SHIP01684,In Transit,XpressBees
CA-2017-149489,SHIP01685,Cancelled,Blue Dart
CA-2017-149489,SHIP01686,Delivered,Blue Dart
CA-2017-149489,SHIP01687,Delivered,Ecom Express
CA-2017-143798,SHIP01688,Delivered,Delhivery
CA-2017-143798,SHIP01689,Delivered,DTDC
CA-2014-142839,SHIP01690,Delivered,Ecom Express
CA-2017-129833,SHIP01691,Delivered,Ecom Express
CA-2017-129833,SHIP01692,Delivered,Ecom Express
US-2016-154361,SHIP01693,Delivered,Blue Dart
US-2016-158708,SHIP01694,Cancelled,XpressBees
CA-2015-156335,SHIP01695,Delivered,XpressBees
CA-2015-156335,SHIP01696,Delivered,Ecom Express
CA-2015-156335,SHIP01697,Delivered,Delhivery
CA-2015-148376,SHIP01698,In Transit,XpressBees
CA-2015-148376,SHIP01699,In Transit,Ecom Express
CA-2014-135657,SHIP01700,Delivered,DTDC
CA-2015-114069,SHIP01701,In Transit,DTDC
CA-2015-114069,SHIP01702,Delivered,Ecom Express
CA-2015-114069,SHIP01703,Delivered,India Post
CA-2014-139857,SHIP01704,Delivered,Blue Dart
CA-2016-106306,SHIP01705,Delivered,XpressBees
CA-2015-100545,SHIP01706,Delivered,XpressBees
CA-2017-123491,SHIP01707,Returned,Delhivery
CA-2017-123491,SHIP01708,Cancelled,Ecom Express
CA-2017-123491,SHIP01709,In Transit,XpressBees
CA-2017-123491,SHIP01710,Cancelled,DTDC
CA-2017-123491,SHIP01711,Delivered,India Post
CA-2017-123491,SHIP01712,Delivered,India Post
CA-2015-145401,SHIP01713,Delivered,Blue Dart
US-2017-124968,SHIP01714,Delivered,Delhivery
CA-2017-104003,SHIP01715,Delivered,Ecom Express
CA-2016-154788,SHIP01716,In Transit,DTDC
CA-2016-169943,SHIP01717,Delivered,Ecom Express
CA-2016-169943,SHIP01718,In Transit,DTDC
CA-2016-169943,SHIP01719,Delivered,India Post
CA-2016-169943,SHIP01720,Delivered,Delhivery
CA-2016-169943,SHIP01721,Delivered,XpressBees
US-2015-123218,SHIP01722,Delivered,Delhivery
US-2015-123218,SHIP01723,In Transit,Blue Dart
US-2015-123218,SHIP01724,Delivered,XpressBees
CA-2015-127453,SHIP01725,Returned,Delhivery
CA-2015-127453,SHIP01726,Delivered,Delhivery
CA-2015-127453,SHIP01727,Delivered,Ecom Express
US-2017-164056,SHIP01728,Delivered,XpressBees
CA-2016-106894,SHIP01729,In Transit,DTDC
CA-2016-106894,SHIP01730,Delivered,Blue Dart
CA-2014-125136,SHIP01731,Delivered,XpressBees
CA-2014-125136,SHIP01732,Delivered,Blue Dart
US-2016-131149,SHIP01733,Delivered,India Post
US-2016-131149,SHIP01734,Delivered,Ecom Express
CA-2017-101483,SHIP01735,Delivered,Blue Dart
CA-2017-101483,SHIP01736,Returned,Ecom Express
CA-2017-101483,SHIP01737,Delivered,Ecom Express
CA-2015-130204,SHIP01738,Delivered,XpressBees
CA-2015-130204,SHIP01739,Delivered,Blue Dart
CA-2015-130204,SHIP01740,Delivered,India Post
CA-2014-110527,SHIP01741,Delivered,Delhivery
CA-2017-152807,SHIP01742,Delivered,Delhivery
CA-2017-152807,SHIP01743,In Transit,Blue Dart
CA-2017-152807,SHIP01744,Delivered,DTDC
CA-2017-152807,SHIP01745,Cancelled,Blue Dart
CA-2014-133270,SHIP01746,Delivered,Ecom Express
CA-2016-155670,SHIP01747,Returned,Delhivery
CA-2016-155670,SHIP01748,Delivered,XpressBees
US-2014-157406,SHIP01749,Delivered,DTDC
US-2014-157406,SHIP01750,Delivered,India Post
CA-2015-139094,SHIP01751,Delivered,DTDC
CA-2017-168837,SHIP01752,In Transit,India Post
CA-2017-116715,SHIP01753,Delivered,Blue Dart
CA-2017-116715,SHIP01754,Delivered,XpressBees
CA-2017-116715,SHIP01755,Cancelled,Blue Dart
CA-2015-135622,SHIP01756,Cancelled,Delhivery
CA-2015-135622,SHIP01757,Delivered,Delhivery
US-2015-107349,SHIP01758,Delivered,Blue Dart
CA-2014-139017,SHIP01759,Delivered,Delhivery
CA-2014-141817,SHIP01760,In Transit,XpressBees
CA-2015-130785,SHIP01761,Delivered,Blue Dart
CA-2015-130785,SHIP01762,Delivered,Ecom Express
CA-2015-130785,SHIP01763,Delivered,Ecom Express
CA-2016-110254,SHIP01764,Returned,Delhivery
CA-2016-110254,SHIP01765,Delivered,Delhivery
CA-2016-110254,SHIP01766,Cancelled,India Post
CA-2016-110254,SHIP01767,Delivered,Delhivery
US-2014-158057,SHIP01768,Delivered,DTDC
US-2014-158057,SHIP01769,Delivered,Blue Dart
CA-2017-146024,SHIP01770,Delivered,Blue Dart
CA-2017-146024,SHIP01771,In Transit,DTDC
CA-2016-129686,SHIP01772,Delivered,XpressBees
CA-2016-129686,SHIP01773,Cancelled,XpressBees
CA-2014-118976,SHIP01774,Delivered,India Post
CA-2014-118976,SHIP01775,Delivered,XpressBees
CA-2014-118976,SHIP01776,Cancelled,Ecom Express
CA-2014-118976,SHIP01777,Delivered,XpressBees
CA-2015-105347,SHIP01778,In Transit,India Post
CA-2015-105347,SHIP01779,Delivered,DTDC
CA-2016-124667,SHIP01780,Cancelled,DTDC
CA-2016-124667,SHIP01781,Delivered,DTDC
CA-2015-111094,SHIP01782,Cancelled,India Post
CA-2015-111094,SHIP01783,Delivered,XpressBees
CA-2017-166317,SHIP01784,Delivered,XpressBees
CA-2017-166317,SHIP01785,Delivered,India Post
CA-2017-166317,SHIP01786,Delivered,Delhivery
CA-2017-166317,SHIP01787,Delivered,Delhivery
CA-2015-154326,SHIP01788,Delivered,India Post
CA-2015-154326,SHIP01789,Returned,Ecom Express
CA-2015-154326,SHIP01790,Delivered,Delhivery
CA-2014-102008,SHIP01791,Delivered,DTDC
CA-2014-120474,SHIP01792,Delivered,Ecom Express
CA-2014-120474,SHIP01793,In Transit,India Post
CA-2014-104773,SHIP01794,Delivered,Ecom Express
CA-2016-140774,SHIP01795,In Transit,Delhivery
US-2017-139465,SHIP01796,Cancelled,XpressBees
US-2017-139465,SHIP01797,In Transit,DTDC
US-2017-139465,SHIP01798,In Transit,DTDC
CA-2016-100965,SHIP01799,Delivered,India Post
CA-2016-121034,SHIP01800,Delivered,DTDC
CA-2016-121034,SHIP01801,Delivered,XpressBees
CA-2016-149461,SHIP01802,Delivered,DTDC
CA-2017-158379,SHIP01803,Delivered,Ecom Express
CA-2017-158379,SHIP01804,Delivered,DTDC
CA-2017-158379,SHIP01805,Returned,Ecom Express
US-2016-116729,SHIP01806,Delivered,XpressBees
US-2016-116729,SHIP01807,Returned,XpressBees
US-2016-116729,SHIP01808,Delivered,XpressBees
CA-2016-164938,SHIP01809,Delivered,XpressBees
CA-2016-165484,SHIP01810,Delivered,India Post
CA-2016-165484,SHIP01811,Delivered,XpressBees
CA-2014-132612,SHIP01812,Delivered,XpressBees
US-2017-161193,SHIP01813,Delivered,India Post
US-2017-161193,SHIP01814,Delivered,India Post
CA-2015-131597,SHIP01815,Delivered,India Post
CA-2015-164833,SHIP01816,Delivered,Ecom Express
CA-2015-164833,SHIP01817,In Transit,DTDC
CA-2015-125423,SHIP01818,In Transit,Blue Dart
US-2014-130379,SHIP01819,Returned,Ecom Express
US-2014-130379,SHIP01820,Delivered,DTDC
CA-2016-168956,SHIP01821,Delivered,Delhivery
CA-2016-168956,SHIP01822,Delivered,DTDC
CA-2016-168956,SHIP01823,Delivered,Delhivery
CA-2016-168956,SHIP01824,In Transit,DTDC
CA-2016-167507,SHIP01825,Delivered,XpressBees
CA-2016-167507,SHIP01826,Delivered,XpressBees
CA-2016-167507,SHIP01827,Returned,DTDC
CA-2016-109344,SHIP01828,In Transit,Blue Dart
US-2015-140851,SHIP01829,In Transit,Blue Dart
CA-2014-103373,SHIP01830,Delivered,XpressBees
CA-2017-145884,SHIP01831,Delivered,Ecom Express
CA-2017-145884,SHIP01832,Delivered,Delhivery
CA-2015-131422,SHIP01833,Returned,Ecom Express
CA-2017-162691,SHIP01834,Delivered,XpressBees
CA-2017-162691,SHIP01835,Delivered,Delhivery
CA-2014-141278,SHIP01836,Delivered,Blue Dart
CA-2017-122693,SHIP01837,In Transit,DTDC
CA-2014-117345,SHIP01838,Delivered,Delhivery
CA-2014-117345,SHIP01839,Delivered,India Post
CA-2014-117345,SHIP01840,Delivered,Delhivery
CA-2014-117345,SHIP01841,Delivered,Ecom Express
CA-2016-157763,SHIP01842,Delivered,India Post
CA-2015-135391,SHIP01843,Delivered,DTDC
CA-2015-135391,SHIP01844,Delivered,Blue Dart
US-2017-113852,SHIP01845,Delivered,Delhivery
US-2017-158512,SHIP01846,Delivered,Delhivery
US-2017-158512,SHIP01847,Returned,XpressBees
CA-2017-128370,SHIP01848,In Transit,DTDC
CA-2017-128370,SHIP01849,Delivered,Blue Dart
CA-2015-160472,SHIP01850,Delivered,India Post
CA-2015-160472,SHIP01851,Delivered,India Post
CA-2015-160472,SHIP01852,Returned,Blue Dart
CA-2015-160472,SHIP01853,Delivered,DTDC
CA-2015-160472,SHIP01854,Cancelled,Delhivery
CA-2015-160472,SHIP01855,Delivered,Delhivery
CA-2014-114643,SHIP01856,Delivered,Delhivery
US-2017-158218,SHIP01857,Delivered,Delhivery
US-2017-158218,SHIP01858,In Transit,XpressBees
CA-2015-121608,SHIP01859,Returned,DTDC
CA-2015-121608,SHIP01860,Delivered,Delhivery
US-2017-121251,SHIP01861,Delivered,Ecom Express
US-2017-121251,SHIP01862,In Transit,India Post
CA-2014-151078,SHIP01863,Returned,DTDC
US-2016-100839,SHIP01864,Delivered,Blue Dart
US-2016-100839,SHIP01865,Delivered,Delhivery
US-2017-116659,SHIP01866,Delivered,DTDC
CA-2017-118857,SHIP01867,Delivered,DTDC
CA-2015-127110,SHIP01868,In Transit,DTDC
CA-2015-127110,SHIP01869,Cancelled,DTDC
CA-2016-148201,SHIP01870,Cancelled,Blue Dart
CA-2014-116932,SHIP01871,Cancelled,Delhivery
CA-2014-116932,SHIP01872,Delivered,Delhivery
CA-2014-116932,SHIP01873,Returned,Ecom Express
CA-2017-142888,SHIP01874,Delivered,Blue Dart
CA-2014-147914,SHIP01875,Cancelled,Delhivery
US-2016-112977,SHIP01876,Delivered,Delhivery
CA-2017-112039,SHIP01877,Cancelled,India Post
CA-2017-118885,SHIP01878,Returned,DTDC
CA-2017-118885,SHIP01879,Delivered,Ecom Express
US-2017-166611,SHIP01880,In Transit,India Post
CA-2015-109512,SHIP01881,Delivered,XpressBees
CA-2015-109512,SHIP01882,Delivered,XpressBees
CA-2015-109512,SHIP01883,Returned,Delhivery
CA-2016-118570,SHIP01884,Delivered,XpressBees
CA-2017-154718,SHIP01885,Delivered,DTDC
CA-2016-147578,SHIP01886,Cancelled,Blue Dart
CA-2014-140165,SHIP01887,Delivered,Ecom Express
CA-2014-140165,SHIP01888,Delivered,Ecom Express
CA-2014-142587,SHIP01889,Delivered,XpressBees
CA-2014-142587,SHIP01890,Delivered,DTDC
CA-2014-157623,SHIP01891,Delivered,DTDC
CA-2014-157623,SHIP01892,Delivered,XpressBees
CA-2017-145310,SHIP01893,In Transit,Delhivery
CA-2016-100083,SHIP01894,Delivered,XpressBees
US-2017-108063,SHIP01895,Delivered,Delhivery
CA-2015-109197,SHIP01896,Delivered,Blue Dart
CA-2017-141789,SHIP01897,Delivered,Delhivery
CA-2014-169775,SHIP01898,Delivered,XpressBees
CA-2014-169775,SHIP01899,Delivered,Blue Dart
CA-2014-169775,SHIP01900,Delivered,XpressBees
CA-2016-140543,SHIP01901,Returned,Blue Dart
CA-2016-151141,SHIP01902,In Transit,Delhivery
CA-2017-167094,SHIP01903,Delivered,Ecom Express
CA-2017-167094,SHIP01904,Delivered,Ecom Express
CA-2017-167094,SHIP01905,Delivered,Ecom Express
CA-2017-154410,SHIP01906,Delivered,Ecom Express
US-2016-150567,SHIP01907,Delivered,DTDC
US-2016-150567,SHIP01908,Returned,Ecom Express
CA-2015-157959,SHIP01909,Delivered,Ecom Express
CA-2017-105886,SHIP01910,Delivered,Blue Dart
CA-2016-105963,SHIP01911,Delivered,Ecom Express
CA-2017-121503,SHIP01912,Delivered,India Post
CA-2017-121503,SHIP01913,Delivered,Delhivery
CA-2014-103366,SHIP01914,Delivered,Ecom Express
CA-2017-124597,SHIP01915,Delivered,Delhivery
CA-2017-124597,SHIP01916,Delivered,Ecom Express
CA-2017-124597,SHIP01917,Returned,DTDC
CA-2015-105634,SHIP01918,Delivered,DTDC
CA-2015-123673,SHIP01919,In Transit,India Post
US-2017-111423,SHIP01920,In Transit,Delhivery
US-2017-111423,SHIP01921,Cancelled,Delhivery
CA-2015-125178,SHIP01922,Delivered,DTDC
CA-2016-156685,SHIP01923,Delivered,DTDC
CA-2016-156685,SHIP01924,Delivered,XpressBees
CA-2017-126865,SHIP01925,Delivered,India Post
CA-2017-102834,SHIP01926,Delivered,India Post
US-2016-139710,SHIP01927,Delivered,Ecom Express
CA-2017-121538,SHIP01928,Delivered,India Post
US-2017-101539,SHIP01929,Delivered,Delhivery
US-2017-101539,SHIP01930,Returned,XpressBees
US-2017-101539,SHIP01931,Delivered,DTDC
CA-2016-152121,SHIP01932,Delivered,India Post
CA-2017-161200,SHIP01933,Delivered,Delhivery
CA-2017-161200,SHIP01934,Delivered,India Post
CA-2017-101245,SHIP01935,Delivered,Delhivery
CA-2017-101245,SHIP01936,Delivered,Delhivery
CA-2015-141768,SHIP01937,Delivered,Blue Dart
CA-2016-112109,SHIP01938,Delivered,Ecom Express
CA-2016-112109,SHIP01939,Returned,Delhivery
CA-2016-112109,SHIP01940,In Transit,India Post
CA-2016-112109,SHIP01941,Delivered,Delhivery
CA-2017-144064,SHIP01942,Delivered,Blue Dart
CA-2017-144064,SHIP01943,Returned,DTDC
CA-2017-144064,SHIP01944,Delivered,XpressBees
CA-2016-108581,SHIP01945,Cancelled,Ecom Express
CA-2016-108581,SHIP01946,Delivered,Ecom Express
CA-2017-157987,SHIP01947,Delivered,India Post
CA-2017-157987,SHIP01948,Delivered,Blue Dart
CA-2017-157987,SHIP01949,Delivered,Delhivery
CA-2017-157987,SHIP01950,Delivered,Blue Dart
CA-2017-157987,SHIP01951,Delivered,Ecom Express
CA-2017-157987,SHIP01952,Delivered,DTDC
CA-2017-157987,SHIP01953,In Transit,Delhivery
CA-2017-157987,SHIP01954,Delivered,Ecom Express
CA-2017-157987,SHIP01955,Delivered,Delhivery
CA-2017-157987,SHIP01956,Delivered,India Post
CA-2017-157987,SHIP01957,Delivered,Blue Dart
CA-2017-157987,SHIP01958,Delivered,DTDC
CA-2017-110905,SHIP01959,In Transit,Ecom Express
CA-2017-110905,SHIP01960,Delivered,Blue Dart
CA-2017-110905,SHIP01961,Delivered,DTDC
CA-2017-110905,SHIP01962,Delivered,Delhivery
CA-2017-110905,SHIP01963,Delivered,India Post
CA-2017-110905,SHIP01964,Delivered,India Post
CA-2017-110905,SHIP01965,Delivered,Ecom Express
CA-2017-110905,SHIP01966,Delivered,Delhivery
CA-2017-165841,SHIP01967,Delivered,India Post
CA-2017-165841,SHIP01968,Delivered,XpressBees
CA-2017-165841,SHIP01969,Delivered,Ecom Express
CA-2017-117485,SHIP01970,Delivered,Delhivery
CA-2017-140242,SHIP01971,Returned,Blue Dart
CA-2017-140242,SHIP01972,In Transit,Delhivery
CA-2014-148950,SHIP01973,Cancelled,XpressBees
CA-2014-148950,SHIP01974,Delivered,India Post
CA-2014-148950,SHIP01975,Delivered,Delhivery
CA-2014-110408,SHIP01976,Delivered,DTDC
CA-2014-110408,SHIP01977,Delivered,Blue Dart
CA-2014-110408,SHIP01978,Delivered,DTDC
CA-2015-109939,SHIP01979,In Transit,Delhivery
CA-2016-112669,SHIP01980,Cancelled,DTDC
CA-2016-112669,SHIP01981,Delivered,XpressBees
CA-2015-119592,SHIP01982,Delivered,Delhivery
CA-2014-122749,SHIP01983,Delivered,Delhivery
CA-2014-164721,SHIP01984,Delivered,Delhivery
CA-2014-164721,SHIP01985,Delivered,India Post
CA-2014-164721,SHIP01986,Delivered,Delhivery
CA-2016-147417,SHIP01987,Returned,DTDC
CA-2015-127509,SHIP01988,Delivered,Blue Dart
CA-2015-127509,SHIP01989,Delivered,Blue Dart
CA-2015-127509,SHIP01990,Delivered,DTDC
CA-2015-127509,SHIP01991,Delivered,Delhivery
CA-2017-111374,SHIP01992,Returned,Delhivery
CA-2017-133648,SHIP01993,Returned,Blue Dart
CA-2017-133648,SHIP01994,Delivered,Blue Dart
CA-2017-133648,SHIP01995,Delivered,Blue Dart
US-2017-147221,SHIP01996,Delivered,India Post
US-2017-147221,SHIP01997,Delivered,Delhivery
CA-2014-131905,SHIP01998,Delivered,XpressBees
CA-2014-131905,SHIP01999,Delivered,India Post
CA-2014-131905,SHIP02000,Delivered,XpressBees
CA-2017-166128,SHIP02001,Delivered,Delhivery
CA-2017-166128,SHIP02002,In Transit,Delhivery
CA-2017-163510,SHIP02003,Delivered,XpressBees
CA-2017-163510,SHIP02004,In Transit,Blue Dart
US-2017-143028,SHIP02005,In Transit,DTDC
CA-2014-111150,SHIP02006,Delivered,DTDC
CA-2014-111150,SHIP02007,Delivered,DTDC
CA-2017-165386,SHIP02008,Delivered,Ecom Express
CA-2014-116407,SHIP02009,Delivered,Delhivery
CA-2014-116407,SHIP02010,In Transit,DTDC
CA-2014-116407,SHIP02011,Delivered,Delhivery
CA-2015-155761,SHIP02012,Cancelled,Ecom Express
CA-2015-155761,SHIP02013,Cancelled,Blue Dart
CA-2016-145905,SHIP02014,In Transit,India Post
CA-2016-145905,SHIP02015,Delivered,XpressBees
CA-2016-145905,SHIP02016,Delivered,DTDC
CA-2015-113110,SHIP02017,Delivered,Ecom Express
CA-2015-113110,SHIP02018,Cancelled,Delhivery
CA-2015-113110,SHIP02019,Delivered,Blue Dart
CA-2015-113110,SHIP02020,In Transit,India Post
CA-2016-168354,SHIP02021,Returned,Blue Dart
CA-2016-168354,SHIP02022,In Transit,India Post
CA-2016-168354,SHIP02023,Delivered,Ecom Express
CA-2016-168354,SHIP02024,Delivered,Blue Dart
US-2017-111241,SHIP02025,Delivered,India Post
CA-2015-114237,SHIP02026,In Transit,XpressBees
CA-2016-113516,SHIP02027,In Transit,Blue Dart
CA-2016-113516,SHIP02028,Delivered,Blue Dart
CA-2015-117961,SHIP02029,Returned,XpressBees
CA-2015-117961,SHIP02030,Delivered,Delhivery
CA-2015-117961,SHIP02031,Delivered,XpressBees
CA-2015-117961,SHIP02032,Delivered,Delhivery
CA-2016-128923,SHIP02033,Delivered,India Post
CA-2016-128923,SHIP02034,Delivered,DTDC
CA-2017-162481,SHIP02035,Delivered,Delhivery
CA-2017-162481,SHIP02036,Delivered,DTDC
CA-2015-119214,SHIP02037,Delivered,DTDC
CA-2015-119214,SHIP02038,Delivered,Ecom Express
CA-2015-122287,SHIP02039,Returned,Ecom Express
CA-2015-122287,SHIP02040,Cancelled,Ecom Express
CA-2015-122287,SHIP02041,Delivered,Blue Dart
CA-2015-122287,SHIP02042,Returned,Ecom Express
CA-2015-104493,SHIP02043,Delivered,Delhivery
US-2017-158946,SHIP02044,Cancelled,Blue Dart
CA-2014-129168,SHIP02045,In Transit,Delhivery
CA-2016-131835,SHIP02046,Delivered,India Post
CA-2016-131835,SHIP02047,Delivered,Blue Dart
CA-2016-131835,SHIP02048,Delivered,Ecom Express
CA-2015-142237,SHIP02049,Delivered,Ecom Express
CA-2015-142237,SHIP02050,In Transit,Delhivery
CA-2015-142237,SHIP02051,Cancelled,Ecom Express
CA-2015-142237,SHIP02052,Delivered,Ecom Express
CA-2015-142237,SHIP02053,In Transit,Blue Dart
CA-2015-142237,SHIP02054,Delivered,India Post
CA-2016-136434,SHIP02055,Delivered,India Post
CA-2017-120376,SHIP02056,Delivered,Delhivery
CA-2017-120376,SHIP02057,Cancelled,India Post
CA-2017-120376,SHIP02058,Returned,Blue Dart
CA-2017-120376,SHIP02059,Cancelled,Delhivery
CA-2014-106439,SHIP02060,Delivered,Delhivery
CA-2014-106439,SHIP02061,Delivered,Ecom Express
CA-2014-106439,SHIP02062,Cancelled,Delhivery
CA-2014-106439,SHIP02063,Delivered,Blue Dart
CA-2014-106439,SHIP02064,Delivered,Delhivery
CA-2014-106439,SHIP02065,Delivered,XpressBees
CA-2014-106439,SHIP02066,Delivered,Ecom Express
CA-2014-106439,SHIP02067,Returned,Delhivery
CA-2014-106439,SHIP02068,Delivered,XpressBees
CA-2015-133452,SHIP02069,Cancelled,XpressBees
CA-2015-133452,SHIP02070,Delivered,India Post
CA-2016-146521,SHIP02071,Delivered,DTDC
US-2017-110996,SHIP02072,In Transit,Delhivery
CA-2016-129693,SHIP02073,Returned,Blue Dart
CA-2017-122504,SHIP02074,In Transit,Blue Dart
CA-2017-122504,SHIP02075,Delivered,Blue Dart
CA-2014-131051,SHIP02076,Delivered,Blue Dart
CA-2017-140676,SHIP02077,Delivered,XpressBees
CA-2017-140676,SHIP02078,Delivered,Delhivery
CA-2017-140676,SHIP02079,Delivered,India Post
CA-2015-120103,SHIP02080,Delivered,DTDC
CA-2015-120103,SHIP02081,Delivered,Delhivery
CA-2015-120103,SHIP02082,Delivered,India Post
CA-2017-104647,SHIP02083,Delivered,XpressBees
CA-2014-110352,SHIP02084,Delivered,Ecom Express
CA-2016-140501,SHIP02085,Returned,Delhivery
CA-2016-140501,SHIP02086,Delivered,Delhivery
CA-2016-140501,SHIP02087,Returned,India Post
CA-2016-140501,SHIP02088,Delivered,Ecom Express
CA-2016-140501,SHIP02089,Cancelled,Ecom Express
CA-2015-139290,SHIP02090,In Transit,Blue Dart
CA-2017-166142,SHIP02091,Delivered,Blue Dart
CA-2017-166142,SHIP02092,Delivered,Delhivery
CA-2014-145926,SHIP02093,Cancelled,Ecom Express
CA-2015-149678,SHIP02094,In Transit,Ecom Express
US-2015-164357,SHIP02095,Delivered,Delhivery
US-2016-146570,SHIP02096,Delivered,Ecom Express
US-2016-146570,SHIP02097,Returned,Delhivery
US-2016-146570,SHIP02098,Delivered,Blue Dart
CA-2017-124401,SHIP02099,Delivered,DTDC
CA-2017-124401,SHIP02100,Cancelled,Blue Dart
US-2014-140116,SHIP02101,Delivered,XpressBees
US-2014-140116,SHIP02102,Delivered,India Post
CA-2014-123295,SHIP02103,Returned,Ecom Express
CA-2017-167101,SHIP02104,Delivered,Delhivery
CA-2017-167101,SHIP02105,Delivered,XpressBees
US-2014-167633,SHIP02106,Delivered,India Post
US-2014-152723,SHIP02107,Delivered,Ecom Express
CA-2015-164882,SHIP02108,Delivered,XpressBees
CA-2015-164882,SHIP02109,Delivered,India Post
CA-2015-164882,SHIP02110,Delivered,India Post
CA-2015-164882,SHIP02111,Delivered,Blue Dart
CA-2015-164882,SHIP02112,Delivered,XpressBees
CA-2015-164882,SHIP02113,Delivered,Blue Dart
CA-2015-164882,SHIP02114,Delivered,Blue Dart
CA-2015-164882,SHIP02115,Delivered,Ecom Express
CA-2015-164882,SHIP02116,Delivered,Delhivery
CA-2015-159786,SHIP02117,In Transit,XpressBees
CA-2016-130267,SHIP02118,Delivered,Blue Dart
CA-2017-155460,SHIP02119,Delivered,Delhivery
CA-2017-155460,SHIP02120,In Transit,Ecom Express
US-2017-168690,SHIP02121,Delivered,Delhivery
CA-2017-158246,SHIP02122,Delivered,India Post
CA-2017-167381,SHIP02123,Delivered,Delhivery
CA-2017-167381,SHIP02124,Delivered,India Post
CA-2017-144862,SHIP02125,Cancelled,DTDC
CA-2017-144862,SHIP02126,Delivered,Blue Dart
CA-2014-126032,SHIP02127,Delivered,XpressBees
CA-2015-134859,SHIP02128,Returned,DTDC
CA-2015-134859,SHIP02129,Delivered,Ecom Express
US-2014-114188,SHIP02130,Cancelled,XpressBees
US-2014-114188,SHIP02131,In Transit,Delhivery
US-2014-114188,SHIP02132,In Transit,India Post
CA-2015-156524,SHIP02133,Delivered,Blue Dart
CA-2015-122210,SHIP02134,Returned,Blue Dart
CA-2015-122210,SHIP02135,Cancelled,Delhivery
CA-2015-122210,SHIP02136,Delivered,India Post
CA-2015-156377,SHIP02137,Delivered,XpressBees
CA-2015-156377,SHIP02138,Delivered,DTDC
US-2017-157896,SHIP02139,Delivered,Blue Dart
CA-2014-159520,SHIP02140,Delivered,XpressBees
CA-2014-159520,SHIP02141,Delivered,Delhivery
CA-2014-159520,SHIP02142,Delivered,XpressBees
CA-2016-155481,SHIP02143,Delivered,Blue Dart
CA-2016-155481,SHIP02144,Delivered,Delhivery
CA-2016-155481,SHIP02145,Delivered,Ecom Express
US-2016-152051,SHIP02146,Cancelled,India Post
US-2016-152051,SHIP02147,Delivered,Delhivery
US-2016-152051,SHIP02148,Delivered,DTDC
CA-2014-141607,SHIP02149,Delivered,Delhivery
CA-2017-102771,SHIP02150,In Transit,Delhivery
US-2017-139969,SHIP02151,Delivered,Ecom Express
CA-2014-167360,SHIP02152,In Transit,India Post
CA-2015-123505,SHIP02153,Delivered,India Post
CA-2016-117282,SHIP02154,Delivered,Blue Dart
US-2016-120460,SHIP02155,Delivered,Ecom Express
CA-2016-111115,SHIP02156,Delivered,India Post
CA-2014-124646,SHIP02157,Returned,XpressBees
CA-2014-124646,SHIP02158,Delivered,XpressBees
CA-2017-148166,SHIP02159,Cancelled,DTDC
CA-2016-159737,SHIP02160,Returned,DTDC
CA-2016-141019,SHIP02161,Delivered,India Post
CA-2016-101938,SHIP02162,Delivered,Ecom Express
CA-2017-166296,SHIP02163,Delivered,Blue Dart
CA-2016-154018,SHIP02164,Delivered,Blue Dart
CA-2016-154018,SHIP02165,In Transit,XpressBees
CA-2016-154018,SHIP02166,Delivered,Blue Dart
CA-2016-154018,SHIP02167,Returned,India Post
CA-2016-154018,SHIP02168,Delivered,Ecom Express
CA-2017-117870,SHIP02169,Delivered,XpressBees
CA-2017-117870,SHIP02170,Cancelled,DTDC
CA-2017-117870,SHIP02171,Delivered,XpressBees
US-2017-137491,SHIP02172,Delivered,XpressBees
CA-2014-152296,SHIP02173,Delivered,XpressBees
CA-2016-112025,SHIP02174,Delivered,Delhivery
CA-2015-132507,SHIP02175,Delivered,India Post
CA-2016-125738,SHIP02176,Delivered,Blue Dart
CA-2016-125738,SHIP02177,In Transit,Ecom Express
CA-2016-125738,SHIP02178,Delivered,Delhivery
CA-2016-125738,SHIP02179,In Transit,XpressBees
CA-2016-128818,SHIP02180,Cancelled,DTDC
CA-2016-128818,SHIP02181,Delivered,DTDC
CA-2016-128818,SHIP02182,Delivered,Delhivery
CA-2016-128818,SHIP02183,Delivered,XpressBees
CA-2016-128818,SHIP02184,In Transit,Delhivery
CA-2016-128818,SHIP02185,Delivered,DTDC
CA-2017-124576,SHIP02186,Delivered,Ecom Express
CA-2016-101378,SHIP02187,Returned,DTDC
CA-2017-143063,SHIP02188,Returned,DTDC
CA-2017-143063,SHIP02189,Delivered,Delhivery
CA-2017-143063,SHIP02190,Cancelled,XpressBees
CA-2016-118913,SHIP02191,Delivered,India Post
CA-2016-128412,SHIP02192,Delivered,Blue Dart
CA-2016-128412,SHIP02193,Delivered,Ecom Express
CA-2016-128412,SHIP02194,Delivered,Ecom Express
CA-2016-128412,SHIP02195,Returned,India Post
CA-2016-128412,SHIP02196,Cancelled,Delhivery
CA-2016-136483,SHIP02197,Delivered,DTDC
CA-2014-163013,SHIP02198,Returned,DTDC
CA-2015-135363,SHIP02199,Delivered,Ecom Express
CA-2015-135363,SHIP02200,Delivered,DTDC
US-2014-165659,SHIP02201,Returned,India Post
US-2014-165659,SHIP02202,Delivered,Delhivery
CA-2015-138002,SHIP02203,Delivered,DTDC
CA-2015-138002,SHIP02204,Delivered,India Post
CA-2015-128860,SHIP02205,Delivered,XpressBees
CA-2016-164350,SHIP02206,Cancelled,Delhivery
US-2014-103905,SHIP02207,In Transit,India Post
US-2014-103905,SHIP02208,In Transit,Delhivery
CA-2015-129854,SHIP02209,Delivered,XpressBees
CA-2014-125556,SHIP02210,In Transit,XpressBees
CA-2014-125556,SHIP02211,In Transit,XpressBees
CA-2016-162313,SHIP02212,Delivered,Delhivery
CA-2017-107874,SHIP02213,Delivered,DTDC
CA-2017-129378,SHIP02214,Delivered,XpressBees
CA-2017-129378,SHIP02215,Cancelled,Blue Dart
CA-2017-129378,SHIP02216,In Transit,India Post
CA-2017-129378,SHIP02217,Delivered,XpressBees
CA-2014-151953,SHIP02218,Delivered,XpressBees
CA-2017-130841,SHIP02219,Delivered,Ecom Express
CA-2017-130841,SHIP02220,Delivered,Delhivery
CA-2017-130841,SHIP02221,Delivered,India Post
CA-2015-131884,SHIP02222,Delivered,Delhivery
CA-2015-131884,SHIP02223,In Transit,DTDC
CA-2015-131884,SHIP02224,Cancelled,DTDC
CA-2017-121909,SHIP02225,Delivered,Blue Dart
CA-2016-106383,SHIP02226,Delivered,India Post
CA-2017-130771,SHIP02227,In Transit,Delhivery
CA-2017-130771,SHIP02228,Delivered,DTDC
CA-2016-139157,SHIP02229,Delivered,XpressBees
CA-2014-128055,SHIP02230,In Transit,XpressBees
CA-2014-128055,SHIP02231,In Transit,DTDC
CA-2017-157091,SHIP02232,Returned,Blue Dart
CA-2017-132122,SHIP02233,Delivered,XpressBees
CA-2015-123232,SHIP02234,Delivered,India Post
CA-2017-104066,SHIP02235,Delivered,Delhivery
CA-2015-145849,SHIP02236,Delivered,India Post
CA-2015-145849,SHIP02237,Cancelled,Delhivery
CA-2016-122322,SHIP02238,Cancelled,India Post
CA-2017-166849,SHIP02239,Delivered,India Post
CA-2016-146633,SHIP02240,Delivered,Ecom Express
CA-2016-146633,SHIP02241,Delivered,Ecom Express
US-2016-126893,SHIP02242,Cancelled,India Post
CA-2017-103380,SHIP02243,Delivered,Delhivery
CA-2017-103380,SHIP02244,Delivered,India Post
CA-2017-103380,SHIP02245,Delivered,Delhivery
CA-2017-103380,SHIP02246,Delivered,DTDC
CA-2017-103380,SHIP02247,Delivered,India Post
CA-2015-116092,SHIP02248,Delivered,Ecom Express
CA-2015-116092,SHIP02249,Delivered,Ecom Express
CA-2015-116092,SHIP02250,Cancelled,DTDC
CA-2015-116092,SHIP02251,Returned,India Post
CA-2015-116092,SHIP02252,Delivered,Ecom Express
CA-2016-117849,SHIP02253,Delivered,DTDC
CA-2015-169201,SHIP02254,Delivered,India Post
CA-2015-169201,SHIP02255,Delivered,Delhivery
CA-2016-164091,SHIP02256,In Transit,Blue Dart
CA-2016-164091,SHIP02257,Returned,Blue Dart
CA-2017-105214,SHIP02258,In Transit,XpressBees
CA-2017-105214,SHIP02259,Delivered,Ecom Express
CA-2015-117611,SHIP02260,In Transit,India Post
CA-2015-117611,SHIP02261,In Transit,Blue Dart
US-2015-137960,SHIP02262,Delivered,India Post
CA-2017-122994,SHIP02263,Delivered,DTDC
CA-2016-131065,SHIP02264,Delivered,DTDC
CA-2016-131065,SHIP02265,Delivered,DTDC
CA-2016-131065,SHIP02266,Returned,XpressBees
CA-2017-149146,SHIP02267,Delivered,India Post
CA-2017-137470,SHIP02268,Delivered,India Post
CA-2017-105480,SHIP02269,Delivered,XpressBees
CA-2017-105480,SHIP02270,Delivered,India Post
CA-2017-164917,SHIP02271,Cancelled,Ecom Express
CA-2015-102036,SHIP02272,Delivered,India Post
CA-2015-142944,SHIP02273,Delivered,Delhivery
CA-2015-142944,SHIP02274,Delivered,India Post
CA-2014-157882,SHIP02275,Delivered,Blue Dart
CA-2014-157882,SHIP02276,Delivered,Delhivery
CA-2014-104283,SHIP02277,Delivered,XpressBees
CA-2014-104283,SHIP02278,Delivered,DTDC
CA-2014-104283,SHIP02279,Delivered,Blue Dart
CA-2017-142622,SHIP02280,Delivered,DTDC
CA-2017-142622,SHIP02281,Delivered,DTDC
CA-2017-142622,SHIP02282,Delivered,Ecom Express
CA-2016-132143,SHIP02283,Delivered,Blue Dart
CA-2015-153108,SHIP02284,Delivered,Blue Dart
CA-2015-153108,SHIP02285,Delivered,Blue Dart
CA-2016-112676,SHIP02286,Delivered,India Post
CA-2017-165687,SHIP02287,Delivered,Blue Dart
US-2017-112928,SHIP02288,In Transit,India Post
CA-2017-143343,SHIP02289,Cancelled,Ecom Express
CA-2017-115154,SHIP02290,In Transit,Blue Dart
CA-2015-149342,SHIP02291,Delivered,DTDC
CA-2015-149342,SHIP02292,Delivered,Ecom Express
CA-2015-149342,SHIP02293,Delivered,XpressBees
CA-2015-130995,SHIP02294,Delivered,Blue Dart
CA-2017-127929,SHIP02295,Delivered,Blue Dart
CA-2015-113145,SHIP02296,Delivered,Ecom Express
CA-2015-113145,SHIP02297,Delivered,India Post
CA-2015-113145,SHIP02298,Delivered,DTDC
CA-2015-113145,SHIP02299,Delivered,India Post
CA-2015-113145,SHIP02300,In Transit,DTDC
CA-2014-162362,SHIP02301,Delivered,India Post
CA-2014-162362,SHIP02302,Delivered,Delhivery
CA-2016-106558,SHIP02303,Delivered,Ecom Express
CA-2017-157931,SHIP02304,Delivered,India Post
CA-2017-157931,SHIP02305,Delivered,DTDC
CA-2016-115574,SHIP02306,In Transit,DTDC
CA-2015-160794,SHIP02307,Cancelled,Delhivery
CA-2017-116225,SHIP02308,Delivered,Delhivery
US-2017-120418,SHIP02309,Delivered,India Post
US-2017-120418,SHIP02310,Returned,DTDC
US-2017-120418,SHIP02311,Cancelled,DTDC
US-2017-120418,SHIP02312,Delivered,DTDC
US-2017-120418,SHIP02313,Delivered,Ecom Express
CA-2017-122035,SHIP02314,In Transit,Ecom Express
CA-2017-122035,SHIP02315,Cancelled,Blue Dart
CA-2017-122035,SHIP02316,In Transit,XpressBees
CA-2017-122035,SHIP02317,Delivered,India Post
CA-2017-122035,SHIP02318,Returned,Delhivery
CA-2017-122035,SHIP02319,Cancelled,Delhivery
CA-2015-117828,SHIP02320,Delivered,Ecom Express
CA-2017-165491,SHIP02321,Delivered,India Post
CA-2015-109470,SHIP02322,In Transit,XpressBees
CA-2015-109470,SHIP02323,Delivered,XpressBees
CA-2015-109470,SHIP02324,Delivered,Ecom Express
CA-2015-109470,SHIP02325,Delivered,DTDC
CA-2015-105102,SHIP02326,Delivered,XpressBees
CA-2015-105102,SHIP02327,Returned,XpressBees
CA-2015-105102,SHIP02328,Delivered,Blue Dart
CA-2017-138422,SHIP02329,Delivered,XpressBees
US-2015-147739,SHIP02330,Delivered,India Post
CA-2016-155187,SHIP02331,Cancelled,Blue Dart
CA-2016-155187,SHIP02332,Delivered,India Post
CA-2017-169285,SHIP02333,Delivered,Delhivery
CA-2017-169285,SHIP02334,Delivered,Delhivery
CA-2014-140886,SHIP02335,Delivered,Ecom Express
CA-2017-152695,SHIP02336,Delivered,Delhivery
CA-2017-152695,SHIP02337,In Transit,India Post
CA-2014-110639,SHIP02338,Delivered,Delhivery
CA-2014-110639,SHIP02339,Delivered,Delhivery
CA-2014-121727,SHIP02340,In Transit,Delhivery
CA-2016-137736,SHIP02341,Returned,Ecom Express
US-2014-143231,SHIP02342,Delivered,Delhivery
US-2014-143231,SHIP02343,Delivered,DTDC
US-2014-155894,SHIP02344,Delivered,XpressBees
CA-2016-119025,SHIP02345,In Transit,India Post
CA-2016-159373,SHIP02346,Returned,XpressBees
CA-2016-159373,SHIP02347,Delivered,Ecom Express
CA-2016-159373,SHIP02348,Delivered,XpressBees
CA-2017-109701,SHIP02349,In Transit,India Post
CA-2017-109701,SHIP02350,Delivered,India Post
CA-2017-109701,SHIP02351,Cancelled,Ecom Express
CA-2017-109701,SHIP02352,Delivered,Delhivery
CA-2017-109701,SHIP02353,Returned,Blue Dart
CA-2015-111514,SHIP02354,Delivered,Ecom Express
CA-2015-111514,SHIP02355,Cancelled,XpressBees
CA-2015-111514,SHIP02356,Delivered,Blue Dart
CA-2015-111514,SHIP02357,Delivered,Blue Dart
US-2014-148838,SHIP02358,In Transit,Delhivery
US-2014-148838,SHIP02359,Delivered,Ecom Express
US-2014-148838,SHIP02360,Cancelled,Ecom Express
US-2014-148838,SHIP02361,Delivered,India Post
US-2014-148838,SHIP02362,Delivered,Blue Dart
CA-2017-136497,SHIP02363,Delivered,DTDC
US-2016-108637,SHIP02364,Delivered,DTDC
US-2016-108637,SHIP02365,Delivered,Ecom Express
US-2016-108637,SHIP02366,Returned,Blue Dart
CA-2014-102295,SHIP02367,Delivered,India Post
CA-2017-123659,SHIP02368,Delivered,Blue Dart
US-2016-129469,SHIP02369,Cancelled,Ecom Express
US-2016-129469,SHIP02370,Delivered,Blue Dart
CA-2017-155152,SHIP02371,Delivered,Delhivery
CA-2016-159940,SHIP02372,In Transit,India Post
CA-2016-159940,SHIP02373,Delivered,Blue Dart
CA-2016-159940,SHIP02374,Cancelled,XpressBees
CA-2016-159940,SHIP02375,Delivered,Delhivery
CA-2017-119669,SHIP02376,Cancelled,Ecom Express
US-2014-164616,SHIP02377,Delivered,Delhivery
US-2014-164616,SHIP02378,Delivered,Ecom Express
CA-2015-148628,SHIP02379,Delivered,Delhivery
CA-2016-118052,SHIP02380,Delivered,India Post
CA-2016-118052,SHIP02381,Delivered,DTDC
CA-2016-118052,SHIP02382,Delivered,India Post
US-2017-117534,SHIP02383,Delivered,DTDC
US-2017-117534,SHIP02384,Delivered,India Post
US-2017-117534,SHIP02385,Delivered,Delhivery
US-2017-117534,SHIP02386,Delivered,Delhivery
US-2017-117534,SHIP02387,Delivered,Delhivery
CA-2015-145065,SHIP02388,Delivered,Delhivery
CA-2015-145065,SHIP02389,Delivered,Delhivery
US-2015-127040,SHIP02390,In Transit,India Post
US-2015-127040,SHIP02391,Delivered,Blue Dart
US-2015-127040,SHIP02392,Delivered,Blue Dart
US-2015-127040,SHIP02393,Delivered,Ecom Express
CA-2016-128111,SHIP02394,Delivered,DTDC
CA-2015-137897,SHIP02395,Delivered,XpressBees
CA-2015-137897,SHIP02396,Cancelled,Blue Dart
CA-2015-137897,SHIP02397,Delivered,Ecom Express
CA-2017-169264,SHIP02398,In Transit,XpressBees
CA-2017-169264,SHIP02399,Delivered,Delhivery
CA-2017-147361,SHIP02400,Delivered,Delhivery
CA-2017-147361,SHIP02401,Delivered,XpressBees
CA-2017-145877,SHIP02402,Cancelled,Delhivery
CA-2017-145877,SHIP02403,Delivered,Blue Dart
US-2016-110170,SHIP02404,Delivered,Blue Dart
CA-2017-108574,SHIP02405,Cancelled,DTDC
CA-2017-108574,SHIP02406,Delivered,Blue Dart
CA-2017-108574,SHIP02407,Returned,DTDC
CA-2017-144589,SHIP02408,Returned,India Post
CA-2017-144589,SHIP02409,Delivered,Delhivery
CA-2017-155985,SHIP02410,Delivered,DTDC
CA-2014-162684,SHIP02411,Delivered,XpressBees
CA-2015-142041,SHIP02412,Delivered,India Post
CA-2014-151295,SHIP02413,Delivered,Ecom Express
CA-2014-151295,SHIP02414,Delivered,DTDC
CA-2016-156300,SHIP02415,In Transit,XpressBees
CA-2015-146087,SHIP02416,Delivered,Delhivery
CA-2017-168655,SHIP02417,Delivered,India Post
CA-2017-168655,SHIP02418,Delivered,Ecom Express
CA-2016-107202,SHIP02419,Cancelled,Ecom Express
CA-2017-159597,SHIP02420,Delivered,DTDC
CA-2017-159597,SHIP02421,Delivered,Blue Dart
CA-2016-155551,SHIP02422,Delivered,India Post
CA-2016-155551,SHIP02423,Delivered,DTDC
US-2017-147669,SHIP02424,Delivered,XpressBees
US-2017-147669,SHIP02425,Returned,Blue Dart
US-2017-147669,SHIP02426,Delivered,Ecom Express
US-2017-147669,SHIP02427,Delivered,Ecom Express
CA-2016-169922,SHIP02428,Delivered,Delhivery
CA-2016-169922,SHIP02429,Delivered,Ecom Express
CA-2016-169922,SHIP02430,Cancelled,DTDC
CA-2017-100748,SHIP02431,Delivered,Delhivery
CA-2017-129805,SHIP02432,Delivered,Ecom Express
CA-2014-148586,SHIP02433,Delivered,Blue Dart
US-2017-112613,SHIP02434,Cancelled,XpressBees
CA-2015-154746,SHIP02435,Delivered,India Post
CA-2015-154746,SHIP02436,Delivered,Blue Dart
CA-2017-140053,SHIP02437,Delivered,Delhivery
CA-2014-164210,SHIP02438,In Transit,India Post
CA-2014-164210,SHIP02439,Returned,India Post
CA-2017-139948,SHIP02440,Delivered,Ecom Express
CA-2016-146934,SHIP02441,Cancelled,DTDC
CA-2016-146934,SHIP02442,Delivered,XpressBees
CA-2016-146934,SHIP02443,Delivered,DTDC
CA-2016-146934,SHIP02444,Delivered,Blue Dart
CA-2016-146934,SHIP02445,In Transit,India Post
CA-2016-146934,SHIP02446,Delivered,Ecom Express
CA-2015-100573,SHIP02447,Delivered,India Post
CA-2016-119165,SHIP02448,Delivered,Ecom Express
CA-2015-128027,SHIP02449,Delivered,Blue Dart
CA-2016-140207,SHIP02450,Delivered,Blue Dart
CA-2017-140949,SHIP02451,In Transit,Ecom Express
CA-2017-140949,SHIP02452,Cancelled,Ecom Express
CA-2017-140949,SHIP02453,Delivered,DTDC
CA-2017-140949,SHIP02454,Delivered,Blue Dart
CA-2017-140949,SHIP02455,Cancelled,Ecom Express
CA-2017-140949,SHIP02456,In Transit,Ecom Express
CA-2017-140949,SHIP02457,Delivered,XpressBees
CA-2017-140949,SHIP02458,Delivered,India Post
CA-2017-140949,SHIP02459,Delivered,India Post
CA-2017-138548,SHIP02460,In Transit,XpressBees
CA-2015-142419,SHIP02461,Delivered,Blue Dart
CA-2015-142419,SHIP02462,Cancelled,XpressBees
CA-2017-148691,SHIP02463,Returned,Blue Dart
CA-2017-148691,SHIP02464,Delivered,Delhivery
CA-2017-148691,SHIP02465,Cancelled,Ecom Express
CA-2017-148691,SHIP02466,Delivered,Delhivery
CA-2017-128755,SHIP02467,Delivered,Delhivery
CA-2017-128755,SHIP02468,Cancelled,DTDC
CA-2017-128755,SHIP02469,In Transit,Ecom Express
CA-2017-128755,SHIP02470,Returned,India Post
US-2016-135923,SHIP02471,Delivered,Blue Dart
US-2016-135923,SHIP02472,Delivered,XpressBees
US-2016-135923,SHIP02473,Delivered,DTDC
CA-2016-114972,SHIP02474,Returned,DTDC
CA-2016-114972,SHIP02475,Delivered,Ecom Express
CA-2016-114972,SHIP02476,Delivered,XpressBees
CA-2016-114972,SHIP02477,Delivered,India Post
CA-2017-102750,SHIP02478,In Transit,India Post
CA-2014-145212,SHIP02479,Delivered,Ecom Express
CA-2017-141992,SHIP02480,Delivered,Ecom Express
CA-2017-141992,SHIP02481,Delivered,Delhivery
CA-2017-147956,SHIP02482,Delivered,DTDC
CA-2017-126067,SHIP02483,Delivered,India Post
CA-2017-126067,SHIP02484,In Transit,Blue Dart
CA-2017-126067,SHIP02485,Delivered,Delhivery
CA-2017-126067,SHIP02486,Delivered,India Post
CA-2015-104514,SHIP02487,In Transit,Delhivery
CA-2015-104514,SHIP02488,Delivered,XpressBees
CA-2015-104514,SHIP02489,Delivered,DTDC
CA-2015-141040,SHIP02490,Delivered,Ecom Express
CA-2015-141040,SHIP02491,Returned,Delhivery
CA-2014-113579,SHIP02492,Delivered,India Post
CA-2014-144624,SHIP02493,Returned,Ecom Express
CA-2016-146206,SHIP02494,Delivered,Delhivery
CA-2016-146206,SHIP02495,Delivered,Ecom Express
CA-2014-136644,SHIP02496,Delivered,Delhivery
CA-2015-122371,SHIP02497,Delivered,Ecom Express
CA-2015-122371,SHIP02498,Delivered,Ecom Express
CA-2016-126935,SHIP02499,Delivered,India Post
US-2017-133781,SHIP02500,Delivered,Delhivery
CA-2017-131618,SHIP02501,Returned,Delhivery
CA-2017-131618,SHIP02502,Delivered,DTDC
CA-2017-131618,SHIP02503,Delivered,XpressBees
CA-2016-149482,SHIP02504,In Transit,XpressBees
CA-2014-143917,SHIP02505,Delivered,Ecom Express
CA-2014-143917,SHIP02506,Delivered,Ecom Express
CA-2014-143917,SHIP02507,Cancelled,DTDC
CA-2015-120397,SHIP02508,Cancelled,Ecom Express
CA-2017-163902,SHIP02509,In Transit,Ecom Express
CA-2017-163902,SHIP02510,Delivered,DTDC
CA-2016-136812,SHIP02511,Delivered,India Post
CA-2015-102722,SHIP02512,Delivered,India Post
CA-2017-155089,SHIP02513,In Transit,Delhivery
CA-2016-124506,SHIP02514,Delivered,Ecom Express
CA-2016-124506,SHIP02515,Delivered,Blue Dart
CA-2014-106572,SHIP02516,Cancelled,Delhivery
CA-2014-128888,SHIP02517,Delivered,DTDC
CA-2017-123134,SHIP02518,Delivered,India Post
CA-2016-124352,SHIP02519,Cancelled,XpressBees
CA-2016-124352,SHIP02520,Delivered,India Post
CA-2016-124352,SHIP02521,Delivered,Blue Dart
CA-2016-124352,SHIP02522,Delivered,Delhivery
CA-2016-124352,SHIP02523,Returned,DTDC
CA-2016-124352,SHIP02524,Cancelled,DTDC
CA-2015-124541,SHIP02525,Cancelled,XpressBees
CA-2015-124541,SHIP02526,Returned,Ecom Express
CA-2015-124541,SHIP02527,Delivered,DTDC
CA-2015-124541,SHIP02528,Delivered,Delhivery
CA-2015-124541,SHIP02529,Delivered,India Post
CA-2014-108707,SHIP02530,Returned,Delhivery
CA-2014-111500,SHIP02531,Cancelled,DTDC
CA-2014-111500,SHIP02532,Delivered,Blue Dart
CA-2014-111500,SHIP02533,Delivered,XpressBees
CA-2014-111500,SHIP02534,Cancelled,XpressBees
US-2017-117723,SHIP02535,Delivered,Blue Dart
CA-2015-143238,SHIP02536,Delivered,Delhivery
CA-2015-168746,SHIP02537,Delivered,Delhivery
CA-2015-168746,SHIP02538,Delivered,India Post
CA-2015-168746,SHIP02539,Cancelled,XpressBees
CA-2015-113404,SHIP02540,Delivered,DTDC
CA-2015-113404,SHIP02541,Delivered,XpressBees
CA-2016-144792,SHIP02542,In Transit,India Post
CA-2014-164385,SHIP02543,Delivered,Ecom Express
US-2016-114174,SHIP02544,Delivered,Delhivery
US-2016-114174,SHIP02545,Cancelled,XpressBees
CA-2017-108070,SHIP02546,Cancelled,Ecom Express
CA-2017-108070,SHIP02547,Delivered,XpressBees
US-2015-128090,SHIP02548,Delivered,Blue Dart
US-2015-128090,SHIP02549,Delivered,DTDC
US-2015-128090,SHIP02550,Delivered,Ecom Express
US-2015-128090,SHIP02551,Delivered,Ecom Express
CA-2017-101042,SHIP02552,Cancelled,Ecom Express
CA-2017-101042,SHIP02553,Delivered,India Post
CA-2016-155439,SHIP02554,Returned,Delhivery
CA-2016-118626,SHIP02555,Delivered,India Post
CA-2015-111458,SHIP02556,In Transit,India Post
US-2016-126844,SHIP02557,Cancelled,Ecom Express
US-2015-112508,SHIP02558,Delivered,India Post
CA-2015-147788,SHIP02559,Delivered,DTDC
CA-2015-147788,SHIP02560,Delivered,India Post
CA-2015-147788,SHIP02561,Returned,DTDC
CA-2015-144288,SHIP02562,Returned,Ecom Express
CA-2015-144288,SHIP02563,Cancelled,Blue Dart
CA-2015-110632,SHIP02564,In Transit,India Post
CA-2015-110632,SHIP02565,Delivered,XpressBees
CA-2017-109589,SHIP02566,Delivered,DTDC
CA-2017-123967,SHIP02567,Returned,Blue Dart
CA-2017-123967,SHIP02568,Delivered,Delhivery
CA-2017-148929,SHIP02569,Delivered,DTDC
CA-2017-134404,SHIP02570,Delivered,XpressBees
CA-2017-134404,SHIP02571,Delivered,Ecom Express
CA-2017-109778,SHIP02572,Returned,Blue Dart
CA-2016-155845,SHIP02573,Delivered,Blue Dart
CA-2017-145128,SHIP02574,Delivered,India Post
CA-2014-129091,SHIP02575,Cancelled,DTDC
CA-2014-129091,SHIP02576,Delivered,Delhivery
CA-2014-129091,SHIP02577,Delivered,DTDC
CA-2014-129091,SHIP02578,In Transit,XpressBees
US-2014-155502,SHIP02579,Delivered,India Post
US-2014-155502,SHIP02580,Delivered,India Post
US-2014-155502,SHIP02581,Delivered,XpressBees
US-2014-155502,SHIP02582,Delivered,Delhivery
US-2014-155502,SHIP02583,Delivered,Blue Dart
US-2014-155502,SHIP02584,Delivered,Delhivery
US-2014-155502,SHIP02585,Returned,Ecom Express
CA-2015-121041,SHIP02586,Delivered,XpressBees
CA-2017-131695,SHIP02587,Delivered,India Post
CA-2017-131695,SHIP02588,Delivered,Blue Dart
CA-2016-137729,SHIP02589,Delivered,Ecom Express
CA-2016-137729,SHIP02590,In Transit,XpressBees
US-2016-115455,SHIP02591,Delivered,XpressBees
US-2016-115455,SHIP02592,Delivered,XpressBees
CA-2017-128300,SHIP02593,Delivered,XpressBees
CA-2017-128300,SHIP02594,Cancelled,DTDC
CA-2017-149048,SHIP02595,Delivered,Ecom Express
CA-2017-149048,SHIP02596,Delivered,DTDC
CA-2017-149048,SHIP02597,Delivered,Delhivery
CA-2017-149048,SHIP02598,Delivered,India Post
CA-2017-149048,SHIP02599,Delivered,XpressBees
CA-2017-108553,SHIP02600,Cancelled,India Post
CA-2017-108553,SHIP02601,Delivered,Ecom Express
CA-2016-165848,SHIP02602,Delivered,Delhivery
CA-2016-165848,SHIP02603,In Transit,India Post
CA-2016-165848,SHIP02604,Delivered,India Post
CA-2016-165848,SHIP02605,Delivered,India Post
CA-2014-112718,SHIP02606,Returned,India Post
CA-2016-154053,SHIP02607,Delivered,Ecom Express
CA-2014-127446,SHIP02608,Delivered,Delhivery
CA-2014-127446,SHIP02609,Delivered,India Post
CA-2014-127446,SHIP02610,In Transit,Blue Dart
CA-2014-127446,SHIP02611,Returned,Ecom Express
CA-2014-127446,SHIP02612,Delivered,Ecom Express
CA-2014-127446,SHIP02613,Delivered,Blue Dart
CA-2016-137204,SHIP02614,Delivered,Ecom Express
CA-2014-147298,SHIP02615,Cancelled,Delhivery
CA-2014-147298,SHIP02616,Delivered,Ecom Express
CA-2017-147942,SHIP02617,Delivered,Blue Dart
CA-2017-147942,SHIP02618,Delivered,Delhivery
CA-2017-115931,SHIP02619,Delivered,India Post
CA-2017-115931,SHIP02620,Delivered,XpressBees
CA-2017-115931,SHIP02621,Cancelled,Ecom Express
CA-2017-115931,SHIP02622,Delivered,India Post
CA-2014-164861,SHIP02623,Delivered,India Post
CA-2017-127180,SHIP02624,Returned,Ecom Express
CA-2017-127180,SHIP02625,Cancelled,DTDC
CA-2017-127180,SHIP02626,Delivered,India Post
CA-2017-127180,SHIP02627,Delivered,Blue Dart
US-2017-165344,SHIP02628,Delivered,India Post
US-2017-165344,SHIP02629,Delivered,XpressBees
US-2017-165344,SHIP02630,Cancelled,DTDC
CA-2015-168186,SHIP02631,Delivered,Blue Dart
US-2017-110604,SHIP02632,Delivered,XpressBees
US-2017-110604,SHIP02633,Delivered,Blue Dart
US-2017-110604,SHIP02634,Returned,Delhivery
CA-2015-116750,SHIP02635,Delivered,XpressBees
CA-2015-116750,SHIP02636,Delivered,DTDC
CA-2015-162369,SHIP02637,Delivered,Delhivery
CA-2017-108441,SHIP02638,Delivered,Ecom Express
CA-2017-108441,SHIP02639,Returned,XpressBees
CA-2017-108441,SHIP02640,In Transit,XpressBees
CA-2017-108441,SHIP02641,Delivered,Blue Dart
CA-2015-169740,SHIP02642,Delivered,Blue Dart
CA-2016-124051,SHIP02643,In Transit,Blue Dart
CA-2016-149111,SHIP02644,Delivered,India Post
CA-2016-149111,SHIP02645,In Transit,Delhivery
CA-2014-131002,SHIP02646,Delivered,XpressBees
CA-2014-131002,SHIP02647,Delivered,Delhivery
CA-2014-131002,SHIP02648,Returned,Delhivery
CA-2014-131002,SHIP02649,Delivered,Blue Dart
CA-2014-131002,SHIP02650,Delivered,DTDC
US-2016-146794,SHIP02651,In Transit,Ecom Express
CA-2017-112515,SHIP02652,Cancelled,XpressBees
CA-2017-112515,SHIP02653,Delivered,Blue Dart
CA-2017-112515,SHIP02654,Cancelled,Ecom Express
CA-2017-112515,SHIP02655,Delivered,DTDC
CA-2017-112515,SHIP02656,Delivered,Ecom Express
CA-2017-112515,SHIP02657,Returned,India Post
CA-2017-112515,SHIP02658,Delivered,XpressBees
CA-2016-150343,SHIP02659,Returned,Blue Dart
CA-2015-135538,SHIP02660,Delivered,India Post
CA-2017-123372,SHIP02661,Delivered,Blue Dart
CA-2017-123372,SHIP02662,In Transit,DTDC
CA-2017-159604,SHIP02663,Delivered,Ecom Express
CA-2016-164784,SHIP02664,Delivered,XpressBees
CA-2016-164784,SHIP02665,Delivered,XpressBees
CA-2016-164784,SHIP02666,Delivered,India Post
CA-2016-111794,SHIP02667,Delivered,Ecom Express
CA-2016-111794,SHIP02668,Delivered,India Post
US-2015-139759,SHIP02669,Delivered,XpressBees
US-2015-139759,SHIP02670,In Transit,Ecom Express
CA-2014-126403,SHIP02671,Returned,India Post
CA-2014-126403,SHIP02672,Delivered,India Post
CA-2014-126403,SHIP02673,Delivered,DTDC
CA-2014-126403,SHIP02674,Returned,India Post
CA-2017-136875,SHIP02675,Cancelled,Ecom Express
CA-2017-132185,SHIP02676,Delivered,XpressBees
CA-2017-132185,SHIP02677,Delivered,Delhivery
US-2014-160780,SHIP02678,Returned,Delhivery
US-2014-160780,SHIP02679,Delivered,Ecom Express
CA-2017-127026,SHIP02680,Delivered,Blue Dart
CA-2017-127026,SHIP02681,Returned,India Post
CA-2017-127026,SHIP02682,Delivered,DTDC
CA-2017-127026,SHIP02683,Delivered,DTDC
CA-2017-127026,SHIP02684,Delivered,XpressBees
CA-2017-137085,SHIP02685,Cancelled,DTDC
CA-2016-133123,SHIP02686,Delivered,DTDC
CA-2016-133123,SHIP02687,Delivered,Ecom Express
US-2016-128195,SHIP02688,Delivered,Ecom Express
CA-2015-153220,SHIP02689,Delivered,XpressBees
CA-2014-123064,SHIP02690,Returned,DTDC
CA-2017-156412,SHIP02691,Delivered,Ecom Express
US-2016-144211,SHIP02692,Delivered,Blue Dart
US-2016-144211,SHIP02693,Delivered,Blue Dart
CA-2016-138079,SHIP02694,Delivered,Delhivery
CA-2014-143182,SHIP02695,Returned,DTDC
CA-2016-161662,SHIP02696,Delivered,XpressBees
CA-2014-145317,SHIP02697,Delivered,Delhivery
CA-2014-145317,SHIP02698,Delivered,India Post
CA-2014-145317,SHIP02699,Delivered,Blue Dart
CA-2014-145317,SHIP02700,In Transit,India Post
CA-2014-145317,SHIP02701,Delivered,XpressBees
CA-2014-145317,SHIP02702,Delivered,Delhivery
CA-2014-145317,SHIP02703,Cancelled,India Post
CA-2014-143413,SHIP02704,Delivered,India Post
CA-2017-156818,SHIP02705,Delivered,Delhivery
CA-2017-155873,SHIP02706,In Transit,DTDC
CA-2017-155873,SHIP02707,Delivered,Blue Dart
CA-2017-155873,SHIP02708,Returned,Blue Dart
CA-2015-121797,SHIP02709,Cancelled,Ecom Express
CA-2015-121797,SHIP02710,Delivered,India Post
US-2015-120572,SHIP02711,Delivered,Ecom Express
CA-2017-132430,SHIP02712,Delivered,Ecom Express
CA-2017-146031,SHIP02713,Delivered,Ecom Express
CA-2014-110100,SHIP02714,Cancelled,Ecom Express
CA-2015-103723,SHIP02715,Delivered,XpressBees
CA-2014-127187,SHIP02716,Delivered,Blue Dart
CA-2017-128475,SHIP02717,Delivered,Delhivery
CA-2014-100006,SHIP02718,Delivered,DTDC
CA-2017-144827,SHIP02719,Delivered,India Post
CA-2014-110030,SHIP02720,In Transit,Delhivery
CA-2014-121286,SHIP02721,Returned,XpressBees
CA-2014-121286,SHIP02722,Delivered,DTDC
CA-2016-164735,SHIP02723,In Transit,Delhivery
CA-2014-153479,SHIP02724,Delivered,Delhivery
CA-2014-153479,SHIP02725,Delivered,Delhivery
CA-2017-149888,SHIP02726,Delivered,India Post
CA-2017-149888,SHIP02727,Delivered,XpressBees
CA-2017-119193,SHIP02728,Returned,DTDC
CA-2017-119193,SHIP02729,Delivered,Delhivery
CA-2017-104801,SHIP02730,Cancelled,DTDC
CA-2017-104801,SHIP02731,In Transit,Blue Dart
CA-2017-104801,SHIP02732,Delivered,Ecom Express
CA-2014-107594,SHIP02733,Delivered,Blue Dart
CA-2014-107594,SHIP02734,Delivered,India Post
CA-2015-129770,SHIP02735,Delivered,Delhivery
CA-2015-115798,SHIP02736,Delivered,India Post
CA-2015-115798,SHIP02737,Delivered,Delhivery
CA-2015-115798,SHIP02738,Delivered,Delhivery
CA-2015-115798,SHIP02739,Delivered,India Post
CA-2017-122707,SHIP02740,Delivered,DTDC
CA-2017-122707,SHIP02741,Delivered,DTDC
CA-2016-165015,SHIP02742,Delivered,Ecom Express
CA-2014-149244,SHIP02743,Cancelled,Delhivery
CA-2015-140144,SHIP02744,Cancelled,Delhivery
CA-2015-140144,SHIP02745,In Transit,XpressBees
CA-2017-163321,SHIP02746,Delivered,XpressBees
CA-2014-155887,SHIP02747,Delivered,DTDC
US-2015-165449,SHIP02748,Delivered,DTDC
CA-2015-110247,SHIP02749,Delivered,Ecom Express
US-2014-141257,SHIP02750,Delivered,DTDC
CA-2014-154669,SHIP02751,Delivered,Blue Dart
CA-2014-158029,SHIP02752,Delivered,Delhivery
CA-2015-155306,SHIP02753,Delivered,XpressBees
CA-2015-155306,SHIP02754,Delivered,DTDC
CA-2015-155306,SHIP02755,Delivered,India Post
CA-2015-155306,SHIP02756,In Transit,XpressBees
CA-2015-155306,SHIP02757,Delivered,Ecom Express
CA-2016-127775,SHIP02758,Delivered,Blue Dart
CA-2016-146171,SHIP02759,Delivered,DTDC
CA-2016-146171,SHIP02760,Delivered,XpressBees
CA-2014-129574,SHIP02761,Delivered,Ecom Express
CA-2017-126536,SHIP02762,Delivered,Blue Dart
CA-2017-126536,SHIP02763,Delivered,Delhivery
CA-2017-165757,SHIP02764,Delivered,Ecom Express
CA-2017-165757,SHIP02765,Cancelled,Delhivery
CA-2017-165757,SHIP02766,Delivered,XpressBees
CA-2017-167752,SHIP02767,Returned,India Post
CA-2017-167752,SHIP02768,Delivered,India Post
US-2015-122140,SHIP02769,Returned,Blue Dart
US-2015-122140,SHIP02770,Delivered,Delhivery
US-2015-122140,SHIP02771,In Transit,DTDC
CA-2016-163986,SHIP02772,In Transit,DTDC
CA-2017-158967,SHIP02773,Delivered,DTDC
CA-2016-131576,SHIP02774,In Transit,Delhivery
CA-2017-143455,SHIP02775,Delivered,Ecom Express
CA-2016-144729,SHIP02776,Delivered,Blue Dart
CA-2015-127019,SHIP02777,Delivered,XpressBees
CA-2015-138534,SHIP02778,Delivered,XpressBees
CA-2017-108322,SHIP02779,Cancelled,XpressBees
CA-2017-108322,SHIP02780,Delivered,Blue Dart
CA-2017-167668,SHIP02781,Cancelled,Ecom Express
CA-2017-146724,SHIP02782,In Transit,XpressBees
CA-2016-139878,SHIP02783,Returned,XpressBees
US-2016-106677,SHIP02784,Delivered,XpressBees
CA-2016-116974,SHIP02785,In Transit,Ecom Express
CA-2015-149972,SHIP02786,Delivered,Blue Dart
CA-2015-149972,SHIP02787,Delivered,XpressBees
US-2014-117744,SHIP02788,Returned,XpressBees
US-2014-117744,SHIP02789,Delivered,XpressBees
US-2014-117744,SHIP02790,Returned,India Post
CA-2014-125514,SHIP02791,Delivered,XpressBees
CA-2014-125514,SHIP02792,Delivered,Blue Dart
CA-2014-125514,SHIP02793,Delivered,DTDC
CA-2014-154599,SHIP02794,Delivered,DTDC
CA-2014-154599,SHIP02795,Delivered,Blue Dart
CA-2014-154599,SHIP02796,Delivered,Blue Dart
CA-2014-154599,SHIP02797,Delivered,India Post
CA-2017-158743,SHIP02798,Delivered,Blue Dart
CA-2017-158743,SHIP02799,Delivered,India Post
CA-2017-158743,SHIP02800,Returned,DTDC
CA-2016-153318,SHIP02801,Delivered,India Post
US-2015-110163,SHIP02802,Delivered,Ecom Express
CA-2017-143329,SHIP02803,Delivered,India Post
CA-2015-159380,SHIP02804,Delivered,XpressBees
CA-2015-159380,SHIP02805,In Transit,Blue Dart
CA-2015-122623,SHIP02806,Delivered,Ecom Express
CA-2015-148635,SHIP02807,Returned,India Post
CA-2015-148635,SHIP02808,Delivered,XpressBees
CA-2015-148635,SHIP02809,Delivered,DTDC
CA-2015-148635,SHIP02810,Delivered,Delhivery
CA-2015-135685,SHIP02811,Delivered,XpressBees
CA-2015-135685,SHIP02812,Delivered,India Post
CA-2015-135685,SHIP02813,Delivered,Ecom Express
CA-2015-135685,SHIP02814,Delivered,Blue Dart
CA-2015-135685,SHIP02815,Delivered,Delhivery
CA-2015-104626,SHIP02816,Delivered,Delhivery
CA-2015-104626,SHIP02817,Returned,India Post
CA-2015-104626,SHIP02818,Delivered,XpressBees
CA-2015-104626,SHIP02819,Delivered,India Post
CA-2016-160500,SHIP02820,Delivered,Delhivery
CA-2016-160500,SHIP02821,Delivered,XpressBees
CA-2017-100202,SHIP02822,Delivered,Ecom Express
CA-2017-131016,SHIP02823,Delivered,India Post
CA-2017-131016,SHIP02824,Delivered,Delhivery
US-2014-112914,SHIP02825,Delivered,XpressBees
US-2014-112914,SHIP02826,Delivered,DTDC
US-2014-112914,SHIP02827,Delivered,Ecom Express
US-2014-112914,SHIP02828,In Transit,DTDC
CA-2016-124149,SHIP02829,Delivered,Blue Dart
CA-2016-124149,SHIP02830,Delivered,XpressBees
CA-2016-124149,SHIP02831,Delivered,DTDC
CA-2014-148915,SHIP02832,Delivered,XpressBees
CA-2014-148915,SHIP02833,Delivered,XpressBees
CA-2017-134649,SHIP02834,Delivered,Delhivery
CA-2017-134649,SHIP02835,Delivered,Ecom Express
CA-2017-110842,SHIP02836,Returned,Blue Dart
CA-2017-110842,SHIP02837,Delivered,India Post
CA-2017-110842,SHIP02838,Delivered,Blue Dart
CA-2016-147368,SHIP02839,Delivered,Delhivery
US-2015-104185,SHIP02840,In Transit,Blue Dart
US-2014-125521,SHIP02841,Delivered,DTDC
US-2017-135062,SHIP02842,Delivered,India Post
CA-2017-135650,SHIP02843,Delivered,DTDC
CA-2017-112865,SHIP02844,Delivered,India Post
US-2016-162852,SHIP02845,Returned,DTDC
CA-2017-138163,SHIP02846,Delivered,Blue Dart
CA-2017-152093,SHIP02847,Delivered,Delhivery
CA-2017-157854,SHIP02848,Cancelled,Blue Dart
CA-2017-157854,SHIP02849,Delivered,Delhivery
CA-2016-123617,SHIP02850,Delivered,Ecom Express
US-2016-128293,SHIP02851,Delivered,Blue Dart
CA-2017-107342,SHIP02852,Delivered,XpressBees
CA-2016-136371,SHIP02853,Delivered,DTDC
CA-2016-136371,SHIP02854,Returned,Delhivery
CA-2017-137344,SHIP02855,Delivered,India Post
CA-2017-169810,SHIP02856,Delivered,Ecom Express
CA-2016-128594,SHIP02857,In Transit,Ecom Express
CA-2016-154690,SHIP02858,Delivered,Ecom Express
CA-2017-138975,SHIP02859,Cancelled,India Post
CA-2017-138975,SHIP02860,Delivered,Ecom Express
CA-2017-138975,SHIP02861,Cancelled,Blue Dart
CA-2017-138975,SHIP02862,Returned,Ecom Express
CA-2017-106537,SHIP02863,Delivered,Delhivery
US-2017-103828,SHIP02864,Cancelled,Delhivery
US-2017-103828,SHIP02865,Returned,Blue Dart
US-2017-103828,SHIP02866,Delivered,Ecom Express
US-2017-103828,SHIP02867,In Transit,DTDC
CA-2016-115588,SHIP02868,Delivered,Delhivery
CA-2016-115588,SHIP02869,Delivered,India Post
CA-2017-143861,SHIP02870,Delivered,Ecom Express
CA-2014-148040,SHIP02871,Delivered,Ecom Express
CA-2014-148040,SHIP02872,Delivered,Blue Dart
CA-2017-135167,SHIP02873,Delivered,Blue Dart
CA-2017-137022,SHIP02874,Delivered,Ecom Express
US-2017-102638,SHIP02875,Delivered,India Post
US-2016-167339,SHIP02876,Delivered,DTDC
US-2016-167339,SHIP02877,In Transit,India Post
CA-2016-152072,SHIP02878,Delivered,India Post
CA-2016-152072,SHIP02879,Delivered,DTDC
CA-2016-152072,SHIP02880,Delivered,Ecom Express
CA-2016-102932,SHIP02881,Delivered,XpressBees
CA-2016-102932,SHIP02882,Delivered,XpressBees
CA-2014-165540,SHIP02883,Delivered,India Post
CA-2016-130799,SHIP02884,Delivered,Ecom Express
CA-2016-164483,SHIP02885,Cancelled,DTDC
US-2016-159856,SHIP02886,Delivered,Ecom Express
CA-2017-102099,SHIP02887,Delivered,Ecom Express
CA-2017-102099,SHIP02888,Delivered,Blue Dart
CA-2017-102099,SHIP02889,Cancelled,Delhivery
CA-2017-164049,SHIP02890,Delivered,Delhivery
CA-2014-142727,SHIP02891,Delivered,Delhivery
CA-2014-142727,SHIP02892,In Transit,Ecom Express
CA-2017-139913,SHIP02893,Delivered,Blue Dart
CA-2017-139913,SHIP02894,Cancelled,Blue Dart
CA-2017-139913,SHIP02895,Delivered,XpressBees
CA-2017-139913,SHIP02896,Delivered,Ecom Express
CA-2014-169033,SHIP02897,Delivered,Delhivery
US-2016-164630,SHIP02898,Delivered,XpressBees
US-2015-114839,SHIP02899,Delivered,Ecom Express
CA-2015-166464,SHIP02900,Delivered,Blue Dart
CA-2015-166464,SHIP02901,Delivered,Delhivery
CA-2017-124898,SHIP02902,Returned,Delhivery
CA-2016-164035,SHIP02903,In Transit,India Post
CA-2016-153577,SHIP02904,Delivered,XpressBees
CA-2016-153577,SHIP02905,Delivered,XpressBees
CA-2014-127586,SHIP02906,Delivered,DTDC
CA-2017-121615,SHIP02907,In Transit,DTDC
CA-2017-121615,SHIP02908,Delivered,Delhivery
CA-2017-121615,SHIP02909,Delivered,DTDC
CA-2017-166415,SHIP02910,In Transit,Delhivery
CA-2015-118444,SHIP02911,Delivered,XpressBees
CA-2014-113929,SHIP02912,Delivered,Ecom Express
CA-2014-113929,SHIP02913,In Transit,XpressBees
CA-2014-113929,SHIP02914,In Transit,Delhivery
CA-2015-134747,SHIP02915,Delivered,Blue Dart
CA-2015-134747,SHIP02916,Cancelled,DTDC
CA-2015-134747,SHIP02917,Returned,Ecom Express
CA-2017-155047,SHIP02918,Delivered,Blue Dart
CA-2016-160129,SHIP02919,Returned,Blue Dart
CA-2016-160129,SHIP02920,Delivered,Delhivery
CA-2016-160129,SHIP02921,Cancelled,XpressBees
CA-2017-164329,SHIP02922,Delivered,Delhivery
US-2015-141453,SHIP02923,In Transit,DTDC
CA-2014-156993,SHIP02924,Delivered,XpressBees
CA-2014-157721,SHIP02925,Cancelled,Ecom Express
CA-2014-157721,SHIP02926,Delivered,Blue Dart
CA-2017-128629,SHIP02927,Delivered,XpressBees
CA-2017-158106,SHIP02928,Delivered,India Post
US-2017-120390,SHIP02929,Cancelled,DTDC
CA-2017-143434,SHIP02930,Delivered,DTDC
CA-2015-168564,SHIP02931,Delivered,Blue Dart
CA-2015-168564,SHIP02932,Returned,XpressBees
CA-2015-168564,SHIP02933,Delivered,XpressBees
US-2016-169040,SHIP02934,Returned,Ecom Express
US-2016-169040,SHIP02935,Delivered,Ecom Express
US-2016-169040,SHIP02936,Delivered,XpressBees
US-2016-169040,SHIP02937,Delivered,Delhivery
US-2016-169040,SHIP02938,Delivered,XpressBees
US-2016-169040,SHIP02939,In Transit,Ecom Express
US-2016-169040,SHIP02940,Delivered,India Post
CA-2017-155880,SHIP02941,In Transit,XpressBees
CA-2017-155880,SHIP02942,Delivered,Delhivery
CA-2017-155880,SHIP02943,Delivered,Delhivery
CA-2017-126242,SHIP02944,Delivered,Ecom Express
CA-2017-126242,SHIP02945,Delivered,Ecom Express
CA-2016-166443,SHIP02946,Delivered,XpressBees
CA-2017-169859,SHIP02947,Delivered,DTDC
CA-2017-169859,SHIP02948,Cancelled,XpressBees
CA-2017-169859,SHIP02949,Delivered,DTDC
CA-2017-134915,SHIP02950,Returned,XpressBees
CA-2017-134915,SHIP02951,Cancelled,Delhivery
CA-2017-134915,SHIP02952,Delivered,India Post
CA-2017-134915,SHIP02953,Delivered,Blue Dart
CA-2017-134915,SHIP02954,Delivered,India Post
CA-2017-134915,SHIP02955,Delivered,India Post
CA-2016-153353,SHIP02956,Delivered,India Post
CA-2017-123638,SHIP02957,Delivered,XpressBees
CA-2017-168900,SHIP02958,Delivered,XpressBees
CA-2015-158456,SHIP02959,Delivered,Blue Dart
CA-2015-158456,SHIP02960,Delivered,Ecom Express
CA-2017-143665,SHIP02961,Delivered,Blue Dart
CA-2017-143665,SHIP02962,In Transit,XpressBees
CA-2017-137428,SHIP02963,Delivered,DTDC
CA-2017-137428,SHIP02964,In Transit,Delhivery
CA-2017-137428,SHIP02965,Cancelled,Blue Dart
CA-2017-137428,SHIP02966,Delivered,DTDC
CA-2014-162866,SHIP02967,Delivered,Ecom Express
CA-2014-162866,SHIP02968,Delivered,India Post
CA-2017-167941,SHIP02969,Delivered,Blue Dart
CA-2017-167941,SHIP02970,Delivered,Delhivery
CA-2017-167941,SHIP02971,Delivered,Blue Dart
CA-2017-167941,SHIP02972,Delivered,DTDC
CA-2017-167941,SHIP02973,Delivered,XpressBees
CA-2017-111808,SHIP02974,Delivered,Ecom Express
CA-2015-137512,SHIP02975,Cancelled,DTDC
CA-2015-137512,SHIP02976,In Transit,XpressBees
CA-2017-139773,SHIP02977,Delivered,India Post
CA-2017-134607,SHIP02978,Delivered,XpressBees
CA-2014-109232,SHIP02979,Delivered,Ecom Express
CA-2015-139850,SHIP02980,Delivered,XpressBees
CA-2015-139850,SHIP02981,Delivered,XpressBees
CA-2014-131310,SHIP02982,Delivered,XpressBees
CA-2014-131310,SHIP02983,Delivered,Blue Dart
US-2014-112872,SHIP02984,Delivered,Blue Dart
US-2014-112872,SHIP02985,Returned,Ecom Express
CA-2016-139269,SHIP02986,Delivered,DTDC
CA-2016-139269,SHIP02987,Delivered,Blue Dart
CA-2016-139269,SHIP02988,Delivered,DTDC
CA-2016-139010,SHIP02989,Delivered,Delhivery
CA-2016-139010,SHIP02990,Delivered,Delhivery
CA-2016-139010,SHIP02991,Delivered,Ecom Express
CA-2016-139010,SHIP02992,Delivered,Blue Dart
CA-2016-134376,SHIP02993,Delivered,Delhivery
CA-2017-147291,SHIP02994,Delivered,Ecom Express
CA-2016-112893,SHIP02995,Delivered,Ecom Express
US-2014-150532,SHIP02996,Delivered,XpressBees
CA-2014-138317,SHIP02997,Delivered,India Post
CA-2014-138317,SHIP02998,In Transit,India Post
CA-2014-138317,SHIP02999,Returned,India Post
CA-2014-138317,SHIP03000,Delivered,XpressBees
CA-2014-138317,SHIP03001,Delivered,Delhivery
CA-2014-138317,SHIP03002,Delivered,XpressBees
CA-2015-130610,SHIP03003,Delivered,India Post
CA-2017-104381,SHIP03004,Delivered,India Post
CA-2016-131499,SHIP03005,Delivered,Ecom Express
CA-2014-148761,SHIP03006,Delivered,Delhivery
CA-2017-116519,SHIP03007,Delivered,Blue Dart
CA-2014-130729,SHIP03008,Delivered,XpressBees
CA-2016-124772,SHIP03009,Delivered,India Post
CA-2016-115525,SHIP03010,Delivered,XpressBees
CA-2017-134845,SHIP03011,Delivered,Ecom Express
CA-2017-134845,SHIP03012,Delivered,Ecom Express
CA-2017-134845,SHIP03013,Delivered,Delhivery
CA-2017-134845,SHIP03014,Delivered,India Post
CA-2017-134845,SHIP03015,Cancelled,DTDC
US-2015-138919,SHIP03016,Cancelled,XpressBees
US-2016-160528,SHIP03017,Delivered,DTDC
US-2016-160528,SHIP03018,Returned,Blue Dart
US-2016-160528,SHIP03019,Delivered,India Post
CA-2015-123568,SHIP03020,Delivered,Delhivery
CA-2015-123568,SHIP03021,Delivered,XpressBees
CA-2015-123568,SHIP03022,In Transit,Delhivery
CA-2015-123568,SHIP03023,Delivered,DTDC
CA-2017-124674,SHIP03024,Cancelled,Blue Dart
CA-2015-164441,SHIP03025,Delivered,India Post
CA-2015-164441,SHIP03026,Delivered,Blue Dart
CA-2017-169054,SHIP03027,Delivered,DTDC
CA-2014-106719,SHIP03028,Delivered,Delhivery
CA-2017-116855,SHIP03029,Delivered,Delhivery
US-2016-164189,SHIP03030,Delivered,DTDC
CA-2015-168480,SHIP03031,Delivered,XpressBees
CA-2015-168480,SHIP03032,Delivered,Delhivery
US-2016-114293,SHIP03033,Delivered,Delhivery
CA-2017-134173,SHIP03034,Delivered,DTDC
US-2015-123960,SHIP03035,Delivered,Blue Dart
US-2015-123960,SHIP03036,Delivered,Blue Dart
US-2015-123960,SHIP03037,Returned,DTDC
US-2015-123960,SHIP03038,Delivered,Delhivery
US-2015-123960,SHIP03039,Delivered,India Post
CA-2017-101749,SHIP03040,Delivered,DTDC
US-2016-147991,SHIP03041,Delivered,Blue Dart
CA-2017-149559,SHIP03042,Delivered,Ecom Express
CA-2017-149559,SHIP03043,Delivered,Delhivery
CA-2017-149559,SHIP03044,Returned,XpressBees
CA-2015-135174,SHIP03045,In Transit,Ecom Express
CA-2017-125290,SHIP03046,Cancelled,DTDC
CA-2017-125290,SHIP03047,Cancelled,Blue Dart
CA-2014-137351,SHIP03048,Delivered,Delhivery
CA-2017-121419,SHIP03049,Returned,Delhivery
CA-2017-121419,SHIP03050,Delivered,XpressBees
US-2017-148054,SHIP03051,Returned,India Post
US-2017-148054,SHIP03052,Delivered,XpressBees
US-2017-148054,SHIP03053,Delivered,India Post
CA-2016-128517,SHIP03054,Delivered,India Post
CA-2016-128517,SHIP03055,Returned,Delhivery
US-2015-100377,SHIP03056,Delivered,India Post
CA-2017-131492,SHIP03057,Returned,Blue Dart
CA-2017-131492,SHIP03058,Cancelled,DTDC
CA-2017-131492,SHIP03059,Delivered,XpressBees
CA-2017-131492,SHIP03060,Delivered,DTDC
CA-2016-144554,SHIP03061,Delivered,Blue Dart
CA-2017-127621,SHIP03062,Delivered,India Post
CA-2015-145184,SHIP03063,Delivered,Ecom Express
CA-2015-145184,SHIP03064,Returned,Delhivery
CA-2017-106859,SHIP03065,Cancelled,Delhivery
CA-2017-106859,SHIP03066,Delivered,DTDC
CA-2017-106859,SHIP03067,Delivered,DTDC
CA-2017-106859,SHIP03068,Delivered,India Post
CA-2017-106859,SHIP03069,Cancelled,Blue Dart
US-2017-120089,SHIP03070,Cancelled,India Post
CA-2014-119375,SHIP03071,Returned,DTDC
CA-2014-119375,SHIP03072,Delivered,DTDC
CA-2014-119375,SHIP03073,Delivered,India Post
CA-2016-125206,SHIP03074,Delivered,DTDC
CA-2015-126137,SHIP03075,Delivered,Ecom Express
CA-2014-143903,SHIP03076,Delivered,Delhivery
CA-2014-143903,SHIP03077,Delivered,Blue Dart
CA-2014-143903,SHIP03078,Delivered,XpressBees
CA-2014-104780,SHIP03079,Delivered,Delhivery
CA-2017-101182,SHIP03080,Delivered,India Post
CA-2017-101182,SHIP03081,Delivered,DTDC
US-2017-132297,SHIP03082,Delivered,Blue Dart
US-2017-132297,SHIP03083,Delivered,DTDC
CA-2014-100328,SHIP03084,In Transit,India Post
CA-2017-118773,SHIP03085,Delivered,India Post
CA-2017-118773,SHIP03086,Cancelled,Blue Dart
CA-2017-118773,SHIP03087,Cancelled,Blue Dart
CA-2017-118773,SHIP03088,Delivered,Blue Dart
US-2017-159205,SHIP03089,Delivered,Ecom Express
US-2017-159205,SHIP03090,Delivered,Blue Dart
CA-2016-112123,SHIP03091,Returned,India Post
CA-2016-112123,SHIP03092,Delivered,Ecom Express
CA-2016-112123,SHIP03093,Delivered,DTDC
CA-2015-114468,SHIP03094,Delivered,XpressBees
CA-2015-114468,SHIP03095,Delivered,DTDC
CA-2015-114468,SHIP03096,Delivered,Blue Dart
CA-2015-114468,SHIP03097,Returned,XpressBees
CA-2017-135692,SHIP03098,Returned,Blue Dart
CA-2017-135692,SHIP03099,Delivered,Delhivery
CA-2017-131233,SHIP03100,Delivered,India Post
CA-2017-131233,SHIP03101,Delivered,Ecom Express
CA-2017-119578,SHIP03102,Delivered,Blue Dart
CA-2017-119578,SHIP03103,Cancelled,Delhivery
CA-2016-124562,SHIP03104,In Transit,Blue Dart
US-2017-140074,SHIP03105,Delivered,DTDC
CA-2016-103037,SHIP03106,Delivered,XpressBees
CA-2017-127460,SHIP03107,In Transit,Delhivery
CA-2016-121671,SHIP03108,Returned,Blue Dart
CA-2016-121671,SHIP03109,Delivered,Ecom Express
CA-2016-121671,SHIP03110,Returned,XpressBees
CA-2016-121671,SHIP03111,Returned,Delhivery
CA-2016-121671,SHIP03112,Delivered,Blue Dart
CA-2016-150350,SHIP03113,Delivered,Blue Dart
CA-2016-150350,SHIP03114,Cancelled,Delhivery
CA-2016-150350,SHIP03115,Delivered,Blue Dart
CA-2016-150350,SHIP03116,Delivered,Blue Dart
CA-2016-150350,SHIP03117,Cancelled,India Post
CA-2016-150350,SHIP03118,Delivered,Delhivery
CA-2015-121720,SHIP03119,Delivered,XpressBees
CA-2015-121720,SHIP03120,Delivered,Ecom Express
CA-2015-121720,SHIP03121,Delivered,Delhivery
CA-2015-121720,SHIP03122,Delivered,XpressBees
CA-2015-121720,SHIP03123,Delivered,Delhivery
CA-2015-121720,SHIP03124,Delivered,Blue Dart
CA-2015-121720,SHIP03125,Cancelled,Blue Dart
CA-2015-121720,SHIP03126,Cancelled,Delhivery
CA-2017-149895,SHIP03127,Delivered,XpressBees
CA-2017-147564,SHIP03128,Cancelled,DTDC
CA-2014-136399,SHIP03129,Returned,XpressBees
CA-2014-136399,SHIP03130,Returned,India Post
CA-2014-136399,SHIP03131,Delivered,Ecom Express
CA-2014-136399,SHIP03132,Returned,Delhivery
CA-2014-107916,SHIP03133,Delivered,DTDC
CA-2014-107916,SHIP03134,Delivered,Blue Dart
CA-2017-164168,SHIP03135,Delivered,Delhivery
CA-2017-164168,SHIP03136,Cancelled,Ecom Express
CA-2017-164168,SHIP03137,Delivered,India Post
CA-2017-164168,SHIP03138,Delivered,XpressBees
CA-2017-164168,SHIP03139,Delivered,Ecom Express
CA-2017-164168,SHIP03140,Delivered,Blue Dart
CA-2015-112557,SHIP03141,Delivered,Delhivery
US-2014-122959,SHIP03142,Delivered,Ecom Express
CA-2017-162572,SHIP03143,Delivered,Delhivery
CA-2017-162572,SHIP03144,Delivered,Blue Dart
US-2016-148110,SHIP03145,Returned,XpressBees
CA-2017-131828,SHIP03146,Delivered,XpressBees
CA-2017-131828,SHIP03147,Delivered,XpressBees
CA-2014-109218,SHIP03148,Delivered,DTDC
CA-2016-120558,SHIP03149,Delivered,Ecom Express
US-2014-109036,SHIP03150,In Transit,XpressBees
CA-2015-147830,SHIP03151,Delivered,India Post
CA-2015-147830,SHIP03152,Delivered,Delhivery
CA-2015-147830,SHIP03153,In Transit,XpressBees
CA-2015-147830,SHIP03154,In Transit,DTDC
CA-2017-150497,SHIP03155,Delivered,Blue Dart
CA-2014-128986,SHIP03156,Delivered,Blue Dart
CA-2015-139584,SHIP03157,Delivered,XpressBees
CA-2015-139584,SHIP03158,Cancelled,DTDC
US-2016-162677,SHIP03159,Delivered,DTDC
US-2016-162677,SHIP03160,Delivered,Blue Dart
US-2014-150924,SHIP03161,Delivered,Delhivery
CA-2014-153969,SHIP03162,Delivered,Delhivery
CA-2014-153969,SHIP03163,Delivered,India Post
CA-2014-153969,SHIP03164,Delivered,Blue Dart
CA-2014-153969,SHIP03165,Delivered,Ecom Express
CA-2014-153969,SHIP03166,Delivered,Blue Dart
CA-2014-153969,SHIP03167,Delivered,XpressBees
CA-2016-146682,SHIP03168,Delivered,Ecom Express
CA-2016-138695,SHIP03169,Delivered,Ecom Express
CA-2016-138695,SHIP03170,In Transit,DTDC
CA-2017-107461,SHIP03171,Delivered,XpressBees
US-2016-133879,SHIP03172,Delivered,XpressBees
US-2016-133879,SHIP03173,Delivered,India Post
US-2016-133879,SHIP03174,Delivered,XpressBees
CA-2017-157483,SHIP03175,Delivered,XpressBees
US-2017-132059,SHIP03176,Returned,Delhivery
US-2017-132059,SHIP03177,Delivered,Ecom Express
CA-2017-122280,SHIP03178,Delivered,Delhivery
CA-2017-105235,SHIP03179,Delivered,XpressBees
CA-2017-105235,SHIP03180,Cancelled,India Post
CA-2017-105235,SHIP03181,Delivered,India Post
CA-2017-152912,SHIP03182,Cancelled,Blue Dart
CA-2017-152912,SHIP03183,Delivered,Ecom Express
CA-2017-152912,SHIP03184,Delivered,Ecom Express
CA-2017-152912,SHIP03185,Cancelled,Delhivery
CA-2014-123498,SHIP03186,Returned,Blue Dart
CA-2014-123498,SHIP03187,Delivered,India Post
CA-2017-159352,SHIP03188,Delivered,Ecom Express
US-2017-146416,SHIP03189,Returned,Ecom Express
US-2017-146416,SHIP03190,Delivered,Ecom Express
US-2015-163783,SHIP03191,Delivered,India Post
CA-2017-123981,SHIP03192,Delivered,XpressBees
CA-2017-158953,SHIP03193,Delivered,XpressBees
CA-2014-165428,SHIP03194,Returned,Delhivery
CA-2014-165428,SHIP03195,Delivered,Ecom Express
CA-2016-169026,SHIP03196,Delivered,India Post
CA-2017-109750,SHIP03197,Delivered,Blue Dart
CA-2015-149384,SHIP03198,Delivered,India Post
CA-2014-131527,SHIP03199,Cancelled,Delhivery
CA-2017-164000,SHIP03200,Delivered,XpressBees
CA-2014-164224,SHIP03201,Delivered,Blue Dart
CA-2014-164224,SHIP03202,Delivered,Blue Dart
CA-2014-158372,SHIP03203,Returned,Blue Dart
CA-2014-158372,SHIP03204,Delivered,Blue Dart
CA-2014-158372,SHIP03205,Delivered,India Post
CA-2014-158372,SHIP03206,In Transit,XpressBees
CA-2014-158372,SHIP03207,In Transit,XpressBees
CA-2014-158372,SHIP03208,Delivered,India Post
CA-2016-108882,SHIP03209,Delivered,XpressBees
CA-2016-108882,SHIP03210,Returned,DTDC
US-2017-108245,SHIP03211,Delivered,India Post
US-2017-108245,SHIP03212,Delivered,Blue Dart
CA-2014-142314,SHIP03213,In Transit,XpressBees
CA-2016-132409,SHIP03214,Delivered,Ecom Express
CA-2016-132409,SHIP03215,Delivered,Ecom Express
CA-2017-150189,SHIP03216,Delivered,Ecom Express
CA-2014-114433,SHIP03217,Delivered,Delhivery
CA-2017-104640,SHIP03218,Delivered,India Post
CA-2017-104640,SHIP03219,Delivered,Blue Dart
US-2015-137008,SHIP03220,Delivered,India Post
US-2015-137008,SHIP03221,Delivered,XpressBees
US-2015-137008,SHIP03222,Delivered,XpressBees
CA-2014-108189,SHIP03223,Delivered,Ecom Express
CA-2014-108189,SHIP03224,Cancelled,Delhivery
CA-2014-108189,SHIP03225,Cancelled,Delhivery
CA-2014-108189,SHIP03226,Delivered,XpressBees
CA-2014-108189,SHIP03227,Delivered,Ecom Express
CA-2014-108189,SHIP03228,Delivered,Ecom Express
CA-2014-108189,SHIP03229,Returned,Ecom Express
CA-2014-154641,SHIP03230,Cancelled,Blue Dart
CA-2017-131625,SHIP03231,In Transit,Ecom Express
US-2017-156356,SHIP03232,Delivered,Delhivery
US-2017-156356,SHIP03233,In Transit,Delhivery
US-2017-156356,SHIP03234,Delivered,Delhivery
CA-2016-138933,SHIP03235,Delivered,DTDC
CA-2016-140746,SHIP03236,Delivered,India Post
CA-2016-146836,SHIP03237,Delivered,DTDC
CA-2016-146836,SHIP03238,Delivered,India Post
US-2016-127971,SHIP03239,Delivered,XpressBees
US-2016-127971,SHIP03240,Delivered,Ecom Express
US-2016-127971,SHIP03241,In Transit,Ecom Express
US-2016-140809,SHIP03242,Cancelled,XpressBees
CA-2017-114524,SHIP03243,Delivered,Delhivery
CA-2017-113355,SHIP03244,Delivered,Blue Dart
CA-2017-113355,SHIP03245,In Transit,Blue Dart
US-2017-140907,SHIP03246,Delivered,Ecom Express
US-2017-140907,SHIP03247,In Transit,DTDC
US-2017-140907,SHIP03248,In Transit,India Post
CA-2016-159730,SHIP03249,Delivered,XpressBees
CA-2016-159730,SHIP03250,Delivered,Ecom Express
CA-2016-157868,SHIP03251,Delivered,India Post
CA-2017-119389,SHIP03252,Delivered,Delhivery
CA-2017-110373,SHIP03253,Delivered,XpressBees
CA-2017-110373,SHIP03254,In Transit,Delhivery
CA-2016-155474,SHIP03255,In Transit,Blue Dart
CA-2016-155474,SHIP03256,Delivered,Blue Dart
CA-2015-155453,SHIP03257,Delivered,XpressBees
US-2016-161844,SHIP03258,Delivered,XpressBees
US-2016-161844,SHIP03259,Delivered,Blue Dart
US-2016-162103,SHIP03260,Delivered,Ecom Express
CA-2014-151554,SHIP03261,Delivered,XpressBees
CA-2014-140662,SHIP03262,Delivered,DTDC
CA-2014-140662,SHIP03263,Delivered,DTDC
CA-2014-140662,SHIP03264,Delivered,DTDC
CA-2016-122518,SHIP03265,Returned,DTDC
US-2014-126571,SHIP03266,Delivered,Ecom Express
US-2014-126571,SHIP03267,Delivered,Ecom Express
CA-2014-143840,SHIP03268,Delivered,Ecom Express
CA-2014-143840,SHIP03269,In Transit,India Post
CA-2014-115980,SHIP03270,In Transit,XpressBees
CA-2014-115980,SHIP03271,Delivered,XpressBees
CA-2015-155145,SHIP03272,Returned,Ecom Express
CA-2015-146038,SHIP03273,Delivered,Blue Dart
CA-2017-133865,SHIP03274,Delivered,DTDC
CA-2017-116358,SHIP03275,Cancelled,India Post
CA-2017-116358,SHIP03276,Delivered,XpressBees
CA-2014-102988,SHIP03277,Delivered,Delhivery
CA-2014-102988,SHIP03278,Delivered,Ecom Express
CA-2014-102988,SHIP03279,Delivered,Blue Dart
CA-2014-102988,SHIP03280,Delivered,Delhivery
CA-2014-102988,SHIP03281,Returned,XpressBees
US-2014-117170,SHIP03282,Delivered,DTDC
US-2014-117170,SHIP03283,Delivered,India Post
CA-2014-159478,SHIP03284,In Transit,India Post
CA-2014-103702,SHIP03285,Delivered,Ecom Express
CA-2017-150525,SHIP03286,Delivered,XpressBees
CA-2017-150525,SHIP03287,Delivered,DTDC
CA-2015-157770,SHIP03288,Returned,Blue Dart
CA-2015-157770,SHIP03289,Cancelled,DTDC
CA-2015-157770,SHIP03290,Delivered,Blue Dart
CA-2015-157770,SHIP03291,Delivered,India Post
CA-2016-167290,SHIP03292,Delivered,DTDC
CA-2014-106264,SHIP03293,Delivered,DTDC
CA-2014-106264,SHIP03294,Returned,India Post
CA-2014-138023,SHIP03295,Delivered,Delhivery
CA-2017-113418,SHIP03296,Delivered,DTDC
US-2015-110569,SHIP03297,Delivered,XpressBees
US-2015-110569,SHIP03298,Delivered,Ecom Express
CA-2017-136308,SHIP03299,Delivered,Ecom Express
US-2014-159926,SHIP03300,Delivered,XpressBees
US-2014-159926,SHIP03301,In Transit,XpressBees
US-2014-159926,SHIP03302,Delivered,DTDC
US-2014-159926,SHIP03303,Returned,XpressBees
US-2014-159926,SHIP03304,Cancelled,Ecom Express
CA-2014-104738,SHIP03305,Delivered,Delhivery
CA-2014-104738,SHIP03306,Cancelled,DTDC
CA-2014-104738,SHIP03307,Delivered,Ecom Express
CA-2014-104738,SHIP03308,In Transit,XpressBees
CA-2014-104738,SHIP03309,Delivered,DTDC
CA-2015-144386,SHIP03310,Delivered,XpressBees
CA-2016-111416,SHIP03311,Delivered,DTDC
CA-2016-162747,SHIP03312,Delivered,Ecom Express
US-2014-133130,SHIP03313,Delivered,DTDC
US-2014-133130,SHIP03314,Delivered,India Post
CA-2017-169978,SHIP03315,Delivered,Ecom Express
CA-2017-169978,SHIP03316,Delivered,Delhivery
CA-2017-161739,SHIP03317,Cancelled,Blue Dart
CA-2015-165057,SHIP03318,Delivered,Ecom Express
CA-2015-165057,SHIP03319,Returned,Delhivery
CA-2014-134551,SHIP03320,In Transit,XpressBees
CA-2014-134551,SHIP03321,Delivered,Delhivery
CA-2014-134551,SHIP03322,In Transit,XpressBees
CA-2015-120810,SHIP03323,In Transit,Delhivery
CA-2015-120810,SHIP03324,Cancelled,DTDC
CA-2014-165309,SHIP03325,Delivered,Ecom Express
CA-2014-165309,SHIP03326,Delivered,DTDC
CA-2014-165309,SHIP03327,Delivered,Ecom Express
CA-2014-165309,SHIP03328,Delivered,Delhivery
CA-2014-165309,SHIP03329,Delivered,Blue Dart
CA-2014-165309,SHIP03330,Delivered,Delhivery
CA-2014-165309,SHIP03331,Delivered,Delhivery
CA-2017-122595,SHIP03332,Delivered,Ecom Express
CA-2017-122595,SHIP03333,Delivered,DTDC
CA-2017-122595,SHIP03334,Delivered,DTDC
US-2017-109253,SHIP03335,Delivered,Blue Dart
US-2017-109253,SHIP03336,Delivered,Blue Dart
US-2017-109253,SHIP03337,Delivered,XpressBees
US-2017-109253,SHIP03338,Delivered,India Post
US-2017-109253,SHIP03339,Delivered,India Post
US-2017-109253,SHIP03340,Delivered,XpressBees
US-2017-109253,SHIP03341,Delivered,Delhivery
CA-2016-145982,SHIP03342,Delivered,DTDC
CA-2016-145982,SHIP03343,Delivered,DTDC
CA-2016-145982,SHIP03344,Delivered,India Post
CA-2016-145982,SHIP03345,Delivered,Delhivery
CA-2016-145982,SHIP03346,Delivered,Delhivery
CA-2016-145982,SHIP03347,Delivered,DTDC
CA-2015-112014,SHIP03348,Cancelled,DTDC
CA-2017-154732,SHIP03349,Delivered,XpressBees
US-2016-157308,SHIP03350,Delivered,XpressBees
CA-2016-147536,SHIP03351,Delivered,Ecom Express
US-2014-134733,SHIP03352,Delivered,DTDC
US-2014-134733,SHIP03353,In Transit,DTDC
US-2014-150434,SHIP03354,Delivered,India Post
US-2014-150434,SHIP03355,Delivered,DTDC
US-2014-150434,SHIP03356,Returned,Delhivery
US-2014-150434,SHIP03357,Returned,Delhivery
CA-2017-100335,SHIP03358,Delivered,Ecom Express
CA-2016-139234,SHIP03359,Delivered,Delhivery
CA-2016-139234,SHIP03360,Returned,Delhivery
US-2015-142020,SHIP03361,Delivered,Ecom Express
US-2015-142020,SHIP03362,Returned,Ecom Express
CA-2015-139962,SHIP03363,In Transit,Delhivery
CA-2015-139962,SHIP03364,In Transit,Blue Dart
CA-2016-130050,SHIP03365,Delivered,Delhivery
CA-2014-115161,SHIP03366,In Transit,Ecom Express
CA-2014-165379,SHIP03367,Delivered,Delhivery
CA-2014-165379,SHIP03368,Delivered,XpressBees
CA-2015-115511,SHIP03369,Cancelled,Ecom Express
CA-2015-115511,SHIP03370,Delivered,Ecom Express
CA-2016-134887,SHIP03371,Delivered,XpressBees
CA-2017-123778,SHIP03372,Delivered,India Post
CA-2017-123778,SHIP03373,Delivered,DTDC
CA-2015-161718,SHIP03374,Delivered,XpressBees
CA-2015-161718,SHIP03375,In Transit,DTDC
CA-2015-161718,SHIP03376,Delivered,Blue Dart
CA-2015-161718,SHIP03377,Delivered,XpressBees
CA-2016-100671,SHIP03378,In Transit,Ecom Express
CA-2017-142867,SHIP03379,Delivered,XpressBees
CA-2017-142867,SHIP03380,Delivered,Ecom Express
CA-2017-103156,SHIP03381,Delivered,India Post
US-2017-162208,SHIP03382,Delivered,Delhivery
CA-2015-130659,SHIP03383,Delivered,Delhivery
CA-2015-130659,SHIP03384,Cancelled,XpressBees
CA-2015-130659,SHIP03385,Delivered,XpressBees
CA-2017-148404,SHIP03386,Delivered,Blue Dart
CA-2017-148404,SHIP03387,Delivered,India Post
CA-2017-148404,SHIP03388,Delivered,DTDC
CA-2017-148404,SHIP03389,Returned,Blue Dart
CA-2017-148404,SHIP03390,Delivered,India Post
CA-2017-101077,SHIP03391,In Transit,India Post
CA-2014-166471,SHIP03392,Delivered,Blue Dart
CA-2014-166471,SHIP03393,Returned,DTDC
CA-2014-105340,SHIP03394,Delivered,DTDC
US-2017-131583,SHIP03395,Delivered,Ecom Express
US-2017-148362,SHIP03396,Cancelled,Delhivery
US-2017-148362,SHIP03397,Delivered,DTDC
US-2017-148362,SHIP03398,Cancelled,XpressBees
CA-2014-102274,SHIP03399,Returned,Blue Dart
CA-2014-102274,SHIP03400,Delivered,XpressBees
CA-2014-102274,SHIP03401,Delivered,Delhivery
CA-2014-102274,SHIP03402,Delivered,XpressBees
CA-2015-129700,SHIP03403,Delivered,DTDC
CA-2017-168739,SHIP03404,Delivered,Delhivery
CA-2015-152527,SHIP03405,Delivered,DTDC
US-2014-150119,SHIP03406,Delivered,DTDC
US-2014-150119,SHIP03407,Returned,Blue Dart
US-2014-150119,SHIP03408,Delivered,Delhivery
US-2014-150119,SHIP03409,Delivered,Ecom Express
US-2017-150847,SHIP03410,Delivered,Ecom Express
CA-2016-100244,SHIP03411,Returned,DTDC
CA-2016-100244,SHIP03412,Delivered,XpressBees
CA-2016-100244,SHIP03413,Delivered,XpressBees
CA-2016-100244,SHIP03414,In Transit,Ecom Express
CA-2016-100244,SHIP03415,Delivered,XpressBees
CA-2016-116540,SHIP03416,Delivered,DTDC
CA-2016-116540,SHIP03417,Delivered,Blue Dart
CA-2015-151841,SHIP03418,Delivered,DTDC
CA-2015-151841,SHIP03419,Delivered,DTDC
CA-2015-150791,SHIP03420,In Transit,DTDC
CA-2016-134803,SHIP03421,Delivered,Delhivery
CA-2016-134803,SHIP03422,Delivered,Blue Dart
CA-2016-134803,SHIP03423,Returned,DTDC
CA-2016-134803,SHIP03424,Returned,India Post
CA-2016-134803,SHIP03425,Delivered,Delhivery
CA-2015-153381,SHIP03426,Delivered,Blue Dart
CA-2015-153381,SHIP03427,Delivered,Delhivery
US-2017-111024,SHIP03428,Delivered,Delhivery
US-2017-111024,SHIP03429,Delivered,India Post
US-2017-111024,SHIP03430,Delivered,DTDC
CA-2017-148264,SHIP03431,Returned,Ecom Express
CA-2017-148264,SHIP03432,Returned,DTDC
CA-2017-148264,SHIP03433,In Transit,XpressBees
CA-2017-131212,SHIP03434,In Transit,Delhivery
CA-2017-131212,SHIP03435,Delivered,XpressBees
US-2015-100531,SHIP03436,Delivered,Delhivery
US-2015-100531,SHIP03437,Delivered,Ecom Express
CA-2017-152583,SHIP03438,Delivered,DTDC
CA-2017-152583,SHIP03439,Returned,Blue Dart
CA-2017-152583,SHIP03440,Delivered,Delhivery
CA-2015-144099,SHIP03441,Delivered,Ecom Express
CA-2014-158337,SHIP03442,Delivered,DTDC
CA-2017-168858,SHIP03443,Delivered,Blue Dart
CA-2017-168858,SHIP03444,In Transit,India Post
CA-2016-116344,SHIP03445,Delivered,Ecom Express
CA-2015-131779,SHIP03446,In Transit,Blue Dart
CA-2016-158869,SHIP03447,Delivered,Ecom Express
CA-2017-102554,SHIP03448,Delivered,DTDC
CA-2016-162614,SHIP03449,Cancelled,India Post
CA-2014-168592,SHIP03450,Returned,India Post
CA-2014-168592,SHIP03451,In Transit,DTDC
CA-2014-168592,SHIP03452,Returned,Blue Dart
CA-2014-157609,SHIP03453,Delivered,Blue Dart
CA-2015-153325,SHIP03454,Delivered,Delhivery
CA-2015-153626,SHIP03455,Delivered,DTDC
CA-2016-166485,SHIP03456,Delivered,Ecom Express
CA-2017-136448,SHIP03457,Delivered,Delhivery
CA-2017-136448,SHIP03458,Delivered,India Post
CA-2017-136448,SHIP03459,Returned,XpressBees
CA-2017-136448,SHIP03460,Delivered,Delhivery
CA-2017-136448,SHIP03461,Returned,DTDC
CA-2017-114258,SHIP03462,Delivered,XpressBees
CA-2015-152611,SHIP03463,Delivered,Delhivery
CA-2016-165470,SHIP03464,Delivered,Blue Dart
CA-2017-128699,SHIP03465,Delivered,XpressBees
US-2015-147242,SHIP03466,Delivered,Blue Dart
US-2015-147242,SHIP03467,In Transit,Blue Dart
US-2015-147242,SHIP03468,Delivered,Ecom Express
CA-2016-146143,SHIP03469,Delivered,XpressBees
CA-2015-100888,SHIP03470,Delivered,DTDC
US-2016-150035,SHIP03471,Delivered,Blue Dart
CA-2017-122644,SHIP03472,Delivered,Delhivery
CA-2017-122644,SHIP03473,Delivered,India Post
CA-2017-111815,SHIP03474,In Transit,India Post
CA-2017-111815,SHIP03475,Cancelled,DTDC
CA-2016-144911,SHIP03476,Returned,Delhivery
CA-2016-144911,SHIP03477,Delivered,Blue Dart
CA-2014-143385,SHIP03478,Cancelled,Blue Dart
CA-2016-131289,SHIP03479,Delivered,DTDC
CA-2016-131289,SHIP03480,In Transit,India Post
CA-2016-131289,SHIP03481,Delivered,DTDC
CA-2014-124023,SHIP03482,Delivered,Delhivery
CA-2014-124688,SHIP03483,Delivered,XpressBees
CA-2014-124688,SHIP03484,Delivered,DTDC
CA-2014-124688,SHIP03485,Delivered,Blue Dart
CA-2016-151169,SHIP03486,Delivered,Delhivery
US-2016-134761,SHIP03487,In Transit,XpressBees
CA-2017-120705,SHIP03488,Delivered,Ecom Express
CA-2015-157322,SHIP03489,Delivered,India Post
CA-2015-157322,SHIP03490,Returned,DTDC
CA-2015-157322,SHIP03491,Delivered,India Post
CA-2015-157322,SHIP03492,Delivered,Blue Dart
CA-2015-157322,SHIP03493,Delivered,DTDC
CA-2017-142034,SHIP03494,Delivered,Delhivery
CA-2017-142034,SHIP03495,Delivered,Ecom Express
CA-2017-142034,SHIP03496,Delivered,Delhivery
CA-2016-107328,SHIP03497,Delivered,India Post
CA-2016-107328,SHIP03498,Delivered,Ecom Express
CA-2016-107328,SHIP03499,Delivered,Ecom Express
CA-2016-108616,SHIP03500,Returned,Blue Dart
CA-2016-108616,SHIP03501,Delivered,XpressBees
CA-2016-108616,SHIP03502,Delivered,DTDC
CA-2017-125115,SHIP03503,Delivered,Delhivery
CA-2017-125115,SHIP03504,Delivered,Delhivery
CA-2016-150945,SHIP03505,Delivered,Ecom Express
CA-2014-166863,SHIP03506,Cancelled,XpressBees
CA-2014-166863,SHIP03507,Cancelled,Blue Dart
CA-2014-166863,SHIP03508,Returned,Delhivery
CA-2014-166863,SHIP03509,Cancelled,Ecom Express
CA-2014-166863,SHIP03510,Delivered,DTDC
CA-2014-166863,SHIP03511,Cancelled,Delhivery
CA-2014-166863,SHIP03512,In Transit,Ecom Express
CA-2017-140326,SHIP03513,Delivered,Blue Dart
CA-2017-140326,SHIP03514,Delivered,DTDC
CA-2017-140326,SHIP03515,Returned,DTDC
CA-2016-168536,SHIP03516,Delivered,Delhivery
US-2016-113649,SHIP03517,Delivered,XpressBees
US-2016-113649,SHIP03518,Cancelled,XpressBees
US-2016-113649,SHIP03519,Delivered,Delhivery
CA-2015-124975,SHIP03520,Cancelled,Ecom Express
CA-2015-168767,SHIP03521,Delivered,DTDC
CA-2016-114482,SHIP03522,In Transit,DTDC
CA-2016-114482,SHIP03523,Delivered,XpressBees
CA-2016-137673,SHIP03524,Delivered,Delhivery
CA-2016-132731,SHIP03525,Delivered,DTDC
CA-2017-148922,SHIP03526,Returned,Ecom Express
CA-2017-148922,SHIP03527,Delivered,Ecom Express
CA-2017-148922,SHIP03528,Returned,India Post
CA-2016-130680,SHIP03529,Delivered,India Post
CA-2015-141145,SHIP03530,Delivered,India Post
US-2016-152835,SHIP03531,In Transit,India Post
CA-2016-155565,SHIP03532,Delivered,Ecom Express
CA-2014-110849,SHIP03533,Returned,Ecom Express
CA-2014-110849,SHIP03534,Delivered,DTDC
CA-2014-110849,SHIP03535,Returned,Delhivery
CA-2014-110849,SHIP03536,Delivered,Blue Dart
CA-2016-145842,SHIP03537,Returned,DTDC
CA-2014-158771,SHIP03538,In Transit,Blue Dart
CA-2014-158771,SHIP03539,Cancelled,Delhivery
CA-2014-158771,SHIP03540,Delivered,DTDC
CA-2014-158771,SHIP03541,Delivered,XpressBees
CA-2016-157511,SHIP03542,Delivered,India Post
CA-2016-157511,SHIP03543,Returned,DTDC
CA-2016-157511,SHIP03544,In Transit,Delhivery
CA-2017-121216,SHIP03545,Delivered,XpressBees
CA-2017-121216,SHIP03546,Delivered,Ecom Express
CA-2017-155292,SHIP03547,Delivered,Blue Dart
CA-2017-155292,SHIP03548,Returned,Ecom Express
CA-2017-155292,SHIP03549,Delivered,XpressBees
CA-2017-155292,SHIP03550,Delivered,Delhivery
CA-2016-152555,SHIP03551,Delivered,Blue Dart
CA-2016-152555,SHIP03552,Returned,India Post
CA-2016-152555,SHIP03553,Delivered,Blue Dart
CA-2017-107832,SHIP03554,Delivered,XpressBees
CA-2014-120838,SHIP03555,Delivered,Delhivery
CA-2014-120838,SHIP03556,Cancelled,Ecom Express
CA-2017-118542,SHIP03557,Delivered,Delhivery
CA-2017-118542,SHIP03558,In Transit,XpressBees
CA-2017-152737,SHIP03559,Delivered,XpressBees
CA-2017-152737,SHIP03560,Delivered,Blue Dart
CA-2017-109757,SHIP03561,Delivered,Ecom Express
CA-2017-109757,SHIP03562,Delivered,XpressBees
CA-2017-109757,SHIP03563,Delivered,India Post
CA-2017-109757,SHIP03564,Delivered,Delhivery
CA-2016-130029,SHIP03565,Delivered,DTDC
CA-2016-130029,SHIP03566,In Transit,XpressBees
CA-2017-103877,SHIP03567,Delivered,Blue Dart
CA-2016-137176,SHIP03568,Delivered,XpressBees
CA-2017-168109,SHIP03569,Returned,DTDC
CA-2017-168109,SHIP03570,Cancelled,Blue Dart
CA-2017-168109,SHIP03571,In Transit,Ecom Express
CA-2017-168109,SHIP03572,Delivered,XpressBees
US-2017-126081,SHIP03573,Delivered,XpressBees
CA-2017-117023,SHIP03574,Delivered,DTDC
CA-2017-117023,SHIP03575,Delivered,Delhivery
CA-2015-143532,SHIP03576,Delivered,Blue Dart
CA-2016-103163,SHIP03577,Delivered,XpressBees
CA-2016-103163,SHIP03578,Delivered,Delhivery
CA-2016-104157,SHIP03579,Delivered,XpressBees
CA-2016-104157,SHIP03580,Delivered,XpressBees
CA-2016-104157,SHIP03581,Returned,India Post
CA-2017-117807,SHIP03582,Delivered,India Post
CA-2015-121650,SHIP03583,Delivered,DTDC
CA-2015-121650,SHIP03584,Delivered,India Post
CA-2015-121650,SHIP03585,Delivered,DTDC
CA-2015-121650,SHIP03586,In Transit,XpressBees
CA-2017-161823,SHIP03587,Delivered,Ecom Express
CA-2017-121839,SHIP03588,Delivered,XpressBees
CA-2017-158729,SHIP03589,Delivered,XpressBees
CA-2017-146535,SHIP03590,Delivered,Ecom Express
CA-2017-146535,SHIP03591,In Transit,DTDC
CA-2014-154186,SHIP03592,Delivered,Delhivery
CA-2016-108434,SHIP03593,Delivered,XpressBees
CA-2016-164154,SHIP03594,Returned,XpressBees
CA-2016-164154,SHIP03595,Delivered,XpressBees
CA-2017-148012,SHIP03596,Delivered,Blue Dart
CA-2014-102869,SHIP03597,Delivered,Blue Dart
CA-2014-102869,SHIP03598,Delivered,Blue Dart
CA-2014-102869,SHIP03599,Delivered,Ecom Express
CA-2014-102869,SHIP03600,Delivered,India Post
CA-2017-138310,SHIP03601,Delivered,Delhivery
CA-2014-159835,SHIP03602,Delivered,DTDC
CA-2014-159835,SHIP03603,In Transit,Blue Dart
CA-2017-112956,SHIP03604,Delivered,XpressBees
CA-2017-112956,SHIP03605,Delivered,Delhivery
CA-2017-112956,SHIP03606,In Transit,Delhivery
CA-2016-119683,SHIP03607,Cancelled,Ecom Express
CA-2014-163559,SHIP03608,In Transit,Delhivery
CA-2014-140228,SHIP03609,Delivered,XpressBees
CA-2014-140228,SHIP03610,Delivered,Ecom Express
CA-2014-140228,SHIP03611,In Transit,Ecom Express
US-2016-131674,SHIP03612,Delivered,DTDC
CA-2015-110093,SHIP03613,Delivered,India Post
CA-2015-110093,SHIP03614,Delivered,Ecom Express
CA-2017-112529,SHIP03615,Delivered,DTDC
CA-2017-112529,SHIP03616,Delivered,Delhivery
CA-2016-154536,SHIP03617,Delivered,Delhivery
CA-2017-141929,SHIP03618,Returned,India Post
CA-2017-141929,SHIP03619,Delivered,Blue Dart
CA-2017-141929,SHIP03620,Delivered,India Post
CA-2016-109743,SHIP03621,Delivered,Blue Dart
CA-2016-109743,SHIP03622,Delivered,Delhivery
CA-2014-159184,SHIP03623,Returned,XpressBees
CA-2014-159184,SHIP03624,Delivered,India Post
CA-2017-113530,SHIP03625,Delivered,Delhivery
CA-2017-113530,SHIP03626,Cancelled,Ecom Express
CA-2017-113530,SHIP03627,Delivered,Ecom Express
CA-2017-113530,SHIP03628,Delivered,Ecom Express
CA-2014-169726,SHIP03629,Delivered,Ecom Express
CA-2017-155957,SHIP03630,In Transit,Ecom Express
CA-2017-155957,SHIP03631,In Transit,DTDC
CA-2017-132178,SHIP03632,Delivered,Ecom Express
CA-2017-132178,SHIP03633,Delivered,Delhivery
CA-2016-145177,SHIP03634,Delivered,Delhivery
CA-2016-145177,SHIP03635,Cancelled,Delhivery
CA-2016-145177,SHIP03636,Delivered,India Post
CA-2016-145177,SHIP03637,Delivered,DTDC
CA-2016-145177,SHIP03638,Delivered,XpressBees
CA-2016-145177,SHIP03639,Returned,India Post
CA-2016-145177,SHIP03640,Delivered,Blue Dart
CA-2016-145177,SHIP03641,Returned,DTDC
CA-2016-145177,SHIP03642,In Transit,Ecom Express
CA-2014-156594,SHIP03643,Delivered,Delhivery
CA-2014-156594,SHIP03644,Delivered,Delhivery
CA-2014-156594,SHIP03645,Cancelled,DTDC
CA-2014-156594,SHIP03646,In Transit,XpressBees
CA-2014-146528,SHIP03647,Delivered,XpressBees
CA-2014-146528,SHIP03648,In Transit,XpressBees
CA-2015-168459,SHIP03649,Delivered,XpressBees
CA-2015-168459,SHIP03650,Delivered,Ecom Express
CA-2017-109960,SHIP03651,Delivered,India Post
CA-2017-109960,SHIP03652,In Transit,India Post
CA-2017-109960,SHIP03653,Delivered,India Post
CA-2017-109960,SHIP03654,Delivered,Blue Dart
CA-2017-133004,SHIP03655,Delivered,Ecom Express
CA-2017-168102,SHIP03656,Delivered,India Post
CA-2017-158036,SHIP03657,Delivered,DTDC
CA-2015-128083,SHIP03658,Delivered,India Post
CA-2015-128083,SHIP03659,Delivered,DTDC
CA-2015-128083,SHIP03660,Delivered,Ecom Express
CA-2016-161676,SHIP03661,Delivered,Ecom Express
CA-2016-155005,SHIP03662,Returned,Blue Dart
US-2017-129777,SHIP03663,Delivered,Blue Dart
US-2017-129777,SHIP03664,Delivered,DTDC
CA-2014-129364,SHIP03665,Returned,India Post
CA-2014-129364,SHIP03666,Delivered,Ecom Express
CA-2014-129364,SHIP03667,Cancelled,Blue Dart
CA-2014-129364,SHIP03668,Delivered,Ecom Express
CA-2014-129364,SHIP03669,Delivered,Delhivery
CA-2014-129364,SHIP03670,Delivered,DTDC
CA-2014-129364,SHIP03671,Delivered,Blue Dart
CA-2014-129364,SHIP03672,Delivered,India Post
CA-2016-104969,SHIP03673,Delivered,Blue Dart
CA-2016-104969,SHIP03674,Delivered,Blue Dart
CA-2017-154109,SHIP03675,Delivered,India Post
CA-2017-154109,SHIP03676,Delivered,Delhivery
CA-2015-156440,SHIP03677,Cancelled,Delhivery
CA-2015-132626,SHIP03678,Delivered,XpressBees
CA-2015-132626,SHIP03679,Delivered,Ecom Express
CA-2015-132626,SHIP03680,Delivered,India Post
CA-2015-132626,SHIP03681,Delivered,Delhivery
CA-2015-132626,SHIP03682,Delivered,Ecom Express
CA-2015-132626,SHIP03683,Delivered,DTDC
CA-2015-132626,SHIP03684,In Transit,Ecom Express
CA-2015-132626,SHIP03685,Delivered,Delhivery
CA-2015-132626,SHIP03686,Cancelled,Ecom Express
CA-2016-102792,SHIP03687,In Transit,Ecom Express
CA-2016-108567,SHIP03688,In Transit,XpressBees
CA-2017-140760,SHIP03689,Delivered,Ecom Express
CA-2017-140760,SHIP03690,Delivered,Delhivery
US-2015-131359,SHIP03691,Delivered,DTDC
US-2015-131359,SHIP03692,Delivered,XpressBees
US-2015-131359,SHIP03693,Delivered,XpressBees
US-2015-131359,SHIP03694,Delivered,XpressBees
CA-2016-142097,SHIP03695,Delivered,Delhivery
CA-2016-142097,SHIP03696,Cancelled,Ecom Express
CA-2016-142097,SHIP03697,Cancelled,XpressBees
CA-2015-151680,SHIP03698,Delivered,XpressBees
CA-2014-140039,SHIP03699,Delivered,XpressBees
CA-2017-160416,SHIP03700,Delivered,Ecom Express
CA-2017-169411,SHIP03701,Delivered,Blue Dart
CA-2016-126543,SHIP03702,Delivered,DTDC
CA-2015-104941,SHIP03703,Cancelled,India Post
CA-2015-104941,SHIP03704,Delivered,Delhivery
CA-2015-104941,SHIP03705,Delivered,Delhivery
CA-2015-104941,SHIP03706,Delivered,Ecom Express
CA-2017-160087,SHIP03707,Returned,Blue Dart
CA-2014-120544,SHIP03708,Delivered,Ecom Express
CA-2014-120544,SHIP03709,Returned,Ecom Express
CA-2014-120544,SHIP03710,Delivered,XpressBees
CA-2017-113670,SHIP03711,Delivered,DTDC
CA-2017-113670,SHIP03712,Delivered,India Post
CA-2017-166198,SHIP03713,Delivered,Blue Dart
CA-2017-166198,SHIP03714,Delivered,Ecom Express
CA-2014-135608,SHIP03715,Delivered,Delhivery
CA-2014-135608,SHIP03716,Delivered,DTDC
CA-2017-144568,SHIP03717,Delivered,DTDC
CA-2016-142370,SHIP03718,Delivered,Ecom Express
CA-2016-142370,SHIP03719,Delivered,Ecom Express
CA-2016-105900,SHIP03720,Returned,XpressBees
CA-2016-151155,SHIP03721,Delivered,Ecom Express
CA-2016-151155,SHIP03722,Delivered,Ecom Express
CA-2017-144036,SHIP03723,Delivered,DTDC
US-2014-169789,SHIP03724,Cancelled,DTDC
CA-2017-127264,SHIP03725,Delivered,DTDC
CA-2016-151512,SHIP03726,Delivered,Delhivery
CA-2016-165169,SHIP03727,Delivered,DTDC
CA-2016-165169,SHIP03728,Delivered,XpressBees
CA-2016-165169,SHIP03729,Delivered,India Post
CA-2015-109575,SHIP03730,Delivered,Ecom Express
CA-2015-109575,SHIP03731,Delivered,DTDC
CA-2015-109575,SHIP03732,Delivered,Delhivery
CA-2015-109575,SHIP03733,Cancelled,India Post
CA-2015-109575,SHIP03734,Cancelled,Ecom Express
CA-2017-168193,SHIP03735,Delivered,India Post
CA-2017-168193,SHIP03736,Delivered,Ecom Express
CA-2016-115476,SHIP03737,Returned,Ecom Express
CA-2016-115476,SHIP03738,Delivered,XpressBees
CA-2016-133340,SHIP03739,Delivered,XpressBees
CA-2016-133340,SHIP03740,Delivered,Delhivery
CA-2016-133340,SHIP03741,Delivered,Ecom Express
CA-2016-137848,SHIP03742,Returned,Ecom Express
CA-2016-137848,SHIP03743,Delivered,Ecom Express
CA-2016-137848,SHIP03744,Delivered,Delhivery
CA-2014-113047,SHIP03745,Cancelled,DTDC
CA-2016-149979,SHIP03746,Delivered,Blue Dart
CA-2016-149979,SHIP03747,Cancelled,DTDC
CA-2017-161956,SHIP03748,Cancelled,Blue Dart
CA-2017-161956,SHIP03749,Delivered,India Post
CA-2017-161956,SHIP03750,Cancelled,India Post
CA-2017-161956,SHIP03751,Delivered,India Post
CA-2017-161956,SHIP03752,Returned,Ecom Express
CA-2017-161956,SHIP03753,Cancelled,Ecom Express
CA-2017-161956,SHIP03754,Delivered,Blue Dart
CA-2017-161956,SHIP03755,Delivered,Blue Dart
CA-2016-116799,SHIP03756,Delivered,India Post
CA-2016-116799,SHIP03757,Delivered,Delhivery
CA-2016-111283,SHIP03758,Returned,India Post
CA-2015-167745,SHIP03759,Delivered,Ecom Express
CA-2015-167745,SHIP03760,Delivered,Blue Dart
CA-2015-167745,SHIP03761,Delivered,XpressBees
CA-2017-104577,SHIP03762,Delivered,India Post
CA-2016-156251,SHIP03763,Delivered,DTDC
CA-2016-156251,SHIP03764,Delivered,Blue Dart
CA-2017-125878,SHIP03765,Delivered,Blue Dart
CA-2016-163153,SHIP03766,Delivered,India Post
CA-2016-163153,SHIP03767,Delivered,Delhivery
CA-2015-103205,SHIP03768,Delivered,Blue Dart
CA-2014-153913,SHIP03769,Delivered,India Post
CA-2014-153913,SHIP03770,Returned,Ecom Express
CA-2016-155530,SHIP03771,Delivered,Ecom Express
US-2016-101196,SHIP03772,In Transit,India Post
CA-2014-115357,SHIP03773,Delivered,Delhivery
US-2014-102715,SHIP03774,Delivered,India Post
US-2014-102715,SHIP03775,Delivered,Blue Dart
US-2014-102715,SHIP03776,Delivered,India Post
US-2014-102715,SHIP03777,Delivered,India Post
CA-2015-107937,SHIP03778,In Transit,Ecom Express
US-2017-148768,SHIP03779,Delivered,Ecom Express
CA-2017-118521,SHIP03780,Delivered,Ecom Express
CA-2014-149643,SHIP03781,Delivered,India Post
CA-2015-135314,SHIP03782,Delivered,India Post
CA-2017-165204,SHIP03783,Delivered,DTDC
CA-2017-165204,SHIP03784,Delivered,Blue Dart
CA-2017-125752,SHIP03785,Delivered,Delhivery
CA-2017-112487,SHIP03786,Delivered,Blue Dart
CA-2016-144218,SHIP03787,Delivered,DTDC
CA-2016-169971,SHIP03788,Returned,India Post
CA-2016-169971,SHIP03789,Delivered,India Post
US-2016-133508,SHIP03790,Delivered,Blue Dart
CA-2014-107139,SHIP03791,Delivered,XpressBees
CA-2015-111325,SHIP03792,Delivered,India Post
CA-2015-111325,SHIP03793,Delivered,Ecom Express
CA-2015-163762,SHIP03794,Delivered,Ecom Express
US-2014-117163,SHIP03795,Returned,India Post
US-2014-117163,SHIP03796,Delivered,XpressBees
US-2014-117163,SHIP03797,Delivered,Blue Dart
CA-2017-121314,SHIP03798,Delivered,Delhivery
CA-2017-147760,SHIP03799,Delivered,XpressBees
CA-2017-147760,SHIP03800,Delivered,DTDC
CA-2016-156503,SHIP03801,Delivered,Delhivery
CA-2016-156503,SHIP03802,In Transit,Blue Dart
CA-2016-156503,SHIP03803,Cancelled,DTDC
CA-2016-156503,SHIP03804,Delivered,Blue Dart
CA-2016-156503,SHIP03805,Cancelled,Ecom Express
CA-2016-156503,SHIP03806,Delivered,Delhivery
CA-2015-113628,SHIP03807,Delivered,XpressBees
CA-2015-113628,SHIP03808,Returned,XpressBees
CA-2015-113628,SHIP03809,Delivered,Blue Dart
CA-2015-113628,SHIP03810,Returned,India Post
CA-2015-113628,SHIP03811,Returned,Ecom Express
CA-2015-113628,SHIP03812,Returned,Blue Dart
CA-2017-147753,SHIP03813,In Transit,DTDC
CA-2015-103961,SHIP03814,Delivered,DTDC
CA-2016-152471,SHIP03815,Delivered,XpressBees
CA-2016-152471,SHIP03816,Returned,Delhivery
CA-2015-102582,SHIP03817,Delivered,XpressBees
CA-2015-102582,SHIP03818,Delivered,Blue Dart
CA-2015-102582,SHIP03819,Cancelled,DTDC
CA-2017-141873,SHIP03820,Delivered,India Post
CA-2017-141873,SHIP03821,Delivered,Delhivery
CA-2017-141873,SHIP03822,Delivered,Blue Dart
CA-2017-141873,SHIP03823,Delivered,Blue Dart
CA-2015-140984,SHIP03824,Delivered,Delhivery
CA-2015-140984,SHIP03825,Delivered,Delhivery
CA-2015-140984,SHIP03826,Delivered,XpressBees
CA-2014-132801,SHIP03827,Delivered,DTDC
CA-2017-141733,SHIP03828,Delivered,Delhivery
CA-2017-141733,SHIP03829,Delivered,Ecom Express
CA-2017-141733,SHIP03830,Delivered,Blue Dart
CA-2017-141733,SHIP03831,Delivered,India Post
US-2015-111927,SHIP03832,Delivered,Delhivery
US-2015-111927,SHIP03833,Cancelled,DTDC
CA-2014-105984,SHIP03834,In Transit,Delhivery
CA-2014-105984,SHIP03835,Delivered,India Post
CA-2014-100363,SHIP03836,Returned,XpressBees
CA-2014-100363,SHIP03837,Delivered,DTDC
CA-2014-126760,SHIP03838,Delivered,Ecom Express
CA-2014-126760,SHIP03839,Cancelled,XpressBees
CA-2014-126760,SHIP03840,Cancelled,DTDC
CA-2014-126760,SHIP03841,Cancelled,Ecom Express
US-2014-109162,SHIP03842,Delivered,Blue Dart
CA-2014-101931,SHIP03843,Delivered,Ecom Express
CA-2014-101931,SHIP03844,Delivered,Delhivery
CA-2014-101931,SHIP03845,In Transit,DTDC
CA-2014-101931,SHIP03846,Cancelled,Delhivery
CA-2014-101931,SHIP03847,Delivered,Ecom Express
CA-2017-129000,SHIP03848,Delivered,India Post
CA-2017-161053,SHIP03849,Delivered,India Post
CA-2017-161053,SHIP03850,Cancelled,India Post
CA-2015-142377,SHIP03851,Delivered,DTDC
CA-2015-127593,SHIP03852,Delivered,Delhivery
CA-2017-130526,SHIP03853,In Transit,XpressBees
US-2017-131849,SHIP03854,In Transit,Ecom Express
US-2017-131849,SHIP03855,Returned,XpressBees
US-2017-105389,SHIP03856,Delivered,Ecom Express
US-2017-105389,SHIP03857,Delivered,Delhivery
US-2017-105389,SHIP03858,Returned,Ecom Express
CA-2014-140816,SHIP03859,Delivered,India Post
CA-2017-154039,SHIP03860,Delivered,DTDC
CA-2017-154039,SHIP03861,Delivered,Ecom Express
CA-2014-135755,SHIP03862,Returned,India Post
CA-2014-135755,SHIP03863,Delivered,Ecom Express
CA-2017-123246,SHIP03864,Cancelled,Ecom Express
CA-2015-157133,SHIP03865,Delivered,Ecom Express
CA-2014-124709,SHIP03866,Delivered,India Post
CA-2017-146360,SHIP03867,Delivered,XpressBees
CA-2015-132486,SHIP03868,Delivered,India Post
CA-2015-132486,SHIP03869,Delivered,India Post
CA-2015-132486,SHIP03870,Delivered,Delhivery
CA-2015-132486,SHIP03871,Delivered,Delhivery
CA-2015-132486,SHIP03872,Delivered,XpressBees
CA-2015-132486,SHIP03873,Cancelled,Ecom Express
CA-2016-136231,SHIP03874,Cancelled,Ecom Express
CA-2016-136231,SHIP03875,Cancelled,Ecom Express
CA-2016-136231,SHIP03876,Cancelled,Delhivery
CA-2016-136231,SHIP03877,Delivered,Ecom Express
CA-2016-140641,SHIP03878,Delivered,DTDC
CA-2014-151001,SHIP03879,Delivered,Blue Dart
CA-2014-151001,SHIP03880,Returned,DTDC
CA-2015-129896,SHIP03881,Delivered,DTDC
CA-2015-129896,SHIP03882,Delivered,XpressBees
CA-2015-129896,SHIP03883,Delivered,Blue Dart
CA-2015-129896,SHIP03884,Delivered,DTDC
CA-2014-152849,SHIP03885,Delivered,Blue Dart
US-2017-127341,SHIP03886,Delivered,XpressBees
CA-2016-167759,SHIP03887,Cancelled,Blue Dart
CA-2014-100895,SHIP03888,Delivered,XpressBees
CA-2014-100895,SHIP03889,Delivered,DTDC
CA-2014-100895,SHIP03890,In Transit,DTDC
US-2016-163881,SHIP03891,Delivered,Delhivery
US-2016-163881,SHIP03892,Delivered,India Post
US-2016-163881,SHIP03893,Delivered,Ecom Express
US-2016-144547,SHIP03894,Delivered,Delhivery
US-2014-112200,SHIP03895,Delivered,XpressBees
CA-2017-110212,SHIP03896,In Transit,India Post
CA-2017-134285,SHIP03897,Delivered,India Post
CA-2017-134285,SHIP03898,In Transit,Delhivery
CA-2017-102267,SHIP03899,Delivered,DTDC
CA-2017-157980,SHIP03900,In Transit,Delhivery
CA-2015-121097,SHIP03901,Returned,India Post
CA-2015-151043,SHIP03902,Delivered,XpressBees
US-2015-119312,SHIP03903,Delivered,India Post
CA-2015-167010,SHIP03904,Delivered,XpressBees
CA-2015-167010,SHIP03905,Delivered,XpressBees
CA-2015-167010,SHIP03906,Delivered,DTDC
CA-2015-167010,SHIP03907,Delivered,DTDC
CA-2015-167010,SHIP03908,Cancelled,DTDC
CA-2015-167010,SHIP03909,Delivered,Ecom Express
CA-2015-167010,SHIP03910,Delivered,India Post
CA-2015-167010,SHIP03911,Delivered,Blue Dart
CA-2017-126788,SHIP03912,Delivered,Blue Dart
CA-2017-148068,SHIP03913,Delivered,DTDC
CA-2017-148068,SHIP03914,Delivered,DTDC
US-2017-142573,SHIP03915,Delivered,DTDC
US-2017-142573,SHIP03916,Delivered,Blue Dart
US-2017-142573,SHIP03917,Delivered,Ecom Express
US-2017-142573,SHIP03918,Delivered,DTDC
US-2017-142573,SHIP03919,Delivered,XpressBees
US-2015-148817,SHIP03920,Delivered,India Post
US-2015-148817,SHIP03921,Cancelled,India Post
CA-2016-110044,SHIP03922,In Transit,XpressBees
CA-2017-146920,SHIP03923,Cancelled,Ecom Express
CA-2017-146920,SHIP03924,Returned,India Post
CA-2014-103940,SHIP03925,Delivered,India Post
CA-2014-103940,SHIP03926,Delivered,XpressBees
CA-2014-103940,SHIP03927,Delivered,DTDC
CA-2014-103940,SHIP03928,Delivered,Delhivery
CA-2016-162082,SHIP03929,Delivered,India Post
CA-2016-162082,SHIP03930,Delivered,Blue Dart
CA-2016-162082,SHIP03931,Returned,Delhivery
CA-2016-132094,SHIP03932,Delivered,Blue Dart
CA-2016-132094,SHIP03933,In Transit,DTDC
CA-2017-123001,SHIP03934,Delivered,DTDC
CA-2017-123001,SHIP03935,Delivered,Blue Dart
CA-2017-123001,SHIP03936,Cancelled,DTDC
CA-2015-118955,SHIP03937,In Transit,XpressBees
CA-2015-118955,SHIP03938,Delivered,DTDC
CA-2015-118955,SHIP03939,Returned,Delhivery
US-2016-143448,SHIP03940,Delivered,DTDC
CA-2017-117863,SHIP03941,Delivered,India Post
CA-2017-117863,SHIP03942,Delivered,Blue Dart
CA-2017-160458,SHIP03943,Delivered,DTDC
US-2016-142685,SHIP03944,Delivered,Delhivery
CA-2016-133144,SHIP03945,Cancelled,Ecom Express
CA-2017-167871,SHIP03946,Delivered,Ecom Express
CA-2017-167871,SHIP03947,Delivered,Blue Dart
CA-2016-119963,SHIP03948,Delivered,Delhivery
CA-2016-119963,SHIP03949,Returned,India Post
CA-2016-119963,SHIP03950,Cancelled,Blue Dart
CA-2016-119963,SHIP03951,Delivered,XpressBees
CA-2014-121167,SHIP03952,In Transit,XpressBees
US-2016-151862,SHIP03953,Delivered,Blue Dart
CA-2017-152961,SHIP03954,Delivered,XpressBees
CA-2014-133228,SHIP03955,Delivered,XpressBees
CA-2014-133228,SHIP03956,Delivered,Delhivery
CA-2016-114951,SHIP03957,Delivered,DTDC
CA-2016-156573,SHIP03958,Delivered,DTDC
CA-2016-156573,SHIP03959,Delivered,India Post
CA-2016-156573,SHIP03960,Delivered,XpressBees
CA-2015-113901,SHIP03961,Cancelled,Blue Dart
CA-2015-113901,SHIP03962,Delivered,India Post
CA-2017-134838,SHIP03963,Returned,India Post
CA-2017-134838,SHIP03964,Delivered,India Post
CA-2016-120257,SHIP03965,Returned,Blue Dart
CA-2014-164910,SHIP03966,Delivered,India Post
CA-2016-149902,SHIP03967,Delivered,XpressBees
CA-2016-146010,SHIP03968,Delivered,India Post
US-2015-163685,SHIP03969,Returned,Blue Dart
US-2015-163685,SHIP03970,Cancelled,DTDC
CA-2014-135090,SHIP03971,Delivered,Ecom Express
CA-2015-132374,SHIP03972,Delivered,XpressBees
CA-2016-167556,SHIP03973,In Transit,XpressBees
CA-2016-167556,SHIP03974,Delivered,India Post
CA-2016-167556,SHIP03975,Delivered,Delhivery
CA-2016-167556,SHIP03976,In Transit,Blue Dart
US-2016-116400,SHIP03977,Delivered,India Post
CA-2017-101308,SHIP03978,Returned,Blue Dart
CA-2017-101308,SHIP03979,Delivered,XpressBees
CA-2014-114517,SHIP03980,Delivered,India Post
CA-2014-114517,SHIP03981,Delivered,Ecom Express
CA-2017-119564,SHIP03982,Delivered,India Post
CA-2016-135265,SHIP03983,Delivered,DTDC
CA-2016-135265,SHIP03984,Delivered,Delhivery
CA-2016-135265,SHIP03985,Returned,Blue Dart
CA-2016-108735,SHIP03986,Delivered,XpressBees
CA-2017-112333,SHIP03987,Returned,Blue Dart
CA-2017-112333,SHIP03988,Delivered,Delhivery
US-2016-159415,SHIP03989,Delivered,Ecom Express
CA-2014-122588,SHIP03990,Cancelled,Blue Dart
CA-2014-137589,SHIP03991,Delivered,XpressBees
CA-2015-161998,SHIP03992,Cancelled,XpressBees
CA-2015-161998,SHIP03993,Cancelled,Blue Dart
CA-2015-161998,SHIP03994,Delivered,DTDC
CA-2015-105627,SHIP03995,In Transit,Ecom Express
CA-2015-105627,SHIP03996,In Transit,Blue Dart
CA-2015-105627,SHIP03997,Delivered,Blue Dart
CA-2015-105627,SHIP03998,Delivered,XpressBees
CA-2015-105627,SHIP03999,Delivered,India Post
US-2015-149629,SHIP04000,In Transit,Blue Dart
CA-2014-116834,SHIP04001,Delivered,Ecom Express
CA-2014-116834,SHIP04002,In Transit,India Post
CA-2016-145730,SHIP04003,Delivered,Blue Dart
CA-2016-145730,SHIP04004,Returned,XpressBees
CA-2016-145730,SHIP04005,Delivered,India Post
US-2015-168732,SHIP04006,Returned,India Post
US-2015-168732,SHIP04007,Delivered,Delhivery
US-2015-168732,SHIP04008,In Transit,Blue Dart
CA-2015-107468,SHIP04009,Cancelled,XpressBees
CA-2017-144463,SHIP04010,Delivered,Blue Dart
CA-2017-100811,SHIP04011,Cancelled,DTDC
CA-2017-100811,SHIP04012,Delivered,Ecom Express
CA-2015-153612,SHIP04013,Delivered,Delhivery
CA-2015-165624,SHIP04014,Delivered,Delhivery
CA-2015-165624,SHIP04015,Delivered,Delhivery
CA-2015-165624,SHIP04016,Delivered,Delhivery
CA-2015-165624,SHIP04017,Delivered,DTDC
CA-2015-165624,SHIP04018,Delivered,Blue Dart
CA-2015-165624,SHIP04019,Delivered,Blue Dart
CA-2015-165624,SHIP04020,Delivered,Ecom Express
CA-2014-154963,SHIP04021,Returned,DTDC
CA-2014-154963,SHIP04022,Cancelled,Blue Dart
CA-2014-154963,SHIP04023,Delivered,XpressBees
CA-2017-130764,SHIP04024,In Transit,Delhivery
CA-2017-130764,SHIP04025,Returned,Blue Dart
CA-2017-139311,SHIP04026,In Transit,XpressBees
CA-2017-139311,SHIP04027,Delivered,Delhivery
CA-2017-139311,SHIP04028,Delivered,XpressBees
CA-2017-139311,SHIP04029,Returned,India Post
CA-2017-124296,SHIP04030,Delivered,Delhivery
CA-2017-124296,SHIP04031,Delivered,Ecom Express
CA-2016-169957,SHIP04032,Delivered,Blue Dart
CA-2016-169957,SHIP04033,Delivered,Blue Dart
CA-2016-169957,SHIP04034,Delivered,Blue Dart
US-2016-108777,SHIP04035,Delivered,XpressBees
US-2016-108777,SHIP04036,Delivered,Ecom Express
CA-2015-148859,SHIP04037,Delivered,Delhivery
CA-2014-110786,SHIP04038,Delivered,Blue Dart
CA-2014-110786,SHIP04039,Delivered,DTDC
CA-2014-110786,SHIP04040,Delivered,Delhivery
CA-2014-110786,SHIP04041,Cancelled,XpressBees
CA-2014-110786,SHIP04042,Delivered,India Post
CA-2014-110786,SHIP04043,In Transit,DTDC
CA-2014-110786,SHIP04044,Delivered,XpressBees
CA-2015-137750,SHIP04045,In Transit,Delhivery
CA-2015-136378,SHIP04046,Cancelled,XpressBees
CA-2017-100356,SHIP04047,In Transit,Blue Dart
US-2015-166520,SHIP04048,Delivered,DTDC
US-2015-166520,SHIP04049,Cancelled,Ecom Express
CA-2017-136350,SHIP04050,In Transit,XpressBees
CA-2017-136350,SHIP04051,Delivered,India Post
CA-2014-122931,SHIP04052,Delivered,Ecom Express
CA-2014-122931,SHIP04053,Cancelled,DTDC
CA-2014-122931,SHIP04054,Delivered,XpressBees
CA-2014-122931,SHIP04055,Delivered,Delhivery
CA-2014-122931,SHIP04056,Delivered,XpressBees
CA-2014-122931,SHIP04057,Delivered,Blue Dart
CA-2014-163034,SHIP04058,Delivered,XpressBees
CA-2015-124058,SHIP04059,Delivered,Ecom Express
CA-2015-124058,SHIP04060,Returned,DTDC
CA-2016-129196,SHIP04061,Delivered,India Post
US-2015-138716,SHIP04062,Delivered,DTDC
US-2016-122182,SHIP04063,Delivered,DTDC
US-2014-130358,SHIP04064,Delivered,Blue Dart
US-2014-130358,SHIP04065,Delivered,XpressBees
CA-2014-102673,SHIP04066,Delivered,Delhivery
CA-2014-102673,SHIP04067,Delivered,Ecom Express
CA-2014-102673,SHIP04068,Delivered,India Post
CA-2014-102673,SHIP04069,Delivered,DTDC
CA-2016-145303,SHIP04070,Delivered,XpressBees
CA-2016-145303,SHIP04071,Delivered,XpressBees
CA-2016-145303,SHIP04072,Cancelled,XpressBees
CA-2015-156104,SHIP04073,In Transit,Delhivery
US-2015-164308,SHIP04074,In Transit,XpressBees
CA-2017-108112,SHIP04075,Delivered,Delhivery
CA-2017-108112,SHIP04076,Delivered,DTDC
CA-2015-100685,SHIP04077,Delivered,India Post
CA-2015-100685,SHIP04078,Delivered,XpressBees
CA-2015-100685,SHIP04079,Cancelled,DTDC
CA-2015-165414,SHIP04080,Delivered,India Post
CA-2016-140417,SHIP04081,Returned,Delhivery
CA-2016-140417,SHIP04082,Delivered,DTDC
US-2017-151316,SHIP04083,Returned,Delhivery
US-2017-151316,SHIP04084,Returned,India Post
CA-2017-163692,SHIP04085,Delivered,Delhivery
CA-2016-111913,SHIP04086,Cancelled,Blue Dart
CA-2016-111913,SHIP04087,Delivered,Ecom Express
CA-2016-111913,SHIP04088,Delivered,Blue Dart
US-2014-156559,SHIP04089,Delivered,XpressBees
CA-2016-161473,SHIP04090,Delivered,Blue Dart
CA-2016-161473,SHIP04091,Delivered,XpressBees
CA-2016-161473,SHIP04092,In Transit,India Post
CA-2017-166576,SHIP04093,Delivered,Delhivery
CA-2015-102491,SHIP04094,Delivered,Delhivery
CA-2015-102491,SHIP04095,Delivered,XpressBees
CA-2015-102491,SHIP04096,Delivered,Ecom Express
CA-2014-116904,SHIP04097,Delivered,XpressBees
CA-2014-116904,SHIP04098,Delivered,Ecom Express
CA-2014-116904,SHIP04099,Delivered,Blue Dart
CA-2014-116904,SHIP04100,In Transit,Delhivery
US-2017-102288,SHIP04101,Delivered,India Post
US-2017-102288,SHIP04102,Returned,Delhivery
US-2017-102288,SHIP04103,In Transit,Ecom Express
CA-2017-137456,SHIP04104,Delivered,Blue Dart
US-2017-155999,SHIP04105,Delivered,DTDC
US-2017-155999,SHIP04106,Delivered,XpressBees
US-2016-148334,SHIP04107,Returned,Delhivery
CA-2015-105599,SHIP04108,Returned,Delhivery
CA-2015-105599,SHIP04109,Delivered,XpressBees
CA-2015-153717,SHIP04110,In Transit,Delhivery
CA-2015-153717,SHIP04111,Delivered,Ecom Express
CA-2015-153717,SHIP04112,Delivered,Ecom Express
CA-2015-153717,SHIP04113,In Transit,DTDC
CA-2015-116687,SHIP04114,Cancelled,DTDC
CA-2015-116687,SHIP04115,Delivered,DTDC
CA-2016-163573,SHIP04116,Delivered,Ecom Express
CA-2015-153416,SHIP04117,Delivered,Blue Dart
CA-2015-153416,SHIP04118,In Transit,XpressBees
CA-2015-153416,SHIP04119,Delivered,Ecom Express
CA-2015-153416,SHIP04120,In Transit,DTDC
CA-2017-117394,SHIP04121,Delivered,India Post
CA-2017-133823,SHIP04122,Delivered,Delhivery
CA-2017-133823,SHIP04123,Delivered,Delhivery
CA-2017-133823,SHIP04124,Delivered,India Post
CA-2014-127523,SHIP04125,Delivered,Delhivery
CA-2017-123239,SHIP04126,In Transit,Blue Dart
CA-2017-156769,SHIP04127,Delivered,Blue Dart
CA-2014-127299,SHIP04128,Delivered,XpressBees
CA-2014-127299,SHIP04129,Delivered,Blue Dart
CA-2015-121272,SHIP04130,Returned,XpressBees
CA-2014-115336,SHIP04131,In Transit,Delhivery
CA-2015-111703,SHIP04132,Delivered,Delhivery
CA-2015-111703,SHIP04133,Returned,Delhivery
CA-2014-128839,SHIP04134,Delivered,Delhivery
CA-2014-128839,SHIP04135,Delivered,Delhivery
CA-2017-105914,SHIP04136,Delivered,XpressBees
CA-2017-105914,SHIP04137,Delivered,Delhivery
CA-2017-110926,SHIP04138,Delivered,XpressBees
CA-2016-117226,SHIP04139,Delivered,XpressBees
CA-2017-127313,SHIP04140,Delivered,XpressBees
CA-2017-127313,SHIP04141,Delivered,Delhivery
CA-2016-136287,SHIP04142,In Transit,Delhivery
US-2014-107699,SHIP04143,Delivered,XpressBees
CA-2017-112725,SHIP04144,Delivered,DTDC
CA-2017-112725,SHIP04145,Delivered,Ecom Express
CA-2017-112725,SHIP04146,Delivered,XpressBees
CA-2015-136196,SHIP04147,Delivered,India Post
CA-2017-106068,SHIP04148,Delivered,DTDC
CA-2017-106068,SHIP04149,Delivered,India Post
CA-2017-106068,SHIP04150,Delivered,Ecom Express
CA-2017-106068,SHIP04151,Delivered,Delhivery
CA-2017-100160,SHIP04152,Delivered,Delhivery
CA-2017-100160,SHIP04153,Delivered,XpressBees
CA-2017-100160,SHIP04154,Delivered,Blue Dart
CA-2016-139689,SHIP04155,Delivered,Ecom Express
CA-2016-139689,SHIP04156,Delivered,India Post
CA-2015-101091,SHIP04157,Delivered,India Post
CA-2015-101091,SHIP04158,Delivered,XpressBees
CA-2014-126907,SHIP04159,Delivered,DTDC
US-2016-164588,SHIP04160,Cancelled,India Post
CA-2017-115546,SHIP04161,Returned,Delhivery
CA-2017-115546,SHIP04162,Delivered,Delhivery
CA-2015-163587,SHIP04163,Delivered,Ecom Express
CA-2015-163587,SHIP04164,Returned,XpressBees
US-2017-106131,SHIP04165,In Transit,XpressBees
US-2017-106131,SHIP04166,Delivered,Blue Dart
CA-2015-160213,SHIP04167,Delivered,Ecom Express
CA-2014-157924,SHIP04168,Delivered,XpressBees
CA-2014-157924,SHIP04169,Delivered,Delhivery
CA-2015-100216,SHIP04170,Returned,Blue Dart
CA-2015-100216,SHIP04171,Delivered,XpressBees
CA-2017-100601,SHIP04172,In Transit,XpressBees
CA-2016-152163,SHIP04173,Returned,DTDC
CA-2016-152163,SHIP04174,Delivered,DTDC
CA-2016-152163,SHIP04175,Delivered,Ecom Express
CA-2015-154340,SHIP04176,In Transit,Delhivery
CA-2014-128846,SHIP04177,Delivered,Blue Dart
CA-2014-128846,SHIP04178,In Transit,Blue Dart
CA-2016-148593,SHIP04179,Delivered,Ecom Express
US-2017-119039,SHIP04180,Delivered,India Post
CA-2017-128426,SHIP04181,Cancelled,Blue Dart
US-2017-136868,SHIP04182,Delivered,Blue Dart
US-2017-136868,SHIP04183,Returned,India Post
US-2017-136868,SHIP04184,Delivered,India Post
CA-2016-143749,SHIP04185,In Transit,Delhivery
CA-2016-111493,SHIP04186,Cancelled,DTDC
CA-2017-112536,SHIP04187,Delivered,Blue Dart
CA-2017-112536,SHIP04188,Delivered,Delhivery
CA-2017-112536,SHIP04189,Delivered,India Post
CA-2016-157714,SHIP04190,Delivered,XpressBees
CA-2017-166709,SHIP04191,Delivered,India Post
CA-2015-129392,SHIP04192,Delivered,Ecom Express
CA-2015-150875,SHIP04193,In Transit,India Post
CA-2015-150875,SHIP04194,Delivered,XpressBees
CA-2015-154200,SHIP04195,In Transit,DTDC
CA-2016-124233,SHIP04196,Delivered,XpressBees
US-2015-134271,SHIP04197,Delivered,Ecom Express
US-2016-161683,SHIP04198,Delivered,XpressBees
US-2016-161683,SHIP04199,Returned,Delhivery
CA-2015-143105,SHIP04200,Delivered,India Post
CA-2015-143105,SHIP04201,Delivered,Blue Dart
CA-2015-143105,SHIP04202,Cancelled,Delhivery
CA-2015-143105,SHIP04203,Delivered,India Post
CA-2014-145387,SHIP04204,Delivered,DTDC
CA-2014-145387,SHIP04205,Delivered,Ecom Express
CA-2014-145387,SHIP04206,Delivered,Delhivery
CA-2014-145387,SHIP04207,Cancelled,India Post
CA-2014-145387,SHIP04208,In Transit,Blue Dart
CA-2014-145387,SHIP04209,Delivered,DTDC
CA-2014-145387,SHIP04210,Delivered,Blue Dart
CA-2017-109715,SHIP04211,Delivered,DTDC
CA-2014-166457,SHIP04212,Delivered,Ecom Express
CA-2014-166457,SHIP04213,Delivered,XpressBees
CA-2014-166457,SHIP04214,Delivered,India Post
CA-2016-164637,SHIP04215,Delivered,India Post
CA-2014-103590,SHIP04216,Delivered,XpressBees
CA-2015-111234,SHIP04217,Delivered,India Post
CA-2017-149881,SHIP04218,In Transit,India Post
CA-2017-149881,SHIP04219,Delivered,India Post
CA-2017-134565,SHIP04220,Cancelled,India Post
CA-2017-134565,SHIP04221,Returned,Ecom Express
CA-2017-134565,SHIP04222,Cancelled,Ecom Express
CA-2017-134565,SHIP04223,Delivered,India Post
CA-2017-134565,SHIP04224,In Transit,Delhivery
CA-2016-108644,SHIP04225,Returned,Delhivery
US-2014-102631,SHIP04226,Delivered,XpressBees
CA-2017-120327,SHIP04227,Cancelled,XpressBees
CA-2015-154970,SHIP04228,Delivered,DTDC
CA-2016-113803,SHIP04229,Delivered,Delhivery
CA-2017-100223,SHIP04230,Delivered,Blue Dart
CA-2017-100223,SHIP04231,Cancelled,DTDC
CA-2017-100223,SHIP04232,Returned,XpressBees
CA-2017-100223,SHIP04233,Delivered,XpressBees
CA-2017-100223,SHIP04234,Delivered,Delhivery
CA-2014-168823,SHIP04235,Delivered,Delhivery
CA-2014-168823,SHIP04236,Delivered,Blue Dart
CA-2016-162404,SHIP04237,Delivered,Ecom Express
CA-2017-104024,SHIP04238,In Transit,India Post
CA-2017-147144,SHIP04239,Delivered,Ecom Express
CA-2017-158673,SHIP04240,In Transit,Blue Dart
CA-2014-133704,SHIP04241,Delivered,DTDC
CA-2014-133704,SHIP04242,Delivered,Ecom Express
CA-2016-159142,SHIP04243,Delivered,India Post
CA-2016-159142,SHIP04244,Delivered,Ecom Express
CA-2014-138436,SHIP04245,Delivered,Ecom Express
CA-2017-117702,SHIP04246,Returned,DTDC
CA-2017-117702,SHIP04247,Delivered,Ecom Express
CA-2017-117702,SHIP04248,Delivered,Blue Dart
CA-2016-157336,SHIP04249,Returned,XpressBees
CA-2016-157336,SHIP04250,Delivered,India Post
CA-2014-168130,SHIP04251,Delivered,XpressBees
CA-2015-155068,SHIP04252,Cancelled,India Post
CA-2015-155068,SHIP04253,Returned,Delhivery
CA-2015-155068,SHIP04254,Delivered,DTDC
CA-2017-163160,SHIP04255,Delivered,Blue Dart
CA-2017-163160,SHIP04256,Delivered,Delhivery
CA-2017-163160,SHIP04257,Cancelled,XpressBees
CA-2015-101924,SHIP04258,Delivered,DTDC
CA-2016-124793,SHIP04259,In Transit,XpressBees
CA-2017-118367,SHIP04260,Delivered,Blue Dart
CA-2017-164819,SHIP04261,Delivered,Blue Dart
CA-2017-158344,SHIP04262,Delivered,Blue Dart
CA-2017-123351,SHIP04263,Delivered,Ecom Express
CA-2017-110429,SHIP04264,Returned,Blue Dart
US-2016-131611,SHIP04265,Delivered,Blue Dart
US-2016-131611,SHIP04266,Delivered,Ecom Express
US-2016-131611,SHIP04267,In Transit,India Post
US-2016-131611,SHIP04268,Cancelled,India Post
US-2016-131611,SHIP04269,Delivered,Delhivery
US-2017-124821,SHIP04270,Returned,XpressBees
CA-2015-166975,SHIP04271,Delivered,Ecom Express
CA-2016-123806,SHIP04272,Delivered,Blue Dart
US-2017-158505,SHIP04273,Delivered,DTDC
US-2017-158505,SHIP04274,Cancelled,Ecom Express
CA-2015-142692,SHIP04275,Returned,India Post
CA-2015-123456,SHIP04276,Cancelled,DTDC
CA-2017-151358,SHIP04277,Delivered,DTDC
US-2016-107440,SHIP04278,Delivered,XpressBees
US-2016-107440,SHIP04279,Delivered,Blue Dart
US-2016-107440,SHIP04280,In Transit,Delhivery
CA-2014-166989,SHIP04281,Delivered,DTDC
CA-2014-166989,SHIP04282,Returned,XpressBees
CA-2014-103100,SHIP04283,Delivered,DTDC
CA-2014-103100,SHIP04284,Delivered,DTDC
CA-2015-105690,SHIP04285,In Transit,India Post
CA-2015-105690,SHIP04286,Delivered,Delhivery
CA-2015-105690,SHIP04287,Delivered,Blue Dart
CA-2017-127516,SHIP04288,Delivered,XpressBees
US-2015-117184,SHIP04289,Delivered,Ecom Express
US-2015-117184,SHIP04290,Cancelled,Blue Dart
CA-2017-102407,SHIP04291,In Transit,Delhivery
CA-2017-102407,SHIP04292,Delivered,DTDC
CA-2017-102407,SHIP04293,Delivered,Ecom Express
CA-2017-130967,SHIP04294,Delivered,Delhivery
CA-2017-101581,SHIP04295,Cancelled,DTDC
CA-2017-169124,SHIP04296,Cancelled,XpressBees
CA-2017-117261,SHIP04297,Delivered,Ecom Express
CA-2017-129021,SHIP04298,Delivered,Delhivery
CA-2017-129021,SHIP04299,Delivered,XpressBees
CA-2017-129021,SHIP04300,Returned,XpressBees
CA-2017-129021,SHIP04301,Delivered,India Post
CA-2017-129021,SHIP04302,Delivered,Blue Dart
CA-2014-123253,SHIP04303,Delivered,XpressBees
CA-2016-121601,SHIP04304,Delivered,India Post
CA-2014-162278,SHIP04305,Delivered,India Post
CA-2014-162278,SHIP04306,Delivered,Delhivery
CA-2016-161095,SHIP04307,In Transit,DTDC
CA-2016-161095,SHIP04308,Delivered,India Post
CA-2014-125829,SHIP04309,Delivered,Blue Dart
CA-2014-125829,SHIP04310,Delivered,Blue Dart
CA-2014-125829,SHIP04311,Cancelled,Blue Dart
CA-2014-125829,SHIP04312,In Transit,XpressBees
CA-2014-125829,SHIP04313,Cancelled,Ecom Express
CA-2014-123127,SHIP04314,Cancelled,Delhivery
CA-2015-115945,SHIP04315,Returned,Delhivery
CA-2015-115945,SHIP04316,Delivered,XpressBees
CA-2015-115945,SHIP04317,In Transit,India Post
CA-2015-136735,SHIP04318,Delivered,XpressBees
US-2017-136189,SHIP04319,Delivered,Blue Dart
CA-2014-152345,SHIP04320,Delivered,DTDC
CA-2014-152345,SHIP04321,Delivered,India Post
US-2015-147662,SHIP04322,Delivered,Delhivery
US-2015-147662,SHIP04323,Delivered,XpressBees
US-2015-147662,SHIP04324,Delivered,XpressBees
US-2015-147662,SHIP04325,Delivered,Delhivery
US-2015-147662,SHIP04326,Delivered,DTDC
CA-2016-153346,SHIP04327,Delivered,DTDC
CA-2016-153346,SHIP04328,Delivered,Ecom Express
CA-2017-118360,SHIP04329,Delivered,XpressBees
CA-2017-149853,SHIP04330,Delivered,DTDC
CA-2017-149853,SHIP04331,In Transit,Ecom Express
CA-2017-107909,SHIP04332,Delivered,XpressBees
CA-2017-107909,SHIP04333,Delivered,Delhivery
CA-2015-112375,SHIP04334,Delivered,DTDC
CA-2015-112375,SHIP04335,Delivered,Ecom Express
CA-2015-154795,SHIP04336,Returned,Blue Dart
CA-2015-154795,SHIP04337,Cancelled,XpressBees
CA-2015-125234,SHIP04338,Delivered,Ecom Express
CA-2015-125234,SHIP04339,Delivered,Delhivery
CA-2017-133501,SHIP04340,Delivered,Blue Dart
US-2014-129609,SHIP04341,Delivered,Blue Dart
CA-2017-130309,SHIP04342,Delivered,XpressBees
CA-2017-105410,SHIP04343,Delivered,India Post
CA-2017-105410,SHIP04344,In Transit,XpressBees
CA-2017-105410,SHIP04345,Delivered,DTDC
CA-2017-105410,SHIP04346,Delivered,XpressBees
CA-2016-120355,SHIP04347,Delivered,Ecom Express
CA-2016-120355,SHIP04348,Delivered,XpressBees
CA-2017-169894,SHIP04349,In Transit,India Post
CA-2017-169894,SHIP04350,Returned,India Post
US-2017-100482,SHIP04351,Delivered,Delhivery
US-2017-100482,SHIP04352,Returned,DTDC
CA-2017-107748,SHIP04353,Delivered,India Post
CA-2017-107748,SHIP04354,Delivered,XpressBees
CA-2017-153654,SHIP04355,In Transit,XpressBees
CA-2015-155600,SHIP04356,Delivered,Blue Dart
CA-2015-155600,SHIP04357,Returned,India Post
CA-2017-162565,SHIP04358,Delivered,India Post
CA-2017-162565,SHIP04359,Returned,XpressBees
CA-2017-162565,SHIP04360,Returned,India Post
CA-2016-127642,SHIP04361,In Transit,India Post
US-2017-163195,SHIP04362,Delivered,DTDC
CA-2017-111332,SHIP04363,Delivered,Ecom Express
CA-2017-111332,SHIP04364,Delivered,Ecom Express
CA-2017-111332,SHIP04365,Delivered,Blue Dart
CA-2017-111332,SHIP04366,Delivered,Delhivery
CA-2017-111332,SHIP04367,Returned,Ecom Express
CA-2017-117044,SHIP04368,Delivered,Ecom Express
CA-2017-117044,SHIP04369,In Transit,Ecom Express
US-2016-165078,SHIP04370,Delivered,India Post
US-2016-165078,SHIP04371,Delivered,Delhivery
US-2016-165078,SHIP04372,Returned,Delhivery
US-2017-169320,SHIP04373,Delivered,DTDC
US-2017-169320,SHIP04374,Cancelled,India Post
CA-2016-158575,SHIP04375,Delivered,XpressBees
CA-2014-166954,SHIP04376,In Transit,India Post
CA-2014-166954,SHIP04377,Returned,India Post
CA-2014-166954,SHIP04378,Delivered,Ecom Express
CA-2015-140830,SHIP04379,Cancelled,Ecom Express
CA-2015-140830,SHIP04380,Delivered,Blue Dart
CA-2015-152891,SHIP04381,Delivered,Delhivery
CA-2015-152891,SHIP04382,In Transit,Ecom Express
US-2015-122784,SHIP04383,Delivered,India Post
US-2015-122784,SHIP04384,Delivered,Blue Dart
US-2015-122784,SHIP04385,Delivered,DTDC
US-2015-122784,SHIP04386,Delivered,India Post
CA-2016-156811,SHIP04387,In Transit,India Post
CA-2016-156811,SHIP04388,Delivered,Delhivery
CA-2017-111556,SHIP04389,Delivered,Blue Dart
CA-2017-111556,SHIP04390,Delivered,XpressBees
CA-2017-111556,SHIP04391,Delivered,Ecom Express
CA-2017-111556,SHIP04392,Delivered,Blue Dart
CA-2016-108868,SHIP04393,Delivered,Delhivery
CA-2016-108868,SHIP04394,Delivered,Blue Dart
CA-2014-142965,SHIP04395,Returned,Blue Dart
CA-2014-142965,SHIP04396,Cancelled,DTDC
CA-2016-148740,SHIP04397,Delivered,Blue Dart
US-2014-138758,SHIP04398,Delivered,Ecom Express
US-2014-138758,SHIP04399,In Transit,Delhivery
CA-2016-131737,SHIP04400,Cancelled,India Post
CA-2016-131737,SHIP04401,Delivered,Ecom Express
CA-2016-131737,SHIP04402,Delivered,Ecom Express
CA-2016-114538,SHIP04403,Delivered,Ecom Express
CA-2014-127936,SHIP04404,Delivered,DTDC
CA-2015-164336,SHIP04405,Cancelled,Ecom Express
CA-2015-164336,SHIP04406,Cancelled,DTDC
CA-2016-100041,SHIP04407,Delivered,Blue Dart
CA-2016-100041,SHIP04408,Cancelled,Blue Dart
CA-2016-100041,SHIP04409,Delivered,DTDC
US-2014-154879,SHIP04410,Delivered,Delhivery
US-2014-154879,SHIP04411,Returned,Ecom Express
CA-2014-130624,SHIP04412,Delivered,XpressBees
CA-2014-130624,SHIP04413,Delivered,India Post
CA-2014-130624,SHIP04414,Delivered,Ecom Express
CA-2017-132339,SHIP04415,Delivered,Ecom Express
CA-2014-153983,SHIP04416,Delivered,Blue Dart
CA-2014-153983,SHIP04417,Delivered,Blue Dart
CA-2017-112900,SHIP04418,Delivered,Blue Dart
CA-2014-160157,SHIP04419,Delivered,XpressBees
CA-2014-139633,SHIP04420,Delivered,Ecom Express
CA-2015-163090,SHIP04421,In Transit,Delhivery
CA-2014-117016,SHIP04422,Delivered,Blue Dart
CA-2017-159464,SHIP04423,Delivered,XpressBees
CA-2017-159464,SHIP04424,In Transit,DTDC
CA-2017-159464,SHIP04425,Returned,Delhivery
CA-2017-159464,SHIP04426,Cancelled,XpressBees
CA-2017-159464,SHIP04427,Cancelled,India Post
US-2017-103226,SHIP04428,Delivered,Blue Dart
CA-2017-119452,SHIP04429,In Transit,Ecom Express
CA-2017-147725,SHIP04430,Delivered,DTDC
CA-2016-168893,SHIP04431,Delivered,Blue Dart
CA-2016-168893,SHIP04432,Delivered,DTDC
CA-2016-168893,SHIP04433,Delivered,Delhivery
CA-2016-168893,SHIP04434,Delivered,Blue Dart
CA-2016-168893,SHIP04435,Delivered,XpressBees
CA-2016-163398,SHIP04436,Delivered,XpressBees
CA-2016-163398,SHIP04437,Delivered,DTDC
CA-2016-163398,SHIP04438,Delivered,XpressBees
CA-2016-162726,SHIP04439,Cancelled,Delhivery
CA-2016-162726,SHIP04440,Cancelled,Ecom Express
US-2016-111290,SHIP04441,Delivered,India Post
US-2016-111290,SHIP04442,In Transit,Ecom Express
US-2016-111290,SHIP04443,Cancelled,XpressBees
US-2016-111290,SHIP04444,Delivered,XpressBees
US-2014-147704,SHIP04445,In Transit,India Post
US-2014-147704,SHIP04446,Delivered,India Post
US-2014-147704,SHIP04447,In Transit,DTDC
US-2014-147704,SHIP04448,Delivered,Delhivery
CA-2015-121965,SHIP04449,Delivered,Blue Dart
CA-2015-121965,SHIP04450,Delivered,India Post
CA-2015-121965,SHIP04451,Returned,Blue Dart
CA-2016-147137,SHIP04452,Delivered,DTDC
CA-2016-147137,SHIP04453,Delivered,Blue Dart
CA-2016-147137,SHIP04454,Returned,India Post
CA-2016-147137,SHIP04455,Returned,Ecom Express
US-2015-146745,SHIP04456,Delivered,XpressBees
US-2015-146745,SHIP04457,Delivered,Blue Dart
CA-2017-115175,SHIP04458,Delivered,Blue Dart
CA-2017-105851,SHIP04459,Delivered,XpressBees
US-2017-125717,SHIP04460,Delivered,Delhivery
US-2017-125717,SHIP04461,Delivered,India Post
US-2017-125717,SHIP04462,Delivered,DTDC
US-2017-125717,SHIP04463,Delivered,Delhivery
US-2017-125717,SHIP04464,Delivered,Ecom Express
US-2017-125717,SHIP04465,Delivered,Delhivery
CA-2015-163895,SHIP04466,Returned,Delhivery
CA-2017-168641,SHIP04467,Delivered,DTDC
CA-2017-168641,SHIP04468,Delivered,Delhivery
CA-2017-168641,SHIP04469,Returned,India Post
CA-2017-168641,SHIP04470,Delivered,Delhivery
CA-2017-156895,SHIP04471,Delivered,DTDC
CA-2017-121300,SHIP04472,Delivered,Blue Dart
CA-2017-121300,SHIP04473,Delivered,Blue Dart
CA-2017-121300,SHIP04474,Delivered,XpressBees
CA-2017-121300,SHIP04475,Delivered,DTDC
CA-2017-121300,SHIP04476,Delivered,India Post
CA-2017-121300,SHIP04477,Delivered,XpressBees
CA-2017-130211,SHIP04478,Cancelled,India Post
CA-2017-130211,SHIP04479,Delivered,Ecom Express
CA-2014-147235,SHIP04480,Delivered,DTDC
CA-2016-109365,SHIP04481,In Transit,Delhivery
CA-2016-109365,SHIP04482,In Transit,DTDC
CA-2016-109365,SHIP04483,Delivered,Ecom Express
CA-2016-109365,SHIP04484,Returned,India Post
CA-2016-109365,SHIP04485,Returned,DTDC
CA-2016-109365,SHIP04486,Delivered,Delhivery
CA-2016-109365,SHIP04487,In Transit,Ecom Express
CA-2015-162621,SHIP04488,Delivered,Ecom Express
CA-2015-162621,SHIP04489,Cancelled,XpressBees
CA-2015-162621,SHIP04490,Delivered,Blue Dart
CA-2017-105921,SHIP04491,In Transit,India Post
CA-2014-150798,SHIP04492,Cancelled,Blue Dart
CA-2014-150798,SHIP04493,Delivered,India Post
CA-2014-150798,SHIP04494,Delivered,India Post
CA-2014-150798,SHIP04495,Delivered,DTDC
CA-2017-112753,SHIP04496,Delivered,Blue Dart
CA-2017-112753,SHIP04497,Delivered,Delhivery
CA-2017-155075,SHIP04498,Delivered,Delhivery
CA-2014-103401,SHIP04499,Delivered,Delhivery
CA-2016-124814,SHIP04500,Delivered,DTDC
CA-2016-124814,SHIP04501,Delivered,Delhivery
CA-2014-116757,SHIP04502,Delivered,XpressBees
CA-2014-116757,SHIP04503,Delivered,Blue Dart
US-2014-138247,SHIP04504,Delivered,DTDC
US-2014-138247,SHIP04505,Delivered,Delhivery
US-2014-138247,SHIP04506,In Transit,Ecom Express
US-2014-138247,SHIP04507,Delivered,Blue Dart
US-2014-138247,SHIP04508,Delivered,XpressBees
US-2014-138247,SHIP04509,Delivered,Ecom Express
CA-2017-167003,SHIP04510,Delivered,Blue Dart
CA-2016-119935,SHIP04511,Delivered,Delhivery
CA-2016-119935,SHIP04512,Delivered,DTDC
CA-2016-118969,SHIP04513,Delivered,Blue Dart
CA-2016-145240,SHIP04514,Returned,India Post
CA-2016-120873,SHIP04515,Cancelled,Blue Dart
US-2017-111920,SHIP04516,Delivered,Blue Dart
US-2016-128678,SHIP04517,In Transit,India Post
US-2016-128678,SHIP04518,Delivered,DTDC
CA-2016-101385,SHIP04519,In Transit,Ecom Express
CA-2017-107167,SHIP04520,In Transit,XpressBees
CA-2014-109491,SHIP04521,Delivered,DTDC
CA-2014-109491,SHIP04522,Delivered,Blue Dart
CA-2017-105445,SHIP04523,Delivered,Blue Dart
CA-2014-107454,SHIP04524,In Transit,DTDC
CA-2014-107454,SHIP04525,Delivered,Blue Dart
US-2017-105046,SHIP04526,Delivered,India Post
US-2017-105046,SHIP04527,In Transit,Delhivery
US-2017-105046,SHIP04528,Returned,Ecom Express
CA-2017-152856,SHIP04529,Delivered,Blue Dart
CA-2016-134691,SHIP04530,Delivered,DTDC
CA-2016-118759,SHIP04531,Delivered,DTDC
CA-2016-118759,SHIP04532,Delivered,Blue Dart
CA-2014-140403,SHIP04533,Delivered,India Post
CA-2014-140403,SHIP04534,Delivered,DTDC
CA-2015-163104,SHIP04535,Returned,DTDC
CA-2017-138464,SHIP04536,Delivered,DTDC
CA-2017-138464,SHIP04537,Delivered,XpressBees
CA-2017-138464,SHIP04538,Delivered,Blue Dart
CA-2017-138464,SHIP04539,Delivered,India Post
CA-2015-104129,SHIP04540,Cancelled,DTDC
CA-2015-104129,SHIP04541,Cancelled,India Post
US-2017-132206,SHIP04542,Delivered,Delhivery
CA-2017-113474,SHIP04543,Delivered,India Post
CA-2015-126557,SHIP04544,Delivered,Ecom Express
CA-2015-126557,SHIP04545,Delivered,India Post
CA-2015-126557,SHIP04546,Delivered,XpressBees
CA-2015-126557,SHIP04547,Delivered,XpressBees
CA-2015-126557,SHIP04548,Delivered,XpressBees
CA-2015-126557,SHIP04549,In Transit,Delhivery
CA-2015-126557,SHIP04550,In Transit,Ecom Express
US-2017-107636,SHIP04551,Delivered,DTDC
US-2014-165862,SHIP04552,Delivered,DTDC
US-2014-106334,SHIP04553,Delivered,Blue Dart
US-2014-106334,SHIP04554,Delivered,Blue Dart
CA-2016-101448,SHIP04555,Delivered,Ecom Express
CA-2015-130218,SHIP04556,Delivered,Delhivery
CA-2015-130218,SHIP04557,Delivered,Delhivery
US-2017-117331,SHIP04558,Delivered,DTDC
CA-2014-127383,SHIP04559,Delivered,India Post
CA-2014-110219,SHIP04560,Delivered,XpressBees
CA-2015-118871,SHIP04561,Delivered,India Post
CA-2015-118871,SHIP04562,In Transit,XpressBees
CA-2015-118871,SHIP04563,Delivered,India Post
CA-2017-129490,SHIP04564,Returned,India Post
CA-2014-101175,SHIP04565,Delivered,India Post
US-2017-149510,SHIP04566,Returned,Ecom Express
US-2017-149510,SHIP04567,In Transit,XpressBees
US-2017-149510,SHIP04568,Delivered,India Post
CA-2015-111990,SHIP04569,Delivered,India Post
CA-2014-169460,SHIP04570,In Transit,XpressBees
US-2015-152128,SHIP04571,Delivered,India Post
US-2015-152128,SHIP04572,Delivered,India Post
CA-2017-126662,SHIP04573,In Transit,Ecom Express
CA-2016-139395,SHIP04574,Delivered,DTDC
CA-2016-139395,SHIP04575,Delivered,Delhivery
CA-2016-139395,SHIP04576,Delivered,Blue Dart
CA-2016-139395,SHIP04577,Delivered,India Post
US-2014-121734,SHIP04578,Delivered,India Post
CA-2015-110947,SHIP04579,Delivered,Ecom Express
US-2014-150126,SHIP04580,Delivered,XpressBees
CA-2015-164427,SHIP04581,In Transit,Blue Dart
CA-2016-120250,SHIP04582,Delivered,Delhivery
CA-2016-121993,SHIP04583,Delivered,India Post
US-2016-100405,SHIP04584,Delivered,XpressBees
US-2017-163790,SHIP04585,Delivered,India Post
US-2017-163790,SHIP04586,Delivered,Blue Dart
US-2017-163790,SHIP04587,Delivered,Blue Dart
US-2017-163790,SHIP04588,Delivered,Blue Dart
US-2017-163790,SHIP04589,Delivered,Ecom Express
US-2017-163790,SHIP04590,Delivered,XpressBees
CA-2016-129868,SHIP04591,Delivered,Delhivery
CA-2016-129868,SHIP04592,Delivered,XpressBees
CA-2016-129868,SHIP04593,Delivered,Blue Dart
CA-2016-129868,SHIP04594,Delivered,Blue Dart
CA-2016-129868,SHIP04595,Delivered,Delhivery
CA-2016-129868,SHIP04596,Delivered,Delhivery
CA-2016-140564,SHIP04597,Delivered,Delhivery
US-2017-169502,SHIP04598,In Transit,XpressBees
US-2017-169502,SHIP04599,In Transit,Delhivery
CA-2015-146948,SHIP04600,Delivered,Blue Dart
CA-2015-146948,SHIP04601,Delivered,Ecom Express
CA-2015-146948,SHIP04602,Delivered,DTDC
US-2015-113327,SHIP04603,Delivered,Blue Dart
US-2015-113327,SHIP04604,Delivered,Delhivery
US-2015-113327,SHIP04605,Cancelled,Ecom Express
US-2015-113327,SHIP04606,In Transit,Blue Dart
CA-2015-135020,SHIP04607,Returned,Delhivery
CA-2015-135020,SHIP04608,In Transit,Blue Dart
CA-2015-135020,SHIP04609,Delivered,India Post
CA-2015-135020,SHIP04610,Delivered,Blue Dart
US-2017-141852,SHIP04611,Delivered,India Post
CA-2016-109407,SHIP04612,Delivered,Delhivery
US-2017-165953,SHIP04613,Delivered,Blue Dart
US-2017-165953,SHIP04614,Cancelled,Blue Dart
CA-2016-144540,SHIP04615,Delivered,Blue Dart
CA-2016-144540,SHIP04616,Delivered,Ecom Express
CA-2015-159863,SHIP04617,Delivered,XpressBees
CA-2015-117800,SHIP04618,Delivered,Blue Dart
CA-2015-117800,SHIP04619,Delivered,Delhivery
CA-2017-145219,SHIP04620,Delivered,DTDC
CA-2017-145219,SHIP04621,Delivered,India Post
CA-2015-161214,SHIP04622,Delivered,Delhivery
CA-2017-147228,SHIP04623,Delivered,Ecom Express
CA-2017-147228,SHIP04624,Delivered,India Post
CA-2017-147228,SHIP04625,Delivered,Blue Dart
CA-2017-147228,SHIP04626,Delivered,Delhivery
CA-2016-101336,SHIP04627,Delivered,Ecom Express
CA-2016-101336,SHIP04628,Delivered,DTDC
CA-2016-101336,SHIP04629,Returned,Ecom Express
CA-2016-101336,SHIP04630,Delivered,Ecom Express
US-2015-126235,SHIP04631,Delivered,Blue Dart
CA-2017-168396,SHIP04632,Delivered,India Post
CA-2017-168396,SHIP04633,Delivered,XpressBees
CA-2015-130456,SHIP04634,Returned,Delhivery
CA-2015-130456,SHIP04635,Cancelled,Delhivery
CA-2017-116288,SHIP04636,Returned,XpressBees
CA-2017-168228,SHIP04637,Delivered,Delhivery
CA-2017-168228,SHIP04638,Delivered,Ecom Express
CA-2017-168228,SHIP04639,Delivered,XpressBees
CA-2016-102162,SHIP04640,Delivered,Blue Dart
CA-2016-102162,SHIP04641,Delivered,Ecom Express
CA-2017-130141,SHIP04642,Delivered,XpressBees
CA-2017-130141,SHIP04643,Delivered,Delhivery
CA-2015-147501,SHIP04644,In Transit,DTDC
CA-2015-147501,SHIP04645,Delivered,India Post
CA-2016-143910,SHIP04646,Delivered,Ecom Express
CA-2014-146885,SHIP04647,Delivered,Ecom Express
CA-2016-139556,SHIP04648,Delivered,Ecom Express
CA-2017-129357,SHIP04649,Delivered,Ecom Express
CA-2017-129357,SHIP04650,Returned,Delhivery
CA-2017-150987,SHIP04651,Cancelled,XpressBees
CA-2017-150987,SHIP04652,Returned,Ecom Express
CA-2017-132647,SHIP04653,Delivered,India Post
CA-2017-132647,SHIP04654,Delivered,India Post
CA-2017-159107,SHIP04655,Delivered,Blue Dart
CA-2014-160738,SHIP04656,Delivered,XpressBees
CA-2015-112130,SHIP04657,Delivered,Ecom Express
CA-2015-112130,SHIP04658,Delivered,Delhivery
CA-2015-112130,SHIP04659,Delivered,Ecom Express
CA-2015-112130,SHIP04660,Delivered,India Post
CA-2015-112130,SHIP04661,Delivered,Blue Dart
CA-2015-112130,SHIP04662,Returned,DTDC
CA-2015-112130,SHIP04663,Delivered,Blue Dart
CA-2016-111409,SHIP04664,Delivered,Blue Dart
CA-2016-116232,SHIP04665,Delivered,Delhivery
CA-2016-116232,SHIP04666,Delivered,Delhivery
CA-2016-116547,SHIP04667,Delivered,Blue Dart
CA-2016-116547,SHIP04668,Delivered,XpressBees
US-2017-133200,SHIP04669,Returned,DTDC
US-2017-133200,SHIP04670,In Transit,XpressBees
US-2017-133200,SHIP04671,Delivered,India Post
CA-2016-133550,SHIP04672,Delivered,India Post
CA-2016-133550,SHIP04673,Returned,India Post
CA-2016-133550,SHIP04674,Returned,DTDC
CA-2016-133550,SHIP04675,Delivered,Delhivery
CA-2017-139416,SHIP04676,Delivered,XpressBees
CA-2014-114510,SHIP04677,Cancelled,Ecom Express
CA-2014-114510,SHIP04678,Delivered,India Post
CA-2014-114510,SHIP04679,In Transit,Blue Dart
CA-2014-114510,SHIP04680,Delivered,Ecom Express
CA-2014-114510,SHIP04681,Delivered,Blue Dart
CA-2016-169215,SHIP04682,In Transit,India Post
CA-2016-127698,SHIP04683,Delivered,XpressBees
CA-2016-159912,SHIP04684,Delivered,India Post
CA-2016-159912,SHIP04685,Delivered,XpressBees
CA-2016-159912,SHIP04686,Delivered,India Post
CA-2016-159912,SHIP04687,Delivered,Blue Dart
CA-2016-101987,SHIP04688,Cancelled,India Post
US-2017-154851,SHIP04689,Returned,Blue Dart
CA-2014-138681,SHIP04690,Delivered,Ecom Express
CA-2014-138681,SHIP04691,In Transit,Blue Dart
CA-2014-138681,SHIP04692,Delivered,DTDC
CA-2014-138681,SHIP04693,Delivered,Delhivery
CA-2014-138681,SHIP04694,Delivered,India Post
US-2015-138121,SHIP04695,Cancelled,DTDC
US-2015-138121,SHIP04696,Delivered,Blue Dart
US-2015-138121,SHIP04697,Delivered,XpressBees
US-2015-138121,SHIP04698,Cancelled,Blue Dart
US-2015-138121,SHIP04699,Delivered,India Post
CA-2017-140298,SHIP04700,Delivered,DTDC
CA-2017-140298,SHIP04701,Delivered,DTDC
CA-2017-140298,SHIP04702,Returned,XpressBees
CA-2017-140298,SHIP04703,Delivered,Delhivery
CA-2016-166240,SHIP04704,Delivered,Blue Dart
CA-2016-158435,SHIP04705,Delivered,India Post
CA-2016-158435,SHIP04706,Delivered,India Post
CA-2016-158435,SHIP04707,Delivered,XpressBees
CA-2017-138149,SHIP04708,Delivered,Ecom Express
CA-2017-138149,SHIP04709,Delivered,Ecom Express
CA-2017-138149,SHIP04710,Delivered,Ecom Express
CA-2017-138149,SHIP04711,Delivered,India Post
CA-2014-112403,SHIP04712,Delivered,XpressBees
CA-2014-108273,SHIP04713,Returned,India Post
CA-2014-108273,SHIP04714,Returned,India Post
CA-2017-121643,SHIP04715,Delivered,India Post
US-2015-122910,SHIP04716,Delivered,Blue Dart
CA-2017-143126,SHIP04717,Returned,Delhivery
CA-2015-129042,SHIP04718,Cancelled,Ecom Express
CA-2015-109736,SHIP04719,Returned,DTDC
CA-2015-142601,SHIP04720,Delivered,Blue Dart
CA-2015-142601,SHIP04721,Delivered,Delhivery
CA-2014-106229,SHIP04722,Delivered,Delhivery
US-2017-135230,SHIP04723,Delivered,Blue Dart
CA-2016-159653,SHIP04724,Delivered,Ecom Express
CA-2016-131968,SHIP04725,In Transit,XpressBees
CA-2016-131968,SHIP04726,Delivered,Ecom Express
CA-2014-119151,SHIP04727,Delivered,Blue Dart
CA-2014-119151,SHIP04728,Delivered,Blue Dart
CA-2014-123323,SHIP04729,Returned,XpressBees
CA-2016-124681,SHIP04730,Delivered,DTDC
US-2015-103996,SHIP04731,Delivered,XpressBees
US-2015-103996,SHIP04732,Delivered,Ecom Express
US-2015-103996,SHIP04733,Delivered,Delhivery
US-2015-103996,SHIP04734,Delivered,Blue Dart
CA-2016-120530,SHIP04735,Delivered,Blue Dart
CA-2015-155054,SHIP04736,Delivered,India Post
CA-2015-155054,SHIP04737,Delivered,Delhivery
CA-2015-155054,SHIP04738,Delivered,Blue Dart
CA-2015-105725,SHIP04739,Delivered,Delhivery
CA-2015-105725,SHIP04740,Delivered,DTDC
CA-2017-164364,SHIP04741,Returned,India Post
CA-2017-164364,SHIP04742,Delivered,DTDC
CA-2017-164364,SHIP04743,Delivered,Ecom Express
CA-2017-168123,SHIP04744,Delivered,DTDC
CA-2017-168123,SHIP04745,Delivered,India Post
CA-2017-168123,SHIP04746,Delivered,DTDC
CA-2017-168123,SHIP04747,Delivered,Blue Dart
CA-2016-120005,SHIP04748,Delivered,DTDC
CA-2016-120005,SHIP04749,Delivered,XpressBees
CA-2016-123526,SHIP04750,Delivered,Blue Dart
CA-2016-127649,SHIP04751,Delivered,XpressBees
CA-2016-159989,SHIP04752,In Transit,DTDC
CA-2017-103499,SHIP04753,Returned,DTDC
US-2015-167220,SHIP04754,Delivered,Ecom Express
CA-2017-126354,SHIP04755,Delivered,Blue Dart
CA-2017-126354,SHIP04756,Returned,Ecom Express
CA-2017-169817,SHIP04757,Returned,XpressBees
US-2017-144582,SHIP04758,Delivered,Ecom Express
CA-2014-121573,SHIP04759,Delivered,XpressBees
CA-2014-121573,SHIP04760,Returned,Ecom Express
CA-2014-121573,SHIP04761,Delivered,XpressBees
CA-2016-117660,SHIP04762,Delivered,XpressBees
CA-2016-117660,SHIP04763,Delivered,DTDC
CA-2014-112851,SHIP04764,Delivered,Blue Dart
CA-2017-123701,SHIP04765,Returned,India Post
CA-2015-118227,SHIP04766,Delivered,Ecom Express
CA-2015-123155,SHIP04767,Delivered,XpressBees
CA-2015-123155,SHIP04768,Delivered,XpressBees
CA-2017-158883,SHIP04769,Delivered,India Post
US-2016-114888,SHIP04770,Returned,Ecom Express
US-2016-114888,SHIP04771,Cancelled,India Post
US-2014-167262,SHIP04772,Delivered,Ecom Express
CA-2017-119746,SHIP04773,Cancelled,Blue Dart
CA-2017-119746,SHIP04774,Delivered,DTDC
CA-2017-119746,SHIP04775,Delivered,DTDC
CA-2017-108091,SHIP04776,Delivered,India Post
CA-2016-101630,SHIP04777,In Transit,DTDC
CA-2016-101630,SHIP04778,Delivered,Ecom Express
CA-2017-132346,SHIP04779,Delivered,Delhivery
CA-2014-150301,SHIP04780,Delivered,XpressBees
CA-2014-159310,SHIP04781,In Transit,Delhivery
CA-2014-159310,SHIP04782,Delivered,India Post
CA-2014-159310,SHIP04783,Delivered,DTDC
US-2017-147984,SHIP04784,Delivered,DTDC
CA-2015-104346,SHIP04785,Delivered,XpressBees
CA-2015-104346,SHIP04786,Delivered,Ecom Express
CA-2015-104346,SHIP04787,In Transit,Delhivery
CA-2015-104346,SHIP04788,Delivered,Ecom Express
CA-2015-104346,SHIP04789,Returned,DTDC
CA-2015-104346,SHIP04790,Delivered,DTDC
CA-2015-104346,SHIP04791,Delivered,DTDC
CA-2015-104346,SHIP04792,Delivered,Delhivery
CA-2015-104346,SHIP04793,Delivered,Ecom Express
US-2015-141684,SHIP04794,Cancelled,Blue Dart
CA-2015-144722,SHIP04795,Delivered,Blue Dart
CA-2015-120516,SHIP04796,Delivered,India Post
US-2016-148901,SHIP04797,Delivered,India Post
US-2016-148901,SHIP04798,Delivered,Blue Dart
US-2016-148901,SHIP04799,Delivered,Blue Dart
US-2016-148901,SHIP04800,In Transit,Ecom Express
US-2016-148901,SHIP04801,Delivered,Blue Dart
US-2016-148901,SHIP04802,Delivered,Ecom Express
US-2016-148901,SHIP04803,Delivered,Blue Dart
CA-2017-136364,SHIP04804,Delivered,XpressBees
CA-2017-136364,SHIP04805,Delivered,Blue Dart
CA-2015-137708,SHIP04806,Delivered,DTDC
CA-2015-137708,SHIP04807,Returned,Blue Dart
CA-2015-137708,SHIP04808,In Transit,DTDC
CA-2014-149055,SHIP04809,Delivered,DTDC
CA-2015-151589,SHIP04810,Delivered,Blue Dart
CA-2015-151589,SHIP04811,Delivered,Ecom Express
CA-2016-121370,SHIP04812,Delivered,Ecom Express
CA-2016-121370,SHIP04813,Cancelled,DTDC
CA-2016-121370,SHIP04814,Delivered,India Post
CA-2016-111696,SHIP04815,Cancelled,India Post
CA-2014-139598,SHIP04816,Delivered,India Post
CA-2014-139598,SHIP04817,Cancelled,XpressBees
CA-2014-139598,SHIP04818,Delivered,DTDC
CA-2014-139598,SHIP04819,Delivered,India Post
CA-2017-117436,SHIP04820,Delivered,Delhivery
CA-2015-140025,SHIP04821,Delivered,Delhivery
CA-2015-140025,SHIP04822,Delivered,India Post
CA-2016-134222,SHIP04823,Returned,XpressBees
CA-2016-140018,SHIP04824,Delivered,India Post
CA-2016-140018,SHIP04825,Delivered,Delhivery
CA-2016-140018,SHIP04826,Delivered,XpressBees
US-2017-136707,SHIP04827,Delivered,XpressBees
CA-2014-152562,SHIP04828,Returned,Ecom Express
CA-2014-152562,SHIP04829,Cancelled,DTDC
CA-2016-152408,SHIP04830,Delivered,DTDC
CA-2014-120278,SHIP04831,Delivered,Ecom Express
CA-2014-120278,SHIP04832,Delivered,Blue Dart
CA-2014-120278,SHIP04833,In Transit,Delhivery
CA-2014-120278,SHIP04834,Delivered,DTDC
CA-2017-167661,SHIP04835,Delivered,Blue Dart
CA-2017-167661,SHIP04836,Cancelled,DTDC
CA-2017-167661,SHIP04837,Delivered,Ecom Express
CA-2017-106831,SHIP04838,Returned,Blue Dart
CA-2017-106831,SHIP04839,Returned,India Post
CA-2017-106831,SHIP04840,Delivered,India Post
CA-2017-154123,SHIP04841,Delivered,Ecom Express
CA-2016-136049,SHIP04842,In Transit,XpressBees
CA-2017-118402,SHIP04843,Delivered,XpressBees
US-2016-139388,SHIP04844,Delivered,Blue Dart
US-2014-128685,SHIP04845,Delivered,Ecom Express
CA-2015-124044,SHIP04846,Returned,XpressBees
CA-2014-164469,SHIP04847,Delivered,India Post
CA-2014-164469,SHIP04848,In Transit,XpressBees
CA-2014-164469,SHIP04849,Delivered,Blue Dart
CA-2014-107818,SHIP04850,Cancelled,Delhivery
CA-2014-107818,SHIP04851,In Transit,DTDC
CA-2014-107818,SHIP04852,Returned,DTDC
CA-2014-107818,SHIP04853,Delivered,Ecom Express
CA-2014-113320,SHIP04854,Delivered,Ecom Express
CA-2014-113320,SHIP04855,Delivered,Delhivery
CA-2014-113320,SHIP04856,Cancelled,Blue Dart
CA-2015-137526,SHIP04857,Delivered,Blue Dart
CA-2015-137526,SHIP04858,Cancelled,Delhivery
CA-2015-137526,SHIP04859,Delivered,India Post
CA-2017-136063,SHIP04860,Delivered,XpressBees
CA-2016-101546,SHIP04861,Delivered,XpressBees
CA-2014-138940,SHIP04862,Returned,Ecom Express
CA-2016-125164,SHIP04863,In Transit,XpressBees
CA-2016-125164,SHIP04864,Delivered,India Post
CA-2017-163531,SHIP04865,Cancelled,India Post
CA-2017-122490,SHIP04866,Delivered,India Post
CA-2017-122490,SHIP04867,Returned,Ecom Express
CA-2017-122490,SHIP04868,Delivered,XpressBees
CA-2017-122490,SHIP04869,Delivered,Blue Dart
CA-2017-131366,SHIP04870,Cancelled,Blue Dart
CA-2017-131366,SHIP04871,Delivered,XpressBees
CA-2017-164042,SHIP04872,Delivered,XpressBees
CA-2017-164042,SHIP04873,Delivered,India Post
CA-2017-164042,SHIP04874,Delivered,Delhivery
CA-2017-164042,SHIP04875,Returned,DTDC
CA-2014-132864,SHIP04876,Delivered,XpressBees
US-2014-155817,SHIP04877,Delivered,India Post
US-2014-155817,SHIP04878,Delivered,Delhivery
US-2016-131891,SHIP04879,Cancelled,XpressBees
CA-2017-143567,SHIP04880,In Transit,DTDC
CA-2017-143567,SHIP04881,Returned,DTDC
CA-2017-143567,SHIP04882,Delivered,XpressBees
CA-2017-143567,SHIP04883,Returned,Ecom Express
CA-2017-104080,SHIP04884,Delivered,DTDC
CA-2017-104080,SHIP04885,Delivered,India Post
CA-2014-151379,SHIP04886,Delivered,Blue Dart
CA-2016-163167,SHIP04887,Delivered,Blue Dart
CA-2016-163167,SHIP04888,Delivered,Ecom Express
CA-2016-163167,SHIP04889,Cancelled,DTDC
CA-2016-163167,SHIP04890,Delivered,Blue Dart
CA-2016-135776,SHIP04891,Delivered,Ecom Express
CA-2016-135776,SHIP04892,Delivered,Delhivery
CA-2016-135776,SHIP04893,Delivered,Blue Dart
CA-2016-135776,SHIP04894,Delivered,XpressBees
CA-2016-135776,SHIP04895,Delivered,Blue Dart
CA-2016-135776,SHIP04896,Delivered,DTDC
CA-2016-135776,SHIP04897,Delivered,DTDC
US-2014-122021,SHIP04898,Delivered,Blue Dart
US-2014-122021,SHIP04899,Delivered,India Post
CA-2016-130484,SHIP04900,Returned,Delhivery
CA-2017-120936,SHIP04901,Cancelled,DTDC
CA-2017-120936,SHIP04902,Delivered,Blue Dart
CA-2017-110884,SHIP04903,Cancelled,Delhivery
CA-2017-110884,SHIP04904,Delivered,Delhivery
US-2014-161613,SHIP04905,In Transit,India Post
US-2014-146353,SHIP04906,Delivered,XpressBees
US-2014-146353,SHIP04907,Delivered,India Post
CA-2014-133809,SHIP04908,Delivered,Delhivery
CA-2014-133809,SHIP04909,Delivered,Delhivery
CA-2017-127306,SHIP04910,Cancelled,Blue Dart
CA-2017-127306,SHIP04911,Delivered,India Post
CA-2017-127306,SHIP04912,Delivered,XpressBees
CA-2017-127306,SHIP04913,Cancelled,Blue Dart
CA-2017-127306,SHIP04914,In Transit,Ecom Express
CA-2015-161830,SHIP04915,Cancelled,Ecom Express
CA-2015-161830,SHIP04916,Delivered,India Post
CA-2017-163125,SHIP04917,Delivered,DTDC
CA-2017-163125,SHIP04918,Delivered,India Post
CA-2016-160304,SHIP04919,Delivered,DTDC
CA-2016-160304,SHIP04920,Cancelled,India Post
CA-2017-101728,SHIP04921,Returned,Delhivery
CA-2017-114055,SHIP04922,Delivered,XpressBees
CA-2017-114055,SHIP04923,Delivered,Ecom Express
CA-2017-114055,SHIP04924,Delivered,India Post
CA-2017-114055,SHIP04925,Delivered,XpressBees
CA-2017-126438,SHIP04926,Delivered,Blue Dart
CA-2017-117653,SHIP04927,Delivered,DTDC
CA-2017-143245,SHIP04928,Delivered,Delhivery
CA-2017-143245,SHIP04929,Returned,Delhivery
US-2014-138828,SHIP04930,Delivered,India Post
US-2014-138828,SHIP04931,Delivered,Delhivery
CA-2017-143651,SHIP04932,Delivered,India Post
CA-2015-106978,SHIP04933,Delivered,Ecom Express
CA-2015-106978,SHIP04934,In Transit,DTDC
CA-2015-106978,SHIP04935,In Transit,XpressBees
CA-2015-155124,SHIP04936,Delivered,India Post
CA-2017-150931,SHIP04937,Cancelled,Blue Dart
CA-2014-157147,SHIP04938,Delivered,XpressBees
CA-2014-157147,SHIP04939,Delivered,Blue Dart
CA-2014-157147,SHIP04940,Delivered,XpressBees
CA-2015-156482,SHIP04941,Cancelled,XpressBees
CA-2015-156482,SHIP04942,Delivered,XpressBees
CA-2015-156482,SHIP04943,Cancelled,Ecom Express
CA-2017-106782,SHIP04944,Cancelled,India Post
CA-2016-151372,SHIP04945,Delivered,Delhivery
CA-2016-151372,SHIP04946,Delivered,DTDC
CA-2016-151372,SHIP04947,Delivered,Delhivery
CA-2014-102085,SHIP04948,Delivered,Delhivery
CA-2017-107125,SHIP04949,Delivered,India Post
CA-2017-107125,SHIP04950,Delivered,XpressBees
CA-2016-125815,SHIP04951,Delivered,DTDC
CA-2015-144190,SHIP04952,Delivered,India Post
CA-2017-117926,SHIP04953,Delivered,Blue Dart
CA-2015-153906,SHIP04954,Delivered,XpressBees
CA-2014-160262,SHIP04955,Returned,Blue Dart
CA-2014-160262,SHIP04956,In Transit,India Post
CA-2014-160262,SHIP04957,Delivered,Ecom Express
CA-2015-127607,SHIP04958,Delivered,DTDC
CA-2015-127607,SHIP04959,Delivered,DTDC
CA-2016-166226,SHIP04960,Delivered,Blue Dart
CA-2016-166226,SHIP04961,Delivered,Delhivery
CA-2014-156587,SHIP04962,Delivered,Blue Dart
CA-2014-156587,SHIP04963,Returned,Delhivery
CA-2014-156587,SHIP04964,Delivered,Ecom Express
CA-2016-141180,SHIP04965,Delivered,DTDC
CA-2015-109708,SHIP04966,Delivered,Delhivery
CA-2015-122406,SHIP04967,Delivered,DTDC
CA-2015-122406,SHIP04968,Delivered,XpressBees
CA-2015-122406,SHIP04969,Delivered,Ecom Express
CA-2015-122406,SHIP04970,Delivered,DTDC
US-2016-153815,SHIP04971,Delivered,India Post
US-2016-153815,SHIP04972,Delivered,India Post
US-2016-153815,SHIP04973,Delivered,Blue Dart
US-2016-153815,SHIP04974,Delivered,DTDC
CA-2016-164896,SHIP04975,Delivered,DTDC
CA-2015-142202,SHIP04976,Delivered,Ecom Express
CA-2015-165050,SHIP04977,Delivered,XpressBees
CA-2015-165050,SHIP04978,Delivered,XpressBees
CA-2015-165050,SHIP04979,Delivered,XpressBees
US-2016-131114,SHIP04980,Delivered,Blue Dart
US-2016-131114,SHIP04981,Delivered,Delhivery
US-2016-131114,SHIP04982,Delivered,India Post
CA-2014-160066,SHIP04983,Delivered,Delhivery
CA-2016-109925,SHIP04984,Returned,Delhivery
CA-2015-160696,SHIP04985,In Transit,XpressBees
CA-2014-125171,SHIP04986,Returned,DTDC
CA-2016-149279,SHIP04987,Cancelled,Delhivery
CA-2016-149279,SHIP04988,Returned,Ecom Express
CA-2016-149279,SHIP04989,In Transit,Ecom Express
CA-2017-107321,SHIP04990,Delivered,Delhivery
CA-2017-107321,SHIP04991,Delivered,Ecom Express
US-2017-122714,SHIP04992,Delivered,DTDC
CA-2015-153038,SHIP04993,Delivered,India Post
CA-2015-153038,SHIP04994,Delivered,India Post
CA-2015-153038,SHIP04995,Cancelled,Ecom Express
CA-2014-132227,SHIP04996,Delivered,DTDC
CA-2017-155824,SHIP04997,Returned,India Post
CA-2017-155824,SHIP04998,Delivered,XpressBees
CA-2016-129238,SHIP04999,Delivered,India Post
CA-2016-129238,SHIP05000,Delivered,DTDC
CA-2017-159688,SHIP05001,Cancelled,Delhivery
CA-2016-136126,SHIP05002,Delivered,DTDC
CA-2016-136126,SHIP05003,Delivered,XpressBees
CA-2016-155033,SHIP05004,Delivered,DTDC
CA-2014-156006,SHIP05005,In Transit,Blue Dart
CA-2015-158659,SHIP05006,Delivered,DTDC
CA-2015-169796,SHIP05007,Delivered,India Post
CA-2015-169796,SHIP05008,Delivered,DTDC
CA-2015-102876,SHIP05009,Delivered,XpressBees
CA-2015-102876,SHIP05010,In Transit,DTDC
CA-2015-102876,SHIP05011,Delivered,Delhivery
US-2017-139647,SHIP05012,Delivered,Delhivery
US-2017-160465,SHIP05013,Delivered,XpressBees
US-2017-160465,SHIP05014,In Transit,XpressBees
US-2017-160465,SHIP05015,Delivered,India Post
CA-2014-153850,SHIP05016,Delivered,DTDC
CA-2014-153850,SHIP05017,Cancelled,DTDC
CA-2014-127558,SHIP05018,Delivered,Ecom Express
CA-2014-127558,SHIP05019,Delivered,India Post
CA-2014-127558,SHIP05020,Cancelled,India Post
CA-2017-136511,SHIP05021,Delivered,India Post
CA-2016-133795,SHIP05022,Delivered,XpressBees
CA-2016-133795,SHIP05023,Delivered,Delhivery
CA-2016-133795,SHIP05024,Delivered,India Post
US-2017-130953,SHIP05025,Returned,Delhivery
US-2017-130953,SHIP05026,Delivered,DTDC
US-2017-130953,SHIP05027,Returned,India Post
US-2017-130953,SHIP05028,Delivered,Blue Dart
CA-2014-151792,SHIP05029,Returned,Ecom Express
CA-2017-139304,SHIP05030,Delivered,India Post
CA-2017-139304,SHIP05031,Delivered,XpressBees
CA-2017-139304,SHIP05032,Delivered,India Post
CA-2016-155166,SHIP05033,Returned,Ecom Express
CA-2016-155166,SHIP05034,Delivered,XpressBees
CA-2015-103954,SHIP05035,Delivered,XpressBees
CA-2014-169803,SHIP05036,Delivered,DTDC
CA-2014-169803,SHIP05037,Delivered,Blue Dart
CA-2017-141719,SHIP05038,Delivered,India Post
CA-2015-136469,SHIP05039,Delivered,India Post
CA-2015-136469,SHIP05040,Delivered,DTDC
CA-2015-136469,SHIP05041,Delivered,Blue Dart
CA-2016-158694,SHIP05042,Delivered,Blue Dart
CA-2016-158694,SHIP05043,Returned,Ecom Express
CA-2016-158694,SHIP05044,Returned,Delhivery
CA-2016-158694,SHIP05045,Delivered,Delhivery
CA-2016-158694,SHIP05046,Delivered,XpressBees
CA-2016-158694,SHIP05047,Delivered,XpressBees
CA-2016-158694,SHIP05048,Delivered,XpressBees
US-2014-104759,SHIP05049,Delivered,Delhivery
US-2014-104759,SHIP05050,Delivered,DTDC
CA-2015-150511,SHIP05051,Returned,Delhivery
CA-2015-134922,SHIP05052,Delivered,Ecom Express
US-2017-120607,SHIP05053,Returned,India Post
CA-2015-141243,SHIP05054,Delivered,DTDC
CA-2015-141243,SHIP05055,Delivered,India Post
CA-2015-141243,SHIP05056,Delivered,Ecom Express
CA-2015-162166,SHIP05057,Cancelled,India Post
CA-2015-162166,SHIP05058,In Transit,Blue Dart
CA-2016-120796,SHIP05059,Delivered,Blue Dart
CA-2016-109722,SHIP05060,Delivered,Delhivery
CA-2016-109722,SHIP05061,Cancelled,DTDC
CA-2015-136798,SHIP05062,Delivered,Ecom Express
CA-2015-136798,SHIP05063,Delivered,Blue Dart
CA-2015-136798,SHIP05064,In Transit,India Post
CA-2017-122196,SHIP05065,Delivered,Delhivery
CA-2017-142090,SHIP05066,Returned,XpressBees
CA-2017-142090,SHIP05067,Delivered,Ecom Express
CA-2017-160934,SHIP05068,Delivered,India Post
CA-2014-124478,SHIP05069,Delivered,DTDC
CA-2014-124478,SHIP05070,Delivered,Delhivery
CA-2014-124478,SHIP05071,Delivered,India Post
CA-2014-124478,SHIP05072,In Transit,DTDC
CA-2014-124478,SHIP05073,Cancelled,Blue Dart
CA-2015-145485,SHIP05074,Delivered,Delhivery
CA-2017-151071,SHIP05075,Delivered,Blue Dart
CA-2014-134572,SHIP05076,Delivered,Blue Dart
CA-2014-134572,SHIP05077,Delivered,XpressBees
CA-2014-134572,SHIP05078,Delivered,India Post
CA-2017-143217,SHIP05079,Cancelled,Blue Dart
US-2017-133312,SHIP05080,Delivered,DTDC
US-2017-133312,SHIP05081,Delivered,Blue Dart
US-2015-137533,SHIP05082,Returned,Ecom Express
CA-2016-155138,SHIP05083,Delivered,DTDC
CA-2016-155138,SHIP05084,Delivered,Ecom Express
CA-2016-108350,SHIP05085,Delivered,Ecom Express
CA-2015-144302,SHIP05086,Delivered,Blue Dart
CA-2015-109001,SHIP05087,Delivered,DTDC
CA-2015-109001,SHIP05088,In Transit,DTDC
CA-2015-109001,SHIP05089,Delivered,DTDC
CA-2017-132738,SHIP05090,In Transit,Ecom Express
CA-2017-132738,SHIP05091,Cancelled,DTDC
CA-2017-156720,SHIP05092,Returned,Blue Dart
CA-2015-119102,SHIP05093,Delivered,DTDC
US-2014-140452,SHIP05094,Delivered,XpressBees
US-2014-140452,SHIP05095,Delivered,XpressBees
US-2014-140452,SHIP05096,Delivered,Delhivery
US-2014-140452,SHIP05097,Delivered,Delhivery
US-2014-140452,SHIP05098,Returned,XpressBees
US-2014-140452,SHIP05099,Cancelled,DTDC
CA-2015-141936,SHIP05100,Delivered,Ecom Express
CA-2014-158442,SHIP05101,Delivered,DTDC
CA-2014-158442,SHIP05102,Returned,Delhivery
CA-2014-158442,SHIP05103,In Transit,India Post
CA-2015-167374,SHIP05104,In Transit,Blue Dart
CA-2015-167374,SHIP05105,Delivered,India Post
CA-2014-116568,SHIP05106,Delivered,India Post
CA-2015-147102,SHIP05107,Delivered,Delhivery
CA-2017-132213,SHIP05108,Delivered,Blue Dart
CA-2017-132213,SHIP05109,Delivered,India Post
CA-2014-138450,SHIP05110,Delivered,Blue Dart
CA-2014-138450,SHIP05111,Delivered,Delhivery
CA-2014-138450,SHIP05112,Delivered,XpressBees
CA-2015-153073,SHIP05113,Delivered,Delhivery
CA-2016-147970,SHIP05114,Delivered,Blue Dart
CA-2016-150658,SHIP05115,In Transit,DTDC
CA-2017-125640,SHIP05116,Delivered,Ecom Express
CA-2017-154137,SHIP05117,Returned,DTDC
CA-2015-127173,SHIP05118,Returned,XpressBees
CA-2015-127173,SHIP05119,Cancelled,India Post
CA-2015-127173,SHIP05120,Delivered,XpressBees
CA-2014-149538,SHIP05121,Returned,India Post
CA-2014-149538,SHIP05122,Cancelled,DTDC
CA-2014-149538,SHIP05123,Delivered,Blue Dart
CA-2014-149538,SHIP05124,Cancelled,India Post
CA-2014-160766,SHIP05125,Delivered,Ecom Express
CA-2014-160766,SHIP05126,Cancelled,DTDC
CA-2014-160766,SHIP05127,Cancelled,DTDC
CA-2014-160766,SHIP05128,Delivered,Ecom Express
CA-2014-160766,SHIP05129,Delivered,DTDC
CA-2014-160766,SHIP05130,Delivered,Blue Dart
CA-2014-160766,SHIP05131,Delivered,India Post
CA-2017-146626,SHIP05132,Delivered,Blue Dart
CA-2015-123330,SHIP05133,Delivered,India Post
CA-2017-155607,SHIP05134,Delivered,Ecom Express
CA-2017-155607,SHIP05135,Delivered,India Post
CA-2016-151323,SHIP05136,Returned,DTDC
CA-2015-146696,SHIP05137,Delivered,Ecom Express
CA-2016-128972,SHIP05138,Delivered,Ecom Express
CA-2017-128335,SHIP05139,Delivered,XpressBees
CA-2017-128335,SHIP05140,Cancelled,Ecom Express
CA-2015-154886,SHIP05141,Delivered,Delhivery
CA-2016-111213,SHIP05142,In Transit,Ecom Express
CA-2016-111213,SHIP05143,In Transit,DTDC
CA-2016-111213,SHIP05144,Cancelled,XpressBees
CA-2017-161333,SHIP05145,Delivered,Blue Dart
CA-2017-161333,SHIP05146,Delivered,Ecom Express
CA-2017-161333,SHIP05147,Cancelled,XpressBees
CA-2017-128734,SHIP05148,In Transit,Ecom Express
CA-2017-128734,SHIP05149,Delivered,DTDC
CA-2014-141796,SHIP05150,Returned,Delhivery
CA-2017-125101,SHIP05151,Delivered,Ecom Express
CA-2017-169929,SHIP05152,Delivered,India Post
US-2014-121566,SHIP05153,In Transit,XpressBees
US-2014-121566,SHIP05154,Cancelled,Ecom Express
US-2015-124219,SHIP05155,Returned,India Post
US-2015-124219,SHIP05156,Returned,Ecom Express
CA-2017-163006,SHIP05157,Delivered,Ecom Express
CA-2017-163006,SHIP05158,Delivered,Ecom Express
CA-2017-163006,SHIP05159,In Transit,XpressBees
CA-2015-156146,SHIP05160,In Transit,India Post
CA-2015-156146,SHIP05161,Cancelled,DTDC
CA-2014-111192,SHIP05162,Delivered,India Post
CA-2016-115378,SHIP05163,Delivered,Ecom Express
CA-2015-161627,SHIP05164,Delivered,Delhivery
CA-2014-121006,SHIP05165,Returned,India Post
CA-2014-121006,SHIP05166,Delivered,India Post
CA-2014-121006,SHIP05167,Delivered,Ecom Express
CA-2014-121006,SHIP05168,In Transit,DTDC
CA-2014-121006,SHIP05169,Cancelled,Delhivery
CA-2014-121006,SHIP05170,Delivered,Delhivery
CA-2016-122903,SHIP05171,Delivered,Delhivery
CA-2016-122903,SHIP05172,Returned,XpressBees
CA-2016-122903,SHIP05173,Delivered,India Post
CA-2015-107741,SHIP05174,Delivered,XpressBees
CA-2017-106432,SHIP05175,Delivered,XpressBees
CA-2017-106432,SHIP05176,Cancelled,DTDC
CA-2016-148908,SHIP05177,Delivered,India Post
CA-2016-123015,SHIP05178,In Transit,Ecom Express
US-2015-120502,SHIP05179,In Transit,DTDC
US-2015-120502,SHIP05180,Delivered,DTDC
US-2015-120502,SHIP05181,Delivered,Blue Dart
CA-2017-108749,SHIP05182,Delivered,Ecom Express
CA-2017-108749,SHIP05183,Delivered,Delhivery
CA-2017-163335,SHIP05184,Returned,Ecom Express
CA-2017-163335,SHIP05185,Delivered,Ecom Express
CA-2015-134719,SHIP05186,Returned,Ecom Express
US-2015-154389,SHIP05187,Delivered,Ecom Express
CA-2015-115567,SHIP05188,In Transit,DTDC
CA-2015-115567,SHIP05189,Delivered,Delhivery
US-2017-136679,SHIP05190,Delivered,India Post
US-2017-136679,SHIP05191,Delivered,India Post
US-2017-141943,SHIP05192,Delivered,Delhivery
CA-2014-101560,SHIP05193,Delivered,Blue Dart
CA-2014-101560,SHIP05194,Delivered,DTDC
CA-2014-101560,SHIP05195,Delivered,DTDC
CA-2014-101560,SHIP05196,Delivered,Delhivery
CA-2014-159709,SHIP05197,Delivered,XpressBees
CA-2014-159709,SHIP05198,Delivered,Ecom Express
CA-2016-103982,SHIP05199,Delivered,Blue Dart
CA-2016-103982,SHIP05200,Delivered,Ecom Express
CA-2016-103982,SHIP05201,Delivered,India Post
CA-2016-103982,SHIP05202,Delivered,Delhivery
CA-2015-142454,SHIP05203,Returned,India Post
CA-2015-142454,SHIP05204,Delivered,XpressBees
CA-2015-102015,SHIP05205,Delivered,XpressBees
CA-2015-102015,SHIP05206,Delivered,India Post
CA-2015-102015,SHIP05207,Delivered,India Post
CA-2015-102015,SHIP05208,Delivered,DTDC
CA-2015-102015,SHIP05209,Returned,Delhivery
CA-2015-102015,SHIP05210,Returned,Ecom Express
CA-2015-156755,SHIP05211,Cancelled,Ecom Express
CA-2015-130876,SHIP05212,In Transit,India Post
CA-2016-145898,SHIP05213,In Transit,India Post
CA-2016-145898,SHIP05214,Delivered,Delhivery
CA-2016-145898,SHIP05215,In Transit,XpressBees
CA-2016-145898,SHIP05216,Delivered,Ecom Express
US-2017-159562,SHIP05217,Returned,XpressBees
CA-2017-134635,SHIP05218,Delivered,Blue Dart
CA-2017-167080,SHIP05219,Delivered,DTDC
CA-2017-145653,SHIP05220,Delivered,Blue Dart
CA-2014-140487,SHIP05221,Delivered,Delhivery
CA-2017-117401,SHIP05222,Delivered,India Post
CA-2017-117401,SHIP05223,Delivered,India Post
CA-2017-117401,SHIP05224,Delivered,Ecom Express
US-2017-109582,SHIP05225,Delivered,XpressBees
CA-2016-119865,SHIP05226,Delivered,XpressBees
CA-2016-119865,SHIP05227,Delivered,Delhivery
CA-2016-119865,SHIP05228,Delivered,Ecom Express
US-2014-147648,SHIP05229,Delivered,Ecom Express
CA-2017-124436,SHIP05230,Returned,Ecom Express
CA-2017-124436,SHIP05231,Delivered,DTDC
CA-2017-124436,SHIP05232,Delivered,Delhivery
CA-2017-124436,SHIP05233,Delivered,Ecom Express
CA-2014-115084,SHIP05234,Delivered,Blue Dart
CA-2017-131037,SHIP05235,Cancelled,DTDC
CA-2016-111143,SHIP05236,In Transit,Blue Dart
CA-2014-166744,SHIP05237,In Transit,Ecom Express
CA-2014-166744,SHIP05238,Delivered,DTDC
CA-2014-166744,SHIP05239,In Transit,DTDC
CA-2016-116561,SHIP05240,Delivered,Ecom Express
CA-2016-116561,SHIP05241,Delivered,Blue Dart
CA-2016-110730,SHIP05242,Delivered,Ecom Express
CA-2017-146367,SHIP05243,Delivered,XpressBees
CA-2016-149454,SHIP05244,Delivered,DTDC
CA-2016-156265,SHIP05245,Delivered,Delhivery
CA-2016-156265,SHIP05246,Returned,XpressBees
CA-2016-156265,SHIP05247,Delivered,DTDC
US-2015-168914,SHIP05248,Delivered,Delhivery
US-2017-110989,SHIP05249,In Transit,Delhivery
CA-2015-106215,SHIP05250,Cancelled,India Post
US-2016-169369,SHIP05251,Delivered,Ecom Express
US-2016-169369,SHIP05252,In Transit,Delhivery
CA-2015-132318,SHIP05253,Cancelled,Delhivery
US-2014-131982,SHIP05254,Delivered,Delhivery
CA-2015-125185,SHIP05255,Delivered,DTDC
CA-2015-125185,SHIP05256,In Transit,Ecom Express
CA-2016-130078,SHIP05257,Delivered,Delhivery
US-2017-114034,SHIP05258,Delivered,Delhivery
US-2017-115595,SHIP05259,Delivered,XpressBees
CA-2017-158722,SHIP05260,Delivered,XpressBees
CA-2014-105165,SHIP05261,In Transit,DTDC
CA-2014-105165,SHIP05262,In Transit,India Post
CA-2014-105165,SHIP05263,Returned,Ecom Express
CA-2014-105165,SHIP05264,In Transit,Blue Dart
CA-2014-105165,SHIP05265,Delivered,XpressBees
CA-2017-147452,SHIP05266,Cancelled,India Post
CA-2017-147452,SHIP05267,Delivered,DTDC
CA-2017-147452,SHIP05268,Delivered,Delhivery
US-2017-114657,SHIP05269,Delivered,DTDC
CA-2017-144484,SHIP05270,Delivered,DTDC
CA-2017-144484,SHIP05271,Returned,Blue Dart
CA-2017-125913,SHIP05272,Delivered,DTDC
CA-2017-125913,SHIP05273,Delivered,Ecom Express
US-2016-158309,SHIP05274,Delivered,DTDC
CA-2015-162887,SHIP05275,Returned,Blue Dart
CA-2017-147333,SHIP05276,Delivered,XpressBees
CA-2017-147333,SHIP05277,Delivered,Ecom Express
CA-2014-113859,SHIP05278,Cancelled,DTDC
CA-2014-159681,SHIP05279,In Transit,Ecom Express
US-2017-104094,SHIP05280,Delivered,Ecom Express
CA-2017-152709,SHIP05281,Returned,India Post
CA-2015-105158,SHIP05282,Cancelled,Delhivery
CA-2015-105158,SHIP05283,Returned,Delhivery
CA-2014-133424,SHIP05284,Delivered,XpressBees
CA-2014-133424,SHIP05285,Delivered,Ecom Express
CA-2017-105991,SHIP05286,Cancelled,Delhivery
CA-2017-105991,SHIP05287,Delivered,DTDC
CA-2017-105991,SHIP05288,Delivered,DTDC
US-2017-136784,SHIP05289,Delivered,Ecom Express
CA-2014-146283,SHIP05290,Cancelled,Blue Dart
CA-2014-146283,SHIP05291,In Transit,DTDC
CA-2014-146283,SHIP05292,Delivered,Blue Dart
CA-2017-151218,SHIP05293,Delivered,XpressBees
CA-2015-111073,SHIP05294,Delivered,Delhivery
CA-2017-144883,SHIP05295,Delivered,India Post
CA-2017-142174,SHIP05296,Delivered,XpressBees
CA-2017-108791,SHIP05297,Delivered,DTDC
CA-2017-108791,SHIP05298,Delivered,Delhivery
CA-2016-106656,SHIP05299,Delivered,Blue Dart
CA-2016-106656,SHIP05300,Delivered,India Post
CA-2016-113831,SHIP05301,Delivered,Blue Dart
CA-2016-113831,SHIP05302,Delivered,India Post
CA-2016-113831,SHIP05303,Returned,DTDC
US-2014-139500,SHIP05304,Delivered,Delhivery
US-2014-166310,SHIP05305,Delivered,DTDC
US-2016-168410,SHIP05306,Delivered,DTDC
US-2016-168410,SHIP05307,Delivered,Blue Dart
US-2016-168410,SHIP05308,Delivered,Blue Dart
CA-2017-131254,SHIP05309,In Transit,India Post
CA-2017-131254,SHIP05310,Delivered,Delhivery
CA-2017-131254,SHIP05311,Delivered,DTDC
CA-2016-123414,SHIP05312,Delivered,DTDC
CA-2016-123414,SHIP05313,Returned,DTDC
CA-2017-137876,SHIP05314,Delivered,DTDC
CA-2017-137876,SHIP05315,Delivered,XpressBees
CA-2016-154060,SHIP05316,Delivered,XpressBees
US-2017-162558,SHIP05317,Delivered,Blue Dart
US-2017-162558,SHIP05318,Delivered,India Post
US-2017-162558,SHIP05319,Delivered,Delhivery
US-2017-162558,SHIP05320,In Transit,Ecom Express
US-2017-162558,SHIP05321,In Transit,Blue Dart
US-2017-162558,SHIP05322,Delivered,DTDC
US-2017-162558,SHIP05323,Delivered,Delhivery
CA-2017-134439,SHIP05324,Delivered,XpressBees
CA-2015-119508,SHIP05325,Delivered,DTDC
CA-2015-119508,SHIP05326,Delivered,Ecom Express
CA-2015-152681,SHIP05327,Delivered,Ecom Express
CA-2014-130813,SHIP05328,Cancelled,India Post
CA-2015-120320,SHIP05329,Delivered,India Post
CA-2016-111941,SHIP05330,Delivered,Ecom Express
CA-2016-123120,SHIP05331,Delivered,Blue Dart
CA-2016-123120,SHIP05332,Delivered,Ecom Express
CA-2016-123120,SHIP05333,Cancelled,DTDC
CA-2014-103331,SHIP05334,Delivered,DTDC
CA-2014-103331,SHIP05335,In Transit,India Post
CA-2014-103331,SHIP05336,Cancelled,India Post
CA-2015-169278,SHIP05337,Delivered,DTDC
CA-2017-111577,SHIP05338,Delivered,Delhivery
CA-2015-146486,SHIP05339,In Transit,DTDC
CA-2015-146486,SHIP05340,Delivered,Blue Dart
CA-2015-146486,SHIP05341,In Transit,Delhivery
CA-2015-146486,SHIP05342,Delivered,Delhivery
US-2014-168501,SHIP05343,In Transit,DTDC
US-2014-168501,SHIP05344,Cancelled,XpressBees
CA-2015-112053,SHIP05345,Delivered,Delhivery
CA-2017-108539,SHIP05346,Delivered,Delhivery
CA-2017-108539,SHIP05347,Delivered,DTDC
CA-2017-108539,SHIP05348,Cancelled,India Post
CA-2015-149811,SHIP05349,In Transit,Ecom Express
CA-2015-149811,SHIP05350,Delivered,India Post
US-2017-103814,SHIP05351,Delivered,India Post
CA-2016-123932,SHIP05352,In Transit,Delhivery
CA-2016-123932,SHIP05353,Returned,India Post
US-2016-101616,SHIP05354,Delivered,India Post
CA-2014-113768,SHIP05355,Delivered,India Post
CA-2014-113768,SHIP05356,Delivered,Delhivery
CA-2016-138037,SHIP05357,Returned,Ecom Express
CA-2014-150490,SHIP05358,In Transit,Blue Dart
CA-2014-150490,SHIP05359,Delivered,DTDC
CA-2014-150490,SHIP05360,Delivered,Ecom Express
US-2017-126060,SHIP05361,Delivered,India Post
CA-2017-100951,SHIP05362,Delivered,India Post
CA-2016-122017,SHIP05363,Delivered,Ecom Express
CA-2016-122017,SHIP05364,Delivered,India Post
CA-2014-123477,SHIP05365,Delivered,Ecom Express
CA-2016-107790,SHIP05366,Delivered,Blue Dart
CA-2017-158071,SHIP05367,Delivered,XpressBees
CA-2017-158071,SHIP05368,Cancelled,Ecom Express
CA-2017-158071,SHIP05369,Delivered,XpressBees
CA-2017-147403,SHIP05370,Delivered,India Post
US-2017-136721,SHIP05371,Delivered,XpressBees
US-2017-136721,SHIP05372,Delivered,Blue Dart
CA-2015-118738,SHIP05373,Delivered,DTDC
CA-2015-118738,SHIP05374,Delivered,Ecom Express
CA-2015-118738,SHIP05375,Delivered,India Post
CA-2017-134152,SHIP05376,Delivered,India Post
CA-2017-134152,SHIP05377,Delivered,XpressBees
CA-2014-125542,SHIP05378,Cancelled,India Post
CA-2014-125542,SHIP05379,Delivered,DTDC
CA-2016-136021,SHIP05380,Delivered,XpressBees
CA-2016-136021,SHIP05381,Cancelled,DTDC
CA-2016-149195,SHIP05382,Delivered,XpressBees
CA-2016-149195,SHIP05383,Delivered,Delhivery
CA-2016-149195,SHIP05384,In Transit,DTDC
CA-2017-161410,SHIP05385,Delivered,India Post
CA-2017-161410,SHIP05386,Returned,India Post
CA-2017-152786,SHIP05387,In Transit,XpressBees
CA-2017-164707,SHIP05388,Delivered,XpressBees
CA-2017-164707,SHIP05389,Cancelled,Delhivery
CA-2017-164707,SHIP05390,Delivered,India Post
CA-2017-163874,SHIP05391,Delivered,Delhivery
US-2014-123183,SHIP05392,Cancelled,XpressBees
US-2014-123183,SHIP05393,In Transit,Ecom Express
US-2014-123183,SHIP05394,Delivered,Delhivery
US-2014-123183,SHIP05395,In Transit,India Post
CA-2014-104829,SHIP05396,Delivered,DTDC
US-2016-147340,SHIP05397,Returned,Delhivery
CA-2016-145492,SHIP05398,Delivered,Blue Dart
CA-2016-163202,SHIP05399,Returned,Blue Dart
CA-2016-117681,SHIP05400,Returned,India Post
CA-2017-132262,SHIP05401,Delivered,DTDC
CA-2017-132262,SHIP05402,Delivered,DTDC
CA-2017-123043,SHIP05403,Returned,DTDC
CA-2017-123043,SHIP05404,Delivered,Delhivery
US-2016-143280,SHIP05405,Returned,Ecom Express
US-2016-143280,SHIP05406,Returned,XpressBees
US-2016-143280,SHIP05407,Cancelled,Ecom Express
CA-2017-108854,SHIP05408,Delivered,Delhivery
CA-2017-108854,SHIP05409,In Transit,Ecom Express
CA-2017-108854,SHIP05410,Delivered,Delhivery
CA-2017-108854,SHIP05411,Delivered,Delhivery
CA-2017-166856,SHIP05412,Delivered,India Post
CA-2017-166856,SHIP05413,Returned,Ecom Express
CA-2016-153157,SHIP05414,Returned,XpressBees
US-2017-125647,SHIP05415,Delivered,DTDC
US-2017-125647,SHIP05416,Delivered,Blue Dart
US-2017-125647,SHIP05417,Delivered,DTDC
CA-2014-132542,SHIP05418,Delivered,Blue Dart
CA-2015-110877,SHIP05419,Returned,DTDC
CA-2015-110877,SHIP05420,In Transit,India Post
US-2016-151827,SHIP05421,Delivered,Delhivery
US-2016-151827,SHIP05422,Delivered,Blue Dart
US-2016-163258,SHIP05423,Delivered,Delhivery
CA-2017-103009,SHIP05424,Delivered,India Post
US-2017-120649,SHIP05425,Delivered,Delhivery
CA-2016-153598,SHIP05426,Returned,XpressBees
CA-2016-153598,SHIP05427,Cancelled,XpressBees
US-2016-108497,SHIP05428,Returned,DTDC
CA-2016-113096,SHIP05429,Delivered,DTDC
CA-2014-136861,SHIP05430,In Transit,India Post
CA-2017-117422,SHIP05431,Delivered,DTDC
CA-2017-117422,SHIP05432,In Transit,India Post
CA-2017-117422,SHIP05433,Delivered,India Post
CA-2017-129707,SHIP05434,Delivered,Blue Dart
CA-2015-160171,SHIP05435,Delivered,Delhivery
CA-2015-160171,SHIP05436,Cancelled,Blue Dart
CA-2014-103317,SHIP05437,In Transit,Delhivery
CA-2014-103317,SHIP05438,Delivered,Delhivery
CA-2014-103317,SHIP05439,Delivered,DTDC
CA-2016-167115,SHIP05440,Delivered,DTDC
US-2017-153633,SHIP05441,Delivered,Ecom Express
CA-2017-155929,SHIP05442,Delivered,Ecom Express
CA-2015-148712,SHIP05443,Delivered,Blue Dart
CA-2015-148712,SHIP05444,Delivered,XpressBees
CA-2015-148712,SHIP05445,Delivered,Ecom Express
CA-2016-128307,SHIP05446,Delivered,Delhivery
US-2016-127425,SHIP05447,Delivered,Ecom Express
US-2016-127425,SHIP05448,In Transit,India Post
US-2014-119081,SHIP05449,Returned,India Post
US-2014-119081,SHIP05450,Delivered,Blue Dart
US-2014-119081,SHIP05451,Delivered,DTDC
US-2014-119081,SHIP05452,Cancelled,Ecom Express
CA-2016-140613,SHIP05453,In Transit,XpressBees
US-2017-108700,SHIP05454,In Transit,Blue Dart
CA-2017-160962,SHIP05455,Delivered,Blue Dart
CA-2017-160962,SHIP05456,Delivered,Delhivery
CA-2017-130631,SHIP05457,Delivered,Ecom Express
CA-2017-130631,SHIP05458,Returned,Blue Dart
CA-2017-116680,SHIP05459,Delivered,India Post
CA-2017-116680,SHIP05460,Returned,Ecom Express
US-2014-107405,SHIP05461,Returned,Ecom Express
CA-2017-101574,SHIP05462,Delivered,Ecom Express
CA-2014-146591,SHIP05463,In Transit,XpressBees
CA-2014-146591,SHIP05464,Delivered,India Post
CA-2014-146591,SHIP05465,Delivered,Ecom Express
CA-2014-146591,SHIP05466,Delivered,Blue Dart
CA-2014-107706,SHIP05467,Delivered,XpressBees
CA-2016-122448,SHIP05468,Delivered,Ecom Express
CA-2014-132451,SHIP05469,Delivered,XpressBees
CA-2014-132451,SHIP05470,Delivered,Ecom Express
CA-2016-158547,SHIP05471,Cancelled,DTDC
CA-2017-116946,SHIP05472,Returned,DTDC
CA-2017-116946,SHIP05473,Delivered,DTDC
CA-2017-116946,SHIP05474,Delivered,XpressBees
CA-2017-121741,SHIP05475,Delivered,Blue Dart
CA-2017-169691,SHIP05476,Delivered,DTDC
CA-2017-169691,SHIP05477,Delivered,Blue Dart
CA-2017-169691,SHIP05478,Delivered,XpressBees
CA-2016-121356,SHIP05479,Cancelled,Delhivery
CA-2014-101770,SHIP05480,Delivered,Blue Dart
CA-2017-105487,SHIP05481,Returned,XpressBees
CA-2017-105487,SHIP05482,Delivered,Delhivery
CA-2017-105487,SHIP05483,Delivered,Blue Dart
CA-2017-105487,SHIP05484,Delivered,Blue Dart
CA-2017-148999,SHIP05485,Delivered,Delhivery
CA-2014-107573,SHIP05486,Delivered,India Post
CA-2015-156608,SHIP05487,Delivered,Delhivery
CA-2017-134495,SHIP05488,Delivered,DTDC
CA-2017-134495,SHIP05489,Delivered,India Post
CA-2017-134495,SHIP05490,Delivered,XpressBees
CA-2017-134495,SHIP05491,Delivered,Blue Dart
CA-2017-164098,SHIP05492,Cancelled,Ecom Express
CA-2014-105249,SHIP05493,Delivered,India Post
CA-2014-105249,SHIP05494,In Transit,Ecom Express
CA-2014-105249,SHIP05495,Delivered,Ecom Express
CA-2015-113523,SHIP05496,Delivered,XpressBees
CA-2017-117821,SHIP05497,Delivered,DTDC
CA-2017-164378,SHIP05498,Cancelled,XpressBees
CA-2017-164378,SHIP05499,Delivered,DTDC
CA-2017-164378,SHIP05500,Delivered,India Post
CA-2017-164378,SHIP05501,Delivered,XpressBees
CA-2017-164378,SHIP05502,Delivered,Blue Dart
CA-2017-127782,SHIP05503,Returned,Blue Dart
CA-2017-127782,SHIP05504,Delivered,Delhivery
CA-2017-127782,SHIP05505,Returned,India Post
CA-2017-127782,SHIP05506,Delivered,DTDC
US-2016-162026,SHIP05507,Delivered,XpressBees
CA-2016-150000,SHIP05508,Delivered,Delhivery
CA-2015-168529,SHIP05509,Delivered,XpressBees
US-2017-152569,SHIP05510,Delivered,DTDC
US-2017-152569,SHIP05511,Delivered,India Post
US-2014-137680,SHIP05512,Delivered,Delhivery
US-2014-137680,SHIP05513,Delivered,Delhivery
CA-2015-103177,SHIP05514,Delivered,Blue Dart
CA-2015-103177,SHIP05515,Delivered,XpressBees
CA-2015-103177,SHIP05516,Delivered,DTDC
US-2016-138408,SHIP05517,Delivered,DTDC
CA-2017-117667,SHIP05518,Returned,DTDC
CA-2017-117667,SHIP05519,Cancelled,Delhivery
CA-2017-117667,SHIP05520,Cancelled,Blue Dart
CA-2017-117667,SHIP05521,Delivered,Delhivery
CA-2017-117667,SHIP05522,Delivered,India Post
CA-2016-110982,SHIP05523,Delivered,XpressBees
CA-2016-110982,SHIP05524,In Transit,Delhivery
CA-2016-147123,SHIP05525,Delivered,Blue Dart
CA-2017-154501,SHIP05526,Delivered,XpressBees
CA-2017-166933,SHIP05527,Delivered,Ecom Express
CA-2015-142055,SHIP05528,Delivered,Ecom Express
CA-2015-137106,SHIP05529,Delivered,DTDC
CA-2017-136609,SHIP05530,Delivered,XpressBees
CA-2017-160885,SHIP05531,Delivered,Delhivery
US-2016-167472,SHIP05532,Returned,Blue Dart
US-2016-167472,SHIP05533,Delivered,XpressBees
US-2016-167472,SHIP05534,Delivered,XpressBees
US-2016-167472,SHIP05535,In Transit,India Post
US-2016-167472,SHIP05536,Delivered,Ecom Express
US-2016-167472,SHIP05537,Delivered,India Post
US-2016-167472,SHIP05538,Delivered,India Post
CA-2015-120551,SHIP05539,Delivered,Ecom Express
US-2017-150595,SHIP05540,Delivered,DTDC
US-2017-150595,SHIP05541,Delivered,Blue Dart
US-2017-150595,SHIP05542,Delivered,Blue Dart
CA-2016-134936,SHIP05543,Delivered,Blue Dart
CA-2016-134936,SHIP05544,Cancelled,Ecom Express
CA-2016-134936,SHIP05545,Delivered,Delhivery
CA-2017-102967,SHIP05546,Delivered,DTDC
CA-2017-151008,SHIP05547,Delivered,Ecom Express
CA-2017-151008,SHIP05548,Delivered,Ecom Express
CA-2014-159800,SHIP05549,Delivered,DTDC
CA-2014-159800,SHIP05550,Cancelled,Ecom Express
US-2014-159618,SHIP05551,Delivered,Delhivery
US-2014-159618,SHIP05552,Delivered,XpressBees
US-2014-159618,SHIP05553,In Transit,India Post
US-2014-159618,SHIP05554,Delivered,India Post
US-2014-159618,SHIP05555,Returned,DTDC
CA-2017-116113,SHIP05556,Cancelled,Ecom Express
CA-2015-125066,SHIP05557,Cancelled,DTDC
CA-2015-125066,SHIP05558,Delivered,DTDC
US-2015-114741,SHIP05559,Delivered,DTDC
US-2015-114741,SHIP05560,Delivered,Ecom Express
US-2015-114741,SHIP05561,Returned,Delhivery
CA-2017-133263,SHIP05562,Delivered,Delhivery
CA-2017-133263,SHIP05563,Delivered,XpressBees
CA-2017-133263,SHIP05564,Delivered,DTDC
CA-2017-157966,SHIP05565,Delivered,Ecom Express
CA-2017-157966,SHIP05566,Returned,India Post
CA-2017-157966,SHIP05567,Cancelled,DTDC
CA-2017-157966,SHIP05568,Delivered,Delhivery
CA-2017-157966,SHIP05569,In Transit,Ecom Express
CA-2017-157966,SHIP05570,Returned,XpressBees
CA-2017-157966,SHIP05571,Delivered,Ecom Express
CA-2014-151162,SHIP05572,Delivered,Delhivery
CA-2014-151162,SHIP05573,Delivered,India Post
CA-2014-151162,SHIP05574,Delivered,Delhivery
CA-2014-151162,SHIP05575,In Transit,DTDC
CA-2014-151162,SHIP05576,Returned,Ecom Express
CA-2016-136686,SHIP05577,Delivered,Blue Dart
CA-2016-136686,SHIP05578,Delivered,Ecom Express
CA-2017-137498,SHIP05579,Cancelled,Ecom Express
CA-2017-137498,SHIP05580,In Transit,Delhivery
CA-2017-137498,SHIP05581,Delivered,Ecom Express
CA-2017-163818,SHIP05582,Delivered,XpressBees
CA-2016-161158,SHIP05583,Delivered,DTDC
CA-2014-116673,SHIP05584,In Transit,Delhivery
CA-2017-105333,SHIP05585,Returned,DTDC
CA-2017-105333,SHIP05586,Delivered,Blue Dart
CA-2017-105333,SHIP05587,Delivered,Blue Dart
CA-2015-149993,SHIP05588,Delivered,Blue Dart
CA-2014-168158,SHIP05589,Delivered,Delhivery
CA-2016-115224,SHIP05590,Delivered,Delhivery
CA-2016-115224,SHIP05591,Delivered,Ecom Express
CA-2014-164742,SHIP05592,In Transit,Delhivery
CA-2014-164742,SHIP05593,Returned,DTDC
US-2017-108014,SHIP05594,Delivered,Delhivery
CA-2017-160325,SHIP05595,Delivered,Ecom Express
CA-2017-160325,SHIP05596,Delivered,Ecom Express
CA-2015-159779,SHIP05597,Delivered,XpressBees
CA-2017-151176,SHIP05598,Delivered,Blue Dart
CA-2017-151176,SHIP05599,Delivered,Ecom Express
CA-2014-108903,SHIP05600,Delivered,Blue Dart
CA-2014-108903,SHIP05601,Delivered,Delhivery
CA-2014-108903,SHIP05602,Returned,India Post
CA-2016-117919,SHIP05603,Delivered,India Post
CA-2016-117919,SHIP05604,Delivered,Ecom Express
CA-2015-142475,SHIP05605,Returned,XpressBees
CA-2016-134516,SHIP05606,Delivered,XpressBees
CA-2016-134516,SHIP05607,In Transit,Delhivery
CA-2017-105193,SHIP05608,Delivered,Delhivery
CA-2015-168634,SHIP05609,Delivered,Blue Dart
CA-2017-117198,SHIP05610,Returned,Delhivery
CA-2015-145828,SHIP05611,Delivered,India Post
CA-2017-121027,SHIP05612,Delivered,India Post
CA-2017-121027,SHIP05613,Delivered,Delhivery
CA-2016-147431,SHIP05614,Delivered,Ecom Express
CA-2016-158001,SHIP05615,Delivered,India Post
CA-2016-158001,SHIP05616,Delivered,India Post
CA-2016-158001,SHIP05617,Delivered,Blue Dart
CA-2017-125745,SHIP05618,Delivered,Blue Dart
CA-2015-101154,SHIP05619,In Transit,Ecom Express
US-2016-124163,SHIP05620,Delivered,XpressBees
US-2016-124163,SHIP05621,In Transit,DTDC
US-2016-124163,SHIP05622,Delivered,DTDC
US-2016-124163,SHIP05623,Delivered,Delhivery
CA-2016-121748,SHIP05624,Delivered,Ecom Express
CA-2016-121748,SHIP05625,In Transit,Delhivery
CA-2014-126683,SHIP05626,Delivered,Ecom Express
CA-2014-126683,SHIP05627,In Transit,India Post
CA-2017-148810,SHIP05628,Delivered,DTDC
CA-2017-148810,SHIP05629,Delivered,DTDC
US-2016-146066,SHIP05630,Delivered,Delhivery
CA-2014-127614,SHIP05631,Delivered,India Post
CA-2014-127614,SHIP05632,Delivered,India Post
CA-2014-127614,SHIP05633,Cancelled,DTDC
CA-2016-101742,SHIP05634,Cancelled,Ecom Express
CA-2015-134943,SHIP05635,Returned,Delhivery
CA-2017-123022,SHIP05636,Delivered,Blue Dart
CA-2017-123022,SHIP05637,Delivered,India Post
CA-2017-113208,SHIP05638,Delivered,India Post
CA-2014-154893,SHIP05639,Delivered,India Post
CA-2014-154893,SHIP05640,In Transit,Blue Dart
CA-2014-147900,SHIP05641,Delivered,Ecom Express
CA-2017-106355,SHIP05642,Delivered,Ecom Express
CA-2016-127985,SHIP05643,Delivered,XpressBees
CA-2015-166604,SHIP05644,Delivered,Blue Dart
CA-2017-120719,SHIP05645,Delivered,India Post
CA-2017-127117,SHIP05646,Delivered,India Post
CA-2015-104241,SHIP05647,Delivered,Ecom Express
CA-2017-168179,SHIP05648,Delivered,Ecom Express
CA-2017-142342,SHIP05649,Delivered,Ecom Express
CA-2017-142342,SHIP05650,Delivered,India Post
CA-2017-142342,SHIP05651,In Transit,XpressBees
CA-2017-142342,SHIP05652,Delivered,Blue Dart
CA-2017-109099,SHIP05653,Delivered,DTDC
US-2014-134187,SHIP05654,Delivered,XpressBees
CA-2016-145261,SHIP05655,Delivered,Delhivery
CA-2016-145261,SHIP05656,Returned,DTDC
CA-2016-145261,SHIP05657,Delivered,Blue Dart
CA-2016-145261,SHIP05658,Cancelled,XpressBees
CA-2016-145261,SHIP05659,Delivered,DTDC
CA-2016-145261,SHIP05660,In Transit,XpressBees
CA-2016-145261,SHIP05661,Delivered,Ecom Express
CA-2016-108875,SHIP05662,Delivered,Ecom Express
CA-2016-108875,SHIP05663,Delivered,Delhivery
CA-2016-141957,SHIP05664,Delivered,India Post
CA-2016-141957,SHIP05665,Delivered,DTDC
CA-2016-141957,SHIP05666,Delivered,Delhivery
CA-2016-141957,SHIP05667,Delivered,XpressBees
CA-2016-142405,SHIP05668,Returned,DTDC
CA-2016-142405,SHIP05669,In Transit,DTDC
CA-2016-142405,SHIP05670,Delivered,Blue Dart
CA-2015-141012,SHIP05671,Delivered,XpressBees
CA-2015-141012,SHIP05672,Delivered,XpressBees
CA-2017-127922,SHIP05673,Delivered,Ecom Express
CA-2017-127922,SHIP05674,Delivered,Ecom Express
CA-2016-146318,SHIP05675,Delivered,Delhivery
CA-2014-135993,SHIP05676,Delivered,Delhivery
CA-2014-135993,SHIP05677,Delivered,Delhivery
CA-2014-126802,SHIP05678,Delivered,DTDC
CA-2016-143924,SHIP05679,Delivered,Blue Dart
CA-2016-143924,SHIP05680,Delivered,Blue Dart
CA-2016-141551,SHIP05681,Delivered,Ecom Express
CA-2016-141551,SHIP05682,Returned,Ecom Express
CA-2014-164315,SHIP05683,In Transit,Ecom Express
CA-2014-164315,SHIP05684,Cancelled,XpressBees
CA-2014-164315,SHIP05685,Delivered,India Post
CA-2015-131072,SHIP05686,In Transit,Blue Dart
CA-2014-131541,SHIP05687,Cancelled,XpressBees
CA-2014-131541,SHIP05688,Delivered,DTDC
CA-2014-131541,SHIP05689,Delivered,DTDC
CA-2015-119550,SHIP05690,In Transit,DTDC
US-2015-138093,SHIP05691,Delivered,Blue Dart
US-2015-138093,SHIP05692,Delivered,Ecom Express
US-2015-138093,SHIP05693,Delivered,XpressBees
US-2015-138093,SHIP05694,Delivered,India Post
US-2015-138093,SHIP05695,Delivered,Blue Dart
CA-2016-126165,SHIP05696,Delivered,Blue Dart
CA-2017-126123,SHIP05697,Delivered,DTDC
CA-2017-126123,SHIP05698,Delivered,India Post
CA-2016-143441,SHIP05699,Delivered,DTDC
CA-2017-148320,SHIP05700,Delivered,DTDC
CA-2016-125661,SHIP05701,Delivered,Delhivery
CA-2016-125661,SHIP05702,Delivered,XpressBees
US-2014-123519,SHIP05703,Delivered,Ecom Express
US-2014-123519,SHIP05704,Returned,Delhivery
US-2014-123519,SHIP05705,Returned,DTDC
CA-2014-155593,SHIP05706,Delivered,Delhivery
CA-2017-136000,SHIP05707,Cancelled,Blue Dart
US-2015-160857,SHIP05708,Delivered,Ecom Express
US-2015-160857,SHIP05709,Returned,India Post
US-2015-160857,SHIP05710,Cancelled,Blue Dart
US-2015-160857,SHIP05711,In Transit,Blue Dart
US-2015-160857,SHIP05712,Delivered,XpressBees
CA-2017-115805,SHIP05713,In Transit,Blue Dart
US-2014-143707,SHIP05714,Delivered,DTDC
CA-2017-116939,SHIP05715,Cancelled,XpressBees
CA-2015-124107,SHIP05716,Delivered,DTDC
CA-2015-124107,SHIP05717,Delivered,XpressBees
CA-2015-124107,SHIP05718,Delivered,India Post
CA-2015-124107,SHIP05719,In Transit,Ecom Express
CA-2017-126550,SHIP05720,Delivered,XpressBees
CA-2015-138674,SHIP05721,Cancelled,Ecom Express
CA-2015-138674,SHIP05722,Delivered,India Post
CA-2015-138674,SHIP05723,Delivered,DTDC
CA-2016-165820,SHIP05724,Delivered,Delhivery
CA-2014-103191,SHIP05725,Delivered,DTDC
CA-2015-103933,SHIP05726,Delivered,XpressBees
CA-2015-110548,SHIP05727,Returned,India Post
CA-2017-117324,SHIP05728,Returned,Blue Dart
CA-2017-117324,SHIP05729,Delivered,Delhivery
CA-2017-117324,SHIP05730,Delivered,Ecom Express
CA-2017-117324,SHIP05731,Delivered,DTDC
CA-2017-117324,SHIP05732,Delivered,DTDC
CA-2017-143574,SHIP05733,Delivered,Blue Dart
CA-2017-143574,SHIP05734,Returned,XpressBees
CA-2017-143574,SHIP05735,Delivered,Delhivery
CA-2014-111773,SHIP05736,Delivered,DTDC
CA-2014-148614,SHIP05737,In Transit,Ecom Express
CA-2014-148614,SHIP05738,Delivered,Ecom Express
CA-2017-156139,SHIP05739,Returned,XpressBees
US-2017-147886,SHIP05740,Delivered,India Post
US-2017-147886,SHIP05741,Returned,Blue Dart
US-2017-147886,SHIP05742,Delivered,DTDC
US-2017-147886,SHIP05743,Delivered,Blue Dart
US-2017-147886,SHIP05744,Delivered,XpressBees
US-2017-147886,SHIP05745,Delivered,XpressBees
US-2017-147886,SHIP05746,Delivered,Blue Dart
CA-2016-113733,SHIP05747,Delivered,DTDC
CA-2016-113733,SHIP05748,Cancelled,Delhivery
CA-2016-113733,SHIP05749,Cancelled,Ecom Express
CA-2017-104913,SHIP05750,In Transit,Delhivery
CA-2014-145800,SHIP05751,Cancelled,DTDC
CA-2016-125850,SHIP05752,Cancelled,Ecom Express
CA-2016-125850,SHIP05753,Delivered,DTDC
CA-2016-118514,SHIP05754,Returned,India Post
CA-2015-150749,SHIP05755,Delivered,Ecom Express
CA-2014-163748,SHIP05756,In Transit,XpressBees
CA-2014-163748,SHIP05757,Delivered,Blue Dart
CA-2015-119634,SHIP05758,Delivered,Blue Dart
CA-2015-149300,SHIP05759,Delivered,XpressBees
US-2016-111528,SHIP05760,In Transit,Blue Dart
US-2016-111528,SHIP05761,In Transit,Blue Dart
CA-2017-158169,SHIP05762,Cancelled,India Post
CA-2017-158169,SHIP05763,Delivered,India Post
CA-2015-162047,SHIP05764,Delivered,Delhivery
CA-2015-117772,SHIP05765,Delivered,Blue Dart
US-2014-126340,SHIP05766,Delivered,XpressBees
CA-2016-149685,SHIP05767,Delivered,Delhivery
CA-2017-126396,SHIP05768,Delivered,Delhivery
CA-2015-154900,SHIP05769,Delivered,DTDC
CA-2015-154900,SHIP05770,Delivered,DTDC
CA-2015-103835,SHIP05771,Delivered,DTDC
CA-2015-103835,SHIP05772,Returned,XpressBees
CA-2015-158939,SHIP05773,Delivered,Blue Dart
CA-2016-117408,SHIP05774,Delivered,Blue Dart
CA-2016-142398,SHIP05775,In Transit,Delhivery
CA-2016-142398,SHIP05776,Delivered,Ecom Express
CA-2016-105277,SHIP05777,Delivered,Ecom Express
CA-2016-112060,SHIP05778,Returned,India Post
CA-2014-105270,SHIP05779,Delivered,DTDC
CA-2014-105270,SHIP05780,Delivered,India Post
US-2015-159513,SHIP05781,Delivered,Ecom Express
CA-2015-155586,SHIP05782,In Transit,Delhivery
CA-2015-155586,SHIP05783,Delivered,Delhivery
CA-2015-155586,SHIP05784,Delivered,India Post
CA-2017-141117,SHIP05785,Delivered,Blue Dart
CA-2017-141117,SHIP05786,Delivered,XpressBees
CA-2017-141117,SHIP05787,Returned,DTDC
CA-2017-141117,SHIP05788,Delivered,Blue Dart
CA-2017-115070,SHIP05789,Returned,XpressBees
CA-2017-115070,SHIP05790,Delivered,Blue Dart
CA-2017-140186,SHIP05791,In Transit,XpressBees
CA-2017-140186,SHIP05792,Returned,XpressBees
CA-2017-140186,SHIP05793,Delivered,Delhivery
CA-2017-140186,SHIP05794,Delivered,Ecom Express
CA-2017-140186,SHIP05795,Delivered,Delhivery
CA-2014-124856,SHIP05796,In Transit,Blue Dart
CA-2014-124856,SHIP05797,Delivered,Delhivery
CA-2014-124856,SHIP05798,Delivered,XpressBees
CA-2014-124856,SHIP05799,In Transit,XpressBees
CA-2014-166716,SHIP05800,Delivered,India Post
CA-2014-123225,SHIP05801,Delivered,Delhivery
CA-2014-123225,SHIP05802,Delivered,DTDC
CA-2015-163440,SHIP05803,Delivered,Blue Dart
US-2017-106796,SHIP05804,Delivered,XpressBees
CA-2017-113873,SHIP05805,Delivered,XpressBees
CA-2017-113873,SHIP05806,In Transit,XpressBees
CA-2016-149783,SHIP05807,In Transit,Blue Dart
CA-2016-149783,SHIP05808,Cancelled,India Post
CA-2016-149783,SHIP05809,Delivered,Ecom Express
CA-2016-125017,SHIP05810,Delivered,Delhivery
US-2015-163279,SHIP05811,In Transit,XpressBees
US-2015-163279,SHIP05812,In Transit,Blue Dart
US-2015-163279,SHIP05813,Returned,Blue Dart
CA-2015-150196,SHIP05814,Delivered,Blue Dart
US-2015-106495,SHIP05815,Delivered,DTDC
CA-2014-124730,SHIP05816,Delivered,XpressBees
CA-2014-124730,SHIP05817,In Transit,Blue Dart
CA-2014-124730,SHIP05818,Delivered,Delhivery
CA-2014-124730,SHIP05819,Delivered,Delhivery
CA-2014-124730,SHIP05820,Delivered,XpressBees
CA-2017-117632,SHIP05821,Delivered,XpressBees
CA-2017-117632,SHIP05822,Delivered,Delhivery
CA-2017-117632,SHIP05823,Delivered,Delhivery
CA-2017-117632,SHIP05824,Cancelled,Delhivery
CA-2014-115056,SHIP05825,Delivered,XpressBees
CA-2017-161067,SHIP05826,Returned,India Post
CA-2017-161067,SHIP05827,Returned,DTDC
CA-2017-161067,SHIP05828,Delivered,Blue Dart
CA-2017-161067,SHIP05829,Delivered,DTDC
CA-2016-122063,SHIP05830,Delivered,Delhivery
CA-2016-122063,SHIP05831,Delivered,XpressBees
CA-2015-111206,SHIP05832,In Transit,Blue Dart
CA-2016-142895,SHIP05833,Delivered,XpressBees
CA-2016-142895,SHIP05834,Delivered,Delhivery
CA-2015-101868,SHIP05835,Delivered,India Post
CA-2015-101868,SHIP05836,In Transit,XpressBees
CA-2015-101868,SHIP05837,Delivered,DTDC
CA-2017-133207,SHIP05838,Delivered,Blue Dart
CA-2015-132948,SHIP05839,Delivered,DTDC
CA-2015-134992,SHIP05840,Delivered,XpressBees
CA-2015-134992,SHIP05841,Delivered,India Post
CA-2015-126725,SHIP05842,Delivered,Delhivery
CA-2015-126725,SHIP05843,Delivered,Delhivery
CA-2015-126725,SHIP05844,Delivered,DTDC
CA-2015-126725,SHIP05845,Delivered,Ecom Express
CA-2015-126725,SHIP05846,Delivered,India Post
CA-2015-126725,SHIP05847,Delivered,Ecom Express
CA-2015-126725,SHIP05848,Delivered,XpressBees
CA-2015-121783,SHIP05849,Cancelled,XpressBees
CA-2015-121783,SHIP05850,Delivered,Blue Dart
CA-2015-121783,SHIP05851,Delivered,Delhivery
CA-2015-121783,SHIP05852,Delivered,Ecom Express
CA-2015-121783,SHIP05853,Delivered,Ecom Express
US-2014-138835,SHIP05854,In Transit,India Post
CA-2015-112214,SHIP05855,Delivered,Delhivery
CA-2015-112214,SHIP05856,Delivered,India Post
CA-2015-112214,SHIP05857,Delivered,India Post
CA-2015-112214,SHIP05858,Delivered,India Post
US-2017-153255,SHIP05859,Cancelled,India Post
CA-2015-108119,SHIP05860,Delivered,Blue Dart
CA-2015-157434,SHIP05861,Delivered,India Post
CA-2016-101525,SHIP05862,Delivered,India Post
CA-2016-101525,SHIP05863,Delivered,Ecom Express
CA-2016-101525,SHIP05864,Delivered,India Post
US-2014-117968,SHIP05865,Delivered,DTDC
US-2014-117968,SHIP05866,Cancelled,India Post
US-2014-117968,SHIP05867,Cancelled,Blue Dart
CA-2016-158211,SHIP05868,Delivered,Delhivery
CA-2016-158211,SHIP05869,In Transit,Delhivery
CA-2016-152247,SHIP05870,Delivered,Blue Dart
CA-2016-128223,SHIP05871,Delivered,India Post
CA-2016-154235,SHIP05872,Delivered,DTDC
CA-2017-129910,SHIP05873,Delivered,Blue Dart
CA-2017-133095,SHIP05874,Delivered,Blue Dart
CA-2017-133095,SHIP05875,In Transit,DTDC
CA-2015-130554,SHIP05876,Delivered,India Post
CA-2014-152443,SHIP05877,Delivered,Delhivery
CA-2014-152443,SHIP05878,Delivered,India Post
CA-2014-152443,SHIP05879,Delivered,India Post
CA-2016-133319,SHIP05880,Delivered,DTDC
CA-2016-133935,SHIP05881,Delivered,Delhivery
CA-2016-133935,SHIP05882,Delivered,Blue Dart
CA-2016-133935,SHIP05883,Delivered,Blue Dart
CA-2016-136301,SHIP05884,Returned,India Post
CA-2016-136301,SHIP05885,Delivered,India Post
US-2014-109456,SHIP05886,Delivered,XpressBees
US-2014-109456,SHIP05887,Delivered,Blue Dart
CA-2017-151596,SHIP05888,Delivered,Blue Dart
CA-2015-147879,SHIP05889,In Transit,India Post
CA-2016-166625,SHIP05890,Delivered,Ecom Express
CA-2016-146157,SHIP05891,Returned,Ecom Express
CA-2016-146157,SHIP05892,In Transit,Delhivery
CA-2016-146157,SHIP05893,Delivered,Blue Dart
CA-2017-159954,SHIP05894,In Transit,Ecom Express
CA-2017-100825,SHIP05895,Delivered,DTDC
CA-2014-168305,SHIP05896,Delivered,India Post
CA-2014-168305,SHIP05897,Returned,Delhivery
CA-2016-167682,SHIP05898,Delivered,XpressBees
CA-2016-167682,SHIP05899,Delivered,XpressBees
CA-2017-108000,SHIP05900,Returned,XpressBees
CA-2015-146465,SHIP05901,Delivered,Delhivery
CA-2016-159639,SHIP05902,Delivered,XpressBees
US-2017-153948,SHIP05903,In Transit,XpressBees
US-2017-153948,SHIP05904,Delivered,XpressBees
US-2017-153948,SHIP05905,Delivered,Blue Dart
US-2017-153948,SHIP05906,Delivered,Blue Dart
US-2017-153948,SHIP05907,Delivered,India Post
US-2016-113985,SHIP05908,In Transit,Ecom Express
US-2016-113985,SHIP05909,Cancelled,XpressBees
US-2016-113985,SHIP05910,Delivered,DTDC
US-2016-113985,SHIP05911,Delivered,DTDC
CA-2016-155383,SHIP05912,Delivered,Ecom Express
CA-2014-120432,SHIP05913,Delivered,DTDC
US-2015-126977,SHIP05914,Delivered,Ecom Express
US-2015-126977,SHIP05915,Delivered,India Post
US-2015-126977,SHIP05916,Delivered,Ecom Express
US-2015-126977,SHIP05917,Delivered,XpressBees
US-2015-126977,SHIP05918,Returned,Delhivery
US-2015-126977,SHIP05919,Cancelled,Blue Dart
US-2015-126977,SHIP05920,In Transit,Delhivery
US-2015-126977,SHIP05921,Delivered,Delhivery
US-2015-126977,SHIP05922,Delivered,India Post
US-2015-126977,SHIP05923,Delivered,Ecom Express
CA-2016-130288,SHIP05924,Delivered,Delhivery
CA-2017-146458,SHIP05925,Cancelled,Ecom Express
CA-2017-150420,SHIP05926,Delivered,India Post
US-2014-118997,SHIP05927,Delivered,Ecom Express
CA-2014-114314,SHIP05928,Delivered,Ecom Express
CA-2014-114314,SHIP05929,Delivered,Ecom Express
US-2017-169551,SHIP05930,Delivered,XpressBees
US-2017-169551,SHIP05931,Returned,Delhivery
US-2017-169551,SHIP05932,Cancelled,Blue Dart
US-2017-169551,SHIP05933,Delivered,India Post
US-2017-169551,SHIP05934,Delivered,Delhivery
US-2017-169551,SHIP05935,Delivered,DTDC
CA-2016-103107,SHIP05936,Delivered,Delhivery
CA-2016-103107,SHIP05937,Delivered,Ecom Express
CA-2016-103107,SHIP05938,In Transit,Ecom Express
CA-2017-122077,SHIP05939,Delivered,DTDC
CA-2017-122077,SHIP05940,Delivered,DTDC
CA-2017-112431,SHIP05941,Returned,Ecom Express
CA-2017-112431,SHIP05942,Delivered,Delhivery
CA-2016-151092,SHIP05943,Delivered,Ecom Express
CA-2014-104178,SHIP05944,Cancelled,Blue Dart
CA-2014-104178,SHIP05945,Delivered,India Post
CA-2014-104178,SHIP05946,In Transit,Delhivery
CA-2014-104178,SHIP05947,Delivered,Ecom Express
CA-2015-115924,SHIP05948,Cancelled,XpressBees
CA-2017-161046,SHIP05949,Delivered,Ecom Express
CA-2017-161046,SHIP05950,Delivered,Blue Dart
CA-2017-161046,SHIP05951,Delivered,Ecom Express
CA-2017-161046,SHIP05952,Delivered,Blue Dart
US-2017-141698,SHIP05953,Delivered,XpressBees
US-2014-105151,SHIP05954,Delivered,DTDC
CA-2014-155796,SHIP05955,Delivered,Blue Dart
CA-2014-155796,SHIP05956,In Transit,Blue Dart
CA-2016-127138,SHIP05957,Delivered,Blue Dart
CA-2016-127138,SHIP05958,Delivered,India Post
CA-2016-127138,SHIP05959,Delivered,India Post
CA-2016-127138,SHIP05960,Delivered,Blue Dart
CA-2017-150602,SHIP05961,Cancelled,XpressBees
CA-2014-140732,SHIP05962,Delivered,Delhivery
CA-2014-140732,SHIP05963,Delivered,DTDC
CA-2014-140732,SHIP05964,Cancelled,India Post
CA-2017-119011,SHIP05965,Delivered,Delhivery
CA-2017-119011,SHIP05966,Delivered,Delhivery
CA-2017-119011,SHIP05967,In Transit,Delhivery
CA-2016-166912,SHIP05968,Delivered,DTDC
CA-2014-141726,SHIP05969,Cancelled,DTDC
CA-2014-141726,SHIP05970,Cancelled,XpressBees
CA-2014-141726,SHIP05971,Cancelled,Ecom Express
CA-2014-141726,SHIP05972,Delivered,XpressBees
CA-2017-115105,SHIP05973,Delivered,Blue Dart
CA-2015-143980,SHIP05974,Cancelled,DTDC
CA-2016-135636,SHIP05975,Cancelled,Ecom Express
CA-2017-102155,SHIP05976,Delivered,DTDC
CA-2017-102155,SHIP05977,Delivered,Blue Dart
CA-2017-116953,SHIP05978,Delivered,Ecom Express
CA-2014-117765,SHIP05979,Delivered,XpressBees
CA-2014-117765,SHIP05980,Delivered,Delhivery
CA-2014-117765,SHIP05981,Returned,Ecom Express
CA-2014-117765,SHIP05982,Returned,XpressBees
CA-2016-114895,SHIP05983,Delivered,XpressBees
CA-2017-112984,SHIP05984,Cancelled,Delhivery
CA-2016-163776,SHIP05985,Delivered,Delhivery
CA-2016-163776,SHIP05986,Delivered,Ecom Express
CA-2016-163776,SHIP05987,Cancelled,Delhivery
CA-2016-163776,SHIP05988,Delivered,DTDC
CA-2016-163776,SHIP05989,Delivered,XpressBees
CA-2016-163776,SHIP05990,Returned,XpressBees
US-2017-163300,SHIP05991,Delivered,Ecom Express
US-2017-163300,SHIP05992,Delivered,DTDC
US-2017-163300,SHIP05993,Delivered,Ecom Express
CA-2016-162187,SHIP05994,Delivered,XpressBees
CA-2016-162187,SHIP05995,Delivered,DTDC
CA-2016-162187,SHIP05996,In Transit,Delhivery
CA-2016-162187,SHIP05997,Delivered,XpressBees
CA-2016-162187,SHIP05998,Cancelled,DTDC
US-2014-112991,SHIP05999,Delivered,DTDC
US-2014-112991,SHIP06000,In Transit,DTDC
US-2014-112991,SHIP06001,Returned,Delhivery
CA-2014-124079,SHIP06002,Cancelled,XpressBees
CA-2014-124079,SHIP06003,Cancelled,India Post
US-2017-146878,SHIP06004,Cancelled,Delhivery
CA-2017-107244,SHIP06005,Delivered,India Post
CA-2015-100657,SHIP06006,Delivered,Ecom Express
CA-2017-129581,SHIP06007,Delivered,XpressBees
CA-2017-129028,SHIP06008,Delivered,Ecom Express
CA-2015-135580,SHIP06009,Returned,XpressBees
CA-2015-135580,SHIP06010,Delivered,Blue Dart
CA-2015-135580,SHIP06011,Delivered,Delhivery
CA-2015-135580,SHIP06012,Delivered,India Post
CA-2015-135580,SHIP06013,Delivered,Delhivery
CA-2016-159016,SHIP06014,Delivered,Ecom Express
CA-2016-159016,SHIP06015,In Transit,Blue Dart
CA-2014-102652,SHIP06016,Returned,Ecom Express
CA-2014-102652,SHIP06017,Cancelled,Delhivery
CA-2014-102652,SHIP06018,Delivered,India Post
CA-2014-102652,SHIP06019,Delivered,XpressBees
CA-2014-152422,SHIP06020,Delivered,XpressBees
US-2016-156692,SHIP06021,Delivered,XpressBees
US-2016-156692,SHIP06022,Delivered,DTDC
CA-2014-130869,SHIP06023,Delivered,India Post
US-2017-128832,SHIP06024,Delivered,India Post
CA-2017-139717,SHIP06025,Delivered,XpressBees
CA-2017-139717,SHIP06026,Delivered,Blue Dart
CA-2017-136007,SHIP06027,Delivered,India Post
CA-2017-136007,SHIP06028,Delivered,Ecom Express
CA-2016-157364,SHIP06029,Delivered,DTDC
US-2016-112970,SHIP06030,Delivered,XpressBees
US-2017-152492,SHIP06031,Delivered,Blue Dart
CA-2016-101168,SHIP06032,Delivered,Ecom Express
CA-2017-104010,SHIP06033,Cancelled,Delhivery
CA-2015-130253,SHIP06034,In Transit,Delhivery
US-2015-155369,SHIP06035,In Transit,India Post
US-2015-155369,SHIP06036,Returned,India Post
CA-2016-131205,SHIP06037,In Transit,Blue Dart
CA-2016-131205,SHIP06038,Returned,DTDC
CA-2016-131205,SHIP06039,Delivered,India Post
CA-2016-131205,SHIP06040,Delivered,Blue Dart
CA-2017-122364,SHIP06041,In Transit,Blue Dart
CA-2017-122364,SHIP06042,Returned,DTDC
CA-2016-117912,SHIP06043,Delivered,Blue Dart
CA-2017-145702,SHIP06044,Delivered,XpressBees
CA-2017-145702,SHIP06045,Delivered,Delhivery
CA-2015-113215,SHIP06046,Delivered,India Post
CA-2016-154662,SHIP06047,Delivered,Delhivery
CA-2015-105571,SHIP06048,Delivered,Delhivery
CA-2015-105571,SHIP06049,Delivered,Delhivery
CA-2016-152765,SHIP06050,Delivered,Ecom Express
CA-2015-153878,SHIP06051,Delivered,XpressBees
CA-2015-153878,SHIP06052,In Transit,Delhivery
CA-2016-124016,SHIP06053,Delivered,Blue Dart
CA-2016-124016,SHIP06054,Cancelled,DTDC
CA-2016-124016,SHIP06055,Delivered,India Post
CA-2016-113551,SHIP06056,Delivered,India Post
CA-2016-113551,SHIP06057,Cancelled,Ecom Express
CA-2014-107524,SHIP06058,Delivered,Ecom Express
CA-2014-107524,SHIP06059,Delivered,XpressBees
CA-2014-138072,SHIP06060,In Transit,Blue Dart
CA-2015-134201,SHIP06061,Returned,Ecom Express
CA-2015-134201,SHIP06062,Delivered,Ecom Express
CA-2015-111780,SHIP06063,Delivered,Blue Dart
CA-2015-111780,SHIP06064,Delivered,India Post
CA-2015-111780,SHIP06065,Cancelled,India Post
CA-2015-119942,SHIP06066,In Transit,XpressBees
CA-2015-151547,SHIP06067,In Transit,Blue Dart
CA-2017-166695,SHIP06068,Delivered,Ecom Express
CA-2017-166695,SHIP06069,Returned,Ecom Express
CA-2017-166695,SHIP06070,Delivered,DTDC
CA-2017-167542,SHIP06071,Cancelled,XpressBees
CA-2015-120901,SHIP06072,Delivered,DTDC
CA-2015-120901,SHIP06073,Delivered,Ecom Express
CA-2015-120901,SHIP06074,Returned,XpressBees
CA-2017-121398,SHIP06075,Delivered,Delhivery
CA-2017-121398,SHIP06076,Delivered,India Post
CA-2016-151561,SHIP06077,Delivered,Blue Dart
CA-2016-151561,SHIP06078,Delivered,Ecom Express
CA-2016-151561,SHIP06079,Delivered,India Post
CA-2016-151561,SHIP06080,Delivered,Blue Dart
CA-2017-154676,SHIP06081,Delivered,India Post
US-2014-165589,SHIP06082,Cancelled,Blue Dart
US-2016-132577,SHIP06083,Delivered,India Post
US-2016-132577,SHIP06084,Delivered,India Post
US-2016-132577,SHIP06085,Returned,Delhivery
US-2016-132577,SHIP06086,Delivered,DTDC
US-2016-132577,SHIP06087,Delivered,XpressBees
CA-2015-114048,SHIP06088,Delivered,India Post
CA-2015-137281,SHIP06089,Delivered,Delhivery
US-2017-162068,SHIP06090,Delivered,Delhivery
CA-2017-100111,SHIP06091,Returned,India Post
CA-2017-100111,SHIP06092,Delivered,XpressBees
CA-2017-100111,SHIP06093,Delivered,Ecom Express
CA-2017-100111,SHIP06094,Delivered,Delhivery
CA-2017-100111,SHIP06095,Cancelled,India Post
CA-2017-100111,SHIP06096,Delivered,Ecom Express
CA-2017-100111,SHIP06097,Delivered,Blue Dart
CA-2017-100111,SHIP06098,Returned,Blue Dart
CA-2017-100111,SHIP06099,Delivered,Blue Dart
CA-2017-100111,SHIP06100,Returned,Delhivery
CA-2017-100111,SHIP06101,Delivered,Delhivery
CA-2017-100111,SHIP06102,Returned,India Post
CA-2017-100111,SHIP06103,Delivered,Ecom Express
CA-2017-100111,SHIP06104,Delivered,DTDC
US-2017-132381,SHIP06105,Delivered,India Post
CA-2015-147011,SHIP06106,Cancelled,Blue Dart
CA-2014-120852,SHIP06107,Delivered,Delhivery
CA-2014-120852,SHIP06108,Delivered,XpressBees
CA-2016-150007,SHIP06109,Delivered,India Post
CA-2016-150007,SHIP06110,Delivered,Ecom Express
CA-2016-124590,SHIP06111,Delivered,Delhivery
CA-2016-124590,SHIP06112,Delivered,DTDC
CA-2016-124590,SHIP06113,Cancelled,India Post
CA-2016-124590,SHIP06114,Returned,Delhivery
CA-2016-124590,SHIP06115,Delivered,Blue Dart
CA-2016-133802,SHIP06116,Delivered,DTDC
US-2016-113677,SHIP06117,Delivered,Blue Dart
US-2016-113677,SHIP06118,Delivered,Delhivery
CA-2017-143378,SHIP06119,Returned,Delhivery
CA-2017-143378,SHIP06120,Delivered,Delhivery
CA-2017-143378,SHIP06121,Delivered,XpressBees
CA-2017-143378,SHIP06122,Cancelled,Delhivery
CA-2017-152660,SHIP06123,Delivered,XpressBees
CA-2015-142139,SHIP06124,Delivered,XpressBees
CA-2017-145772,SHIP06125,Delivered,XpressBees
CA-2017-145772,SHIP06126,Returned,Ecom Express
CA-2017-145772,SHIP06127,Delivered,Delhivery
CA-2016-124100,SHIP06128,In Transit,Blue Dart
US-2014-158400,SHIP06129,Cancelled,India Post
CA-2017-162033,SHIP06130,Returned,DTDC
CA-2017-162033,SHIP06131,Delivered,Delhivery
CA-2014-163447,SHIP06132,Delivered,India Post
CA-2017-145737,SHIP06133,Delivered,Ecom Express
CA-2016-148096,SHIP06134,Delivered,Ecom Express
CA-2016-146766,SHIP06135,Delivered,Delhivery
CA-2015-105613,SHIP06136,Returned,Delhivery
CA-2015-105613,SHIP06137,Delivered,Blue Dart
US-2016-142251,SHIP06138,Cancelled,Blue Dart
CA-2014-131247,SHIP06139,Delivered,Ecom Express
US-2015-113593,SHIP06140,Delivered,Ecom Express
CA-2017-121083,SHIP06141,Returned,India Post
CA-2017-121083,SHIP06142,Delivered,India Post
CA-2017-121083,SHIP06143,Returned,DTDC
CA-2017-121083,SHIP06144,Delivered,DTDC
CA-2017-151190,SHIP06145,Delivered,Ecom Express
CA-2014-133543,SHIP06146,In Transit,XpressBees
CA-2017-105130,SHIP06147,Delivered,DTDC
CA-2017-105130,SHIP06148,Delivered,India Post
CA-2016-161928,SHIP06149,Delivered,DTDC
CA-2017-101322,SHIP06150,Delivered,XpressBees
US-2016-106600,SHIP06151,Delivered,India Post
CA-2014-111871,SHIP06152,Delivered,DTDC
CA-2017-139437,SHIP06153,Delivered,Ecom Express
CA-2017-151484,SHIP06154,In Transit,Delhivery
CA-2017-151484,SHIP06155,Delivered,DTDC
CA-2017-151484,SHIP06156,Delivered,Delhivery
CA-2017-151484,SHIP06157,Delivered,Delhivery
CA-2016-104150,SHIP06158,Delivered,Blue Dart
CA-2016-104150,SHIP06159,Delivered,Blue Dart
CA-2016-161025,SHIP06160,In Transit,India Post
CA-2014-103989,SHIP06161,Delivered,India Post
CA-2014-103989,SHIP06162,Delivered,Delhivery
CA-2014-103989,SHIP06163,Delivered,Delhivery
CA-2014-103989,SHIP06164,Delivered,XpressBees
CA-2014-103989,SHIP06165,Delivered,XpressBees
CA-2014-103989,SHIP06166,Cancelled,XpressBees
CA-2014-103989,SHIP06167,In Transit,XpressBees
CA-2015-142433,SHIP06168,Returned,India Post
CA-2015-132815,SHIP06169,Delivered,India Post
CA-2014-101266,SHIP06170,Delivered,India Post
CA-2016-141523,SHIP06171,Delivered,DTDC
CA-2016-141523,SHIP06172,Delivered,Blue Dart
US-2014-106299,SHIP06173,Cancelled,Delhivery
US-2014-106299,SHIP06174,Delivered,DTDC
US-2014-106299,SHIP06175,Returned,XpressBees
CA-2015-158421,SHIP06176,Delivered,DTDC
CA-2015-158421,SHIP06177,Delivered,Blue Dart
CA-2015-158421,SHIP06178,Delivered,Blue Dart
CA-2015-158421,SHIP06179,Cancelled,DTDC
CA-2015-158421,SHIP06180,Delivered,Blue Dart
CA-2015-158421,SHIP06181,Delivered,India Post
CA-2015-158421,SHIP06182,Delivered,India Post
CA-2015-158421,SHIP06183,Delivered,XpressBees
CA-2015-158421,SHIP06184,Delivered,Ecom Express
CA-2016-143609,SHIP06185,Returned,Delhivery
CA-2015-138331,SHIP06186,Delivered,Ecom Express
CA-2015-138954,SHIP06187,In Transit,Delhivery
CA-2015-138954,SHIP06188,Cancelled,Ecom Express
CA-2015-138954,SHIP06189,Delivered,India Post
CA-2017-157903,SHIP06190,Delivered,Blue Dart
CA-2016-157259,SHIP06191,Returned,XpressBees
CA-2017-107986,SHIP06192,Cancelled,Ecom Express
CA-2017-104927,SHIP06193,Delivered,DTDC
CA-2017-104927,SHIP06194,Delivered,Blue Dart
CA-2017-104927,SHIP06195,In Transit,Ecom Express
CA-2017-113453,SHIP06196,Delivered,India Post
CA-2017-113453,SHIP06197,Delivered,Ecom Express
CA-2015-149909,SHIP06198,Delivered,Blue Dart
CA-2015-149909,SHIP06199,Delivered,Ecom Express
CA-2015-149909,SHIP06200,Delivered,Ecom Express
CA-2015-146675,SHIP06201,Delivered,XpressBees
CA-2015-146675,SHIP06202,Delivered,DTDC
CA-2016-118332,SHIP06203,Returned,Delhivery
CA-2016-133669,SHIP06204,Delivered,Ecom Express
CA-2017-145660,SHIP06205,Delivered,Ecom Express
CA-2016-133697,SHIP06206,Delivered,DTDC
CA-2016-133697,SHIP06207,Delivered,India Post
CA-2016-133697,SHIP06208,Delivered,DTDC
CA-2017-148138,SHIP06209,Delivered,Blue Dart
CA-2017-119809,SHIP06210,Delivered,DTDC
CA-2017-119809,SHIP06211,Delivered,Delhivery
CA-2017-119809,SHIP06212,Delivered,Blue Dart
CA-2017-149944,SHIP06213,Delivered,DTDC
CA-2017-149944,SHIP06214,Delivered,XpressBees
CA-2014-128538,SHIP06215,Delivered,Blue Dart
CA-2015-161711,SHIP06216,Delivered,Blue Dart
CA-2015-161711,SHIP06217,Delivered,DTDC
US-2015-129553,SHIP06218,Delivered,XpressBees
CA-2016-160220,SHIP06219,In Transit,Blue Dart
CA-2016-160220,SHIP06220,Delivered,XpressBees
CA-2016-160220,SHIP06221,Returned,India Post
US-2017-157224,SHIP06222,Returned,Delhivery
CA-2017-140627,SHIP06223,Delivered,Blue Dart
CA-2017-140627,SHIP06224,Delivered,Delhivery
CA-2017-140627,SHIP06225,Delivered,India Post
CA-2015-133445,SHIP06226,Delivered,Blue Dart
CA-2015-133445,SHIP06227,Delivered,India Post
CA-2014-148782,SHIP06228,Cancelled,Blue Dart
CA-2016-148208,SHIP06229,Delivered,Blue Dart
CA-2016-148208,SHIP06230,Delivered,Blue Dart
CA-2017-127656,SHIP06231,Delivered,Blue Dart
US-2017-142188,SHIP06232,Delivered,Delhivery
US-2017-142188,SHIP06233,Delivered,XpressBees
US-2017-142188,SHIP06234,Cancelled,XpressBees
US-2017-142188,SHIP06235,Delivered,Ecom Express
US-2017-142188,SHIP06236,Returned,XpressBees
CA-2016-144400,SHIP06237,Delivered,XpressBees
US-2016-155180,SHIP06238,Delivered,XpressBees
CA-2015-134075,SHIP06239,Delivered,Ecom Express
CA-2015-134075,SHIP06240,Delivered,Delhivery
US-2016-131912,SHIP06241,Delivered,Blue Dart
CA-2017-141572,SHIP06242,Delivered,DTDC
CA-2014-134621,SHIP06243,Delivered,India Post
CA-2016-165561,SHIP06244,Delivered,India Post
CA-2015-112305,SHIP06245,Delivered,XpressBees
CA-2015-112305,SHIP06246,Delivered,Ecom Express
CA-2015-112305,SHIP06247,Delivered,DTDC
CA-2017-121580,SHIP06248,Delivered,Delhivery
CA-2017-121580,SHIP06249,Delivered,Ecom Express
CA-2017-121580,SHIP06250,In Transit,Ecom Express
CA-2017-121580,SHIP06251,Cancelled,DTDC
CA-2014-101147,SHIP06252,Delivered,Delhivery
CA-2014-165806,SHIP06253,Returned,India Post
CA-2014-165806,SHIP06254,Delivered,XpressBees
CA-2015-151624,SHIP06255,Delivered,Blue Dart
CA-2017-139444,SHIP06256,In Transit,XpressBees
CA-2015-133977,SHIP06257,Cancelled,Blue Dart
CA-2017-141425,SHIP06258,In Transit,Ecom Express
CA-2015-133536,SHIP06259,Returned,Ecom Express
CA-2015-150441,SHIP06260,Delivered,Delhivery
CA-2015-162607,SHIP06261,Returned,Delhivery
CA-2017-103506,SHIP06262,In Transit,XpressBees
CA-2016-132479,SHIP06263,Delivered,India Post
CA-2017-160724,SHIP06264,Cancelled,DTDC
US-2016-115952,SHIP06265,In Transit,DTDC
CA-2014-146731,SHIP06266,Delivered,Delhivery
CA-2014-146731,SHIP06267,Delivered,XpressBees
CA-2015-115392,SHIP06268,Cancelled,Blue Dart
CA-2015-115392,SHIP06269,Delivered,XpressBees
CA-2017-102379,SHIP06270,Returned,India Post
CA-2017-102379,SHIP06271,Delivered,India Post
CA-2017-102379,SHIP06272,Delivered,DTDC
CA-2017-149706,SHIP06273,Delivered,XpressBees
US-2016-139087,SHIP06274,Delivered,Blue Dart
US-2016-139087,SHIP06275,Delivered,Blue Dart
US-2016-139087,SHIP06276,Delivered,DTDC
US-2016-139087,SHIP06277,Delivered,Delhivery
US-2016-139087,SHIP06278,Delivered,DTDC
US-2016-139087,SHIP06279,In Transit,XpressBees
US-2016-139087,SHIP06280,Delivered,XpressBees
CA-2017-152226,SHIP06281,Delivered,Blue Dart
CA-2015-116484,SHIP06282,Returned,Ecom Express
CA-2015-116484,SHIP06283,Delivered,India Post
CA-2016-100944,SHIP06284,Delivered,DTDC
CA-2016-100944,SHIP06285,Returned,India Post
CA-2016-125080,SHIP06286,Delivered,Delhivery
CA-2016-121020,SHIP06287,In Transit,DTDC
CA-2014-100090,SHIP06288,Delivered,India Post
CA-2014-100090,SHIP06289,Delivered,XpressBees
US-2015-139675,SHIP06290,Delivered,India Post
US-2015-139675,SHIP06291,Delivered,India Post
CA-2017-143756,SHIP06292,Delivered,XpressBees
CA-2015-151253,SHIP06293,Cancelled,Blue Dart
CA-2015-151253,SHIP06294,Delivered,Blue Dart
CA-2014-141152,SHIP06295,Delivered,DTDC
CA-2014-141313,SHIP06296,Delivered,Delhivery
CA-2014-141313,SHIP06297,In Transit,Ecom Express
CA-2014-141313,SHIP06298,Delivered,XpressBees
CA-2014-169852,SHIP06299,Delivered,XpressBees
CA-2017-107314,SHIP06300,Delivered,DTDC
US-2014-161305,SHIP06301,Delivered,Ecom Express
US-2014-161305,SHIP06302,Returned,Blue Dart
CA-2017-166919,SHIP06303,Delivered,Delhivery
CA-2017-162712,SHIP06304,Delivered,XpressBees
CA-2017-107552,SHIP06305,Delivered,XpressBees
CA-2016-163328,SHIP06306,Returned,Delhivery
CA-2016-163328,SHIP06307,Delivered,India Post
CA-2016-163328,SHIP06308,Delivered,Delhivery
CA-2016-163328,SHIP06309,Delivered,XpressBees
CA-2016-163328,SHIP06310,Delivered,Delhivery
CA-2016-163328,SHIP06311,Delivered,Ecom Express
CA-2014-112837,SHIP06312,Delivered,Ecom Express
CA-2017-120019,SHIP06313,Delivered,Blue Dart
CA-2017-120019,SHIP06314,Delivered,India Post
CA-2014-100762,SHIP06315,Delivered,XpressBees
CA-2014-100762,SHIP06316,Delivered,XpressBees
CA-2014-100762,SHIP06317,In Transit,Delhivery
CA-2014-100762,SHIP06318,Delivered,DTDC
CA-2017-161459,SHIP06319,Delivered,India Post
CA-2017-161459,SHIP06320,Delivered,DTDC
CA-2017-160017,SHIP06321,Delivered,Blue Dart
CA-2014-123316,SHIP06322,Delivered,DTDC
CA-2014-141299,SHIP06323,Delivered,Ecom Express
CA-2014-104402,SHIP06324,Delivered,DTDC
CA-2015-110289,SHIP06325,Delivered,DTDC
CA-2015-110289,SHIP06326,In Transit,Ecom Express
CA-2014-167927,SHIP06327,Delivered,India Post
CA-2014-167927,SHIP06328,Delivered,India Post
CA-2014-167927,SHIP06329,Returned,XpressBees
CA-2014-167927,SHIP06330,Delivered,XpressBees
CA-2014-167927,SHIP06331,Cancelled,XpressBees
CA-2014-167927,SHIP06332,Delivered,Blue Dart
CA-2014-167927,SHIP06333,Cancelled,Delhivery
CA-2014-167927,SHIP06334,Delivered,XpressBees
CA-2014-133305,SHIP06335,In Transit,DTDC
CA-2014-133305,SHIP06336,Delivered,India Post
CA-2016-165995,SHIP06337,Delivered,XpressBees
CA-2016-165995,SHIP06338,In Transit,XpressBees
CA-2017-143112,SHIP06339,Cancelled,XpressBees
CA-2017-143112,SHIP06340,Returned,India Post
CA-2017-143112,SHIP06341,Delivered,DTDC
US-2017-105830,SHIP06342,Delivered,Ecom Express
CA-2015-146255,SHIP06343,Returned,Ecom Express
CA-2015-146255,SHIP06344,Delivered,India Post
CA-2015-146255,SHIP06345,Cancelled,XpressBees
CA-2015-146255,SHIP06346,Delivered,Ecom Express
CA-2017-104822,SHIP06347,Cancelled,India Post
CA-2015-104486,SHIP06348,Delivered,India Post
CA-2015-104486,SHIP06349,Returned,DTDC
CA-2015-104486,SHIP06350,Returned,India Post
CA-2017-161557,SHIP06351,Delivered,Delhivery
CA-2017-161130,SHIP06352,Cancelled,XpressBees
US-2015-161347,SHIP06353,Returned,DTDC
US-2015-109015,SHIP06354,Delivered,Ecom Express
US-2015-109015,SHIP06355,Delivered,XpressBees
CA-2014-110611,SHIP06356,Delivered,XpressBees
CA-2017-139080,SHIP06357,Returned,XpressBees
CA-2017-139080,SHIP06358,Delivered,India Post
CA-2017-139080,SHIP06359,Delivered,XpressBees
CA-2017-139080,SHIP06360,Delivered,XpressBees
CA-2015-115693,SHIP06361,In Transit,Ecom Express
US-2014-107993,SHIP06362,In Transit,Ecom Express
CA-2017-110443,SHIP06363,Returned,Ecom Express
CA-2017-110443,SHIP06364,Delivered,XpressBees
CA-2017-110443,SHIP06365,Delivered,Ecom Express
CA-2017-144848,SHIP06366,Delivered,DTDC
CA-2017-144848,SHIP06367,Delivered,Blue Dart
CA-2017-144848,SHIP06368,Returned,Delhivery
US-2017-147998,SHIP06369,Delivered,Blue Dart
CA-2016-103919,SHIP06370,Returned,India Post
CA-2016-113425,SHIP06371,Delivered,India Post
CA-2017-143035,SHIP06372,Delivered,Delhivery
CA-2017-143035,SHIP06373,Delivered,Delhivery
CA-2017-143035,SHIP06374,Delivered,India Post
CA-2014-107811,SHIP06375,In Transit,India Post
CA-2014-107811,SHIP06376,Delivered,India Post
CA-2016-163216,SHIP06377,Delivered,Delhivery
US-2016-116442,SHIP06378,Delivered,DTDC
CA-2017-150623,SHIP06379,Cancelled,Ecom Express
CA-2017-150623,SHIP06380,Returned,XpressBees
US-2014-163797,SHIP06381,Delivered,DTDC
CA-2016-127236,SHIP06382,Delivered,DTDC
CA-2016-127236,SHIP06383,Delivered,XpressBees
US-2017-104661,SHIP06384,Cancelled,Delhivery
US-2017-104661,SHIP06385,Cancelled,India Post
US-2017-104661,SHIP06386,Delivered,Delhivery
US-2017-104661,SHIP06387,Delivered,DTDC
CA-2014-134103,SHIP06388,Returned,DTDC
CA-2014-134103,SHIP06389,Delivered,Ecom Express
CA-2015-147529,SHIP06390,Delivered,India Post
CA-2015-147529,SHIP06391,Delivered,India Post
CA-2016-129126,SHIP06392,Cancelled,India Post
CA-2016-129126,SHIP06393,In Transit,Blue Dart
CA-2016-129126,SHIP06394,Delivered,Ecom Express
CA-2016-129126,SHIP06395,Delivered,Ecom Express
CA-2016-129126,SHIP06396,Delivered,DTDC
CA-2016-129126,SHIP06397,In Transit,Blue Dart
CA-2017-131632,SHIP06398,Delivered,Blue Dart
CA-2017-151981,SHIP06399,Delivered,DTDC
CA-2017-151981,SHIP06400,In Transit,Ecom Express
CA-2017-151981,SHIP06401,Delivered,Blue Dart
CA-2017-125472,SHIP06402,Delivered,Delhivery
CA-2017-125472,SHIP06403,Returned,India Post
CA-2017-125472,SHIP06404,Cancelled,India Post
CA-2015-156328,SHIP06405,Delivered,XpressBees
CA-2017-154074,SHIP06406,Delivered,Blue Dart
CA-2017-154074,SHIP06407,Delivered,DTDC
CA-2017-161774,SHIP06408,Delivered,Ecom Express
CA-2017-161774,SHIP06409,Delivered,Blue Dart
CA-2017-161774,SHIP06410,Delivered,Blue Dart
CA-2017-161774,SHIP06411,Delivered,India Post
CA-2017-161774,SHIP06412,Delivered,Blue Dart
CA-2017-151211,SHIP06413,Cancelled,Blue Dart
CA-2017-151211,SHIP06414,Delivered,Delhivery
CA-2017-142671,SHIP06415,Delivered,XpressBees
CA-2017-144750,SHIP06416,Delivered,Delhivery
CA-2016-111976,SHIP06417,Delivered,XpressBees
CA-2016-111976,SHIP06418,Delivered,Ecom Express
CA-2016-140130,SHIP06419,Cancelled,Blue Dart
CA-2016-140130,SHIP06420,Delivered,India Post
CA-2016-140130,SHIP06421,Delivered,DTDC
CA-2016-140130,SHIP06422,Delivered,XpressBees
CA-2014-159121,SHIP06423,Returned,India Post
CA-2015-149650,SHIP06424,Delivered,India Post
CA-2017-115777,SHIP06425,Returned,DTDC
CA-2016-143714,SHIP06426,Delivered,Blue Dart
CA-2016-143714,SHIP06427,Delivered,Blue Dart
CA-2016-143714,SHIP06428,Delivered,XpressBees
CA-2016-143714,SHIP06429,Delivered,Delhivery
CA-2014-165764,SHIP06430,Delivered,Delhivery
CA-2014-165764,SHIP06431,In Transit,Ecom Express
CA-2014-165764,SHIP06432,Delivered,DTDC
CA-2014-165764,SHIP06433,Delivered,India Post
CA-2015-121405,SHIP06434,Delivered,XpressBees
CA-2015-121405,SHIP06435,Delivered,Ecom Express
US-2017-116897,SHIP06436,Delivered,DTDC
US-2017-116897,SHIP06437,Delivered,XpressBees
US-2017-116897,SHIP06438,Delivered,DTDC
US-2017-113992,SHIP06439,In Transit,Delhivery
CA-2014-166891,SHIP06440,Returned,India Post
CA-2016-101161,SHIP06441,In Transit,Ecom Express
CA-2016-101161,SHIP06442,Delivered,DTDC
CA-2016-101161,SHIP06443,Delivered,Delhivery
CA-2016-101161,SHIP06444,Delivered,XpressBees
CA-2016-101161,SHIP06445,Delivered,DTDC
CA-2015-151785,SHIP06446,Cancelled,Blue Dart
US-2017-119816,SHIP06447,Returned,XpressBees
US-2017-119816,SHIP06448,Delivered,Blue Dart
US-2017-119816,SHIP06449,Delivered,Blue Dart
CA-2015-156510,SHIP06450,Returned,India Post
CA-2015-156510,SHIP06451,Delivered,XpressBees
CA-2015-156510,SHIP06452,Delivered,Delhivery
US-2015-110261,SHIP06453,Delivered,Delhivery
CA-2015-125710,SHIP06454,Delivered,Blue Dart
CA-2017-161102,SHIP06455,Delivered,Ecom Express
CA-2017-161102,SHIP06456,Delivered,DTDC
CA-2014-110065,SHIP06457,Delivered,India Post
CA-2014-110065,SHIP06458,Delivered,XpressBees
US-2017-133361,SHIP06459,Delivered,India Post
US-2017-133361,SHIP06460,Returned,XpressBees
US-2017-133361,SHIP06461,Cancelled,India Post
US-2017-133361,SHIP06462,Delivered,Delhivery
US-2017-133361,SHIP06463,Delivered,Delhivery
US-2017-133361,SHIP06464,Delivered,Delhivery
US-2016-155404,SHIP06465,In Transit,Blue Dart
CA-2015-114503,SHIP06466,Delivered,India Post
CA-2017-153080,SHIP06467,Cancelled,Ecom Express
CA-2016-163804,SHIP06468,Delivered,XpressBees
CA-2016-163804,SHIP06469,Delivered,Blue Dart
CA-2016-163804,SHIP06470,Delivered,Blue Dart
CA-2015-108532,SHIP06471,Delivered,Delhivery
CA-2015-108532,SHIP06472,Cancelled,Blue Dart
CA-2014-151897,SHIP06473,Delivered,Ecom Express
CA-2016-113292,SHIP06474,Delivered,XpressBees
CA-2014-149524,SHIP06475,Delivered,DTDC
CA-2017-140872,SHIP06476,Delivered,Blue Dart
CA-2017-140872,SHIP06477,Delivered,Blue Dart
CA-2017-140872,SHIP06478,Delivered,XpressBees
CA-2017-140872,SHIP06479,Cancelled,Ecom Express
CA-2017-140872,SHIP06480,Delivered,Delhivery
CA-2017-140872,SHIP06481,Delivered,India Post
CA-2017-140872,SHIP06482,Cancelled,DTDC
CA-2017-140872,SHIP06483,Delivered,India Post
CA-2017-113908,SHIP06484,Delivered,Delhivery
CA-2017-113908,SHIP06485,Returned,DTDC
CA-2017-113908,SHIP06486,In Transit,Ecom Express
CA-2015-120621,SHIP06487,Delivered,DTDC
CA-2015-120621,SHIP06488,Delivered,Blue Dart
CA-2015-120621,SHIP06489,Returned,DTDC
US-2017-148866,SHIP06490,Cancelled,Ecom Express
CA-2014-149594,SHIP06491,In Transit,Ecom Express
CA-2016-113845,SHIP06492,Delivered,DTDC
CA-2016-113845,SHIP06493,Delivered,XpressBees
CA-2016-113845,SHIP06494,Delivered,Delhivery
CA-2017-111262,SHIP06495,Delivered,Blue Dart
CA-2017-111262,SHIP06496,In Transit,XpressBees
CA-2017-111262,SHIP06497,Delivered,Ecom Express
CA-2015-103135,SHIP06498,In Transit,Blue Dart
CA-2015-103135,SHIP06499,Cancelled,Ecom Express
CA-2015-103135,SHIP06500,Delivered,India Post
CA-2015-103135,SHIP06501,Delivered,DTDC
CA-2014-129147,SHIP06502,Cancelled,Ecom Express
CA-2014-129147,SHIP06503,Returned,Blue Dart
CA-2014-129147,SHIP06504,Cancelled,Delhivery
CA-2017-128265,SHIP06505,Returned,Delhivery
CA-2016-152331,SHIP06506,Delivered,Ecom Express
US-2016-128909,SHIP06507,Delivered,XpressBees
US-2016-128909,SHIP06508,Cancelled,Blue Dart
CA-2017-102197,SHIP06509,Delivered,Blue Dart
CA-2017-102197,SHIP06510,Returned,India Post
CA-2017-102197,SHIP06511,Delivered,Delhivery
CA-2017-167640,SHIP06512,Delivered,Delhivery
CA-2017-167640,SHIP06513,Delivered,XpressBees
CA-2017-167640,SHIP06514,Delivered,DTDC
CA-2017-167640,SHIP06515,Delivered,India Post
US-2017-116652,SHIP06516,Delivered,India Post
US-2017-116652,SHIP06517,In Transit,DTDC
US-2017-116652,SHIP06518,Returned,DTDC
US-2017-116652,SHIP06519,Delivered,DTDC
US-2017-116652,SHIP06520,Returned,DTDC
CA-2017-138289,SHIP06521,Delivered,XpressBees
CA-2017-138289,SHIP06522,In Transit,DTDC
CA-2017-138289,SHIP06523,Delivered,XpressBees
CA-2016-129308,SHIP06524,Delivered,India Post
CA-2016-129308,SHIP06525,Cancelled,Delhivery
CA-2016-129308,SHIP06526,Delivered,India Post
CA-2016-129308,SHIP06527,Delivered,India Post
CA-2016-157791,SHIP06528,Delivered,DTDC
CA-2014-146864,SHIP06529,Delivered,DTDC
CA-2014-103744,SHIP06530,Cancelled,Blue Dart
CA-2014-103744,SHIP06531,Returned,XpressBees
US-2017-107384,SHIP06532,Delivered,Delhivery
US-2017-107384,SHIP06533,Cancelled,XpressBees
US-2017-107384,SHIP06534,In Transit,Blue Dart
CA-2014-128209,SHIP06535,Delivered,Delhivery
CA-2014-128209,SHIP06536,Delivered,Blue Dart
CA-2014-169684,SHIP06537,Delivered,XpressBees
CA-2014-169684,SHIP06538,In Transit,Ecom Express
CA-2015-109862,SHIP06539,Delivered,XpressBees
CA-2015-109862,SHIP06540,Delivered,DTDC
US-2017-107888,SHIP06541,Delivered,Blue Dart
US-2017-107888,SHIP06542,Delivered,XpressBees
US-2017-107888,SHIP06543,Delivered,DTDC
US-2017-107888,SHIP06544,Delivered,DTDC
US-2017-154872,SHIP06545,In Transit,Blue Dart
US-2017-154872,SHIP06546,Delivered,Blue Dart
US-2017-154872,SHIP06547,Delivered,Blue Dart
CA-2014-113880,SHIP06548,Delivered,Blue Dart
CA-2014-113880,SHIP06549,Returned,Blue Dart
US-2015-164966,SHIP06550,Cancelled,India Post
CA-2015-126739,SHIP06551,Delivered,India Post
CA-2017-161578,SHIP06552,In Transit,Ecom Express
CA-2017-161578,SHIP06553,Delivered,Ecom Express
CA-2014-137092,SHIP06554,Delivered,Blue Dart
CA-2014-137092,SHIP06555,Delivered,XpressBees
CA-2014-137092,SHIP06556,Delivered,India Post
CA-2014-137092,SHIP06557,Delivered,Ecom Express
CA-2014-137092,SHIP06558,Delivered,Delhivery
CA-2015-166947,SHIP06559,Delivered,Blue Dart
CA-2016-160941,SHIP06560,In Transit,India Post
CA-2016-160941,SHIP06561,In Transit,XpressBees
CA-2017-144680,SHIP06562,Delivered,Blue Dart
CA-2014-166086,SHIP06563,Cancelled,India Post
CA-2014-166086,SHIP06564,Delivered,XpressBees
CA-2014-166086,SHIP06565,Cancelled,Blue Dart
CA-2014-166086,SHIP06566,Delivered,Blue Dart
CA-2017-131282,SHIP06567,Delivered,XpressBees
CA-2017-131282,SHIP06568,Delivered,Delhivery
CA-2014-100678,SHIP06569,Delivered,Delhivery
CA-2014-100678,SHIP06570,Delivered,Delhivery
CA-2014-100678,SHIP06571,Delivered,Delhivery
CA-2014-100678,SHIP06572,Cancelled,DTDC
CA-2016-161543,SHIP06573,Delivered,India Post
CA-2016-160535,SHIP06574,Delivered,XpressBees
CA-2016-160535,SHIP06575,In Transit,India Post
CA-2017-123085,SHIP06576,Delivered,Delhivery
CA-2017-123085,SHIP06577,Delivered,Blue Dart
CA-2015-153752,SHIP06578,Delivered,XpressBees
CA-2014-103660,SHIP06579,In Transit,DTDC
CA-2016-169887,SHIP06580,Delivered,Blue Dart
CA-2016-169887,SHIP06581,Returned,DTDC
CA-2016-169887,SHIP06582,Delivered,XpressBees
CA-2016-148516,SHIP06583,Delivered,India Post
CA-2017-104731,SHIP06584,Cancelled,Blue Dart
CA-2017-104731,SHIP06585,Delivered,Delhivery
CA-2017-104731,SHIP06586,Delivered,India Post
CA-2017-104731,SHIP06587,Delivered,Delhivery
CA-2017-104731,SHIP06588,Delivered,Delhivery
CA-2017-104731,SHIP06589,Delivered,XpressBees
CA-2017-104731,SHIP06590,In Transit,Blue Dart
CA-2014-164749,SHIP06591,Delivered,Ecom Express
CA-2015-103716,SHIP06592,Cancelled,Ecom Express
CA-2015-103716,SHIP06593,Delivered,Delhivery
CA-2016-126795,SHIP06594,Cancelled,Ecom Express
CA-2015-146290,SHIP06595,Delivered,Delhivery
CA-2017-157112,SHIP06596,In Transit,DTDC
CA-2017-157112,SHIP06597,Delivered,Blue Dart
CA-2014-169257,SHIP06598,Delivered,Blue Dart
CA-2014-169257,SHIP06599,Cancelled,India Post
CA-2014-154095,SHIP06600,In Transit,India Post
CA-2014-154095,SHIP06601,Delivered,Ecom Express
CA-2014-154095,SHIP06602,Delivered,DTDC
CA-2014-154095,SHIP06603,Delivered,Ecom Express
CA-2017-146346,SHIP06604,Delivered,DTDC
CA-2016-148852,SHIP06605,Delivered,India Post
CA-2016-148852,SHIP06606,Delivered,India Post
CA-2016-148852,SHIP06607,In Transit,Ecom Express
CA-2016-148852,SHIP06608,Delivered,Delhivery
CA-2016-148852,SHIP06609,Delivered,DTDC
US-2015-118906,SHIP06610,Delivered,XpressBees
CA-2016-168921,SHIP06611,Delivered,India Post
CA-2015-107678,SHIP06612,Returned,India Post
CA-2015-107678,SHIP06613,Delivered,Ecom Express
CA-2015-107678,SHIP06614,Delivered,Blue Dart
CA-2015-107678,SHIP06615,Delivered,Delhivery
CA-2016-123512,SHIP06616,Delivered,XpressBees
CA-2016-123512,SHIP06617,Delivered,DTDC
CA-2016-123512,SHIP06618,Delivered,Delhivery
US-2017-167402,SHIP06619,Delivered,Delhivery
US-2017-167402,SHIP06620,Delivered,XpressBees
US-2017-167402,SHIP06621,Returned,Ecom Express
US-2017-167402,SHIP06622,In Transit,XpressBees
CA-2014-130449,SHIP06623,Delivered,Delhivery
CA-2014-130449,SHIP06624,Delivered,Ecom Express
CA-2015-141250,SHIP06625,Delivered,India Post
CA-2015-141250,SHIP06626,Delivered,XpressBees
CA-2014-145541,SHIP06627,Delivered,Blue Dart
CA-2014-138513,SHIP06628,Returned,DTDC
CA-2015-135489,SHIP06629,Delivered,India Post
CA-2015-125696,SHIP06630,Delivered,DTDC
CA-2016-105081,SHIP06631,Returned,XpressBees
CA-2016-105081,SHIP06632,Delivered,XpressBees
US-2016-146857,SHIP06633,In Transit,Delhivery
CA-2016-166275,SHIP06634,Delivered,Delhivery
CA-2017-144498,SHIP06635,Delivered,India Post
CA-2017-144498,SHIP06636,Delivered,Delhivery
CA-2017-144498,SHIP06637,Delivered,Ecom Express
CA-2017-103352,SHIP06638,Returned,XpressBees
CA-2017-103352,SHIP06639,Delivered,Ecom Express
CA-2014-108609,SHIP06640,Delivered,India Post
CA-2017-128328,SHIP06641,Cancelled,India Post
CA-2017-128328,SHIP06642,Delivered,Ecom Express
CA-2017-128328,SHIP06643,Delivered,Blue Dart
US-2015-156496,SHIP06644,Delivered,Ecom Express
US-2015-156496,SHIP06645,Delivered,Ecom Express
US-2015-156496,SHIP06646,Delivered,India Post
US-2016-127334,SHIP06647,Returned,Ecom Express
US-2016-127334,SHIP06648,Delivered,Ecom Express
US-2017-124779,SHIP06649,Returned,DTDC
US-2017-124779,SHIP06650,Delivered,XpressBees
US-2017-124779,SHIP06651,Cancelled,India Post
US-2017-124779,SHIP06652,Delivered,DTDC
US-2017-124779,SHIP06653,Cancelled,India Post
US-2017-124779,SHIP06654,Delivered,XpressBees
CA-2017-135937,SHIP06655,Delivered,XpressBees
CA-2017-135937,SHIP06656,Delivered,Ecom Express
CA-2017-135937,SHIP06657,Delivered,XpressBees
CA-2017-135937,SHIP06658,Cancelled,Blue Dart
CA-2017-135937,SHIP06659,Returned,Delhivery
CA-2017-135937,SHIP06660,Returned,Delhivery
CA-2015-129322,SHIP06661,Delivered,DTDC
CA-2015-129322,SHIP06662,Delivered,Blue Dart
CA-2015-129322,SHIP06663,Delivered,Ecom Express
CA-2017-162173,SHIP06664,Delivered,India Post
CA-2017-162173,SHIP06665,Cancelled,Delhivery
CA-2016-115483,SHIP06666,Delivered,Delhivery
CA-2017-122175,SHIP06667,Returned,DTDC
CA-2017-122175,SHIP06668,Delivered,XpressBees
CA-2017-122175,SHIP06669,Delivered,DTDC
CA-2017-122175,SHIP06670,Returned,XpressBees
CA-2017-161088,SHIP06671,Delivered,India Post
CA-2014-154837,SHIP06672,Delivered,XpressBees
CA-2015-153794,SHIP06673,Returned,India Post
CA-2015-135510,SHIP06674,Delivered,Blue Dart
CA-2015-109337,SHIP06675,Delivered,DTDC
CA-2015-109337,SHIP06676,Delivered,Blue Dart
CA-2015-109337,SHIP06677,Returned,Ecom Express
CA-2015-109337,SHIP06678,Cancelled,India Post
CA-2014-150329,SHIP06679,Returned,XpressBees
CA-2017-145037,SHIP06680,Delivered,DTDC
CA-2017-145037,SHIP06681,Delivered,DTDC
CA-2017-145037,SHIP06682,Delivered,Ecom Express
CA-2017-154466,SHIP06683,Delivered,XpressBees
CA-2014-109134,SHIP06684,Delivered,Ecom Express
US-2015-129637,SHIP06685,Delivered,DTDC
US-2015-129637,SHIP06686,Delivered,India Post
US-2015-129637,SHIP06687,In Transit,Ecom Express
CA-2015-165162,SHIP06688,Delivered,India Post
CA-2017-140494,SHIP06689,In Transit,Blue Dart
CA-2017-104108,SHIP06690,Delivered,Ecom Express
US-2017-165869,SHIP06691,Delivered,India Post
US-2017-165869,SHIP06692,Delivered,India Post
CA-2017-160899,SHIP06693,Delivered,DTDC
CA-2017-144225,SHIP06694,Delivered,DTDC
US-2016-163538,SHIP06695,Returned,DTDC
US-2016-155103,SHIP06696,Delivered,XpressBees
US-2016-155103,SHIP06697,Delivered,Blue Dart
US-2016-155103,SHIP06698,Delivered,DTDC
CA-2017-145429,SHIP06699,Delivered,India Post
CA-2017-145429,SHIP06700,Delivered,XpressBees
CA-2017-145429,SHIP06701,Returned,XpressBees
CA-2015-153535,SHIP06702,Cancelled,India Post
CA-2015-153535,SHIP06703,Delivered,Ecom Express
CA-2015-139164,SHIP06704,Delivered,Ecom Express
CA-2015-139164,SHIP06705,Returned,Ecom Express
CA-2015-139164,SHIP06706,Delivered,Blue Dart
CA-2016-112277,SHIP06707,Delivered,XpressBees
CA-2014-167724,SHIP06708,Delivered,Delhivery
CA-2015-123141,SHIP06709,Cancelled,Delhivery
CA-2015-123141,SHIP06710,Delivered,Blue Dart
CA-2016-149503,SHIP06711,Delivered,DTDC
CA-2017-163069,SHIP06712,Delivered,Ecom Express
CA-2017-107629,SHIP06713,Delivered,Blue Dart
CA-2017-107629,SHIP06714,Delivered,Blue Dart
CA-2017-107629,SHIP06715,Delivered,Blue Dart
CA-2017-107629,SHIP06716,In Transit,Ecom Express
CA-2016-134789,SHIP06717,Delivered,Blue Dart
CA-2016-134789,SHIP06718,Cancelled,India Post
CA-2016-134789,SHIP06719,Delivered,India Post
CA-2016-130442,SHIP06720,Cancelled,India Post
CA-2017-102974,SHIP06721,Cancelled,Ecom Express
CA-2017-102974,SHIP06722,Returned,India Post
CA-2017-102974,SHIP06723,Delivered,Delhivery
US-2017-166394,SHIP06724,Delivered,Ecom Express
CA-2016-128811,SHIP06725,Delivered,India Post
CA-2016-128811,SHIP06726,Delivered,DTDC
CA-2016-128811,SHIP06727,Delivered,XpressBees
CA-2017-145443,SHIP06728,Cancelled,Delhivery
CA-2016-165827,SHIP06729,Delivered,Blue Dart
CA-2015-156734,SHIP06730,Delivered,XpressBees
CA-2015-156734,SHIP06731,Delivered,Ecom Express
CA-2015-156734,SHIP06732,In Transit,Blue Dart
CA-2014-120096,SHIP06733,Delivered,DTDC
CA-2014-120096,SHIP06734,Cancelled,Delhivery
CA-2015-141754,SHIP06735,Delivered,India Post
CA-2016-123358,SHIP06736,Delivered,XpressBees
CA-2016-123358,SHIP06737,Returned,Blue Dart
CA-2016-123358,SHIP06738,Cancelled,DTDC
CA-2016-123358,SHIP06739,Delivered,DTDC
CA-2014-144029,SHIP06740,Delivered,DTDC
CA-2014-144029,SHIP06741,Delivered,Blue Dart
CA-2014-144029,SHIP06742,Delivered,DTDC
US-2017-101784,SHIP06743,Cancelled,Blue Dart
CA-2015-156923,SHIP06744,Delivered,DTDC
CA-2017-111269,SHIP06745,Delivered,Blue Dart
CA-2017-111269,SHIP06746,Delivered,Ecom Express
CA-2017-159156,SHIP06747,Delivered,XpressBees
CA-2017-100230,SHIP06748,Cancelled,XpressBees
CA-2017-100230,SHIP06749,Returned,India Post
CA-2017-100230,SHIP06750,Delivered,Blue Dart
CA-2016-154767,SHIP06751,Delivered,DTDC
CA-2016-154767,SHIP06752,Delivered,DTDC
CA-2016-154767,SHIP06753,Delivered,India Post
CA-2016-154767,SHIP06754,Delivered,Delhivery
CA-2016-154767,SHIP06755,Delivered,India Post
CA-2017-124205,SHIP06756,Delivered,DTDC
CA-2017-124205,SHIP06757,In Transit,India Post
CA-2017-124205,SHIP06758,In Transit,India Post
CA-2017-124205,SHIP06759,In Transit,DTDC
CA-2017-165715,SHIP06760,Delivered,XpressBees
CA-2017-100636,SHIP06761,Delivered,XpressBees
CA-2016-162943,SHIP06762,Delivered,Ecom Express
CA-2016-144764,SHIP06763,Delivered,Blue Dart
CA-2016-144764,SHIP06764,Delivered,Ecom Express
CA-2016-144764,SHIP06765,Delivered,DTDC
CA-2017-100615,SHIP06766,Delivered,Blue Dart
CA-2017-100615,SHIP06767,Delivered,Ecom Express
CA-2017-100615,SHIP06768,In Transit,XpressBees
CA-2014-109302,SHIP06769,Delivered,Ecom Express
CA-2017-139787,SHIP06770,In Transit,XpressBees
CA-2017-139402,SHIP06771,In Transit,DTDC
CA-2017-139402,SHIP06772,Returned,DTDC
CA-2016-119018,SHIP06773,Cancelled,Ecom Express
CA-2016-119018,SHIP06774,In Transit,XpressBees
CA-2016-119018,SHIP06775,Delivered,India Post
CA-2015-105361,SHIP06776,Returned,DTDC
US-2016-152373,SHIP06777,Delivered,India Post
US-2017-166037,SHIP06778,Cancelled,DTDC
US-2016-147711,SHIP06779,Delivered,DTDC
US-2016-147711,SHIP06780,Delivered,India Post
US-2016-147711,SHIP06781,Delivered,India Post
US-2016-147711,SHIP06782,Delivered,Blue Dart
CA-2017-121293,SHIP06783,Delivered,Ecom Express
CA-2017-121293,SHIP06784,Delivered,Delhivery
CA-2017-121293,SHIP06785,Returned,Blue Dart
CA-2017-121293,SHIP06786,Delivered,XpressBees
CA-2017-121293,SHIP06787,Delivered,India Post
CA-2015-118843,SHIP06788,Delivered,DTDC
CA-2015-118843,SHIP06789,Delivered,Ecom Express
CA-2015-161445,SHIP06790,Delivered,DTDC
CA-2016-124527,SHIP06791,Delivered,DTDC
CA-2016-162348,SHIP06792,Delivered,Ecom Express
CA-2014-141005,SHIP06793,Delivered,DTDC
CA-2015-145394,SHIP06794,Returned,Blue Dart
CA-2015-145394,SHIP06795,Delivered,Ecom Express
CA-2015-145394,SHIP06796,Returned,DTDC
CA-2015-168809,SHIP06797,Delivered,India Post
CA-2015-168809,SHIP06798,Delivered,Delhivery
CA-2015-168809,SHIP06799,Delivered,Delhivery
CA-2016-109827,SHIP06800,Delivered,Ecom Express
CA-2016-109827,SHIP06801,In Transit,DTDC
CA-2016-109827,SHIP06802,Cancelled,XpressBees
CA-2016-109827,SHIP06803,Delivered,India Post
CA-2016-109827,SHIP06804,Delivered,Delhivery
CA-2014-152233,SHIP06805,Delivered,XpressBees
CA-2014-125682,SHIP06806,Delivered,DTDC
CA-2017-162880,SHIP06807,Delivered,DTDC
CA-2015-128125,SHIP06808,Cancelled,India Post
CA-2015-128125,SHIP06809,Delivered,India Post
CA-2017-156237,SHIP06810,Returned,Blue Dart
CA-2017-156237,SHIP06811,In Transit,Ecom Express
CA-2017-156237,SHIP06812,Cancelled,Ecom Express
CA-2017-156237,SHIP06813,Returned,Ecom Express
CA-2017-156237,SHIP06814,Delivered,Delhivery
CA-2017-156237,SHIP06815,In Transit,Ecom Express
CA-2014-144414,SHIP06816,Cancelled,Blue Dart
CA-2014-144414,SHIP06817,Delivered,Ecom Express
CA-2014-144414,SHIP06818,Returned,Delhivery
CA-2017-163860,SHIP06819,Delivered,DTDC
CA-2017-163860,SHIP06820,Cancelled,DTDC
CA-2017-163860,SHIP06821,Delivered,Delhivery
CA-2017-163860,SHIP06822,Delivered,XpressBees
US-2017-115609,SHIP06823,Delivered,Ecom Express
CA-2015-154291,SHIP06824,Delivered,India Post
CA-2015-154291,SHIP06825,Delivered,XpressBees
CA-2016-118689,SHIP06826,Returned,DTDC
CA-2016-118689,SHIP06827,Returned,XpressBees
CA-2016-118689,SHIP06828,Delivered,Ecom Express
CA-2016-118689,SHIP06829,In Transit,Blue Dart
CA-2016-118689,SHIP06830,Delivered,XpressBees
CA-2016-140438,SHIP06831,In Transit,Blue Dart
US-2017-123204,SHIP06832,Delivered,Ecom Express
CA-2015-112522,SHIP06833,Delivered,DTDC
CA-2016-153101,SHIP06834,Delivered,DTDC
CA-2016-142615,SHIP06835,Delivered,India Post
CA-2017-142643,SHIP06836,Delivered,XpressBees
CA-2017-142643,SHIP06837,Delivered,XpressBees
CA-2015-116260,SHIP06838,Delivered,XpressBees
CA-2017-107517,SHIP06839,Delivered,India Post
CA-2017-107517,SHIP06840,Delivered,India Post
CA-2015-166338,SHIP06841,Delivered,XpressBees
CA-2016-123946,SHIP06842,Delivered,India Post
CA-2016-123946,SHIP06843,Delivered,XpressBees
CA-2016-123946,SHIP06844,Delivered,India Post
CA-2016-123946,SHIP06845,Cancelled,Ecom Express
CA-2014-147543,SHIP06846,In Transit,Blue Dart
US-2016-159093,SHIP06847,Delivered,DTDC
CA-2016-162110,SHIP06848,Cancelled,Blue Dart
US-2016-163461,SHIP06849,Delivered,DTDC
CA-2014-101462,SHIP06850,Delivered,DTDC
US-2016-100461,SHIP06851,Delivered,India Post
US-2016-100461,SHIP06852,Delivered,Delhivery
US-2017-162670,SHIP06853,Cancelled,India Post
US-2017-162670,SHIP06854,Delivered,Blue Dart
US-2017-162670,SHIP06855,In Transit,DTDC
US-2017-162670,SHIP06856,Delivered,Delhivery
US-2017-162670,SHIP06857,In Transit,XpressBees
CA-2017-128965,SHIP06858,Delivered,Blue Dart
CA-2017-128965,SHIP06859,Delivered,DTDC
CA-2017-128965,SHIP06860,Delivered,Ecom Express
CA-2017-128965,SHIP06861,Delivered,India Post
CA-2017-128965,SHIP06862,Delivered,India Post
CA-2017-128965,SHIP06863,Delivered,DTDC
CA-2017-138618,SHIP06864,Delivered,DTDC
US-2016-126452,SHIP06865,Delivered,Delhivery
US-2016-126452,SHIP06866,Delivered,Blue Dart
US-2016-126452,SHIP06867,Delivered,Delhivery
US-2016-126452,SHIP06868,Delivered,Ecom Express
US-2016-126452,SHIP06869,Cancelled,XpressBees
US-2016-126452,SHIP06870,Delivered,Blue Dart
US-2016-126452,SHIP06871,Delivered,Delhivery
CA-2016-145009,SHIP06872,Delivered,Ecom Express
CA-2015-162544,SHIP06873,In Transit,India Post
CA-2014-124394,SHIP06874,Delivered,XpressBees
CA-2014-124394,SHIP06875,Delivered,XpressBees
US-2016-121013,SHIP06876,Delivered,India Post
US-2016-121013,SHIP06877,Delivered,Delhivery
US-2015-123918,SHIP06878,Returned,Ecom Express
US-2015-123918,SHIP06879,Delivered,XpressBees
CA-2015-137113,SHIP06880,Delivered,Blue Dart
CA-2015-137113,SHIP06881,Delivered,Ecom Express
CA-2015-137113,SHIP06882,Delivered,DTDC
CA-2015-137113,SHIP06883,Delivered,India Post
CA-2015-137113,SHIP06884,Delivered,DTDC
CA-2015-120677,SHIP06885,Delivered,Delhivery
CA-2017-123036,SHIP06886,Delivered,XpressBees
CA-2017-123036,SHIP06887,Delivered,Blue Dart
CA-2017-120222,SHIP06888,Delivered,XpressBees
CA-2017-120222,SHIP06889,Delivered,Blue Dart
CA-2017-164756,SHIP06890,Returned,XpressBees
CA-2017-164756,SHIP06891,Delivered,Blue Dart
CA-2017-164756,SHIP06892,Delivered,Delhivery
CA-2017-164756,SHIP06893,Delivered,Blue Dart
CA-2017-164756,SHIP06894,Delivered,India Post
CA-2017-164756,SHIP06895,Returned,Blue Dart
CA-2017-164756,SHIP06896,Delivered,Ecom Express
CA-2017-164756,SHIP06897,In Transit,Blue Dart
CA-2017-122028,SHIP06898,Delivered,Blue Dart
US-2015-165512,SHIP06899,Delivered,Delhivery
US-2015-165512,SHIP06900,Delivered,DTDC
CA-2015-140557,SHIP06901,Delivered,Ecom Express
US-2017-135013,SHIP06902,Delivered,Ecom Express
CA-2017-111220,SHIP06903,Delivered,Blue Dart
CA-2017-111220,SHIP06904,Delivered,XpressBees
CA-2017-111220,SHIP06905,Delivered,Blue Dart
US-2017-149006,SHIP06906,Delivered,DTDC
CA-2017-149468,SHIP06907,Cancelled,Delhivery
CA-2016-140249,SHIP06908,Delivered,India Post
US-2017-135503,SHIP06909,Delivered,Delhivery
CA-2014-126277,SHIP06910,Delivered,Delhivery
US-2017-115301,SHIP06911,Delivered,Delhivery
CA-2017-168942,SHIP06912,Delivered,Delhivery
US-2017-128398,SHIP06913,Cancelled,India Post
CA-2015-104115,SHIP06914,Cancelled,DTDC
CA-2014-142510,SHIP06915,Delivered,Blue Dart
CA-2014-142510,SHIP06916,Delivered,DTDC
CA-2014-142510,SHIP06917,Returned,DTDC
CA-2014-124247,SHIP06918,Delivered,India Post
CA-2016-105473,SHIP06919,Delivered,Blue Dart
CA-2015-102806,SHIP06920,Delivered,Blue Dart
CA-2017-121706,SHIP06921,Cancelled,India Post
CA-2017-109211,SHIP06922,Delivered,India Post
CA-2015-134257,SHIP06923,Returned,Ecom Express
CA-2015-134257,SHIP06924,Delivered,Ecom Express
CA-2015-137925,SHIP06925,Delivered,Ecom Express
CA-2015-137925,SHIP06926,Delivered,Ecom Express
CA-2016-140046,SHIP06927,Delivered,India Post
CA-2016-140382,SHIP06928,Delivered,Ecom Express
CA-2016-140382,SHIP06929,Delivered,Delhivery
CA-2016-140382,SHIP06930,Returned,DTDC
CA-2016-140382,SHIP06931,Delivered,India Post
CA-2014-164182,SHIP06932,Delivered,Ecom Express
CA-2014-164182,SHIP06933,Delivered,Delhivery
CA-2014-164182,SHIP06934,Delivered,India Post
CA-2014-164182,SHIP06935,In Transit,DTDC
CA-2017-137365,SHIP06936,Delivered,XpressBees
CA-2016-129847,SHIP06937,Delivered,Blue Dart
CA-2014-126963,SHIP06938,In Transit,Ecom Express
CA-2016-125094,SHIP06939,Delivered,DTDC
CA-2017-107132,SHIP06940,Delivered,India Post
CA-2017-107132,SHIP06941,Delivered,DTDC
CA-2017-107132,SHIP06942,Returned,Ecom Express
CA-2017-107132,SHIP06943,Delivered,Delhivery
CA-2015-139248,SHIP06944,Returned,Delhivery
CA-2014-148369,SHIP06945,Delivered,XpressBees
CA-2016-106243,SHIP06946,Delivered,XpressBees
CA-2015-126466,SHIP06947,Delivered,DTDC
CA-2015-130365,SHIP06948,In Transit,India Post
CA-2015-130365,SHIP06949,Delivered,Blue Dart
CA-2017-143021,SHIP06950,Delivered,DTDC
CA-2017-143021,SHIP06951,Delivered,Delhivery
CA-2015-161767,SHIP06952,Returned,India Post
CA-2015-129917,SHIP06953,Delivered,India Post
CA-2015-129917,SHIP06954,Delivered,XpressBees
CA-2015-129917,SHIP06955,Delivered,DTDC
CA-2015-115420,SHIP06956,Delivered,XpressBees
CA-2016-157588,SHIP06957,Cancelled,Delhivery
CA-2016-157588,SHIP06958,Cancelled,Delhivery
CA-2015-167255,SHIP06959,Delivered,Blue Dart
CA-2015-167255,SHIP06960,Delivered,XpressBees
CA-2015-167255,SHIP06961,Delivered,Ecom Express
CA-2017-162096,SHIP06962,Delivered,DTDC
CA-2016-157161,SHIP06963,In Transit,XpressBees
CA-2016-157161,SHIP06964,Delivered,Ecom Express
CA-2016-157161,SHIP06965,Delivered,XpressBees
CA-2016-157161,SHIP06966,Delivered,XpressBees
CA-2016-157161,SHIP06967,Delivered,India Post
CA-2016-157161,SHIP06968,Returned,Delhivery
CA-2015-110765,SHIP06969,Delivered,XpressBees
CA-2016-163937,SHIP06970,Delivered,Blue Dart
CA-2017-153822,SHIP06971,Delivered,DTDC
CA-2017-153822,SHIP06972,Cancelled,Ecom Express
CA-2017-153822,SHIP06973,Delivered,XpressBees
CA-2017-153822,SHIP06974,Delivered,India Post
CA-2017-146185,SHIP06975,Delivered,Delhivery
CA-2015-112144,SHIP06976,Delivered,Ecom Express
CA-2015-112144,SHIP06977,Delivered,Blue Dart
US-2016-119298,SHIP06978,Delivered,Delhivery
CA-2017-155159,SHIP06979,In Transit,Ecom Express
CA-2017-149076,SHIP06980,Delivered,Delhivery
CA-2014-146990,SHIP06981,Delivered,Ecom Express
CA-2014-146990,SHIP06982,Delivered,XpressBees
CA-2016-116526,SHIP06983,Delivered,DTDC
CA-2016-116526,SHIP06984,Returned,DTDC
CA-2016-116526,SHIP06985,Delivered,Blue Dart
CA-2016-116526,SHIP06986,Delivered,Ecom Express
CA-2016-116526,SHIP06987,Returned,DTDC
CA-2016-116526,SHIP06988,In Transit,DTDC
CA-2017-158561,SHIP06989,Cancelled,Ecom Express
CA-2017-165099,SHIP06990,Delivered,India Post
CA-2015-109386,SHIP06991,In Transit,Ecom Express
CA-2015-109386,SHIP06992,In Transit,Delhivery
CA-2015-109386,SHIP06993,Delivered,XpressBees
CA-2015-109386,SHIP06994,Delivered,Blue Dart
CA-2015-109386,SHIP06995,Cancelled,Blue Dart
CA-2015-166800,SHIP06996,Delivered,XpressBees
CA-2017-117443,SHIP06997,Delivered,XpressBees
CA-2017-117443,SHIP06998,Delivered,XpressBees
US-2016-134369,SHIP06999,Returned,Ecom Express
CA-2017-123687,SHIP07000,Delivered,India Post
CA-2017-123687,SHIP07001,Delivered,India Post
CA-2015-104871,SHIP07002,Cancelled,Delhivery
CA-2014-133158,SHIP07003,Delivered,DTDC
CA-2014-133158,SHIP07004,Delivered,Ecom Express
CA-2014-126333,SHIP07005,Delivered,Ecom Express
CA-2015-141740,SHIP07006,Cancelled,Delhivery
CA-2014-119466,SHIP07007,Delivered,Ecom Express
CA-2015-154823,SHIP07008,Cancelled,India Post
CA-2015-154823,SHIP07009,Delivered,Delhivery
CA-2015-154823,SHIP07010,Delivered,Ecom Express
US-2014-135881,SHIP07011,Delivered,Delhivery
US-2014-135881,SHIP07012,Delivered,Blue Dart
US-2014-135881,SHIP07013,Delivered,XpressBees
CA-2017-141201,SHIP07014,Delivered,Blue Dart
CA-2014-114790,SHIP07015,In Transit,DTDC
CA-2014-114790,SHIP07016,Delivered,Ecom Express
CA-2014-114790,SHIP07017,Returned,DTDC
CA-2014-114790,SHIP07018,Delivered,India Post
US-2016-154256,SHIP07019,Cancelled,Delhivery
CA-2014-124737,SHIP07020,Cancelled,Ecom Express
CA-2014-124737,SHIP07021,Returned,XpressBees
CA-2014-124737,SHIP07022,Returned,Blue Dart
CA-2014-124737,SHIP07023,Delivered,Ecom Express
CA-2014-124737,SHIP07024,In Transit,DTDC
CA-2014-124737,SHIP07025,In Transit,XpressBees
US-2017-101840,SHIP07026,Delivered,Ecom Express
US-2017-101840,SHIP07027,Delivered,India Post
CA-2017-131653,SHIP07028,Delivered,India Post
US-2016-157840,SHIP07029,In Transit,DTDC
CA-2016-145548,SHIP07030,Delivered,India Post
CA-2016-145548,SHIP07031,Delivered,Blue Dart
CA-2016-145548,SHIP07032,In Transit,XpressBees
CA-2016-145548,SHIP07033,In Transit,Delhivery
CA-2016-145548,SHIP07034,In Transit,Delhivery
CA-2016-145548,SHIP07035,Delivered,Delhivery
CA-2017-119494,SHIP07036,Delivered,Delhivery
CA-2014-124618,SHIP07037,Delivered,XpressBees
CA-2017-161970,SHIP07038,Delivered,Blue Dart
CA-2017-161970,SHIP07039,Delivered,Blue Dart
CA-2017-103443,SHIP07040,Delivered,DTDC
CA-2017-103443,SHIP07041,Delivered,XpressBees
CA-2017-103443,SHIP07042,Delivered,Ecom Express
US-2017-165358,SHIP07043,Delivered,India Post
US-2017-165358,SHIP07044,Delivered,DTDC
US-2017-165358,SHIP07045,Delivered,India Post
CA-2016-160136,SHIP07046,Delivered,Blue Dart
CA-2014-150581,SHIP07047,Returned,Ecom Express
CA-2014-150581,SHIP07048,Delivered,India Post
CA-2016-119515,SHIP07049,Delivered,DTDC
CA-2014-141355,SHIP07050,Delivered,DTDC
CA-2016-165330,SHIP07051,Delivered,XpressBees
CA-2016-165330,SHIP07052,Delivered,Delhivery
CA-2016-165330,SHIP07053,Delivered,India Post
CA-2016-165330,SHIP07054,Returned,Ecom Express
CA-2016-165330,SHIP07055,Delivered,Delhivery
CA-2016-165330,SHIP07056,Delivered,Delhivery
CA-2016-165330,SHIP07057,Delivered,XpressBees
CA-2016-165330,SHIP07058,Delivered,Delhivery
CA-2016-165330,SHIP07059,In Transit,DTDC
CA-2016-165330,SHIP07060,Cancelled,DTDC
CA-2016-165330,SHIP07061,Delivered,Delhivery
CA-2015-132633,SHIP07062,In Transit,DTDC
CA-2016-157742,SHIP07063,In Transit,Blue Dart
CA-2017-127712,SHIP07064,Delivered,XpressBees
CA-2017-169474,SHIP07065,Delivered,XpressBees
CA-2014-106726,SHIP07066,Delivered,Blue Dart
CA-2016-147473,SHIP07067,Returned,XpressBees
CA-2016-114209,SHIP07068,Delivered,XpressBees
CA-2016-114209,SHIP07069,Delivered,Blue Dart
CA-2014-141901,SHIP07070,Delivered,India Post
CA-2016-164490,SHIP07071,Delivered,Blue Dart
CA-2016-112256,SHIP07072,Delivered,XpressBees
CA-2016-112256,SHIP07073,Delivered,Ecom Express
CA-2016-112256,SHIP07074,Delivered,DTDC
CA-2016-112256,SHIP07075,Delivered,DTDC
CA-2016-112256,SHIP07076,Cancelled,XpressBees
CA-2016-167416,SHIP07077,Delivered,India Post
CA-2016-106950,SHIP07078,Cancelled,India Post
CA-2016-106950,SHIP07079,Delivered,DTDC
CA-2016-106950,SHIP07080,Delivered,Ecom Express
CA-2016-106950,SHIP07081,Delivered,Ecom Express
CA-2016-106950,SHIP07082,Delivered,XpressBees
CA-2016-106950,SHIP07083,Returned,XpressBees
CA-2017-118724,SHIP07084,Delivered,DTDC
CA-2017-118724,SHIP07085,Delivered,India Post
CA-2017-112004,SHIP07086,Delivered,Ecom Express
CA-2017-112004,SHIP07087,Cancelled,Blue Dart
US-2017-143175,SHIP07088,Delivered,XpressBees
CA-2015-105844,SHIP07089,Delivered,DTDC
CA-2017-118864,SHIP07090,Cancelled,XpressBees
CA-2015-119480,SHIP07091,Delivered,Ecom Express
CA-2015-119480,SHIP07092,Delivered,DTDC
CA-2015-119480,SHIP07093,Delivered,India Post
CA-2015-119480,SHIP07094,Delivered,DTDC
US-2015-153374,SHIP07095,In Transit,India Post
CA-2016-101980,SHIP07096,In Transit,Delhivery
CA-2016-101980,SHIP07097,Delivered,Delhivery
CA-2016-101980,SHIP07098,Delivered,India Post
CA-2017-144596,SHIP07099,Delivered,Ecom Express
CA-2015-124933,SHIP07100,Cancelled,Delhivery
CA-2014-159625,SHIP07101,Delivered,Blue Dart
CA-2016-144337,SHIP07102,Returned,XpressBees
CA-2014-117478,SHIP07103,In Transit,Delhivery
CA-2017-147410,SHIP07104,Returned,DTDC
CA-2017-128944,SHIP07105,Delivered,XpressBees
CA-2017-128944,SHIP07106,Cancelled,DTDC
CA-2017-128944,SHIP07107,Delivered,Ecom Express
CA-2016-109666,SHIP07108,Delivered,India Post
CA-2016-109666,SHIP07109,In Transit,Ecom Express
CA-2016-109666,SHIP07110,In Transit,DTDC
CA-2016-109666,SHIP07111,Delivered,India Post
CA-2016-109666,SHIP07112,Delivered,India Post
CA-2016-109666,SHIP07113,Delivered,XpressBees
CA-2016-109666,SHIP07114,Delivered,XpressBees
US-2016-102239,SHIP07115,Delivered,Ecom Express
US-2016-102239,SHIP07116,Delivered,Ecom Express
CA-2014-143168,SHIP07117,Returned,India Post
CA-2014-143168,SHIP07118,Delivered,Blue Dart
CA-2017-104906,SHIP07119,Delivered,XpressBees
CA-2017-118122,SHIP07120,Delivered,Ecom Express
US-2014-147774,SHIP07121,Cancelled,XpressBees
CA-2017-166926,SHIP07122,Delivered,Ecom Express
CA-2017-166926,SHIP07123,Delivered,DTDC
CA-2015-128013,SHIP07124,Delivered,India Post
CA-2015-128013,SHIP07125,In Transit,India Post
CA-2016-123176,SHIP07126,Delivered,Blue Dart
CA-2016-123176,SHIP07127,Delivered,Delhivery
US-2016-117541,SHIP07128,Delivered,Delhivery
US-2016-117541,SHIP07129,Delivered,Ecom Express
CA-2016-166282,SHIP07130,Cancelled,XpressBees
CA-2016-166282,SHIP07131,Delivered,Blue Dart
CA-2017-141439,SHIP07132,Delivered,Ecom Express
CA-2017-141439,SHIP07133,Delivered,Ecom Express
CA-2017-141439,SHIP07134,Delivered,Delhivery
CA-2017-141439,SHIP07135,In Transit,India Post
CA-2017-141439,SHIP07136,Cancelled,Blue Dart
CA-2015-163965,SHIP07137,Delivered,Delhivery
CA-2015-163965,SHIP07138,Returned,India Post
CA-2015-163965,SHIP07139,Delivered,Delhivery
CA-2015-163965,SHIP07140,In Transit,DTDC
CA-2017-128783,SHIP07141,Delivered,Delhivery
CA-2017-128783,SHIP07142,Delivered,India Post
CA-2014-122217,SHIP07143,Delivered,Ecom Express
US-2017-141558,SHIP07144,Returned,India Post
US-2017-141558,SHIP07145,Delivered,Ecom Express
US-2017-141558,SHIP07146,Cancelled,DTDC
US-2017-141558,SHIP07147,Delivered,Ecom Express
CA-2016-139941,SHIP07148,Delivered,DTDC
CA-2016-139941,SHIP07149,Delivered,Ecom Express
CA-2015-166583,SHIP07150,Delivered,Ecom Express
CA-2017-100412,SHIP07151,Delivered,Delhivery
CA-2017-142909,SHIP07152,Delivered,Blue Dart
CA-2014-137911,SHIP07153,Cancelled,DTDC
CA-2015-106208,SHIP07154,Delivered,India Post
US-2015-136749,SHIP07155,Returned,Blue Dart
US-2015-136749,SHIP07156,Delivered,XpressBees
CA-2017-126718,SHIP07157,Delivered,Blue Dart
CA-2016-131380,SHIP07158,Delivered,Blue Dart
CA-2016-131380,SHIP07159,Delivered,Delhivery
CA-2015-145835,SHIP07160,Delivered,Blue Dart
CA-2015-145835,SHIP07161,Returned,Delhivery
CA-2014-138709,SHIP07162,Delivered,Ecom Express
CA-2014-138709,SHIP07163,Delivered,India Post
CA-2014-122070,SHIP07164,Delivered,Delhivery
CA-2014-122070,SHIP07165,Returned,Blue Dart
CA-2016-158610,SHIP07166,Delivered,Blue Dart
CA-2014-117464,SHIP07167,Delivered,Blue Dart
CA-2014-117464,SHIP07168,Delivered,Delhivery
CA-2014-117464,SHIP07169,Delivered,XpressBees
CA-2014-117464,SHIP07170,Delivered,India Post
US-2017-168613,SHIP07171,Cancelled,Delhivery
CA-2017-125381,SHIP07172,Cancelled,XpressBees
US-2017-141677,SHIP07173,In Transit,XpressBees
US-2017-141677,SHIP07174,In Transit,XpressBees
US-2017-141677,SHIP07175,In Transit,India Post
US-2017-141677,SHIP07176,Delivered,DTDC
US-2017-141677,SHIP07177,Delivered,India Post
CA-2017-133067,SHIP07178,Delivered,Ecom Express
CA-2017-133067,SHIP07179,Cancelled,DTDC
US-2016-144351,SHIP07180,Delivered,DTDC
CA-2014-106054,SHIP07181,Delivered,Delhivery
CA-2016-138667,SHIP07182,Delivered,India Post
CA-2017-150609,SHIP07183,Delivered,Delhivery
CA-2017-128853,SHIP07184,Delivered,DTDC
CA-2017-133102,SHIP07185,Delivered,Ecom Express
CA-2017-133102,SHIP07186,Delivered,XpressBees
CA-2017-133102,SHIP07187,Cancelled,India Post
CA-2017-133102,SHIP07188,Delivered,Blue Dart
CA-2017-133102,SHIP07189,Delivered,Delhivery
CA-2016-164399,SHIP07190,Delivered,India Post
CA-2016-164399,SHIP07191,Delivered,Ecom Express
CA-2016-116918,SHIP07192,Delivered,India Post
CA-2016-116918,SHIP07193,Returned,XpressBees
CA-2016-110492,SHIP07194,Delivered,DTDC
CA-2016-110492,SHIP07195,Delivered,India Post
CA-2016-147683,SHIP07196,Delivered,Ecom Express
CA-2014-116785,SHIP07197,Delivered,DTDC
CA-2014-116785,SHIP07198,Delivered,XpressBees
US-2015-156797,SHIP07199,Delivered,Blue Dart
US-2015-156797,SHIP07200,Delivered,Blue Dart
CA-2016-104276,SHIP07201,In Transit,Blue Dart
CA-2016-104276,SHIP07202,Delivered,Blue Dart
CA-2016-120369,SHIP07203,Delivered,Blue Dart
CA-2014-118276,SHIP07204,Delivered,Delhivery
CA-2015-136658,SHIP07205,Returned,Blue Dart
CA-2017-137414,SHIP07206,Delivered,Blue Dart
CA-2017-137414,SHIP07207,Returned,India Post
CA-2016-143476,SHIP07208,Delivered,Delhivery
CA-2016-143476,SHIP07209,In Transit,DTDC
CA-2016-143476,SHIP07210,Delivered,India Post
US-2016-119046,SHIP07211,Delivered,India Post
US-2016-119046,SHIP07212,Delivered,Ecom Express
US-2016-119046,SHIP07213,In Transit,DTDC
CA-2017-154949,SHIP07214,Delivered,Delhivery
CA-2015-103072,SHIP07215,Delivered,India Post
CA-2015-103072,SHIP07216,Cancelled,India Post
CA-2015-150770,SHIP07217,Delivered,Ecom Express
CA-2015-150770,SHIP07218,Cancelled,XpressBees
CA-2015-150770,SHIP07219,Delivered,DTDC
CA-2015-150770,SHIP07220,Cancelled,Ecom Express
CA-2017-154760,SHIP07221,Delivered,DTDC
US-2017-104437,SHIP07222,Delivered,Blue Dart
CA-2017-113075,SHIP07223,Returned,Blue Dart
CA-2016-109953,SHIP07224,Delivered,India Post
CA-2016-109953,SHIP07225,Returned,Delhivery
CA-2016-109953,SHIP07226,Delivered,DTDC
CA-2017-127397,SHIP07227,Cancelled,DTDC
CA-2017-127397,SHIP07228,Delivered,India Post
CA-2014-157546,SHIP07229,Delivered,XpressBees
CA-2014-157546,SHIP07230,Delivered,DTDC
CA-2017-153843,SHIP07231,In Transit,Delhivery
CA-2017-153843,SHIP07232,Delivered,Delhivery
CA-2017-153843,SHIP07233,In Transit,Blue Dart
CA-2016-137337,SHIP07234,Delivered,Delhivery
CA-2016-137337,SHIP07235,Delivered,DTDC
CA-2016-137337,SHIP07236,Delivered,Blue Dart
CA-2014-138737,SHIP07237,Delivered,Delhivery
CA-2016-164924,SHIP07238,Delivered,India Post
CA-2016-101651,SHIP07239,Delivered,Delhivery
CA-2016-101651,SHIP07240,Delivered,Delhivery
CA-2017-136651,SHIP07241,Delivered,DTDC
CA-2017-136651,SHIP07242,Cancelled,DTDC
CA-2017-136651,SHIP07243,Delivered,Delhivery
CA-2017-118892,SHIP07244,Returned,DTDC
US-2017-151127,SHIP07245,Delivered,Blue Dart
CA-2017-145807,SHIP07246,Delivered,Ecom Express
US-2014-127978,SHIP07247,Delivered,DTDC
US-2014-127978,SHIP07248,Returned,XpressBees
US-2014-127978,SHIP07249,Cancelled,India Post
CA-2015-158491,SHIP07250,Delivered,Delhivery
CA-2015-158491,SHIP07251,Cancelled,Ecom Express
CA-2016-116764,SHIP07252,Delivered,Blue Dart
CA-2016-152457,SHIP07253,Delivered,XpressBees
CA-2016-152730,SHIP07254,Delivered,Ecom Express
CA-2016-152730,SHIP07255,Delivered,India Post
CA-2016-152730,SHIP07256,Delivered,DTDC
CA-2016-152730,SHIP07257,Returned,India Post
CA-2016-152730,SHIP07258,Delivered,India Post
CA-2016-152730,SHIP07259,Returned,Blue Dart
CA-2016-152730,SHIP07260,Delivered,Blue Dart
CA-2016-152730,SHIP07261,Delivered,Ecom Express
CA-2017-137001,SHIP07262,Delivered,DTDC
CA-2017-156363,SHIP07263,Cancelled,Ecom Express
CA-2017-156363,SHIP07264,Delivered,XpressBees
CA-2017-122056,SHIP07265,Cancelled,Delhivery
US-2014-143721,SHIP07266,In Transit,India Post
CA-2017-122987,SHIP07267,Returned,India Post
CA-2017-122987,SHIP07268,Delivered,India Post
CA-2016-133368,SHIP07269,Delivered,India Post
CA-2016-133368,SHIP07270,Returned,Blue Dart
CA-2016-123337,SHIP07271,Delivered,XpressBees
CA-2016-123337,SHIP07272,Delivered,XpressBees
US-2016-150357,SHIP07273,Delivered,Ecom Express
US-2016-150357,SHIP07274,Cancelled,India Post
CA-2015-144519,SHIP07275,Delivered,Ecom Express
CA-2015-144519,SHIP07276,Delivered,Blue Dart
CA-2014-120670,SHIP07277,Delivered,Delhivery
CA-2016-157217,SHIP07278,Returned,Blue Dart
CA-2016-157217,SHIP07279,Delivered,XpressBees
CA-2016-108224,SHIP07280,Cancelled,DTDC
CA-2015-162782,SHIP07281,In Transit,Delhivery
CA-2017-159282,SHIP07282,Delivered,India Post
CA-2017-155936,SHIP07283,In Transit,Blue Dart
CA-2017-169439,SHIP07284,Delivered,Blue Dart
CA-2017-169439,SHIP07285,Delivered,XpressBees
CA-2017-151183,SHIP07286,Delivered,Delhivery
CA-2016-149965,SHIP07287,In Transit,DTDC
CA-2016-149965,SHIP07288,Returned,XpressBees
CA-2014-158281,SHIP07289,Delivered,India Post
CA-2016-153661,SHIP07290,Delivered,Ecom Express
CA-2016-153661,SHIP07291,Delivered,Blue Dart
CA-2016-153661,SHIP07292,Delivered,India Post
CA-2017-109183,SHIP07293,Returned,Blue Dart
CA-2016-113656,SHIP07294,Cancelled,Blue Dart
CA-2015-148964,SHIP07295,Delivered,India Post
CA-2014-111899,SHIP07296,Delivered,DTDC
CA-2014-111899,SHIP07297,Delivered,XpressBees
CA-2015-101126,SHIP07298,Delivered,XpressBees
CA-2014-163468,SHIP07299,Returned,Blue Dart
CA-2014-163468,SHIP07300,Delivered,Ecom Express
CA-2014-163468,SHIP07301,Cancelled,XpressBees
CA-2014-163468,SHIP07302,Returned,Blue Dart
CA-2014-163468,SHIP07303,Returned,Delhivery
US-2017-117450,SHIP07304,Delivered,India Post
US-2017-117450,SHIP07305,In Transit,Blue Dart
CA-2014-137274,SHIP07306,Returned,Delhivery
CA-2016-144092,SHIP07307,Returned,DTDC
CA-2016-144092,SHIP07308,In Transit,Ecom Express
CA-2016-144092,SHIP07309,Cancelled,India Post
CA-2017-112172,SHIP07310,Delivered,Ecom Express
CA-2015-121699,SHIP07311,Delivered,XpressBees
CA-2015-162761,SHIP07312,Delivered,Delhivery
CA-2015-162761,SHIP07313,Delivered,XpressBees
CA-2015-162761,SHIP07314,Cancelled,DTDC
CA-2016-121377,SHIP07315,Delivered,DTDC
CA-2017-115322,SHIP07316,Delivered,India Post
CA-2016-132066,SHIP07317,Delivered,Delhivery
CA-2017-158120,SHIP07318,Delivered,India Post
CA-2017-158120,SHIP07319,Cancelled,Ecom Express
CA-2017-100097,SHIP07320,Delivered,India Post
CA-2017-100097,SHIP07321,In Transit,Blue Dart
CA-2017-167626,SHIP07322,Delivered,XpressBees
CA-2017-167626,SHIP07323,Returned,XpressBees
US-2017-126053,SHIP07324,Delivered,Ecom Express
US-2017-126053,SHIP07325,Delivered,XpressBees
US-2017-128447,SHIP07326,Returned,India Post
US-2017-128447,SHIP07327,Delivered,XpressBees
US-2014-131275,SHIP07328,In Transit,Delhivery
US-2014-131275,SHIP07329,Delivered,DTDC
US-2014-131275,SHIP07330,Delivered,XpressBees
CA-2016-149349,SHIP07331,Cancelled,Ecom Express
CA-2017-115119,SHIP07332,Cancelled,Blue Dart
CA-2017-115119,SHIP07333,Delivered,Blue Dart
CA-2015-125563,SHIP07334,Delivered,Blue Dart
CA-2015-125563,SHIP07335,Delivered,Ecom Express
CA-2015-113152,SHIP07336,Delivered,Blue Dart
CA-2015-113152,SHIP07337,Delivered,Delhivery
CA-2017-165155,SHIP07338,Delivered,Ecom Express
CA-2014-163412,SHIP07339,Delivered,XpressBees
CA-2015-159590,SHIP07340,Delivered,Delhivery
CA-2014-116190,SHIP07341,Cancelled,DTDC
CA-2014-116190,SHIP07342,Delivered,Delhivery
CA-2014-116190,SHIP07343,Delivered,Delhivery
CA-2014-168473,SHIP07344,In Transit,India Post
CA-2017-168389,SHIP07345,Delivered,Blue Dart
CA-2017-168389,SHIP07346,Delivered,Ecom Express
CA-2017-168389,SHIP07347,Delivered,Ecom Express
CA-2017-168389,SHIP07348,Delivered,Delhivery
CA-2014-130421,SHIP07349,Delivered,Blue Dart
CA-2017-142125,SHIP07350,Delivered,XpressBees
CA-2017-142125,SHIP07351,Delivered,Blue Dart
CA-2017-141138,SHIP07352,Delivered,XpressBees
CA-2017-152135,SHIP07353,Returned,Ecom Express
CA-2016-151974,SHIP07354,Returned,XpressBees
CA-2017-154102,SHIP07355,Delivered,DTDC
CA-2015-139780,SHIP07356,Delivered,Blue Dart
CA-2016-114748,SHIP07357,In Transit,XpressBees
CA-2016-114748,SHIP07358,Delivered,Delhivery
US-2014-115189,SHIP07359,Delivered,Delhivery
US-2014-115189,SHIP07360,Delivered,India Post
CA-2016-163594,SHIP07361,Delivered,Delhivery
CA-2016-163594,SHIP07362,Delivered,India Post
CA-2016-163594,SHIP07363,Delivered,India Post
CA-2016-127243,SHIP07364,Delivered,Blue Dart
CA-2016-127243,SHIP07365,Returned,India Post
CA-2016-127243,SHIP07366,Delivered,Delhivery
CA-2016-127243,SHIP07367,Delivered,DTDC
CA-2016-127243,SHIP07368,Delivered,DTDC
CA-2017-161851,SHIP07369,Cancelled,DTDC
CA-2015-110345,SHIP07370,Returned,Delhivery
CA-2014-107769,SHIP07371,Delivered,DTDC
US-2017-123862,SHIP07372,Delivered,XpressBees
US-2017-123862,SHIP07373,Delivered,India Post
US-2017-123862,SHIP07374,Delivered,DTDC
US-2017-123862,SHIP07375,Delivered,Ecom Express
CA-2017-100580,SHIP07376,Delivered,India Post
US-2017-145597,SHIP07377,Delivered,DTDC
CA-2014-132787,SHIP07378,Delivered,XpressBees
CA-2015-136224,SHIP07379,In Transit,Ecom Express
CA-2016-105732,SHIP07380,Delivered,Ecom Express
CA-2016-105732,SHIP07381,Returned,Blue Dart
CA-2016-105732,SHIP07382,Returned,XpressBees
CA-2016-105732,SHIP07383,In Transit,XpressBees
CA-2016-105732,SHIP07384,Delivered,Blue Dart
CA-2016-105732,SHIP07385,Delivered,Blue Dart
CA-2016-105732,SHIP07386,Delivered,India Post
CA-2016-105732,SHIP07387,Delivered,Delhivery
CA-2016-105732,SHIP07388,Delivered,DTDC
CA-2016-105732,SHIP07389,Delivered,Blue Dart
CA-2017-108035,SHIP07390,Delivered,Delhivery
CA-2017-108035,SHIP07391,Delivered,Ecom Express
CA-2017-160031,SHIP07392,In Transit,Delhivery
CA-2017-147844,SHIP07393,Cancelled,XpressBees
CA-2017-147844,SHIP07394,Delivered,DTDC
CA-2017-147844,SHIP07395,In Transit,XpressBees
CA-2016-110975,SHIP07396,Delivered,XpressBees
CA-2016-110975,SHIP07397,Delivered,India Post
CA-2014-141649,SHIP07398,Delivered,Delhivery
CA-2014-124807,SHIP07399,In Transit,Delhivery
CA-2014-124807,SHIP07400,Returned,Ecom Express
CA-2016-110009,SHIP07401,Delivered,XpressBees
CA-2016-110009,SHIP07402,Cancelled,DTDC
CA-2017-168172,SHIP07403,Delivered,Delhivery
CA-2015-100146,SHIP07404,Delivered,DTDC
CA-2015-100146,SHIP07405,Delivered,DTDC
CA-2015-100146,SHIP07406,Returned,India Post
CA-2015-100146,SHIP07407,Delivered,Ecom Express
CA-2017-152079,SHIP07408,Delivered,Ecom Express
CA-2016-129728,SHIP07409,Delivered,XpressBees
CA-2014-121769,SHIP07410,Delivered,Blue Dart
CA-2014-103058,SHIP07411,In Transit,XpressBees
CA-2017-121125,SHIP07412,Delivered,Ecom Express
CA-2017-121125,SHIP07413,Delivered,India Post
CA-2017-121125,SHIP07414,Cancelled,Ecom Express
US-2016-114013,SHIP07415,Delivered,Delhivery
US-2016-114013,SHIP07416,Delivered,Ecom Express
US-2016-114013,SHIP07417,Delivered,Delhivery
US-2016-114013,SHIP07418,Delivered,Ecom Express
US-2016-114013,SHIP07419,Delivered,India Post
US-2016-114013,SHIP07420,Delivered,Ecom Express
US-2016-114013,SHIP07421,Returned,Blue Dart
US-2016-114013,SHIP07422,Delivered,Delhivery
US-2016-114013,SHIP07423,Returned,India Post
CA-2017-135069,SHIP07424,In Transit,DTDC
CA-2017-135069,SHIP07425,In Transit,DTDC
CA-2016-101693,SHIP07426,Delivered,Blue Dart
CA-2016-101693,SHIP07427,Delivered,XpressBees
US-2014-164763,SHIP07428,Delivered,DTDC
US-2014-164763,SHIP07429,Delivered,Blue Dart
US-2014-164763,SHIP07430,In Transit,DTDC
US-2014-164763,SHIP07431,Delivered,XpressBees
US-2014-164763,SHIP07432,Delivered,Ecom Express
CA-2014-161249,SHIP07433,Delivered,XpressBees
CA-2014-161249,SHIP07434,Delivered,Ecom Express
CA-2015-148180,SHIP07435,Returned,India Post
CA-2015-148180,SHIP07436,Delivered,Ecom Express
CA-2015-148180,SHIP07437,Delivered,Delhivery
CA-2014-165568,SHIP07438,Delivered,DTDC
CA-2015-145457,SHIP07439,Delivered,XpressBees
US-2017-163657,SHIP07440,Delivered,India Post
US-2017-163657,SHIP07441,Delivered,Ecom Express
CA-2015-120446,SHIP07442,In Transit,Ecom Express
CA-2014-109932,SHIP07443,Delivered,DTDC
CA-2014-109932,SHIP07444,Returned,XpressBees
CA-2017-127474,SHIP07445,Delivered,Delhivery
CA-2017-127474,SHIP07446,In Transit,Delhivery
CA-2017-127474,SHIP07447,Cancelled,DTDC
CA-2017-127474,SHIP07448,Delivered,India Post
CA-2017-115448,SHIP07449,Delivered,Delhivery
CA-2017-105669,SHIP07450,Returned,India Post
CA-2017-105669,SHIP07451,Cancelled,XpressBees
CA-2017-105669,SHIP07452,Delivered,XpressBees
CA-2017-105669,SHIP07453,Delivered,Blue Dart
CA-2017-134796,SHIP07454,Returned,Delhivery
CA-2016-137743,SHIP07455,Delivered,DTDC
CA-2016-137743,SHIP07456,Delivered,XpressBees
CA-2015-137974,SHIP07457,Delivered,Delhivery
CA-2015-137974,SHIP07458,Delivered,Ecom Express
CA-2015-137974,SHIP07459,Returned,DTDC
CA-2015-137974,SHIP07460,Cancelled,DTDC
US-2015-136987,SHIP07461,Delivered,DTDC
US-2015-136987,SHIP07462,Delivered,Blue Dart
CA-2015-138485,SHIP07463,Cancelled,Ecom Express
CA-2016-103709,SHIP07464,Returned,Blue Dart
CA-2016-103709,SHIP07465,Delivered,Ecom Express
CA-2016-103709,SHIP07466,Delivered,India Post
CA-2016-138282,SHIP07467,Delivered,India Post
CA-2017-148985,SHIP07468,Cancelled,XpressBees
CA-2014-138100,SHIP07469,Delivered,Delhivery
CA-2014-138100,SHIP07470,Delivered,Blue Dart
CA-2015-100734,SHIP07471,Delivered,XpressBees
CA-2015-100734,SHIP07472,Cancelled,Delhivery
CA-2016-139997,SHIP07473,Delivered,India Post
CA-2016-109652,SHIP07474,Returned,XpressBees
CA-2014-167199,SHIP07475,Delivered,XpressBees
CA-2014-167199,SHIP07476,Delivered,DTDC
CA-2014-167199,SHIP07477,Delivered,Ecom Express
CA-2014-167199,SHIP07478,Delivered,Blue Dart
CA-2014-167199,SHIP07479,Delivered,Delhivery
CA-2014-167199,SHIP07480,In Transit,DTDC
CA-2014-167199,SHIP07481,Delivered,India Post
CA-2016-124583,SHIP07482,In Transit,DTDC
CA-2014-113964,SHIP07483,Delivered,Blue Dart
CA-2014-129938,SHIP07484,Delivered,Blue Dart
CA-2017-135111,SHIP07485,In Transit,Delhivery
CA-2017-135111,SHIP07486,Delivered,DTDC
US-2015-134558,SHIP07487,Delivered,DTDC
US-2015-134558,SHIP07488,Delivered,Delhivery
US-2015-134558,SHIP07489,Returned,DTDC
CA-2017-157196,SHIP07490,Delivered,XpressBees
CA-2015-108672,SHIP07491,Delivered,India Post
US-2017-118598,SHIP07492,Delivered,Blue Dart
US-2017-160836,SHIP07493,Delivered,Delhivery
US-2017-160836,SHIP07494,Delivered,XpressBees
US-2017-160836,SHIP07495,Returned,Blue Dart
CA-2017-121048,SHIP07496,In Transit,Blue Dart
CA-2017-121048,SHIP07497,Returned,Blue Dart
CA-2017-121048,SHIP07498,Delivered,DTDC
CA-2017-121048,SHIP07499,Delivered,Blue Dart
CA-2017-121048,SHIP07500,Delivered,India Post
CA-2017-121048,SHIP07501,Delivered,Ecom Express
CA-2017-121048,SHIP07502,Delivered,Blue Dart
US-2017-120147,SHIP07503,Cancelled,Delhivery
US-2017-120147,SHIP07504,Delivered,DTDC
CA-2016-158043,SHIP07505,Delivered,DTDC
US-2017-106579,SHIP07506,In Transit,Ecom Express
CA-2014-115889,SHIP07507,In Transit,Ecom Express
CA-2014-115889,SHIP07508,Cancelled,DTDC
US-2017-161935,SHIP07509,Delivered,DTDC
US-2017-161935,SHIP07510,Delivered,India Post
US-2017-161935,SHIP07511,Delivered,Delhivery
US-2017-161935,SHIP07512,Delivered,India Post
US-2017-161935,SHIP07513,Delivered,Delhivery
US-2017-161935,SHIP07514,Delivered,Delhivery
US-2017-167920,SHIP07515,Delivered,Ecom Express
US-2017-167920,SHIP07516,Delivered,India Post
US-2017-167920,SHIP07517,Cancelled,Delhivery
US-2017-167920,SHIP07518,Delivered,DTDC
US-2017-167920,SHIP07519,Delivered,Delhivery
US-2017-167920,SHIP07520,Cancelled,XpressBees
US-2017-167920,SHIP07521,Cancelled,Ecom Express
CA-2016-162383,SHIP07522,Delivered,Delhivery
CA-2016-162383,SHIP07523,Cancelled,Delhivery
CA-2016-162383,SHIP07524,Delivered,Delhivery
CA-2014-125731,SHIP07525,In Transit,Blue Dart
CA-2014-125731,SHIP07526,Delivered,DTDC
US-2017-106145,SHIP07527,Delivered,Ecom Express
US-2017-106145,SHIP07528,Delivered,Blue Dart
US-2017-106145,SHIP07529,Delivered,XpressBees
US-2017-106145,SHIP07530,Cancelled,XpressBees
US-2017-106145,SHIP07531,Returned,India Post
CA-2016-107146,SHIP07532,In Transit,India Post
CA-2016-107146,SHIP07533,Delivered,Ecom Express
US-2017-134642,SHIP07534,Cancelled,Ecom Express
US-2017-134642,SHIP07535,Delivered,Delhivery
US-2017-160143,SHIP07536,Delivered,India Post
CA-2017-103415,SHIP07537,In Transit,DTDC
CA-2016-106460,SHIP07538,Cancelled,India Post
US-2017-112347,SHIP07539,In Transit,DTDC
US-2017-112347,SHIP07540,Delivered,India Post
US-2017-112347,SHIP07541,In Transit,Delhivery
US-2017-112347,SHIP07542,Delivered,Delhivery
US-2017-112347,SHIP07543,Returned,XpressBees
US-2017-112347,SHIP07544,Delivered,XpressBees
US-2017-112347,SHIP07545,Cancelled,Blue Dart
CA-2014-103492,SHIP07546,Delivered,Blue Dart
CA-2014-103492,SHIP07547,Delivered,Delhivery
CA-2014-103492,SHIP07548,Delivered,Delhivery
CA-2014-103492,SHIP07549,Delivered,Blue Dart
CA-2016-136595,SHIP07550,Delivered,Blue Dart
CA-2014-140396,SHIP07551,In Transit,XpressBees
CA-2014-140396,SHIP07552,Delivered,Ecom Express
CA-2014-140396,SHIP07553,Delivered,XpressBees
CA-2014-140396,SHIP07554,In Transit,DTDC
CA-2014-114181,SHIP07555,In Transit,Ecom Express
CA-2014-114181,SHIP07556,Delivered,India Post
CA-2017-159506,SHIP07557,Returned,Delhivery
CA-2017-159506,SHIP07558,Delivered,India Post
US-2014-137155,SHIP07559,Delivered,Delhivery
US-2014-137155,SHIP07560,Returned,Delhivery
US-2014-137155,SHIP07561,Returned,Ecom Express
CA-2016-105746,SHIP07562,Delivered,XpressBees
US-2016-104815,SHIP07563,Delivered,Ecom Express
CA-2017-157672,SHIP07564,Delivered,DTDC
US-2016-166660,SHIP07565,In Transit,Delhivery
US-2016-166660,SHIP07566,Cancelled,Ecom Express
CA-2017-140802,SHIP07567,Delivered,Blue Dart
CA-2017-140802,SHIP07568,Delivered,Ecom Express
CA-2014-133830,SHIP07569,Cancelled,Ecom Express
CA-2014-133830,SHIP07570,Delivered,XpressBees
CA-2014-133830,SHIP07571,In Transit,DTDC
CA-2014-100916,SHIP07572,Delivered,Delhivery
CA-2014-100916,SHIP07573,Returned,India Post
CA-2014-100916,SHIP07574,Delivered,Ecom Express
CA-2015-129532,SHIP07575,Delivered,India Post
CA-2015-129532,SHIP07576,Delivered,Delhivery
CA-2014-134726,SHIP07577,Delivered,XpressBees
CA-2014-134726,SHIP07578,Delivered,XpressBees
CA-2016-138597,SHIP07579,Delivered,Ecom Express
CA-2015-123113,SHIP07580,Delivered,Ecom Express
CA-2015-123113,SHIP07581,Returned,XpressBees
CA-2015-169656,SHIP07582,Delivered,Delhivery
CA-2015-142734,SHIP07583,Delivered,Blue Dart
CA-2014-163223,SHIP07584,Delivered,XpressBees
CA-2014-163223,SHIP07585,Delivered,XpressBees
CA-2014-163223,SHIP07586,Delivered,Delhivery
CA-2014-163223,SHIP07587,Cancelled,Delhivery
CA-2014-163223,SHIP07588,In Transit,DTDC
CA-2017-122945,SHIP07589,Delivered,DTDC
CA-2015-139738,SHIP07590,In Transit,XpressBees
CA-2016-158778,SHIP07591,In Transit,India Post
CA-2016-158778,SHIP07592,Delivered,DTDC
CA-2016-158778,SHIP07593,Delivered,India Post
CA-2016-158778,SHIP07594,Delivered,Blue Dart
CA-2017-119655,SHIP07595,In Transit,XpressBees
CA-2017-119655,SHIP07596,Delivered,XpressBees
CA-2015-164567,SHIP07597,Delivered,India Post
CA-2014-131947,SHIP07598,Returned,DTDC
CA-2014-131947,SHIP07599,In Transit,India Post
CA-2014-131947,SHIP07600,Delivered,Delhivery
CA-2014-131947,SHIP07601,Cancelled,India Post
CA-2014-131947,SHIP07602,Delivered,Blue Dart
CA-2014-131947,SHIP07603,Delivered,Blue Dart
CA-2016-152520,SHIP07604,Cancelled,Ecom Express
CA-2016-101791,SHIP07605,Cancelled,XpressBees
CA-2016-101791,SHIP07606,Delivered,India Post
CA-2016-101791,SHIP07607,Delivered,India Post
CA-2017-121195,SHIP07608,Returned,India Post
CA-2017-163209,SHIP07609,Delivered,Delhivery
CA-2017-163209,SHIP07610,Delivered,DTDC
CA-2014-133354,SHIP07611,Cancelled,Delhivery
US-2015-130491,SHIP07612,Delivered,XpressBees
US-2015-130491,SHIP07613,In Transit,Ecom Express
US-2015-130491,SHIP07614,Cancelled,Blue Dart
CA-2015-113740,SHIP07615,Delivered,XpressBees
CA-2014-148425,SHIP07616,Delivered,Delhivery
CA-2016-144309,SHIP07617,Delivered,India Post
CA-2016-144309,SHIP07618,Delivered,Ecom Express
CA-2017-151225,SHIP07619,Delivered,Blue Dart
CA-2017-151225,SHIP07620,Delivered,Blue Dart
US-2014-144078,SHIP07621,Delivered,XpressBees
US-2014-144078,SHIP07622,Delivered,Ecom Express
US-2014-144078,SHIP07623,Delivered,India Post
CA-2014-124464,SHIP07624,Cancelled,Delhivery
CA-2015-136805,SHIP07625,Delivered,Blue Dart
CA-2015-136805,SHIP07626,Delivered,DTDC
US-2015-159499,SHIP07627,Delivered,Blue Dart
US-2015-159499,SHIP07628,In Transit,Blue Dart
US-2015-159499,SHIP07629,Delivered,India Post
CA-2014-162089,SHIP07630,Delivered,DTDC
CA-2014-162089,SHIP07631,Delivered,DTDC
CA-2014-162089,SHIP07632,Delivered,Blue Dart
US-2017-158526,SHIP07633,Delivered,Blue Dart
US-2017-158526,SHIP07634,Cancelled,XpressBees
US-2017-158526,SHIP07635,Delivered,Delhivery
US-2017-158526,SHIP07636,Returned,XpressBees
US-2017-158526,SHIP07637,Cancelled,Blue Dart
CA-2017-104885,SHIP07638,Delivered,Blue Dart
CA-2017-104885,SHIP07639,Returned,India Post
CA-2017-104885,SHIP07640,Delivered,DTDC
CA-2017-104885,SHIP07641,In Transit,Ecom Express
US-2016-157490,SHIP07642,Delivered,Delhivery
US-2016-157490,SHIP07643,Delivered,DTDC
US-2016-157490,SHIP07644,Delivered,India Post
US-2016-157490,SHIP07645,Delivered,DTDC
CA-2015-161452,SHIP07646,Delivered,XpressBees
US-2014-115196,SHIP07647,Delivered,Blue Dart
CA-2016-138968,SHIP07648,Delivered,Ecom Express
CA-2016-138968,SHIP07649,Delivered,Ecom Express
CA-2015-101889,SHIP07650,Delivered,Delhivery
CA-2015-101889,SHIP07651,Delivered,Delhivery
CA-2017-110821,SHIP07652,Delivered,Ecom Express
CA-2017-110821,SHIP07653,In Transit,DTDC
CA-2015-121552,SHIP07654,Delivered,Ecom Express
CA-2015-107685,SHIP07655,Returned,Delhivery
CA-2015-107685,SHIP07656,Delivered,XpressBees
US-2014-120740,SHIP07657,Delivered,XpressBees
US-2014-120740,SHIP07658,Returned,Delhivery
CA-2017-155740,SHIP07659,Delivered,XpressBees
CA-2017-146493,SHIP07660,Returned,Blue Dart
CA-2014-105417,SHIP07661,Returned,Blue Dart
CA-2014-105417,SHIP07662,Cancelled,DTDC
US-2017-141509,SHIP07663,Delivered,Ecom Express
CA-2017-139493,SHIP07664,In Transit,DTDC
CA-2014-151967,SHIP07665,Cancelled,Delhivery
US-2016-140158,SHIP07666,Delivered,India Post
US-2016-140158,SHIP07667,Delivered,DTDC
US-2016-140158,SHIP07668,Delivered,Delhivery
CA-2015-130974,SHIP07669,Delivered,DTDC
CA-2015-130974,SHIP07670,Delivered,Blue Dart
CA-2015-130974,SHIP07671,Returned,XpressBees
CA-2015-130974,SHIP07672,Delivered,XpressBees
CA-2015-130974,SHIP07673,Delivered,Blue Dart
CA-2015-130974,SHIP07674,Delivered,India Post
CA-2015-130974,SHIP07675,Returned,DTDC
CA-2017-133487,SHIP07676,Delivered,India Post
CA-2014-142951,SHIP07677,Cancelled,XpressBees
CA-2014-133592,SHIP07678,Cancelled,Delhivery
CA-2014-133592,SHIP07679,Delivered,India Post
CA-2014-133592,SHIP07680,Cancelled,XpressBees
CA-2014-133592,SHIP07681,Delivered,DTDC
CA-2014-133592,SHIP07682,Delivered,Ecom Express
CA-2015-120782,SHIP07683,In Transit,DTDC
CA-2015-120782,SHIP07684,Cancelled,Blue Dart
CA-2015-116876,SHIP07685,Delivered,XpressBees
CA-2015-116876,SHIP07686,Cancelled,DTDC
CA-2016-169838,SHIP07687,Returned,DTDC
CA-2016-169838,SHIP07688,Delivered,Delhivery
CA-2016-169838,SHIP07689,Returned,Ecom Express
US-2017-128951,SHIP07690,Delivered,India Post
US-2017-128951,SHIP07691,Delivered,XpressBees
US-2017-128951,SHIP07692,Delivered,India Post
CA-2014-102330,SHIP07693,Delivered,Delhivery
CA-2014-102330,SHIP07694,Delivered,Delhivery
CA-2016-118899,SHIP07695,In Transit,India Post
CA-2017-107958,SHIP07696,Delivered,Ecom Express
CA-2017-107958,SHIP07697,Delivered,XpressBees
CA-2017-151799,SHIP07698,Delivered,Ecom Express
CA-2017-151799,SHIP07699,In Transit,Ecom Express
CA-2017-151799,SHIP07700,In Transit,Blue Dart
CA-2017-151799,SHIP07701,Delivered,DTDC
CA-2017-151799,SHIP07702,Delivered,Ecom Express
CA-2016-114601,SHIP07703,Delivered,Blue Dart
CA-2016-114601,SHIP07704,Delivered,Ecom Express
CA-2016-114601,SHIP07705,Delivered,India Post
CA-2016-114601,SHIP07706,Cancelled,Delhivery
CA-2016-114601,SHIP07707,Delivered,Ecom Express
CA-2017-100237,SHIP07708,Delivered,DTDC
CA-2014-139542,SHIP07709,Delivered,DTDC
CA-2014-139542,SHIP07710,Delivered,Blue Dart
US-2015-142811,SHIP07711,Delivered,Blue Dart
CA-2017-139353,SHIP07712,Delivered,XpressBees
CA-2017-139353,SHIP07713,Delivered,Ecom Express
CA-2017-139353,SHIP07714,Delivered,India Post
CA-2014-150203,SHIP07715,Delivered,Ecom Express
US-2017-101518,SHIP07716,Delivered,Delhivery
CA-2015-149636,SHIP07717,Delivered,XpressBees
CA-2015-149636,SHIP07718,Delivered,DTDC
US-2017-146213,SHIP07719,Delivered,Ecom Express
CA-2015-108588,SHIP07720,Delivered,India Post
CA-2015-108588,SHIP07721,Cancelled,Delhivery
CA-2015-108588,SHIP07722,Delivered,Ecom Express
US-2017-138086,SHIP07723,Delivered,Blue Dart
CA-2015-139374,SHIP07724,In Transit,Blue Dart
CA-2016-113978,SHIP07725,Delivered,India Post
CA-2016-113978,SHIP07726,In Transit,Delhivery
CA-2016-113978,SHIP07727,Cancelled,XpressBees
US-2015-150231,SHIP07728,Delivered,Blue Dart
CA-2016-106915,SHIP07729,Delivered,India Post
US-2016-109260,SHIP07730,Delivered,XpressBees
CA-2017-104850,SHIP07731,Returned,Delhivery
CA-2017-140508,SHIP07732,Delivered,Delhivery
CA-2017-143294,SHIP07733,Delivered,Ecom Express
CA-2016-165673,SHIP07734,Delivered,India Post
CA-2017-134418,SHIP07735,In Transit,Delhivery
US-2016-106313,SHIP07736,Delivered,Delhivery
CA-2014-105872,SHIP07737,Delivered,DTDC
CA-2017-108287,SHIP07738,Delivered,India Post
CA-2017-141103,SHIP07739,In Transit,Blue Dart
CA-2014-154781,SHIP07740,Delivered,Delhivery
CA-2014-154781,SHIP07741,In Transit,XpressBees
CA-2015-147816,SHIP07742,Cancelled,Delhivery
CA-2017-105326,SHIP07743,Delivered,Blue Dart
CA-2016-133613,SHIP07744,Returned,Delhivery
CA-2016-133613,SHIP07745,Delivered,Blue Dart
CA-2016-133613,SHIP07746,Delivered,XpressBees
CA-2015-109113,SHIP07747,Delivered,Ecom Express
CA-2015-156153,SHIP07748,Delivered,XpressBees
CA-2015-133242,SHIP07749,Cancelled,Delhivery
CA-2015-133242,SHIP07750,Delivered,Blue Dart
CA-2015-133242,SHIP07751,Delivered,Delhivery
CA-2015-133242,SHIP07752,Delivered,India Post
CA-2015-133242,SHIP07753,Delivered,Ecom Express
CA-2015-158323,SHIP07754,Cancelled,Delhivery
CA-2015-161795,SHIP07755,Delivered,Delhivery
CA-2017-100902,SHIP07756,Delivered,DTDC
CA-2017-100902,SHIP07757,Delivered,XpressBees
CA-2017-112844,SHIP07758,Cancelled,Ecom Express
CA-2017-112844,SHIP07759,Delivered,DTDC
CA-2016-158925,SHIP07760,Returned,Delhivery
CA-2014-155390,SHIP07761,Delivered,XpressBees
CA-2017-123071,SHIP07762,Delivered,XpressBees
CA-2017-156391,SHIP07763,Delivered,Delhivery
CA-2015-103093,SHIP07764,Delivered,DTDC
US-2017-118941,SHIP07765,Delivered,India Post
US-2017-118941,SHIP07766,Delivered,Ecom Express
US-2017-118941,SHIP07767,Delivered,Ecom Express
CA-2015-169299,SHIP07768,Cancelled,Ecom Express
CA-2017-154088,SHIP07769,Delivered,Delhivery
CA-2016-155978,SHIP07770,Cancelled,DTDC
CA-2016-155978,SHIP07771,Cancelled,DTDC
CA-2016-108196,SHIP07772,Delivered,Ecom Express
CA-2016-108196,SHIP07773,Returned,Blue Dart
CA-2016-108196,SHIP07774,Delivered,Delhivery
CA-2016-152800,SHIP07775,Returned,Delhivery
CA-2014-166961,SHIP07776,Delivered,Delhivery
CA-2014-166961,SHIP07777,Delivered,Delhivery
CA-2014-166961,SHIP07778,In Transit,Delhivery
CA-2014-166961,SHIP07779,Delivered,Ecom Express
CA-2016-139381,SHIP07780,Delivered,Blue Dart
CA-2016-139381,SHIP07781,Delivered,Blue Dart
CA-2015-132136,SHIP07782,In Transit,Blue Dart
CA-2016-162236,SHIP07783,In Transit,Delhivery
CA-2016-162236,SHIP07784,Returned,Ecom Express
CA-2016-162236,SHIP07785,Cancelled,Ecom Express
US-2014-111353,SHIP07786,Delivered,Blue Dart
US-2016-117037,SHIP07787,In Transit,Blue Dart
US-2016-117037,SHIP07788,Delivered,XpressBees
US-2016-117037,SHIP07789,Delivered,India Post
US-2016-117037,SHIP07790,Delivered,Ecom Express
CA-2017-160801,SHIP07791,Cancelled,Ecom Express
CA-2016-108364,SHIP07792,Delivered,DTDC
CA-2017-169362,SHIP07793,Delivered,India Post
CA-2015-127481,SHIP07794,In Transit,India Post
CA-2015-127481,SHIP07795,Delivered,Blue Dart
CA-2015-112711,SHIP07796,Cancelled,India Post
US-2015-145121,SHIP07797,Delivered,India Post
CA-2017-166184,SHIP07798,Delivered,India Post
CA-2017-166184,SHIP07799,In Transit,Ecom Express
CA-2017-166184,SHIP07800,Delivered,India Post
CA-2017-157413,SHIP07801,Delivered,Ecom Express
CA-2014-143637,SHIP07802,Delivered,DTDC
CA-2015-102260,SHIP07803,Cancelled,Delhivery
CA-2015-102260,SHIP07804,Delivered,Ecom Express
CA-2015-102260,SHIP07805,Delivered,XpressBees
CA-2015-102260,SHIP07806,Delivered,Ecom Express
CA-2015-102260,SHIP07807,Delivered,Blue Dart
US-2016-137295,SHIP07808,In Transit,XpressBees
US-2016-137295,SHIP07809,Delivered,India Post
US-2016-137295,SHIP07810,Delivered,Delhivery
CA-2016-134334,SHIP07811,Delivered,Ecom Express
CA-2016-134334,SHIP07812,Delivered,India Post
CA-2016-134334,SHIP07813,Delivered,India Post
CA-2016-134334,SHIP07814,Delivered,Delhivery
US-2017-109316,SHIP07815,Delivered,XpressBees
US-2017-109316,SHIP07816,Delivered,India Post
CA-2016-138478,SHIP07817,Returned,Ecom Express
CA-2016-138478,SHIP07818,Cancelled,DTDC
CA-2016-138478,SHIP07819,Delivered,XpressBees
CA-2017-150469,SHIP07820,Delivered,DTDC
CA-2017-152436,SHIP07821,Delivered,Delhivery
CA-2016-169334,SHIP07822,In Transit,Ecom Express
US-2014-115413,SHIP07823,Delivered,Blue Dart
US-2014-115413,SHIP07824,Returned,DTDC
CA-2014-125150,SHIP07825,Delivered,Ecom Express
CA-2015-127327,SHIP07826,Delivered,Delhivery
CA-2017-117114,SHIP07827,Cancelled,Blue Dart
CA-2017-117114,SHIP07828,Delivered,Ecom Express
CA-2015-137302,SHIP07829,Delivered,India Post
CA-2015-137302,SHIP07830,Delivered,Blue Dart
CA-2015-137302,SHIP07831,Delivered,XpressBees
CA-2015-137302,SHIP07832,Delivered,Delhivery
CA-2016-112382,SHIP07833,Returned,Blue Dart
CA-2015-128958,SHIP07834,Delivered,Delhivery
CA-2015-106257,SHIP07835,Delivered,Ecom Express
CA-2015-106257,SHIP07836,Delivered,India Post
CA-2015-149083,SHIP07837,In Transit,XpressBees
CA-2015-149083,SHIP07838,In Transit,Delhivery
CA-2015-149083,SHIP07839,Cancelled,XpressBees
US-2014-137869,SHIP07840,Delivered,Ecom Express
US-2014-137869,SHIP07841,Delivered,DTDC
CA-2016-116603,SHIP07842,Delivered,Delhivery
CA-2014-158470,SHIP07843,Delivered,Delhivery
CA-2014-158470,SHIP07844,Delivered,Blue Dart
US-2017-123834,SHIP07845,In Transit,Ecom Express
CA-2015-125976,SHIP07846,Delivered,Ecom Express
CA-2015-125976,SHIP07847,In Transit,DTDC
CA-2016-128706,SHIP07848,Cancelled,XpressBees
CA-2016-104311,SHIP07849,Delivered,Delhivery
CA-2016-104311,SHIP07850,Delivered,Ecom Express
CA-2016-104311,SHIP07851,In Transit,Blue Dart
CA-2014-169649,SHIP07852,Delivered,Delhivery
CA-2014-169649,SHIP07853,Delivered,Delhivery
CA-2015-144890,SHIP07854,Delivered,Blue Dart
CA-2017-135587,SHIP07855,Delivered,India Post
CA-2017-135587,SHIP07856,Delivered,XpressBees
CA-2014-103429,SHIP07857,Cancelled,India Post
CA-2014-103429,SHIP07858,Delivered,XpressBees
CA-2014-103429,SHIP07859,In Transit,Ecom Express
CA-2014-103429,SHIP07860,Delivered,Blue Dart
CA-2017-152261,SHIP07861,Delivered,Delhivery
CA-2015-142993,SHIP07862,Delivered,Delhivery
CA-2015-142993,SHIP07863,Delivered,DTDC
CA-2015-143364,SHIP07864,Delivered,XpressBees
CA-2015-143364,SHIP07865,Delivered,XpressBees
CA-2015-143364,SHIP07866,Cancelled,Ecom Express
CA-2015-143364,SHIP07867,Delivered,Ecom Express
CA-2014-100972,SHIP07868,In Transit,Ecom Express
CA-2016-136994,SHIP07869,Delivered,XpressBees
US-2017-166233,SHIP07870,Delivered,Ecom Express
CA-2017-122112,SHIP07871,Delivered,DTDC
CA-2016-101672,SHIP07872,Delivered,India Post
CA-2016-101672,SHIP07873,Delivered,Ecom Express
CA-2016-101672,SHIP07874,In Transit,Delhivery
CA-2016-101672,SHIP07875,Delivered,XpressBees
CA-2017-168403,SHIP07876,Returned,Blue Dart
CA-2017-168403,SHIP07877,Delivered,Delhivery
CA-2015-148705,SHIP07878,Delivered,Delhivery
CA-2016-160241,SHIP07879,In Transit,DTDC
CA-2016-155747,SHIP07880,Delivered,Delhivery
CA-2017-118017,SHIP07881,Cancelled,XpressBees
CA-2017-118017,SHIP07882,Delivered,Ecom Express
CA-2017-118017,SHIP07883,Delivered,Blue Dart
CA-2017-118017,SHIP07884,Returned,India Post
CA-2017-118017,SHIP07885,Delivered,DTDC
CA-2017-118017,SHIP07886,Delivered,Ecom Express
CA-2017-118017,SHIP07887,Delivered,Delhivery
CA-2017-118017,SHIP07888,Cancelled,Delhivery
CA-2016-113117,SHIP07889,Delivered,XpressBees
CA-2016-148684,SHIP07890,Returned,Ecom Express
CA-2016-148684,SHIP07891,Delivered,DTDC
CA-2016-148684,SHIP07892,Delivered,Blue Dart
CA-2016-148684,SHIP07893,Delivered,XpressBees
CA-2017-125367,SHIP07894,In Transit,India Post
CA-2017-124744,SHIP07895,Cancelled,Delhivery
CA-2017-124744,SHIP07896,In Transit,XpressBees
CA-2017-124744,SHIP07897,Delivered,India Post
CA-2017-128363,SHIP07898,Delivered,Delhivery
CA-2017-128363,SHIP07899,In Transit,Ecom Express
CA-2017-128363,SHIP07900,Cancelled,DTDC
CA-2017-128363,SHIP07901,Delivered,Delhivery
CA-2017-128363,SHIP07902,Cancelled,DTDC
CA-2017-128363,SHIP07903,Delivered,India Post
CA-2017-128363,SHIP07904,Delivered,Ecom Express
CA-2015-126669,SHIP07905,Delivered,Blue Dart
US-2015-118766,SHIP07906,Returned,XpressBees
US-2015-118766,SHIP07907,Delivered,XpressBees
CA-2016-112585,SHIP07908,Delivered,Delhivery
CA-2016-149762,SHIP07909,Delivered,India Post
CA-2016-149762,SHIP07910,Delivered,XpressBees
CA-2016-149762,SHIP07911,Delivered,Delhivery
CA-2016-149762,SHIP07912,Returned,XpressBees
CA-2016-167605,SHIP07913,Delivered,XpressBees
US-2017-105697,SHIP07914,In Transit,India Post
CA-2017-165323,SHIP07915,Returned,Delhivery
CA-2017-165323,SHIP07916,Returned,Delhivery
CA-2015-110891,SHIP07917,Cancelled,DTDC
CA-2017-100783,SHIP07918,Delivered,Delhivery
CA-2015-152513,SHIP07919,Delivered,DTDC
CA-2017-139822,SHIP07920,Delivered,Delhivery
CA-2017-139822,SHIP07921,Delivered,Delhivery
CA-2017-107713,SHIP07922,Delivered,India Post
CA-2017-134096,SHIP07923,Delivered,DTDC
CA-2017-134096,SHIP07924,Delivered,India Post
CA-2016-125843,SHIP07925,Delivered,India Post
CA-2016-125843,SHIP07926,Returned,India Post
CA-2017-120404,SHIP07927,Delivered,Blue Dart
CA-2017-120404,SHIP07928,Delivered,India Post
CA-2017-120404,SHIP07929,In Transit,Delhivery
CA-2017-167549,SHIP07930,Delivered,Ecom Express
CA-2016-120082,SHIP07931,Returned,XpressBees
US-2016-168095,SHIP07932,Delivered,India Post
US-2016-168095,SHIP07933,Returned,XpressBees
CA-2017-166093,SHIP07934,Delivered,DTDC
CA-2017-166093,SHIP07935,Delivered,DTDC
CA-2017-166093,SHIP07936,In Transit,India Post
CA-2017-166093,SHIP07937,Delivered,India Post
CA-2017-166093,SHIP07938,Returned,XpressBees
CA-2017-166093,SHIP07939,Cancelled,India Post
CA-2017-166093,SHIP07940,Delivered,DTDC
CA-2016-146325,SHIP07941,Delivered,DTDC
CA-2016-146325,SHIP07942,Delivered,India Post
CA-2017-134194,SHIP07943,Delivered,Blue Dart
CA-2017-134194,SHIP07944,Delivered,India Post
CA-2017-134194,SHIP07945,Returned,Ecom Express
CA-2017-134194,SHIP07946,Cancelled,Ecom Express
CA-2017-134194,SHIP07947,Delivered,DTDC
CA-2014-131009,SHIP07948,Delivered,XpressBees
CA-2014-131009,SHIP07949,Cancelled,Blue Dart
CA-2014-131009,SHIP07950,Delivered,Delhivery
CA-2014-131009,SHIP07951,In Transit,Ecom Express
CA-2015-145814,SHIP07952,Delivered,XpressBees
CA-2015-145814,SHIP07953,Delivered,India Post
CA-2014-138359,SHIP07954,Cancelled,XpressBees
CA-2014-138359,SHIP07955,Delivered,XpressBees
CA-2017-131807,SHIP07956,Delivered,DTDC
CA-2017-131807,SHIP07957,Delivered,Delhivery
CA-2017-131807,SHIP07958,Delivered,India Post
CA-2017-131807,SHIP07959,Returned,India Post
CA-2017-131807,SHIP07960,Delivered,XpressBees
CA-2017-131807,SHIP07961,Delivered,Ecom Express
CA-2017-104864,SHIP07962,Delivered,India Post
CA-2017-104864,SHIP07963,Delivered,India Post
CA-2017-104864,SHIP07964,Delivered,India Post
CA-2017-104864,SHIP07965,In Transit,XpressBees
CA-2017-104864,SHIP07966,Delivered,Blue Dart
CA-2015-138219,SHIP07967,Delivered,DTDC
CA-2016-157707,SHIP07968,Delivered,Blue Dart
CA-2016-157707,SHIP07969,In Transit,India Post
CA-2016-157707,SHIP07970,Returned,Blue Dart
US-2015-126753,SHIP07971,Delivered,India Post
US-2015-126753,SHIP07972,Delivered,XpressBees
US-2015-126753,SHIP07973,Delivered,XpressBees
US-2015-126753,SHIP07974,Delivered,Delhivery
US-2015-126753,SHIP07975,Delivered,India Post
US-2015-126753,SHIP07976,Delivered,XpressBees
US-2015-126753,SHIP07977,Delivered,Ecom Express
CA-2014-166051,SHIP07978,Delivered,DTDC
CA-2014-166051,SHIP07979,Delivered,Ecom Express
CA-2015-113040,SHIP07980,Returned,Blue Dart
CA-2014-103800,SHIP07981,Cancelled,Blue Dart
CA-2014-113383,SHIP07982,Delivered,Delhivery
CA-2014-113383,SHIP07983,Delivered,Blue Dart
CA-2017-152499,SHIP07984,In Transit,Delhivery
CA-2017-152499,SHIP07985,Delivered,Blue Dart
CA-2016-151498,SHIP07986,Delivered,India Post
CA-2016-137939,SHIP07987,Delivered,XpressBees
US-2016-117793,SHIP07988,Delivered,Ecom Express
US-2016-117793,SHIP07989,In Transit,Delhivery
US-2016-117793,SHIP07990,Returned,XpressBees
US-2016-117793,SHIP07991,Delivered,XpressBees
CA-2016-133872,SHIP07992,Delivered,Ecom Express
CA-2016-133872,SHIP07993,In Transit,India Post
US-2015-165743,SHIP07994,Delivered,India Post
US-2015-165743,SHIP07995,Cancelled,India Post
US-2015-165743,SHIP07996,Delivered,XpressBees
US-2017-105998,SHIP07997,Delivered,India Post
US-2017-105998,SHIP07998,Returned,DTDC
US-2014-148194,SHIP07999,Returned,Blue Dart
US-2014-148194,SHIP08000,Cancelled,DTDC
US-2015-151407,SHIP08001,Returned,Blue Dart
CA-2015-110870,SHIP08002,Cancelled,Ecom Express
CA-2015-110870,SHIP08003,Returned,Ecom Express
CA-2014-143210,SHIP08004,Delivered,Delhivery
CA-2014-143210,SHIP08005,Delivered,Ecom Express
CA-2014-143210,SHIP08006,Delivered,India Post
CA-2016-139808,SHIP08007,In Transit,Blue Dart
CA-2015-110863,SHIP08008,Cancelled,India Post
CA-2015-110863,SHIP08009,Delivered,Blue Dart
CA-2015-110863,SHIP08010,Returned,Delhivery
CA-2014-127859,SHIP08011,Returned,Blue Dart
US-2015-136427,SHIP08012,Delivered,Blue Dart
CA-2017-120168,SHIP08013,Delivered,India Post
CA-2017-120168,SHIP08014,In Transit,India Post
CA-2017-120168,SHIP08015,Delivered,India Post
CA-2017-120168,SHIP08016,Delivered,Delhivery
US-2014-131870,SHIP08017,Delivered,XpressBees
US-2014-131870,SHIP08018,Delivered,Delhivery
CA-2017-114804,SHIP08019,Delivered,Delhivery
CA-2017-167227,SHIP08020,Cancelled,India Post
CA-2017-167227,SHIP08021,Delivered,Blue Dart
CA-2014-129189,SHIP08022,Returned,Ecom Express
CA-2014-129189,SHIP08023,Delivered,India Post
CA-2014-129189,SHIP08024,Cancelled,Ecom Express
CA-2014-129189,SHIP08025,Delivered,DTDC
CA-2015-132465,SHIP08026,Delivered,XpressBees
CA-2015-132465,SHIP08027,Delivered,XpressBees
CA-2015-132465,SHIP08028,Delivered,DTDC
CA-2015-132465,SHIP08029,Cancelled,India Post
CA-2016-166373,SHIP08030,Delivered,Ecom Express
CA-2016-158806,SHIP08031,Delivered,Delhivery
CA-2016-158806,SHIP08032,Delivered,Delhivery
CA-2015-119690,SHIP08033,Returned,Delhivery
CA-2015-119690,SHIP08034,Delivered,XpressBees
CA-2015-119690,SHIP08035,Delivered,Blue Dart
CA-2015-119690,SHIP08036,Delivered,Delhivery
CA-2015-153738,SHIP08037,Cancelled,India Post
CA-2017-169012,SHIP08038,In Transit,Blue Dart
CA-2017-109393,SHIP08039,Delivered,Delhivery
CA-2017-121489,SHIP08040,Delivered,Blue Dart
CA-2017-121489,SHIP08041,Delivered,India Post
CA-2017-121489,SHIP08042,Returned,India Post
US-2017-133081,SHIP08043,Delivered,Ecom Express
US-2017-133081,SHIP08044,Delivered,DTDC
CA-2017-165008,SHIP08045,Delivered,XpressBees
CA-2016-145611,SHIP08046,In Transit,XpressBees
CA-2016-113600,SHIP08047,Delivered,Delhivery
CA-2017-130834,SHIP08048,Delivered,DTDC
CA-2016-168543,SHIP08049,In Transit,Blue Dart
CA-2014-144974,SHIP08050,Delivered,Blue Dart
CA-2014-144974,SHIP08051,In Transit,India Post
CA-2014-144974,SHIP08052,Cancelled,Delhivery
CA-2014-109904,SHIP08053,Delivered,Ecom Express
CA-2017-152205,SHIP08054,In Transit,XpressBees
CA-2015-121188,SHIP08055,Returned,Delhivery
CA-2015-121188,SHIP08056,Delivered,India Post
CA-2015-121188,SHIP08057,Delivered,XpressBees
CA-2015-121188,SHIP08058,Delivered,DTDC
CA-2015-121188,SHIP08059,Delivered,India Post
CA-2015-121188,SHIP08060,Delivered,Blue Dart
CA-2015-156013,SHIP08061,Delivered,Delhivery
CA-2015-156013,SHIP08062,Delivered,XpressBees
CA-2016-132997,SHIP08063,Delivered,Blue Dart
CA-2016-132997,SHIP08064,Delivered,India Post
CA-2016-132997,SHIP08065,Delivered,DTDC
CA-2016-132997,SHIP08066,Delivered,Blue Dart
CA-2016-132997,SHIP08067,Delivered,DTDC
US-2015-160563,SHIP08068,Delivered,India Post
US-2015-160563,SHIP08069,Delivered,DTDC
CA-2017-151750,SHIP08070,In Transit,Ecom Express
CA-2017-151750,SHIP08071,Delivered,Ecom Express
CA-2017-151750,SHIP08072,Delivered,XpressBees
CA-2017-151750,SHIP08073,Delivered,DTDC
CA-2017-151750,SHIP08074,Delivered,Blue Dart
CA-2017-151750,SHIP08075,Delivered,Delhivery
CA-2017-151750,SHIP08076,In Transit,XpressBees
CA-2015-106187,SHIP08077,Delivered,India Post
CA-2015-106187,SHIP08078,Delivered,Ecom Express
CA-2015-106187,SHIP08079,Delivered,India Post
US-2016-164945,SHIP08080,Delivered,India Post
CA-2015-150714,SHIP08081,Cancelled,Blue Dart
CA-2015-150714,SHIP08082,Delivered,XpressBees
CA-2015-150714,SHIP08083,Cancelled,India Post
CA-2015-150714,SHIP08084,Cancelled,DTDC
CA-2015-150714,SHIP08085,Delivered,India Post
CA-2016-105753,SHIP08086,In Transit,DTDC
CA-2017-120894,SHIP08087,Delivered,XpressBees
CA-2016-106621,SHIP08088,Returned,Ecom Express
CA-2015-107020,SHIP08089,Delivered,Blue Dart
US-2015-117492,SHIP08090,Cancelled,Delhivery
CA-2014-101392,SHIP08091,Cancelled,India Post
CA-2015-127502,SHIP08092,Delivered,Delhivery
CA-2017-143658,SHIP08093,Delivered,India Post
CA-2017-133046,SHIP08094,Delivered,India Post
CA-2017-133046,SHIP08095,Returned,Delhivery
CA-2017-133046,SHIP08096,Delivered,Delhivery
CA-2017-133046,SHIP08097,Delivered,Ecom Express
CA-2017-122798,SHIP08098,Returned,India Post
CA-2017-122798,SHIP08099,Delivered,XpressBees
CA-2016-169663,SHIP08100,Delivered,India Post
CA-2016-169663,SHIP08101,Delivered,XpressBees
CA-2015-149846,SHIP08102,Delivered,XpressBees
CA-2015-149846,SHIP08103,Delivered,Blue Dart
CA-2015-149846,SHIP08104,Delivered,India Post
CA-2015-149846,SHIP08105,In Transit,DTDC
CA-2017-159149,SHIP08106,Cancelled,India Post
CA-2017-159149,SHIP08107,In Transit,Blue Dart
CA-2017-159149,SHIP08108,Delivered,Ecom Express
US-2017-167570,SHIP08109,Delivered,XpressBees
CA-2017-160122,SHIP08110,Delivered,Ecom Express
CA-2017-160122,SHIP08111,Delivered,Ecom Express
CA-2016-130393,SHIP08112,Delivered,XpressBees
CA-2016-130393,SHIP08113,Delivered,Delhivery
CA-2016-130393,SHIP08114,Delivered,XpressBees
CA-2017-144820,SHIP08115,Delivered,DTDC
CA-2017-101014,SHIP08116,Cancelled,Blue Dart
CA-2017-105543,SHIP08117,Delivered,XpressBees
US-2017-113201,SHIP08118,Delivered,India Post
US-2017-106551,SHIP08119,Delivered,India Post
CA-2016-116722,SHIP08120,Delivered,India Post
CA-2016-116722,SHIP08121,Returned,Ecom Express
CA-2016-116722,SHIP08122,Delivered,Blue Dart
CA-2014-138128,SHIP08123,Returned,XpressBees
CA-2014-138128,SHIP08124,Delivered,Ecom Express
US-2017-150070,SHIP08125,Delivered,DTDC
CA-2015-137064,SHIP08126,In Transit,DTDC
CA-2015-137064,SHIP08127,Delivered,Ecom Express
CA-2015-137064,SHIP08128,In Transit,Ecom Express
CA-2017-157350,SHIP08129,Delivered,Blue Dart
CA-2014-127866,SHIP08130,Delivered,DTDC
CA-2014-127866,SHIP08131,Delivered,XpressBees
CA-2014-127866,SHIP08132,Delivered,Delhivery
CA-2014-127866,SHIP08133,Delivered,Ecom Express
CA-2015-131352,SHIP08134,Delivered,India Post
CA-2015-121776,SHIP08135,Delivered,XpressBees
CA-2015-121776,SHIP08136,Delivered,Blue Dart
CA-2016-118073,SHIP08137,Returned,Blue Dart
CA-2014-103219,SHIP08138,Delivered,DTDC
CA-2016-102561,SHIP08139,Delivered,DTDC
CA-2016-102561,SHIP08140,Delivered,Ecom Express
CA-2016-102561,SHIP08141,Delivered,Delhivery
CA-2016-100993,SHIP08142,Delivered,Delhivery
CA-2016-100993,SHIP08143,Delivered,Ecom Express
CA-2016-100993,SHIP08144,Delivered,XpressBees
CA-2016-100993,SHIP08145,Delivered,DTDC
US-2014-112949,SHIP08146,Delivered,India Post
US-2014-112949,SHIP08147,Delivered,DTDC
US-2017-146822,SHIP08148,Delivered,Blue Dart
US-2016-131058,SHIP08149,In Transit,Delhivery
CA-2014-167997,SHIP08150,Delivered,India Post
CA-2014-167997,SHIP08151,Delivered,XpressBees
CA-2017-140151,SHIP08152,Delivered,Ecom Express
CA-2017-140151,SHIP08153,Delivered,XpressBees
CA-2017-140151,SHIP08154,In Transit,Ecom Express
US-2017-143770,SHIP08155,Delivered,XpressBees
US-2017-143770,SHIP08156,Delivered,XpressBees
CA-2016-131296,SHIP08157,Delivered,India Post
CA-2016-103464,SHIP08158,Delivered,XpressBees
CA-2017-136238,SHIP08159,Delivered,XpressBees
CA-2016-120803,SHIP08160,Delivered,XpressBees
CA-2016-134138,SHIP08161,Delivered,Ecom Express
CA-2015-120915,SHIP08162,Delivered,Delhivery
CA-2015-120915,SHIP08163,Delivered,Blue Dart
CA-2015-168207,SHIP08164,Delivered,XpressBees
CA-2015-168207,SHIP08165,Returned,Delhivery
CA-2015-168207,SHIP08166,Delivered,XpressBees
CA-2015-168207,SHIP08167,Delivered,Blue Dart
CA-2016-144148,SHIP08168,Delivered,Blue Dart
CA-2017-107174,SHIP08169,Cancelled,Ecom Express
CA-2017-107174,SHIP08170,In Transit,Blue Dart
CA-2017-107174,SHIP08171,Delivered,Ecom Express
CA-2016-146150,SHIP08172,Cancelled,Ecom Express
CA-2014-114125,SHIP08173,Cancelled,Ecom Express
CA-2014-114125,SHIP08174,Delivered,XpressBees
CA-2014-114125,SHIP08175,Cancelled,Delhivery
CA-2016-114944,SHIP08176,Cancelled,Ecom Express
CA-2016-135965,SHIP08177,Delivered,Ecom Express
CA-2017-149699,SHIP08178,Delivered,DTDC
CA-2016-166429,SHIP08179,Delivered,Blue Dart
CA-2015-112767,SHIP08180,In Transit,Blue Dart
CA-2015-119879,SHIP08181,Delivered,India Post
CA-2015-119879,SHIP08182,Returned,Blue Dart
CA-2017-155642,SHIP08183,Delivered,Ecom Express
CA-2017-155642,SHIP08184,Delivered,India Post
US-2017-101721,SHIP08185,Delivered,Delhivery
CA-2015-136728,SHIP08186,Delivered,Delhivery
CA-2015-136728,SHIP08187,Delivered,Delhivery
CA-2016-127194,SHIP08188,Returned,Blue Dart
CA-2015-140375,SHIP08189,Cancelled,DTDC
CA-2015-140375,SHIP08190,In Transit,DTDC
US-2017-155866,SHIP08191,Delivered,Ecom Express
US-2017-155866,SHIP08192,Delivered,DTDC
CA-2015-141327,SHIP08193,Delivered,India Post
CA-2015-141327,SHIP08194,Cancelled,Delhivery
CA-2015-141327,SHIP08195,Delivered,Ecom Express
CA-2015-136700,SHIP08196,Returned,DTDC
CA-2017-102736,SHIP08197,Delivered,DTDC
CA-2017-102736,SHIP08198,Delivered,Blue Dart
CA-2017-102736,SHIP08199,In Transit,India Post
CA-2017-125269,SHIP08200,Cancelled,Delhivery
CA-2017-125269,SHIP08201,Cancelled,DTDC
CA-2015-114811,SHIP08202,Delivered,DTDC
CA-2015-114811,SHIP08203,Delivered,XpressBees
CA-2015-114811,SHIP08204,Delivered,Ecom Express
CA-2015-114811,SHIP08205,Cancelled,XpressBees
CA-2015-114811,SHIP08206,Delivered,Delhivery
CA-2015-122266,SHIP08207,In Transit,XpressBees
CA-2015-122266,SHIP08208,Delivered,India Post
CA-2015-141565,SHIP08209,Delivered,Ecom Express
CA-2015-141565,SHIP08210,Delivered,DTDC
CA-2017-128769,SHIP08211,Delivered,Blue Dart
CA-2016-116337,SHIP08212,Delivered,India Post
CA-2016-116337,SHIP08213,Returned,India Post
CA-2015-120845,SHIP08214,Delivered,Delhivery
CA-2015-120845,SHIP08215,Delivered,DTDC
CA-2015-120845,SHIP08216,Delivered,India Post
CA-2015-120845,SHIP08217,Delivered,Blue Dart
CA-2014-120775,SHIP08218,Delivered,India Post
CA-2014-120775,SHIP08219,Delivered,India Post
CA-2014-120775,SHIP08220,Delivered,Delhivery
CA-2014-120775,SHIP08221,Delivered,Ecom Express
CA-2014-120775,SHIP08222,Delivered,XpressBees
CA-2014-152905,SHIP08223,Delivered,Ecom Express
CA-2016-104633,SHIP08224,Delivered,Ecom Express
CA-2016-104633,SHIP08225,Delivered,DTDC
CA-2017-104136,SHIP08226,Delivered,XpressBees
CA-2017-104136,SHIP08227,Cancelled,Delhivery
CA-2016-123050,SHIP08228,Delivered,India Post
CA-2016-123050,SHIP08229,Delivered,Ecom Express
CA-2016-123050,SHIP08230,Cancelled,Delhivery
CA-2016-162355,SHIP08231,Delivered,DTDC
CA-2016-162355,SHIP08232,Delivered,DTDC
CA-2014-158225,SHIP08233,Cancelled,XpressBees
CA-2014-158225,SHIP08234,Delivered,DTDC
CA-2017-102204,SHIP08235,Delivered,Delhivery
CA-2017-102204,SHIP08236,Cancelled,DTDC
CA-2017-102204,SHIP08237,Cancelled,DTDC
CA-2017-103065,SHIP08238,Delivered,Delhivery
CA-2017-103065,SHIP08239,Delivered,Ecom Express
CA-2017-103065,SHIP08240,Delivered,Ecom Express
CA-2017-103065,SHIP08241,Returned,XpressBees
CA-2014-109855,SHIP08242,Delivered,Ecom Express
CA-2014-109855,SHIP08243,In Transit,Blue Dart
CA-2014-109897,SHIP08244,Delivered,Blue Dart
CA-2014-109897,SHIP08245,Delivered,India Post
US-2014-143581,SHIP08246,Delivered,Blue Dart
CA-2015-129217,SHIP08247,Delivered,Ecom Express
CA-2015-129217,SHIP08248,Delivered,Blue Dart
CA-2016-133816,SHIP08249,Delivered,India Post
CA-2015-140221,SHIP08250,Delivered,XpressBees
CA-2015-140221,SHIP08251,Delivered,Ecom Express
CA-2015-140221,SHIP08252,Delivered,XpressBees
CA-2015-140221,SHIP08253,Cancelled,XpressBees
CA-2017-152310,SHIP08254,In Transit,Blue Dart
CA-2017-152310,SHIP08255,Delivered,DTDC
CA-2017-152310,SHIP08256,Delivered,Ecom Express
CA-2017-152310,SHIP08257,Returned,Blue Dart
CA-2017-152310,SHIP08258,Cancelled,Delhivery
CA-2017-152310,SHIP08259,Delivered,India Post
CA-2016-118101,SHIP08260,Delivered,Blue Dart
CA-2016-118101,SHIP08261,Cancelled,Delhivery
CA-2016-118101,SHIP08262,Delivered,DTDC
CA-2016-100307,SHIP08263,Delivered,Delhivery
CA-2015-138457,SHIP08264,Returned,XpressBees
CA-2014-131800,SHIP08265,Delivered,Ecom Express
CA-2014-131800,SHIP08266,Delivered,Ecom Express
CA-2014-118304,SHIP08267,Delivered,Delhivery
CA-2017-121790,SHIP08268,Returned,DTDC
CA-2017-121790,SHIP08269,Delivered,DTDC
CA-2017-121790,SHIP08270,Cancelled,Blue Dart
CA-2017-121790,SHIP08271,Delivered,XpressBees
CA-2016-169670,SHIP08272,Delivered,India Post
CA-2016-139549,SHIP08273,Delivered,Blue Dart
CA-2015-104059,SHIP08274,Delivered,DTDC
CA-2017-164112,SHIP08275,Delivered,India Post
CA-2015-143882,SHIP08276,Returned,Delhivery
US-2016-139262,SHIP08277,Delivered,Blue Dart
US-2016-139262,SHIP08278,Returned,DTDC
US-2016-139262,SHIP08279,Delivered,Ecom Express
CA-2017-146192,SHIP08280,Delivered,India Post
CA-2017-134810,SHIP08281,Delivered,DTDC
CA-2017-134810,SHIP08282,Delivered,Ecom Express
CA-2015-154284,SHIP08283,Returned,India Post
CA-2015-154284,SHIP08284,Returned,Blue Dart
CA-2015-154284,SHIP08285,Delivered,DTDC
CA-2015-154284,SHIP08286,Delivered,India Post
CA-2014-156244,SHIP08287,In Transit,India Post
CA-2014-156244,SHIP08288,Cancelled,Delhivery
CA-2014-156244,SHIP08289,Delivered,India Post
CA-2014-156244,SHIP08290,Returned,Delhivery
CA-2014-156244,SHIP08291,Delivered,Delhivery
CA-2014-156244,SHIP08292,Delivered,India Post
CA-2015-106362,SHIP08293,Delivered,XpressBees
US-2017-168802,SHIP08294,Delivered,Delhivery
US-2017-146906,SHIP08295,Returned,DTDC
CA-2016-166380,SHIP08296,In Transit,Blue Dart
CA-2016-166380,SHIP08297,Delivered,Delhivery
US-2015-158911,SHIP08298,Delivered,Blue Dart
US-2015-158911,SHIP08299,Delivered,XpressBees
US-2014-103338,SHIP08300,Delivered,India Post
CA-2015-109169,SHIP08301,Cancelled,Blue Dart
US-2017-167318,SHIP08302,Delivered,Delhivery
US-2017-167318,SHIP08303,In Transit,Ecom Express
US-2014-120313,SHIP08304,Delivered,India Post
CA-2017-135419,SHIP08305,Delivered,Blue Dart
CA-2016-128671,SHIP08306,Delivered,Delhivery
CA-2016-128671,SHIP08307,Cancelled,XpressBees
CA-2016-128671,SHIP08308,Delivered,India Post
CA-2016-149335,SHIP08309,Delivered,India Post
CA-2014-168312,SHIP08310,Delivered,Ecom Express
CA-2014-168312,SHIP08311,Delivered,India Post
US-2017-105935,SHIP08312,Delivered,XpressBees
US-2017-105935,SHIP08313,Delivered,Blue Dart
CA-2014-161508,SHIP08314,Delivered,XpressBees
CA-2014-161508,SHIP08315,Delivered,Ecom Express
CA-2014-161508,SHIP08316,Returned,XpressBees
CA-2014-161508,SHIP08317,Delivered,XpressBees
CA-2017-130904,SHIP08318,Delivered,Delhivery
CA-2017-130904,SHIP08319,In Transit,XpressBees
CA-2017-133620,SHIP08320,Returned,DTDC
CA-2015-142937,SHIP08321,Returned,Blue Dart
US-2016-149790,SHIP08322,Delivered,DTDC
CA-2016-130778,SHIP08323,Delivered,Delhivery
CA-2016-130778,SHIP08324,In Transit,India Post
CA-2017-144456,SHIP08325,Returned,DTDC
CA-2017-144456,SHIP08326,Returned,XpressBees
CA-2017-103478,SHIP08327,Cancelled,DTDC
CA-2017-103478,SHIP08328,Delivered,Ecom Express
CA-2017-118577,SHIP08329,Returned,Ecom Express
CA-2017-118577,SHIP08330,Delivered,India Post
CA-2017-113572,SHIP08331,Delivered,XpressBees
CA-2016-153269,SHIP08332,Cancelled,DTDC
CA-2016-153269,SHIP08333,Cancelled,DTDC
CA-2016-153269,SHIP08334,Delivered,DTDC
CA-2016-153269,SHIP08335,Delivered,Blue Dart
CA-2017-161655,SHIP08336,Delivered,DTDC
CA-2016-101469,SHIP08337,Delivered,Ecom Express
CA-2014-153087,SHIP08338,Delivered,Ecom Express
CA-2014-153087,SHIP08339,Returned,Blue Dart
CA-2017-135076,SHIP08340,Delivered,XpressBees
CA-2014-161634,SHIP08341,Delivered,Blue Dart
CA-2017-141481,SHIP08342,Delivered,Blue Dart
CA-2016-132549,SHIP08343,Delivered,Delhivery
US-2014-155544,SHIP08344,Delivered,XpressBees
US-2014-155544,SHIP08345,Delivered,India Post
US-2014-155544,SHIP08346,Delivered,Blue Dart
US-2015-115238,SHIP08347,Delivered,Blue Dart
US-2015-115238,SHIP08348,In Transit,India Post
US-2015-115238,SHIP08349,Delivered,Blue Dart
US-2015-115238,SHIP08350,Delivered,Blue Dart
US-2015-115238,SHIP08351,Cancelled,India Post
CA-2017-132199,SHIP08352,Delivered,India Post
CA-2017-132199,SHIP08353,Cancelled,XpressBees
CA-2017-132199,SHIP08354,Delivered,Delhivery
CA-2017-132199,SHIP08355,Cancelled,Delhivery
CA-2017-132199,SHIP08356,Delivered,Blue Dart
CA-2016-163174,SHIP08357,Delivered,India Post
CA-2014-110555,SHIP08358,In Transit,Ecom Express
CA-2014-110555,SHIP08359,Delivered,Delhivery
CA-2014-110555,SHIP08360,Returned,DTDC
CA-2017-147207,SHIP08361,Returned,DTDC
CA-2017-147207,SHIP08362,Cancelled,DTDC
CA-2017-147207,SHIP08363,Delivered,Blue Dart
CA-2017-147207,SHIP08364,Delivered,Ecom Express
CA-2017-137631,SHIP08365,Cancelled,XpressBees
CA-2017-157273,SHIP08366,Cancelled,Delhivery
CA-2014-109918,SHIP08367,Returned,DTDC
CA-2014-109918,SHIP08368,Delivered,Delhivery
CA-2014-109918,SHIP08369,Delivered,XpressBees
CA-2016-118745,SHIP08370,Delivered,Ecom Express
CA-2016-163972,SHIP08371,Delivered,DTDC
CA-2014-165393,SHIP08372,Delivered,Delhivery
CA-2016-113726,SHIP08373,Delivered,India Post
CA-2016-152940,SHIP08374,Cancelled,XpressBees
CA-2015-158701,SHIP08375,Delivered,India Post
CA-2015-158701,SHIP08376,Delivered,Delhivery
CA-2017-156272,SHIP08377,Returned,India Post
CA-2015-162964,SHIP08378,In Transit,Ecom Express
CA-2015-162964,SHIP08379,Delivered,DTDC
CA-2015-162964,SHIP08380,Delivered,India Post
CA-2014-103527,SHIP08381,Delivered,XpressBees
CA-2016-134544,SHIP08382,Delivered,DTDC
CA-2016-163048,SHIP08383,Returned,Blue Dart
CA-2016-145135,SHIP08384,Delivered,XpressBees
CA-2016-145135,SHIP08385,In Transit,India Post
CA-2017-137582,SHIP08386,Returned,India Post
CA-2015-149601,SHIP08387,Delivered,India Post
CA-2015-149601,SHIP08388,Delivered,India Post
CA-2014-139423,SHIP08389,Cancelled,DTDC
CA-2016-102596,SHIP08390,Delivered,Blue Dart
CA-2017-153227,SHIP08391,Cancelled,DTDC
CA-2017-110625,SHIP08392,Cancelled,DTDC
CA-2016-142594,SHIP08393,Delivered,Blue Dart
CA-2016-142594,SHIP08394,Delivered,Blue Dart
CA-2016-142594,SHIP08395,Cancelled,Ecom Express
CA-2016-142594,SHIP08396,Delivered,Ecom Express
CA-2014-152254,SHIP08397,Delivered,DTDC
US-2014-120236,SHIP08398,Delivered,DTDC
CA-2017-120061,SHIP08399,Returned,Blue Dart
CA-2015-133837,SHIP08400,Delivered,XpressBees
CA-2015-110814,SHIP08401,Delivered,Delhivery
CA-2015-110814,SHIP08402,Delivered,Blue Dart
CA-2015-110814,SHIP08403,In Transit,India Post
CA-2016-154067,SHIP08404,Delivered,DTDC
CA-2017-140480,SHIP08405,Delivered,Ecom Express
CA-2017-140480,SHIP08406,Delivered,Blue Dart
CA-2017-140480,SHIP08407,In Transit,Ecom Express
CA-2017-140480,SHIP08408,Delivered,India Post
CA-2017-140480,SHIP08409,Delivered,XpressBees
CA-2015-134082,SHIP08410,Delivered,Blue Dart
CA-2016-130820,SHIP08411,Delivered,India Post
CA-2016-159765,SHIP08412,Delivered,Delhivery
CA-2017-132290,SHIP08413,Delivered,Delhivery
CA-2016-147109,SHIP08414,Delivered,Ecom Express
CA-2016-147109,SHIP08415,Delivered,Ecom Express
CA-2017-107265,SHIP08416,Delivered,DTDC
CA-2017-118199,SHIP08417,Returned,Ecom Express
CA-2017-118199,SHIP08418,Cancelled,Delhivery
CA-2017-118199,SHIP08419,Delivered,XpressBees
CA-2017-118199,SHIP08420,Delivered,Ecom Express
CA-2017-118199,SHIP08421,Returned,XpressBees
CA-2017-150091,SHIP08422,Delivered,Blue Dart
CA-2017-150091,SHIP08423,Delivered,Delhivery
CA-2017-150091,SHIP08424,Delivered,Blue Dart
CA-2017-150091,SHIP08425,Delivered,Delhivery
CA-2016-137652,SHIP08426,Delivered,Ecom Express
CA-2015-128356,SHIP08427,Delivered,DTDC
CA-2017-167017,SHIP08428,Delivered,DTDC
US-2017-132220,SHIP08429,Delivered,Delhivery
CA-2016-118129,SHIP08430,Delivered,DTDC
US-2014-113124,SHIP08431,Delivered,India Post
CA-2017-155621,SHIP08432,In Transit,Delhivery
US-2014-127635,SHIP08433,Delivered,Blue Dart
US-2014-127635,SHIP08434,Delivered,India Post
US-2014-127635,SHIP08435,Delivered,DTDC
US-2014-127635,SHIP08436,Delivered,DTDC
CA-2015-151470,SHIP08437,Returned,XpressBees
CA-2015-112823,SHIP08438,Delivered,Delhivery
CA-2014-108861,SHIP08439,Delivered,Ecom Express
CA-2017-114370,SHIP08440,Delivered,India Post
CA-2016-158302,SHIP08441,Delivered,Blue Dart
CA-2017-145779,SHIP08442,Delivered,XpressBees
US-2016-155173,SHIP08443,Delivered,India Post
US-2016-155173,SHIP08444,Delivered,XpressBees
US-2016-155173,SHIP08445,Delivered,Ecom Express
CA-2017-125451,SHIP08446,Delivered,India Post
CA-2017-125451,SHIP08447,Returned,India Post
CA-2017-125451,SHIP08448,Delivered,Blue Dart
CA-2017-125451,SHIP08449,Delivered,Delhivery
CA-2017-125451,SHIP08450,Cancelled,India Post
CA-2017-125451,SHIP08451,Delivered,India Post
CA-2014-131387,SHIP08452,Delivered,Blue Dart
CA-2016-125087,SHIP08453,Delivered,XpressBees
CA-2016-125087,SHIP08454,Delivered,Delhivery
CA-2016-125087,SHIP08455,Delivered,India Post
CA-2016-154081,SHIP08456,In Transit,Blue Dart
US-2017-118556,SHIP08457,Delivered,Ecom Express
US-2017-118556,SHIP08458,Delivered,XpressBees
CA-2014-126200,SHIP08459,Delivered,Blue Dart
CA-2014-126200,SHIP08460,Delivered,XpressBees
CA-2014-146500,SHIP08461,Cancelled,Ecom Express
CA-2014-146500,SHIP08462,Delivered,XpressBees
CA-2015-169537,SHIP08463,Delivered,Blue Dart
CA-2014-100881,SHIP08464,Delivered,Blue Dart
CA-2015-144043,SHIP08465,Delivered,Ecom Express
CA-2015-116512,SHIP08466,Delivered,Delhivery
CA-2015-101000,SHIP08467,Delivered,India Post
CA-2016-168557,SHIP08468,Delivered,Delhivery
US-2016-164196,SHIP08469,Delivered,India Post
US-2017-132031,SHIP08470,Delivered,Ecom Express
US-2017-132031,SHIP08471,Cancelled,XpressBees
US-2017-132031,SHIP08472,Delivered,Delhivery
US-2017-132031,SHIP08473,Delivered,DTDC
CA-2015-169733,SHIP08474,Delivered,Delhivery
CA-2017-169404,SHIP08475,In Transit,Ecom Express
CA-2017-169404,SHIP08476,Delivered,India Post
CA-2017-134880,SHIP08477,Delivered,XpressBees
CA-2015-145758,SHIP08478,Delivered,Delhivery
CA-2017-158736,SHIP08479,Delivered,XpressBees
US-2016-119270,SHIP08480,Delivered,Delhivery
CA-2014-109890,SHIP08481,Delivered,DTDC
CA-2016-138583,SHIP08482,Returned,DTDC
US-2017-118535,SHIP08483,Delivered,Ecom Express
CA-2016-126284,SHIP08484,Delivered,DTDC
CA-2017-142391,SHIP08485,Delivered,Blue Dart
CA-2017-124716,SHIP08486,Returned,DTDC
CA-2017-124716,SHIP08487,Delivered,Blue Dart
CA-2017-124716,SHIP08488,Delivered,XpressBees
CA-2016-158841,SHIP08489,In Transit,Delhivery
CA-2016-158841,SHIP08490,Delivered,DTDC
CA-2016-158841,SHIP08491,Returned,Ecom Express
CA-2017-106824,SHIP08492,Delivered,Delhivery
CA-2015-109190,SHIP08493,Delivered,Delhivery
CA-2015-109190,SHIP08494,In Transit,XpressBees
CA-2015-109190,SHIP08495,Delivered,XpressBees
CA-2016-143154,SHIP08496,Delivered,Blue Dart
CA-2014-169061,SHIP08497,Delivered,XpressBees
CA-2014-169061,SHIP08498,Cancelled,DTDC
CA-2014-169061,SHIP08499,Delivered,Blue Dart
CA-2014-169061,SHIP08500,Delivered,India Post
CA-2014-169061,SHIP08501,Cancelled,Blue Dart
CA-2015-102316,SHIP08502,Delivered,Blue Dart
CA-2015-102316,SHIP08503,Delivered,India Post
CA-2014-164903,SHIP08504,Returned,Blue Dart
CA-2016-109400,SHIP08505,Cancelled,XpressBees
CA-2016-130400,SHIP08506,Delivered,XpressBees
CA-2016-130400,SHIP08507,Cancelled,XpressBees
CA-2016-130400,SHIP08508,Delivered,Blue Dart
CA-2015-135853,SHIP08509,Returned,Delhivery
CA-2015-135853,SHIP08510,Delivered,Ecom Express
CA-2015-135853,SHIP08511,Delivered,India Post
CA-2016-103359,SHIP08512,Delivered,DTDC
CA-2016-144645,SHIP08513,Delivered,DTDC
CA-2017-141614,SHIP08514,Delivered,Ecom Express
CA-2015-122168,SHIP08515,Returned,Delhivery
CA-2015-122168,SHIP08516,Delivered,Delhivery
CA-2016-132899,SHIP08517,Cancelled,Delhivery
CA-2017-149720,SHIP08518,Cancelled,India Post
CA-2017-118003,SHIP08519,Delivered,XpressBees
CA-2017-118003,SHIP08520,Delivered,India Post
CA-2017-118003,SHIP08521,Cancelled,India Post
CA-2016-141887,SHIP08522,In Transit,Blue Dart
US-2016-160206,SHIP08523,Delivered,Delhivery
CA-2017-133074,SHIP08524,Delivered,Delhivery
CA-2017-161172,SHIP08525,Delivered,DTDC
CA-2017-161172,SHIP08526,Delivered,XpressBees
CA-2017-161172,SHIP08527,Delivered,Blue Dart
CA-2017-161172,SHIP08528,Cancelled,Delhivery
CA-2017-161172,SHIP08529,Delivered,DTDC
CA-2017-137624,SHIP08530,Returned,India Post
CA-2016-156748,SHIP08531,Delivered,DTDC
CA-2016-156748,SHIP08532,Delivered,Ecom Express
CA-2016-156748,SHIP08533,Delivered,DTDC
CA-2016-156748,SHIP08534,Returned,XpressBees
CA-2015-169677,SHIP08535,Delivered,DTDC
US-2014-163146,SHIP08536,Delivered,Blue Dart
CA-2015-157343,SHIP08537,In Transit,India Post
CA-2015-157343,SHIP08538,Delivered,India Post
CA-2015-157343,SHIP08539,Returned,DTDC
CA-2017-147354,SHIP08540,Delivered,Blue Dart
CA-2017-147354,SHIP08541,Delivered,Delhivery
CA-2015-157287,SHIP08542,Delivered,XpressBees
CA-2015-157287,SHIP08543,Delivered,XpressBees
CA-2014-137575,SHIP08544,Delivered,DTDC
CA-2016-119074,SHIP08545,Delivered,Blue Dart
CA-2016-119074,SHIP08546,Delivered,DTDC
CA-2016-119074,SHIP08547,Delivered,Blue Dart
CA-2015-149566,SHIP08548,Delivered,India Post
CA-2015-149566,SHIP08549,Delivered,DTDC
CA-2015-126186,SHIP08550,Delivered,India Post
CA-2015-121132,SHIP08551,Delivered,Ecom Express
CA-2015-121132,SHIP08552,Cancelled,DTDC
CA-2014-140473,SHIP08553,Delivered,XpressBees
US-2017-102904,SHIP08554,Returned,DTDC
CA-2016-102092,SHIP08555,Delivered,XpressBees
CA-2015-117884,SHIP08556,Delivered,Blue Dart
CA-2015-117884,SHIP08557,Delivered,Ecom Express
CA-2016-132829,SHIP08558,Delivered,India Post
CA-2016-132829,SHIP08559,In Transit,Blue Dart
CA-2016-132829,SHIP08560,Returned,DTDC
CA-2016-132829,SHIP08561,Delivered,Delhivery
CA-2016-132829,SHIP08562,Delivered,India Post
CA-2016-123540,SHIP08563,In Transit,Ecom Express
US-2017-108315,SHIP08564,Delivered,Ecom Express
US-2017-108315,SHIP08565,In Transit,Ecom Express
CA-2016-134110,SHIP08566,Delivered,DTDC
CA-2016-134110,SHIP08567,Delivered,India Post
US-2016-136581,SHIP08568,Delivered,Blue Dart
CA-2016-162390,SHIP08569,Delivered,XpressBees
CA-2016-162390,SHIP08570,In Transit,Delhivery
CA-2016-162390,SHIP08571,Delivered,Delhivery
CA-2016-162222,SHIP08572,In Transit,Delhivery
CA-2014-121629,SHIP08573,Delivered,Ecom Express
CA-2015-164623,SHIP08574,Delivered,DTDC
CA-2014-159849,SHIP08575,Delivered,DTDC
CA-2017-101273,SHIP08576,In Transit,DTDC
CA-2017-106747,SHIP08577,Delivered,DTDC
CA-2017-146164,SHIP08578,Returned,DTDC
CA-2017-146164,SHIP08579,Delivered,Delhivery
CA-2016-111605,SHIP08580,Delivered,Blue Dart
CA-2014-130673,SHIP08581,Delivered,India Post
CA-2014-130673,SHIP08582,Delivered,XpressBees
CA-2014-130673,SHIP08583,Delivered,XpressBees
CA-2014-130673,SHIP08584,Cancelled,Ecom Express
CA-2014-104808,SHIP08585,Delivered,XpressBees
US-2017-132927,SHIP08586,Delivered,India Post
CA-2017-162015,SHIP08587,Cancelled,Delhivery
CA-2017-162015,SHIP08588,Delivered,Blue Dart
CA-2015-138492,SHIP08589,Delivered,DTDC
CA-2017-145338,SHIP08590,Delivered,XpressBees
CA-2017-126676,SHIP08591,Cancelled,Delhivery
CA-2017-101700,SHIP08592,Delivered,DTDC
CA-2017-101700,SHIP08593,Cancelled,Blue Dart
CA-2017-159667,SHIP08594,Returned,DTDC
CA-2017-159667,SHIP08595,Delivered,XpressBees
CA-2014-111934,SHIP08596,Cancelled,DTDC
CA-2014-111934,SHIP08597,Delivered,Ecom Express
US-2016-117387,SHIP08598,Delivered,DTDC
CA-2014-141110,SHIP08599,Delivered,DTDC
CA-2014-141110,SHIP08600,Delivered,Delhivery
CA-2014-141110,SHIP08601,Delivered,India Post
CA-2014-141110,SHIP08602,Delivered,XpressBees
US-2014-133949,SHIP08603,Delivered,Blue Dart
US-2016-116365,SHIP08604,Delivered,India Post
US-2016-116365,SHIP08605,Delivered,XpressBees
US-2016-116365,SHIP08606,Delivered,Ecom Express
CA-2017-162936,SHIP08607,Delivered,India Post
CA-2014-151946,SHIP08608,In Transit,Blue Dart
CA-2014-151946,SHIP08609,Delivered,Ecom Express
CA-2014-151946,SHIP08610,In Transit,Delhivery
CA-2014-151946,SHIP08611,Cancelled,DTDC
CA-2017-123624,SHIP08612,Delivered,Delhivery
CA-2016-146437,SHIP08613,Delivered,DTDC
CA-2016-138233,SHIP08614,Cancelled,Ecom Express
CA-2016-165918,SHIP08615,In Transit,India Post
CA-2016-165918,SHIP08616,Delivered,DTDC
CA-2016-165918,SHIP08617,In Transit,XpressBees
CA-2016-165918,SHIP08618,Delivered,India Post
CA-2017-117513,SHIP08619,Delivered,Delhivery
CA-2017-132437,SHIP08620,Cancelled,Blue Dart
US-2017-119319,SHIP08621,Delivered,India Post
CA-2017-104318,SHIP08622,Delivered,Ecom Express
US-2016-114230,SHIP08623,Delivered,Ecom Express
CA-2015-136147,SHIP08624,Delivered,India Post
CA-2015-136147,SHIP08625,Delivered,Ecom Express
CA-2015-156118,SHIP08626,Delivered,Delhivery
CA-2015-164084,SHIP08627,Delivered,Delhivery
CA-2015-164084,SHIP08628,Returned,Ecom Express
CA-2015-164084,SHIP08629,Returned,India Post
CA-2015-164084,SHIP08630,Delivered,DTDC
CA-2015-164084,SHIP08631,In Transit,XpressBees
CA-2016-107783,SHIP08632,Delivered,Ecom Express
CA-2016-107783,SHIP08633,Delivered,Ecom Express
CA-2016-107783,SHIP08634,Cancelled,Blue Dart
CA-2017-159793,SHIP08635,Delivered,Delhivery
CA-2014-160094,SHIP08636,In Transit,XpressBees
CA-2014-160094,SHIP08637,Delivered,India Post
CA-2017-151281,SHIP08638,Returned,Delhivery
CA-2017-118346,SHIP08639,Delivered,Blue Dart
CA-2014-129819,SHIP08640,Delivered,Blue Dart
US-2017-148551,SHIP08641,Delivered,DTDC
CA-2017-147767,SHIP08642,Delivered,Blue Dart
CA-2015-108259,SHIP08643,Delivered,DTDC
CA-2015-108259,SHIP08644,Returned,DTDC
CA-2015-108259,SHIP08645,Delivered,DTDC
CA-2015-108259,SHIP08646,Returned,Delhivery
CA-2016-113341,SHIP08647,Delivered,Blue Dart
US-2015-131842,SHIP08648,Delivered,DTDC
CA-2016-164574,SHIP08649,Delivered,XpressBees
CA-2016-164574,SHIP08650,Delivered,XpressBees
CA-2014-142769,SHIP08651,Delivered,Blue Dart
CA-2014-142769,SHIP08652,Returned,Delhivery
CA-2014-142769,SHIP08653,Returned,Ecom Express
CA-2014-142769,SHIP08654,Cancelled,XpressBees
CA-2014-142769,SHIP08655,Delivered,Blue Dart
CA-2014-142769,SHIP08656,Delivered,Ecom Express
CA-2014-142769,SHIP08657,Delivered,India Post
CA-2014-142769,SHIP08658,Returned,Delhivery
CA-2016-168361,SHIP08659,Delivered,Blue Dart
CA-2016-153185,SHIP08660,In Transit,Ecom Express
CA-2017-124765,SHIP08661,Delivered,Delhivery
CA-2015-131856,SHIP08662,Cancelled,Ecom Express
CA-2015-131856,SHIP08663,In Transit,Blue Dart
CA-2015-131856,SHIP08664,Delivered,India Post
CA-2017-126634,SHIP08665,Delivered,DTDC
CA-2016-118500,SHIP08666,Delivered,Blue Dart
CA-2016-163951,SHIP08667,Delivered,India Post
CA-2016-149916,SHIP08668,In Transit,India Post
CA-2016-149916,SHIP08669,Delivered,Blue Dart
CA-2015-158918,SHIP08670,Delivered,Delhivery
US-2014-159611,SHIP08671,Delivered,Blue Dart
US-2014-159611,SHIP08672,Delivered,Delhivery
CA-2017-163265,SHIP08673,Delivered,Blue Dart
CA-2017-163265,SHIP08674,Returned,Ecom Express
CA-2017-163265,SHIP08675,Delivered,Delhivery
CA-2017-163265,SHIP08676,Delivered,DTDC
CA-2017-163265,SHIP08677,Delivered,Delhivery
CA-2017-141705,SHIP08678,In Transit,Ecom Express
CA-2016-112739,SHIP08679,Delivered,DTDC
CA-2016-112739,SHIP08680,Delivered,XpressBees
CA-2016-143805,SHIP08681,Delivered,Blue Dart
CA-2016-143805,SHIP08682,In Transit,India Post
CA-2014-133634,SHIP08683,Cancelled,DTDC
CA-2017-101665,SHIP08684,In Transit,Delhivery
CA-2016-155446,SHIP08685,Delivered,DTDC
CA-2017-137323,SHIP08686,Delivered,Ecom Express
CA-2016-144015,SHIP08687,In Transit,Ecom Express
CA-2016-144015,SHIP08688,Delivered,Ecom Express
CA-2016-144015,SHIP08689,Delivered,Ecom Express
CA-2014-101427,SHIP08690,Delivered,India Post
CA-2016-136770,SHIP08691,Delivered,DTDC
CA-2016-136770,SHIP08692,Delivered,DTDC
CA-2016-136770,SHIP08693,Delivered,DTDC
CA-2016-118311,SHIP08694,Delivered,XpressBees
US-2014-112795,SHIP08695,In Transit,XpressBees
CA-2017-127096,SHIP08696,Delivered,Delhivery
CA-2017-119284,SHIP08697,Delivered,Blue Dart
CA-2017-119284,SHIP08698,Delivered,XpressBees
CA-2017-119284,SHIP08699,Delivered,Ecom Express
CA-2017-119284,SHIP08700,Cancelled,XpressBees
CA-2017-119284,SHIP08701,Delivered,XpressBees
CA-2017-119284,SHIP08702,Delivered,Delhivery
CA-2017-119284,SHIP08703,Delivered,XpressBees
CA-2015-133494,SHIP08704,Cancelled,Ecom Express
CA-2016-111318,SHIP08705,Returned,XpressBees
US-2014-132745,SHIP08706,Returned,Blue Dart
CA-2014-146815,SHIP08707,Delivered,Delhivery
CA-2014-146815,SHIP08708,Delivered,Ecom Express
CA-2014-119144,SHIP08709,Delivered,India Post
CA-2014-119144,SHIP08710,Returned,XpressBees
CA-2014-119144,SHIP08711,In Transit,XpressBees
CA-2014-105648,SHIP08712,In Transit,Delhivery
US-2015-145422,SHIP08713,Returned,Blue Dart
CA-2017-136623,SHIP08714,Delivered,Blue Dart
CA-2017-136623,SHIP08715,Delivered,Blue Dart
CA-2017-121678,SHIP08716,Delivered,XpressBees
CA-2016-120824,SHIP08717,Delivered,India Post
CA-2016-120824,SHIP08718,Delivered,Blue Dart
CA-2016-120824,SHIP08719,Delivered,XpressBees
CA-2016-120824,SHIP08720,In Transit,Ecom Express
CA-2016-120824,SHIP08721,Returned,India Post
CA-2016-120824,SHIP08722,Delivered,Ecom Express
CA-2016-120824,SHIP08723,Cancelled,India Post
US-2016-135209,SHIP08724,Delivered,XpressBees
US-2016-135209,SHIP08725,In Transit,Delhivery
CA-2017-148145,SHIP08726,Delivered,Delhivery
CA-2015-103870,SHIP08727,In Transit,Ecom Express
CA-2015-103870,SHIP08728,Delivered,Blue Dart
CA-2015-103870,SHIP08729,Returned,XpressBees
CA-2015-103870,SHIP08730,Delivered,XpressBees
CA-2015-103870,SHIP08731,Delivered,Ecom Express
CA-2015-111017,SHIP08732,Delivered,India Post
CA-2017-116988,SHIP08733,Delivered,Delhivery
CA-2017-116988,SHIP08734,Cancelled,Delhivery
CA-2017-116988,SHIP08735,Delivered,XpressBees
US-2014-169390,SHIP08736,Delivered,India Post
CA-2016-168774,SHIP08737,Delivered,Delhivery
CA-2017-161592,SHIP08738,In Transit,Blue Dart
US-2017-131961,SHIP08739,Delivered,Blue Dart
US-2017-131961,SHIP08740,Delivered,XpressBees
CA-2016-102498,SHIP08741,Delivered,DTDC
CA-2015-113222,SHIP08742,Delivered,Delhivery
US-2015-144771,SHIP08743,Delivered,DTDC
US-2015-144771,SHIP08744,Cancelled,Blue Dart
CA-2015-162376,SHIP08745,Delivered,DTDC
CA-2015-162376,SHIP08746,Delivered,XpressBees
CA-2017-128076,SHIP08747,Delivered,Ecom Express
CA-2017-128076,SHIP08748,Delivered,Ecom Express
CA-2017-128076,SHIP08749,Delivered,XpressBees
US-2015-163825,SHIP08750,Delivered,India Post
US-2015-163825,SHIP08751,Delivered,Ecom Express
CA-2016-105662,SHIP08752,Delivered,Ecom Express
CA-2016-105662,SHIP08753,Delivered,Blue Dart
CA-2017-152198,SHIP08754,Delivered,Blue Dart
CA-2017-152198,SHIP08755,Delivered,Delhivery
CA-2017-152198,SHIP08756,Delivered,DTDC
CA-2016-114307,SHIP08757,Delivered,XpressBees
CA-2016-114307,SHIP08758,Delivered,Blue Dart
CA-2016-114307,SHIP08759,Delivered,Ecom Express
CA-2016-114307,SHIP08760,In Transit,Ecom Express
CA-2016-159891,SHIP08761,Delivered,India Post
CA-2016-159891,SHIP08762,Delivered,Blue Dart
CA-2016-112578,SHIP08763,Delivered,Delhivery
CA-2016-112578,SHIP08764,Delivered,DTDC
CA-2015-107083,SHIP08765,In Transit,Ecom Express
CA-2015-107083,SHIP08766,Delivered,Blue Dart
CA-2015-107083,SHIP08767,Delivered,Ecom Express
CA-2015-107083,SHIP08768,Delivered,XpressBees
CA-2015-151722,SHIP08769,Delivered,India Post
CA-2016-151148,SHIP08770,Delivered,XpressBees
CA-2016-151148,SHIP08771,Delivered,Blue Dart
CA-2017-115882,SHIP08772,Delivered,Delhivery
CA-2017-115882,SHIP08773,Delivered,India Post
CA-2015-132276,SHIP08774,Delivered,XpressBees
CA-2015-132276,SHIP08775,Cancelled,XpressBees
CA-2016-163636,SHIP08776,Delivered,Delhivery
CA-2016-102813,SHIP08777,Cancelled,DTDC
CA-2016-102813,SHIP08778,Delivered,Ecom Express
CA-2017-135377,SHIP08779,Delivered,India Post
CA-2015-165813,SHIP08780,In Transit,DTDC
CA-2015-133585,SHIP08781,Delivered,India Post
CA-2015-133585,SHIP08782,Delivered,Blue Dart
CA-2016-116911,SHIP08783,Delivered,Delhivery
CA-2016-116911,SHIP08784,Delivered,Delhivery
US-2017-129224,SHIP08785,In Transit,XpressBees
CA-2017-145765,SHIP08786,Delivered,India Post
CA-2017-145765,SHIP08787,Cancelled,XpressBees
CA-2017-145765,SHIP08788,Delivered,India Post
CA-2017-126914,SHIP08789,Cancelled,India Post
CA-2017-126914,SHIP08790,Cancelled,Ecom Express
CA-2015-169572,SHIP08791,In Transit,India Post
CA-2017-162075,SHIP08792,Cancelled,Ecom Express
CA-2014-162992,SHIP08793,Returned,India Post
CA-2014-162992,SHIP08794,Returned,Delhivery
CA-2014-162992,SHIP08795,Delivered,DTDC
CA-2014-162992,SHIP08796,Delivered,Delhivery
CA-2016-106397,SHIP08797,Delivered,Blue Dart
CA-2016-106397,SHIP08798,Delivered,XpressBees
US-2016-150140,SHIP08799,Delivered,India Post
CA-2014-116666,SHIP08800,Delivered,DTDC
CA-2017-148992,SHIP08801,Delivered,Ecom Express
CA-2016-140935,SHIP08802,Delivered,DTDC
CA-2016-140935,SHIP08803,Delivered,India Post
CA-2014-157644,SHIP08804,Delivered,DTDC
CA-2014-157644,SHIP08805,Delivered,Blue Dart
US-2017-100398,SHIP08806,Delivered,Delhivery
CA-2016-113082,SHIP08807,Delivered,India Post
US-2017-110646,SHIP08808,In Transit,India Post
US-2017-110646,SHIP08809,Delivered,XpressBees
US-2017-110646,SHIP08810,Delivered,Delhivery
CA-2017-120614,SHIP08811,Cancelled,Delhivery
US-2016-140172,SHIP08812,Cancelled,DTDC
US-2016-140172,SHIP08813,Delivered,Blue Dart
CA-2015-127754,SHIP08814,Returned,Blue Dart
CA-2015-144274,SHIP08815,Delivered,Delhivery
CA-2015-144274,SHIP08816,Cancelled,Delhivery
CA-2015-144274,SHIP08817,Delivered,India Post
CA-2015-144274,SHIP08818,Delivered,DTDC
CA-2015-144274,SHIP08819,Delivered,DTDC
CA-2015-142930,SHIP08820,Delivered,Delhivery
CA-2017-100622,SHIP08821,Returned,India Post
CA-2017-100622,SHIP08822,Delivered,XpressBees
CA-2017-100622,SHIP08823,Returned,Delhivery
CA-2017-100622,SHIP08824,Delivered,Delhivery
CA-2017-117156,SHIP08825,Delivered,XpressBees
CA-2015-115399,SHIP08826,Delivered,Blue Dart
US-2014-157847,SHIP08827,Delivered,Delhivery
US-2014-157847,SHIP08828,Delivered,Blue Dart
CA-2015-115168,SHIP08829,Delivered,Blue Dart
CA-2014-109680,SHIP08830,Delivered,DTDC
CA-2016-167983,SHIP08831,Delivered,Ecom Express
CA-2015-145324,SHIP08832,Delivered,Ecom Express
CA-2015-153423,SHIP08833,Delivered,India Post
US-2017-132675,SHIP08834,Delivered,Delhivery
US-2017-132675,SHIP08835,Delivered,Blue Dart
US-2017-132675,SHIP08836,Delivered,Delhivery
US-2017-132675,SHIP08837,Delivered,Blue Dart
US-2017-132675,SHIP08838,Cancelled,Delhivery
CA-2014-153808,SHIP08839,Delivered,DTDC
CA-2014-153808,SHIP08840,Delivered,Delhivery
CA-2014-153808,SHIP08841,Delivered,Ecom Express
US-2016-112396,SHIP08842,Delivered,India Post
US-2016-112396,SHIP08843,Delivered,DTDC
CA-2014-141173,SHIP08844,In Transit,XpressBees
CA-2017-156664,SHIP08845,Delivered,Ecom Express
CA-2017-156664,SHIP08846,Cancelled,Blue Dart
CA-2017-156664,SHIP08847,Returned,India Post
CA-2017-156664,SHIP08848,Cancelled,DTDC
CA-2015-140718,SHIP08849,Delivered,Blue Dart
CA-2015-140718,SHIP08850,Delivered,India Post
CA-2015-140718,SHIP08851,Delivered,DTDC
CA-2015-140718,SHIP08852,In Transit,Delhivery
CA-2014-119977,SHIP08853,Delivered,Ecom Express
US-2015-115343,SHIP08854,Cancelled,Ecom Express
US-2015-115343,SHIP08855,Returned,DTDC
CA-2017-163671,SHIP08856,Cancelled,Delhivery
CA-2017-135909,SHIP08857,Delivered,India Post
CA-2017-135909,SHIP08858,Delivered,Ecom Express
CA-2017-135909,SHIP08859,Delivered,Ecom Express
US-2017-114356,SHIP08860,Delivered,Delhivery
CA-2015-125934,SHIP08861,Cancelled,DTDC
CA-2015-125934,SHIP08862,Delivered,India Post
CA-2015-125934,SHIP08863,Delivered,DTDC
CA-2015-125934,SHIP08864,In Transit,Delhivery
CA-2015-125934,SHIP08865,Delivered,XpressBees
CA-2015-158148,SHIP08866,Delivered,Blue Dart
CA-2014-120411,SHIP08867,Returned,XpressBees
CA-2014-120411,SHIP08868,Delivered,XpressBees
CA-2016-158260,SHIP08869,Delivered,DTDC
CA-2017-101805,SHIP08870,Returned,Ecom Express
CA-2017-101805,SHIP08871,Delivered,India Post
CA-2017-101805,SHIP08872,Delivered,XpressBees
US-2014-105137,SHIP08873,In Transit,Delhivery
US-2014-105137,SHIP08874,Returned,India Post
CA-2017-142489,SHIP08875,Cancelled,Ecom Express
US-2016-141264,SHIP08876,In Transit,Delhivery
US-2016-141264,SHIP08877,Returned,XpressBees
CA-2017-126928,SHIP08878,Cancelled,DTDC
CA-2017-126928,SHIP08879,Returned,XpressBees
US-2015-107944,SHIP08880,Delivered,India Post
US-2015-107944,SHIP08881,Delivered,Blue Dart
CA-2016-135594,SHIP08882,Returned,XpressBees
US-2017-115252,SHIP08883,Delivered,XpressBees
US-2017-115252,SHIP08884,Delivered,Blue Dart
CA-2014-107398,SHIP08885,Delivered,Blue Dart
CA-2014-107398,SHIP08886,In Transit,India Post
CA-2014-107398,SHIP08887,Delivered,Delhivery
CA-2014-169642,SHIP08888,Delivered,India Post
CA-2017-103968,SHIP08889,Delivered,Ecom Express
CA-2016-147256,SHIP08890,Delivered,DTDC
CA-2016-147256,SHIP08891,Cancelled,XpressBees
CA-2016-162159,SHIP08892,Delivered,Blue Dart
CA-2015-111038,SHIP08893,Delivered,Ecom Express
CA-2014-124723,SHIP08894,Cancelled,Delhivery
CA-2016-167241,SHIP08895,Cancelled,Blue Dart
CA-2016-167241,SHIP08896,Returned,Delhivery
CA-2016-167241,SHIP08897,Delivered,DTDC
CA-2016-167241,SHIP08898,Returned,Blue Dart
CA-2015-163237,SHIP08899,Cancelled,Delhivery
CA-2015-163237,SHIP08900,Delivered,India Post
CA-2016-150483,SHIP08901,Delivered,India Post
CA-2016-150483,SHIP08902,Delivered,DTDC
CA-2016-150483,SHIP08903,Delivered,India Post
CA-2016-150483,SHIP08904,In Transit,XpressBees
US-2016-126431,SHIP08905,Returned,Ecom Express
US-2016-126431,SHIP08906,Delivered,India Post
US-2016-126431,SHIP08907,Delivered,India Post
CA-2016-139934,SHIP08908,Returned,XpressBees
CA-2015-109603,SHIP08909,Delivered,DTDC
CA-2017-160661,SHIP08910,Delivered,Ecom Express
CA-2017-102610,SHIP08911,Delivered,Delhivery
CA-2017-102610,SHIP08912,Delivered,Blue Dart
CA-2017-102610,SHIP08913,Delivered,XpressBees
CA-2017-102610,SHIP08914,Cancelled,Delhivery
US-2016-144057,SHIP08915,Delivered,Delhivery
US-2016-144057,SHIP08916,Delivered,Ecom Express
US-2016-144057,SHIP08917,Delivered,Blue Dart
US-2016-144057,SHIP08918,Delivered,Ecom Express
US-2016-144057,SHIP08919,Cancelled,India Post
CA-2014-160276,SHIP08920,Returned,DTDC
CA-2014-132983,SHIP08921,Delivered,DTDC
CA-2016-145709,SHIP08922,Cancelled,India Post
CA-2016-145709,SHIP08923,Returned,Delhivery
CA-2017-133928,SHIP08924,Delivered,DTDC
CA-2016-168032,SHIP08925,Delivered,DTDC
CA-2016-168032,SHIP08926,Delivered,Delhivery
CA-2016-168032,SHIP08927,Delivered,Blue Dart
CA-2015-143616,SHIP08928,Delivered,Blue Dart
US-2015-168704,SHIP08929,Delivered,XpressBees
US-2015-168704,SHIP08930,Delivered,India Post
US-2015-168704,SHIP08931,Delivered,Delhivery
CA-2017-143252,SHIP08932,Returned,Ecom Express
CA-2017-143252,SHIP08933,Returned,India Post
CA-2016-102134,SHIP08934,Delivered,Ecom Express
CA-2017-130036,SHIP08935,Delivered,Ecom Express
CA-2017-130036,SHIP08936,Delivered,DTDC
CA-2015-134117,SHIP08937,Delivered,XpressBees
CA-2015-134117,SHIP08938,Delivered,Blue Dart
CA-2015-134117,SHIP08939,Delivered,India Post
CA-2015-134117,SHIP08940,In Transit,Delhivery
CA-2014-130918,SHIP08941,Delivered,Ecom Express
CA-2016-159023,SHIP08942,Delivered,XpressBees
CA-2016-159023,SHIP08943,Delivered,XpressBees
CA-2017-111717,SHIP08944,Delivered,Ecom Express
CA-2014-154592,SHIP08945,Delivered,Blue Dart
CA-2014-128622,SHIP08946,Delivered,Blue Dart
CA-2017-148355,SHIP08947,Delivered,DTDC
CA-2017-148355,SHIP08948,Cancelled,DTDC
CA-2014-132913,SHIP08949,Delivered,DTDC
CA-2017-150910,SHIP08950,Delivered,DTDC
CA-2017-150910,SHIP08951,Cancelled,Blue Dart
CA-2017-150910,SHIP08952,Delivered,Ecom Express
CA-2017-150910,SHIP08953,Delivered,Blue Dart
CA-2017-150910,SHIP08954,Delivered,DTDC
CA-2014-156790,SHIP08955,Cancelled,Blue Dart
CA-2014-126480,SHIP08956,Delivered,Ecom Express
CA-2017-105620,SHIP08957,Delivered,Delhivery
CA-2017-105620,SHIP08958,Delivered,India Post
CA-2017-150266,SHIP08959,Delivered,DTDC
CA-2017-150266,SHIP08960,Delivered,Delhivery
CA-2017-150266,SHIP08961,In Transit,Delhivery
CA-2017-150266,SHIP08962,Delivered,DTDC
CA-2016-157280,SHIP08963,Delivered,DTDC
CA-2016-157280,SHIP08964,Delivered,India Post
CA-2016-157280,SHIP08965,Delivered,Ecom Express
CA-2017-106691,SHIP08966,Returned,DTDC
CA-2016-134180,SHIP08967,Delivered,Delhivery
CA-2016-134180,SHIP08968,Cancelled,Delhivery
CA-2014-166730,SHIP08969,Cancelled,Blue Dart
CA-2017-157469,SHIP08970,Delivered,India Post
CA-2017-157469,SHIP08971,Delivered,XpressBees
CA-2017-122308,SHIP08972,Delivered,XpressBees
US-2014-149034,SHIP08973,Delivered,XpressBees
CA-2017-159226,SHIP08974,Delivered,India Post
CA-2017-156622,SHIP08975,Delivered,DTDC
CA-2017-156622,SHIP08976,Delivered,XpressBees
CA-2017-156622,SHIP08977,Cancelled,XpressBees
CA-2017-156622,SHIP08978,Delivered,India Post
CA-2014-119529,SHIP08979,Cancelled,Blue Dart
CA-2015-150413,SHIP08980,Delivered,Blue Dart
CA-2014-108182,SHIP08981,Delivered,DTDC
CA-2016-110898,SHIP08982,Delivered,Ecom Express
CA-2016-110898,SHIP08983,Returned,Blue Dart
CA-2016-110898,SHIP08984,Delivered,Ecom Express
CA-2016-110898,SHIP08985,Delivered,Blue Dart
CA-2015-123092,SHIP08986,Delivered,Blue Dart
CA-2015-123092,SHIP08987,Delivered,Blue Dart
CA-2015-123092,SHIP08988,Delivered,Blue Dart
CA-2015-123092,SHIP08989,Delivered,Delhivery
US-2015-128587,SHIP08990,Delivered,Blue Dart
US-2015-128587,SHIP08991,Returned,DTDC
US-2017-139577,SHIP08992,Delivered,Delhivery
CA-2017-159100,SHIP08993,Delivered,DTDC
CA-2017-159100,SHIP08994,Cancelled,Blue Dart
CA-2014-109043,SHIP08995,Delivered,XpressBees
CA-2014-109043,SHIP08996,Delivered,Ecom Express
US-2017-116491,SHIP08997,Cancelled,XpressBees
CA-2017-122763,SHIP08998,Delivered,India Post
CA-2017-122763,SHIP08999,Cancelled,DTDC
CA-2017-137785,SHIP09000,Delivered,Blue Dart
CA-2014-133389,SHIP09001,Delivered,Ecom Express
CA-2014-103807,SHIP09002,Delivered,Delhivery
CA-2014-103807,SHIP09003,Delivered,Ecom Express
CA-2015-102855,SHIP09004,Returned,Ecom Express
CA-2015-102855,SHIP09005,Delivered,DTDC
CA-2017-107825,SHIP09006,Delivered,Blue Dart
CA-2017-107825,SHIP09007,Delivered,DTDC
CA-2017-107825,SHIP09008,Delivered,XpressBees
CA-2017-107825,SHIP09009,Returned,Ecom Express
CA-2017-106047,SHIP09010,Delivered,Ecom Express
CA-2017-127803,SHIP09011,Cancelled,XpressBees
CA-2015-137071,SHIP09012,In Transit,Delhivery
CA-2016-121447,SHIP09013,Delivered,XpressBees
CA-2017-143084,SHIP09014,Delivered,Delhivery
CA-2017-143084,SHIP09015,Delivered,Blue Dart
CA-2016-131639,SHIP09016,Returned,DTDC
CA-2016-131639,SHIP09017,Delivered,Blue Dart
CA-2016-161361,SHIP09018,Delivered,DTDC
CA-2016-161361,SHIP09019,Delivered,Delhivery
CA-2014-100706,SHIP09020,Delivered,XpressBees
CA-2014-100706,SHIP09021,In Transit,XpressBees
CA-2015-129525,SHIP09022,Cancelled,XpressBees
US-2016-141880,SHIP09023,Returned,DTDC
CA-2015-165799,SHIP09024,Delivered,XpressBees
CA-2016-102127,SHIP09025,Delivered,XpressBees
CA-2016-102127,SHIP09026,Delivered,Ecom Express
CA-2016-102127,SHIP09027,Delivered,Ecom Express
US-2016-152415,SHIP09028,Returned,XpressBees
US-2016-152415,SHIP09029,Returned,Delhivery
CA-2014-138198,SHIP09030,Delivered,Delhivery
CA-2017-128041,SHIP09031,Delivered,Blue Dart
CA-2017-128041,SHIP09032,Delivered,India Post
CA-2017-105823,SHIP09033,Delivered,XpressBees
CA-2014-152268,SHIP09034,Delivered,Delhivery
CA-2015-148873,SHIP09035,In Transit,XpressBees
CA-2015-148873,SHIP09036,Delivered,Blue Dart
CA-2015-166492,SHIP09037,Delivered,India Post
CA-2015-166492,SHIP09038,Delivered,XpressBees
CA-2017-157420,SHIP09039,Delivered,Delhivery
CA-2016-117121,SHIP09040,Delivered,Ecom Express
CA-2014-138177,SHIP09041,Cancelled,Blue Dart
CA-2014-114335,SHIP09042,Delivered,Delhivery
CA-2015-168760,SHIP09043,Delivered,Ecom Express
CA-2016-168830,SHIP09044,In Transit,Ecom Express
CA-2017-137463,SHIP09045,Delivered,Ecom Express
CA-2017-137463,SHIP09046,Delivered,Blue Dart
CA-2017-137463,SHIP09047,Delivered,Blue Dart
CA-2017-137463,SHIP09048,Delivered,Ecom Express
CA-2017-137463,SHIP09049,Delivered,India Post
CA-2014-124513,SHIP09050,Cancelled,India Post
CA-2015-165554,SHIP09051,In Transit,Delhivery
CA-2014-141838,SHIP09052,Delivered,Delhivery
CA-2014-141838,SHIP09053,Delivered,Blue Dart
CA-2014-141838,SHIP09054,In Transit,India Post
CA-2017-117009,SHIP09055,Cancelled,Blue Dart
CA-2015-128993,SHIP09056,In Transit,Ecom Express
CA-2015-160227,SHIP09057,Delivered,India Post
CA-2015-149097,SHIP09058,Delivered,Blue Dart
CA-2015-149097,SHIP09059,In Transit,Delhivery
CA-2016-132304,SHIP09060,Delivered,XpressBees
CA-2015-136420,SHIP09061,Delivered,Delhivery
CA-2015-136420,SHIP09062,Delivered,DTDC
CA-2016-101623,SHIP09063,Returned,Ecom Express
US-2014-151015,SHIP09064,Delivered,Ecom Express
US-2014-151015,SHIP09065,Delivered,Delhivery
US-2014-151015,SHIP09066,Delivered,DTDC
CA-2017-152968,SHIP09067,Delivered,DTDC
CA-2016-150077,SHIP09068,In Transit,Blue Dart
CA-2016-106278,SHIP09069,In Transit,Ecom Express
CA-2016-106278,SHIP09070,Delivered,India Post
CA-2017-147550,SHIP09071,Delivered,XpressBees
CA-2015-136105,SHIP09072,Delivered,Blue Dart
CA-2016-142524,SHIP09073,Delivered,Ecom Express
CA-2016-142524,SHIP09074,Delivered,Blue Dart
CA-2014-136336,SHIP09075,Delivered,Delhivery
US-2015-136259,SHIP09076,Returned,India Post
US-2015-136259,SHIP09077,Delivered,XpressBees
US-2014-124625,SHIP09078,Delivered,XpressBees
CA-2016-108105,SHIP09079,Delivered,India Post
CA-2016-108105,SHIP09080,In Transit,DTDC
CA-2017-166898,SHIP09081,Delivered,India Post
CA-2017-166898,SHIP09082,Delivered,DTDC
CA-2017-169005,SHIP09083,Delivered,Blue Dart
CA-2015-104038,SHIP09084,Delivered,XpressBees
CA-2015-104038,SHIP09085,Delivered,Delhivery
CA-2016-126102,SHIP09086,In Transit,Delhivery
CA-2016-143406,SHIP09087,Delivered,Blue Dart
CA-2016-143406,SHIP09088,Delivered,India Post
CA-2015-150308,SHIP09089,Delivered,India Post
CA-2016-131093,SHIP09090,Delivered,Ecom Express
US-2017-148831,SHIP09091,Returned,Ecom Express
CA-2015-162950,SHIP09092,Delivered,Ecom Express
CA-2015-162950,SHIP09093,Cancelled,India Post
US-2015-132836,SHIP09094,Delivered,Ecom Express
US-2015-132836,SHIP09095,Delivered,Blue Dart
US-2015-132836,SHIP09096,Delivered,Blue Dart
US-2015-132836,SHIP09097,In Transit,India Post
US-2014-158365,SHIP09098,Cancelled,Blue Dart
CA-2017-152933,SHIP09099,Delivered,Delhivery
CA-2017-152933,SHIP09100,Delivered,DTDC
CA-2017-152933,SHIP09101,Cancelled,XpressBees
CA-2015-163181,SHIP09102,Delivered,India Post
CA-2015-163181,SHIP09103,Delivered,DTDC
CA-2015-163181,SHIP09104,Delivered,DTDC
CA-2015-163181,SHIP09105,Cancelled,Delhivery
CA-2015-163181,SHIP09106,Delivered,XpressBees
CA-2015-163181,SHIP09107,Cancelled,DTDC
CA-2015-132941,SHIP09108,Cancelled,Ecom Express
CA-2015-132941,SHIP09109,Delivered,Blue Dart
CA-2015-132941,SHIP09110,Delivered,Ecom Express
CA-2014-132010,SHIP09111,Delivered,Ecom Express
CA-2014-132010,SHIP09112,In Transit,DTDC
CA-2014-132010,SHIP09113,Returned,India Post
CA-2014-132010,SHIP09114,Delivered,India Post
CA-2016-135461,SHIP09115,Cancelled,Delhivery
CA-2017-153045,SHIP09116,Delivered,Delhivery
CA-2017-153045,SHIP09117,Delivered,Blue Dart
CA-2017-153045,SHIP09118,Delivered,DTDC
CA-2017-153045,SHIP09119,Delivered,Delhivery
US-2016-155971,SHIP09120,Cancelled,XpressBees
US-2016-155971,SHIP09121,Delivered,DTDC
CA-2017-122007,SHIP09122,Delivered,Delhivery
CA-2017-162250,SHIP09123,Delivered,Blue Dart
US-2016-158288,SHIP09124,Cancelled,India Post
CA-2016-128916,SHIP09125,Delivered,Ecom Express
CA-2016-128916,SHIP09126,Delivered,India Post
CA-2015-157028,SHIP09127,Delivered,Blue Dart
CA-2017-112473,SHIP09128,Delivered,Blue Dart
US-2017-147655,SHIP09129,Delivered,Ecom Express
CA-2016-130911,SHIP09130,Delivered,Blue Dart
CA-2016-130911,SHIP09131,In Transit,Blue Dart
CA-2017-100055,SHIP09132,Delivered,Delhivery
CA-2017-100055,SHIP09133,Delivered,Delhivery
CA-2015-157805,SHIP09134,Returned,India Post
CA-2016-124254,SHIP09135,Delivered,India Post
CA-2016-124254,SHIP09136,Delivered,XpressBees
CA-2016-124254,SHIP09137,Returned,XpressBees
CA-2014-123400,SHIP09138,In Transit,DTDC
CA-2014-123400,SHIP09139,Delivered,XpressBees
CA-2014-106971,SHIP09140,Delivered,Delhivery
CA-2017-123029,SHIP09141,Cancelled,India Post
CA-2016-139409,SHIP09142,In Transit,India Post
US-2017-166688,SHIP09143,Returned,Delhivery
US-2017-166688,SHIP09144,Delivered,Blue Dart
US-2017-166688,SHIP09145,Delivered,DTDC
CA-2015-126970,SHIP09146,Delivered,XpressBees
US-2016-165505,SHIP09147,Delivered,DTDC
US-2016-165505,SHIP09148,In Transit,Delhivery
US-2016-165505,SHIP09149,Delivered,Delhivery
US-2014-157070,SHIP09150,Delivered,Blue Dart
US-2014-157070,SHIP09151,Delivered,Delhivery
US-2015-106873,SHIP09152,Returned,Blue Dart
US-2015-106873,SHIP09153,Cancelled,India Post
US-2015-106873,SHIP09154,Returned,DTDC
CA-2016-132990,SHIP09155,Delivered,Ecom Express
CA-2014-102645,SHIP09156,Delivered,Blue Dart
CA-2014-134215,SHIP09157,Delivered,Ecom Express
CA-2014-134215,SHIP09158,Cancelled,Delhivery
CA-2014-134215,SHIP09159,Returned,India Post
CA-2016-118934,SHIP09160,Delivered,Ecom Express
CA-2016-118934,SHIP09161,Cancelled,Blue Dart
CA-2016-160108,SHIP09162,Delivered,Delhivery
CA-2016-160108,SHIP09163,Returned,DTDC
CA-2015-164007,SHIP09164,Delivered,DTDC
CA-2015-164007,SHIP09165,Delivered,Ecom Express
CA-2016-100300,SHIP09166,Delivered,XpressBees
CA-2016-100300,SHIP09167,Delivered,XpressBees
CA-2016-100300,SHIP09168,Delivered,India Post
CA-2016-140571,SHIP09169,Delivered,India Post
CA-2016-140571,SHIP09170,Cancelled,XpressBees
US-2016-155768,SHIP09171,Delivered,Blue Dart
US-2016-155768,SHIP09172,Delivered,Delhivery
US-2016-155768,SHIP09173,Delivered,Blue Dart
US-2016-155768,SHIP09174,In Transit,India Post
CA-2017-119424,SHIP09175,Returned,XpressBees
CA-2017-119424,SHIP09176,Cancelled,Ecom Express
CA-2016-118178,SHIP09177,Delivered,India Post
CA-2016-166618,SHIP09178,Delivered,DTDC
CA-2016-166618,SHIP09179,Cancelled,India Post
CA-2017-156776,SHIP09180,Returned,Ecom Express
CA-2017-156776,SHIP09181,Delivered,DTDC
CA-2017-156776,SHIP09182,Delivered,Delhivery
CA-2017-156776,SHIP09183,Delivered,DTDC
CA-2017-156776,SHIP09184,Delivered,DTDC
CA-2017-156776,SHIP09185,In Transit,Blue Dart
CA-2017-156776,SHIP09186,Delivered,Ecom Express
CA-2017-156776,SHIP09187,Delivered,Delhivery
US-2015-130512,SHIP09188,Returned,DTDC
US-2015-130512,SHIP09189,Delivered,Blue Dart
US-2015-130512,SHIP09190,Returned,Blue Dart
US-2015-130512,SHIP09191,Delivered,India Post
US-2015-130512,SHIP09192,Delivered,Blue Dart
CA-2015-141810,SHIP09193,Cancelled,DTDC
CA-2015-141810,SHIP09194,Delivered,Delhivery
CA-2014-146843,SHIP09195,Delivered,Delhivery
CA-2014-146843,SHIP09196,Delivered,Blue Dart
CA-2014-103310,SHIP09197,Delivered,Delhivery
CA-2014-103310,SHIP09198,Delivered,Blue Dart
CA-2014-103310,SHIP09199,Delivered,DTDC
CA-2014-103310,SHIP09200,Delivered,Delhivery
CA-2016-152688,SHIP09201,Cancelled,Blue Dart
CA-2016-152688,SHIP09202,Delivered,DTDC
CA-2016-153836,SHIP09203,Delivered,Blue Dart
CA-2016-153836,SHIP09204,Delivered,India Post
CA-2016-104689,SHIP09205,Delivered,Blue Dart
CA-2016-146423,SHIP09206,Delivered,India Post
CA-2016-146423,SHIP09207,In Transit,Ecom Express
CA-2017-140781,SHIP09208,Cancelled,DTDC
CA-2017-141747,SHIP09209,Delivered,DTDC
CA-2017-142776,SHIP09210,Cancelled,Blue Dart
CA-2017-142776,SHIP09211,Cancelled,Delhivery
CA-2015-167479,SHIP09212,Delivered,DTDC
CA-2014-144071,SHIP09213,Returned,DTDC
CA-2014-144071,SHIP09214,Delivered,India Post
US-2017-120908,SHIP09215,Delivered,XpressBees
CA-2016-152646,SHIP09216,Delivered,Blue Dart
CA-2017-103765,SHIP09217,Delivered,Ecom Express
US-2017-118157,SHIP09218,Delivered,India Post
US-2015-164238,SHIP09219,Delivered,Delhivery
US-2015-164238,SHIP09220,Delivered,India Post
CA-2017-103212,SHIP09221,Returned,Blue Dart
CA-2017-103212,SHIP09222,Cancelled,Ecom Express
CA-2017-103212,SHIP09223,Delivered,Blue Dart
CA-2017-121160,SHIP09224,In Transit,Ecom Express
CA-2017-121160,SHIP09225,Delivered,Blue Dart
CA-2017-121160,SHIP09226,Delivered,Blue Dart
CA-2017-121160,SHIP09227,Returned,India Post
CA-2017-140515,SHIP09228,Delivered,XpressBees
CA-2014-153619,SHIP09229,Delivered,Ecom Express
CA-2017-133718,SHIP09230,Delivered,Blue Dart
CA-2017-133718,SHIP09231,Delivered,Blue Dart
CA-2014-148383,SHIP09232,Returned,Delhivery
CA-2016-126732,SHIP09233,Delivered,Ecom Express
CA-2016-126732,SHIP09234,Delivered,India Post
CA-2016-126732,SHIP09235,Returned,India Post
CA-2016-126732,SHIP09236,Delivered,Ecom Express
CA-2016-126732,SHIP09237,Delivered,XpressBees
CA-2016-126732,SHIP09238,Delivered,XpressBees
CA-2017-138156,SHIP09239,Delivered,XpressBees
CA-2017-110310,SHIP09240,Delivered,DTDC
CA-2017-110310,SHIP09241,In Transit,XpressBees
CA-2017-110310,SHIP09242,Delivered,India Post
CA-2014-113271,SHIP09243,Cancelled,XpressBees
CA-2014-113271,SHIP09244,Delivered,Blue Dart
CA-2014-113271,SHIP09245,Returned,DTDC
CA-2014-113271,SHIP09246,Delivered,XpressBees
CA-2017-130106,SHIP09247,Delivered,DTDC
CA-2017-130106,SHIP09248,Returned,India Post
CA-2016-127761,SHIP09249,Delivered,XpressBees
CA-2016-127761,SHIP09250,Delivered,Ecom Express
CA-2016-105354,SHIP09251,Delivered,Delhivery
CA-2017-155712,SHIP09252,Delivered,DTDC
CA-2017-102309,SHIP09253,Cancelled,Ecom Express
CA-2017-102309,SHIP09254,Delivered,XpressBees
CA-2014-168368,SHIP09255,Delivered,Blue Dart
CA-2014-168368,SHIP09256,Delivered,DTDC
CA-2014-168368,SHIP09257,Returned,Ecom Express
CA-2014-168368,SHIP09258,Delivered,Ecom Express
CA-2014-168368,SHIP09259,Delivered,XpressBees
CA-2014-168368,SHIP09260,Delivered,India Post
CA-2017-167976,SHIP09261,Delivered,Blue Dart
CA-2017-111388,SHIP09262,Delivered,Blue Dart
CA-2015-124499,SHIP09263,Delivered,India Post
CA-2015-124499,SHIP09264,Delivered,India Post
US-2017-128118,SHIP09265,In Transit,Blue Dart
US-2017-128118,SHIP09266,Cancelled,DTDC
CA-2014-125759,SHIP09267,Delivered,India Post
CA-2015-151869,SHIP09268,Delivered,DTDC
CA-2015-151869,SHIP09269,Delivered,XpressBees
US-2017-102183,SHIP09270,Delivered,DTDC
US-2017-102183,SHIP09271,Delivered,Ecom Express
CA-2016-100510,SHIP09272,Cancelled,Blue Dart
CA-2016-100510,SHIP09273,Cancelled,Delhivery
CA-2017-146983,SHIP09274,Returned,Delhivery
US-2014-134054,SHIP09275,Delivered,India Post
CA-2016-113236,SHIP09276,Delivered,Ecom Express
CA-2016-113236,SHIP09277,Delivered,Blue Dart
CA-2017-122539,SHIP09278,Delivered,Delhivery
CA-2017-122539,SHIP09279,Delivered,XpressBees
CA-2017-122539,SHIP09280,Returned,Delhivery
CA-2016-166772,SHIP09281,Delivered,Delhivery
US-2017-152898,SHIP09282,Delivered,Blue Dart
CA-2016-160486,SHIP09283,Delivered,Blue Dart
CA-2017-102218,SHIP09284,Returned,DTDC
CA-2014-161032,SHIP09285,Returned,Blue Dart
CA-2015-102778,SHIP09286,Delivered,Blue Dart
CA-2017-154011,SHIP09287,Delivered,India Post
CA-2017-154011,SHIP09288,Delivered,Delhivery
US-2017-165456,SHIP09289,Delivered,DTDC
CA-2014-111857,SHIP09290,Delivered,XpressBees
CA-2014-163650,SHIP09291,Delivered,DTDC
CA-2014-163650,SHIP09292,In Transit,Ecom Express
CA-2017-124114,SHIP09293,Delivered,XpressBees
US-2017-116505,SHIP09294,Delivered,India Post
CA-2017-161340,SHIP09295,Cancelled,Delhivery
CA-2017-161340,SHIP09296,Delivered,Ecom Express
US-2015-163433,SHIP09297,Delivered,XpressBees
US-2015-163433,SHIP09298,Delivered,XpressBees
US-2015-163433,SHIP09299,Delivered,DTDC
US-2015-163433,SHIP09300,Delivered,Blue Dart
US-2015-163433,SHIP09301,In Transit,Delhivery
US-2015-163433,SHIP09302,Delivered,India Post
US-2015-163433,SHIP09303,Delivered,XpressBees
US-2015-163433,SHIP09304,In Transit,Blue Dart
US-2015-163433,SHIP09305,Delivered,XpressBees
CA-2015-137603,SHIP09306,Delivered,Blue Dart
CA-2014-128237,SHIP09307,Cancelled,Ecom Express
CA-2014-128237,SHIP09308,In Transit,India Post
CA-2014-128237,SHIP09309,Delivered,XpressBees
CA-2014-128237,SHIP09310,Delivered,Delhivery
US-2016-102141,SHIP09311,Delivered,India Post
CA-2017-148642,SHIP09312,Cancelled,DTDC
CA-2017-148642,SHIP09313,Delivered,Ecom Express
CA-2015-111948,SHIP09314,Delivered,India Post
CA-2015-111948,SHIP09315,Delivered,DTDC
CA-2016-161907,SHIP09316,Delivered,India Post
CA-2016-161907,SHIP09317,Returned,XpressBees
CA-2017-124940,SHIP09318,Returned,Ecom Express
US-2017-108343,SHIP09319,Delivered,Ecom Express
US-2017-108343,SHIP09320,Delivered,XpressBees
US-2017-108343,SHIP09321,Delivered,DTDC
US-2016-111563,SHIP09322,Delivered,XpressBees
US-2016-111563,SHIP09323,Delivered,XpressBees
CA-2017-121853,SHIP09324,Cancelled,XpressBees
CA-2017-121853,SHIP09325,Delivered,Ecom Express
CA-2017-121853,SHIP09326,Delivered,DTDC
US-2017-130687,SHIP09327,Delivered,Blue Dart
US-2017-130687,SHIP09328,Delivered,Delhivery
US-2017-130687,SHIP09329,Delivered,DTDC
CA-2015-164497,SHIP09330,Delivered,India Post
US-2015-153283,SHIP09331,In Transit,XpressBees
CA-2016-108056,SHIP09332,In Transit,India Post
CA-2017-127726,SHIP09333,Delivered,XpressBees
CA-2017-127726,SHIP09334,Cancelled,DTDC
CA-2017-110198,SHIP09335,Returned,XpressBees
CA-2017-110198,SHIP09336,Delivered,Delhivery
CA-2017-130715,SHIP09337,Delivered,Delhivery
CA-2014-155264,SHIP09338,Delivered,Delhivery
CA-2014-155264,SHIP09339,Delivered,DTDC
CA-2014-155264,SHIP09340,Delivered,India Post
CA-2014-155264,SHIP09341,Delivered,Ecom Express
CA-2014-155264,SHIP09342,Delivered,DTDC
CA-2016-119123,SHIP09343,Delivered,Blue Dart
CA-2017-109085,SHIP09344,Cancelled,XpressBees
CA-2017-109085,SHIP09345,In Transit,DTDC
CA-2017-109085,SHIP09346,In Transit,Blue Dart
CA-2017-109085,SHIP09347,In Transit,Blue Dart
CA-2017-109085,SHIP09348,Delivered,Delhivery
CA-2016-114860,SHIP09349,Delivered,India Post
CA-2016-114860,SHIP09350,Delivered,XpressBees
CA-2016-159009,SHIP09351,Delivered,XpressBees
CA-2016-159009,SHIP09352,Delivered,XpressBees
CA-2017-148411,SHIP09353,Delivered,XpressBees
CA-2017-148411,SHIP09354,In Transit,India Post
CA-2015-110324,SHIP09355,Delivered,India Post
CA-2015-110324,SHIP09356,Delivered,Blue Dart
CA-2015-110324,SHIP09357,Delivered,Delhivery
CA-2016-168046,SHIP09358,Delivered,Ecom Express
CA-2016-168046,SHIP09359,Delivered,XpressBees
CA-2016-168046,SHIP09360,Cancelled,India Post
CA-2016-168046,SHIP09361,Delivered,Ecom Express
CA-2017-111591,SHIP09362,Delivered,Blue Dart
CA-2017-111591,SHIP09363,Cancelled,XpressBees
CA-2017-111591,SHIP09364,Delivered,XpressBees
CA-2017-111591,SHIP09365,Delivered,Ecom Express
US-2014-166828,SHIP09366,Delivered,India Post
CA-2014-108147,SHIP09367,Delivered,India Post
CA-2014-108147,SHIP09368,Cancelled,DTDC
CA-2016-154998,SHIP09369,Delivered,Blue Dart
CA-2017-113460,SHIP09370,Returned,DTDC
CA-2015-111339,SHIP09371,Delivered,DTDC
CA-2015-111339,SHIP09372,Cancelled,DTDC
CA-2015-111339,SHIP09373,Returned,India Post
CA-2017-102820,SHIP09374,Delivered,Delhivery
CA-2016-149671,SHIP09375,Returned,DTDC
CA-2015-126347,SHIP09376,In Transit,XpressBees
CA-2017-108756,SHIP09377,Delivered,Delhivery
CA-2017-155362,SHIP09378,Delivered,XpressBees
CA-2016-117625,SHIP09379,Delivered,Ecom Express
CA-2014-154158,SHIP09380,Delivered,DTDC
CA-2014-154158,SHIP09381,Delivered,Ecom Express
CA-2014-154158,SHIP09382,Delivered,Ecom Express
CA-2014-154158,SHIP09383,Delivered,Ecom Express
CA-2014-154158,SHIP09384,Delivered,Delhivery
CA-2017-100433,SHIP09385,Delivered,Blue Dart
CA-2017-163097,SHIP09386,Cancelled,India Post
US-2017-127292,SHIP09387,Delivered,XpressBees
US-2017-127292,SHIP09388,Delivered,DTDC
US-2017-127292,SHIP09389,Delivered,Ecom Express
US-2017-127292,SHIP09390,In Transit,XpressBees
CA-2015-163734,SHIP09391,In Transit,Blue Dart
CA-2017-162474,SHIP09392,Cancelled,Blue Dart
CA-2015-130848,SHIP09393,Delivered,Blue Dart
CA-2014-125997,SHIP09394,Returned,DTDC
CA-2014-125997,SHIP09395,In Transit,DTDC
CA-2014-125997,SHIP09396,Delivered,Ecom Express
CA-2014-125997,SHIP09397,Delivered,Delhivery
CA-2014-125997,SHIP09398,Returned,Ecom Express
CA-2014-125997,SHIP09399,Delivered,Ecom Express
CA-2016-103128,SHIP09400,Cancelled,Delhivery
CA-2015-167696,SHIP09401,Delivered,Ecom Express
CA-2014-159814,SHIP09402,Delivered,India Post
CA-2016-105459,SHIP09403,Delivered,Delhivery
CA-2016-105459,SHIP09404,Delivered,XpressBees
CA-2017-141663,SHIP09405,Delivered,XpressBees
CA-2014-152618,SHIP09406,Cancelled,Delhivery
CA-2014-152618,SHIP09407,Delivered,XpressBees
CA-2017-162789,SHIP09408,Cancelled,Ecom Express
CA-2017-162789,SHIP09409,Cancelled,Blue Dart
US-2017-110149,SHIP09410,Delivered,Ecom Express
US-2017-110149,SHIP09411,Delivered,DTDC
CA-2016-108959,SHIP09412,Delivered,XpressBees
CA-2015-164777,SHIP09413,Delivered,DTDC
CA-2016-132017,SHIP09414,Delivered,India Post
CA-2015-127824,SHIP09415,Delivered,Delhivery
CA-2015-127824,SHIP09416,Delivered,Blue Dart
CA-2015-127824,SHIP09417,Delivered,DTDC
CA-2014-148285,SHIP09418,Returned,Delhivery
CA-2014-148285,SHIP09419,Delivered,Ecom Express
CA-2017-152926,SHIP09420,Delivered,Blue Dart
CA-2017-152926,SHIP09421,Delivered,Delhivery
CA-2014-145254,SHIP09422,Cancelled,XpressBees
CA-2014-145254,SHIP09423,Returned,XpressBees
CA-2014-145254,SHIP09424,Delivered,Ecom Express
CA-2014-145254,SHIP09425,Returned,Delhivery
CA-2014-116246,SHIP09426,Delivered,Delhivery
CA-2016-160479,SHIP09427,Delivered,XpressBees
CA-2014-167486,SHIP09428,Delivered,XpressBees
CA-2014-152100,SHIP09429,Returned,India Post
CA-2015-166219,SHIP09430,Delivered,DTDC
CA-2015-166219,SHIP09431,In Transit,Blue Dart
CA-2015-111864,SHIP09432,Delivered,XpressBees
CA-2015-119627,SHIP09433,Cancelled,India Post
CA-2015-119627,SHIP09434,Delivered,DTDC
CA-2015-119627,SHIP09435,Delivered,Blue Dart
CA-2015-119627,SHIP09436,Returned,DTDC
CA-2015-160787,SHIP09437,Delivered,XpressBees
CA-2017-107853,SHIP09438,Delivered,DTDC
CA-2017-126144,SHIP09439,Delivered,Blue Dart
US-2014-154655,SHIP09440,Returned,Blue Dart
CA-2014-100391,SHIP09441,Delivered,Ecom Express
CA-2014-165477,SHIP09442,Delivered,DTDC
CA-2017-165904,SHIP09443,Cancelled,XpressBees
CA-2017-165904,SHIP09444,Delivered,DTDC
CA-2015-104052,SHIP09445,Delivered,DTDC
CA-2015-168277,SHIP09446,Delivered,Blue Dart
CA-2016-158617,SHIP09447,Cancelled,India Post
CA-2017-136882,SHIP09448,Delivered,Delhivery
US-2016-148957,SHIP09449,Cancelled,India Post
CA-2014-140032,SHIP09450,Delivered,Delhivery
CA-2017-145506,SHIP09451,Returned,India Post
CA-2015-129546,SHIP09452,Delivered,XpressBees
CA-2015-129546,SHIP09453,Delivered,XpressBees
CA-2015-129546,SHIP09454,Delivered,DTDC
CA-2015-129546,SHIP09455,Delivered,Blue Dart
CA-2016-140977,SHIP09456,Returned,XpressBees
CA-2017-151855,SHIP09457,In Transit,DTDC
CA-2017-151855,SHIP09458,Delivered,XpressBees
CA-2014-138240,SHIP09459,Delivered,DTDC
CA-2014-138240,SHIP09460,Delivered,DTDC
CA-2014-101833,SHIP09461,Delivered,XpressBees
CA-2014-100867,SHIP09462,Delivered,Delhivery
US-2017-109610,SHIP09463,Cancelled,XpressBees
CA-2014-156545,SHIP09464,Delivered,Ecom Express
CA-2014-109127,SHIP09465,Delivered,XpressBees
CA-2016-126858,SHIP09466,Returned,Ecom Express
CA-2017-102925,SHIP09467,Delivered,XpressBees
CA-2017-102925,SHIP09468,Delivered,DTDC
CA-2017-102925,SHIP09469,Delivered,Delhivery
CA-2017-102925,SHIP09470,Delivered,India Post
CA-2017-102925,SHIP09471,Returned,DTDC
CA-2017-102925,SHIP09472,Delivered,India Post
CA-2017-102925,SHIP09473,Delivered,Delhivery
CA-2017-102925,SHIP09474,Delivered,Blue Dart
CA-2015-100818,SHIP09475,Delivered,Ecom Express
CA-2015-100818,SHIP09476,Delivered,XpressBees
CA-2015-100818,SHIP09477,Delivered,Delhivery
CA-2015-100818,SHIP09478,Delivered,XpressBees
CA-2014-126193,SHIP09479,Delivered,XpressBees
CA-2014-126193,SHIP09480,Delivered,Ecom Express
CA-2014-126193,SHIP09481,Delivered,Ecom Express
CA-2017-150504,SHIP09482,Delivered,Blue Dart
CA-2015-158351,SHIP09483,Delivered,India Post
CA-2014-122679,SHIP09484,Delivered,Delhivery
CA-2016-164770,SHIP09485,Delivered,Blue Dart
CA-2016-164770,SHIP09486,Cancelled,DTDC
CA-2017-130505,SHIP09487,Returned,Delhivery
US-2017-125213,SHIP09488,Delivered,Ecom Express
CA-2015-156566,SHIP09489,Delivered,XpressBees
US-2016-102232,SHIP09490,Delivered,India Post
CA-2017-111738,SHIP09491,In Transit,Delhivery
CA-2017-111738,SHIP09492,Returned,XpressBees
CA-2017-163188,SHIP09493,Cancelled,Delhivery
CA-2016-105207,SHIP09494,Delivered,Blue Dart
CA-2016-105207,SHIP09495,Delivered,India Post
US-2016-123610,SHIP09496,In Transit,Delhivery
US-2016-123610,SHIP09497,Delivered,Blue Dart
CA-2017-118213,SHIP09498,Delivered,XpressBees
CA-2017-118213,SHIP09499,In Transit,Delhivery
CA-2017-118213,SHIP09500,Delivered,Ecom Express
CA-2016-149237,SHIP09501,Returned,Ecom Express
US-2015-158589,SHIP09502,Delivered,Ecom Express
CA-2016-101329,SHIP09503,Cancelled,Ecom Express
CA-2016-101329,SHIP09504,Delivered,Ecom Express
CA-2016-113607,SHIP09505,Delivered,Ecom Express
CA-2016-113607,SHIP09506,Cancelled,XpressBees
CA-2014-149104,SHIP09507,Delivered,India Post
CA-2014-149104,SHIP09508,Cancelled,Blue Dart
CA-2014-149104,SHIP09509,Returned,Delhivery
CA-2014-149104,SHIP09510,Cancelled,XpressBees
CA-2016-105263,SHIP09511,Delivered,Delhivery
CA-2014-130575,SHIP09512,In Transit,DTDC
CA-2017-142461,SHIP09513,In Transit,Ecom Express
CA-2016-125220,SHIP09514,Delivered,India Post
CA-2014-100293,SHIP09515,Delivered,Blue Dart
CA-2014-154165,SHIP09516,Delivered,Blue Dart
CA-2015-123939,SHIP09517,In Transit,XpressBees
CA-2015-123939,SHIP09518,Cancelled,XpressBees
CA-2015-123939,SHIP09519,Delivered,Blue Dart
US-2017-104451,SHIP09520,Delivered,Blue Dart
CA-2016-101189,SHIP09521,Delivered,Delhivery
CA-2014-169446,SHIP09522,Delivered,Delhivery
CA-2014-169446,SHIP09523,In Transit,DTDC
CA-2014-169446,SHIP09524,Delivered,Delhivery
CA-2017-156958,SHIP09525,Cancelled,XpressBees
CA-2017-156958,SHIP09526,In Transit,Ecom Express
CA-2017-156958,SHIP09527,Returned,XpressBees
CA-2017-156958,SHIP09528,Delivered,XpressBees
CA-2017-156958,SHIP09529,Delivered,Delhivery
CA-2017-101637,SHIP09530,Delivered,DTDC
CA-2017-111759,SHIP09531,Delivered,India Post
CA-2017-102729,SHIP09532,Delivered,Ecom Express
CA-2016-116596,SHIP09533,Cancelled,Ecom Express
CA-2016-116596,SHIP09534,Delivered,DTDC
CA-2016-116596,SHIP09535,In Transit,XpressBees
CA-2016-116596,SHIP09536,Delivered,India Post
CA-2017-124191,SHIP09537,In Transit,Ecom Express
CA-2016-148747,SHIP09538,Delivered,Blue Dart
US-2017-169488,SHIP09539,Delivered,Ecom Express
US-2017-169488,SHIP09540,Delivered,Ecom Express
CA-2015-135727,SHIP09541,Delivered,DTDC
CA-2015-135251,SHIP09542,Delivered,Ecom Express
CA-2015-135251,SHIP09543,Delivered,Blue Dart
CA-2015-135251,SHIP09544,Delivered,Delhivery
CA-2015-135251,SHIP09545,Delivered,Delhivery
CA-2014-166590,SHIP09546,Delivered,Ecom Express
CA-2014-166590,SHIP09547,Delivered,XpressBees
CA-2016-131744,SHIP09548,Delivered,Delhivery
CA-2016-131744,SHIP09549,Delivered,XpressBees
CA-2016-131744,SHIP09550,Delivered,Ecom Express
CA-2015-160864,SHIP09551,Cancelled,Delhivery
CA-2015-147690,SHIP09552,Delivered,Ecom Express
CA-2015-163923,SHIP09553,Delivered,XpressBees
CA-2016-125724,SHIP09554,Delivered,Blue Dart
CA-2015-111612,SHIP09555,In Transit,Delhivery
CA-2015-111612,SHIP09556,Delivered,XpressBees
CA-2015-156853,SHIP09557,Delivered,Delhivery
CA-2014-103086,SHIP09558,Delivered,XpressBees
CA-2016-129280,SHIP09559,Delivered,XpressBees
CA-2016-129280,SHIP09560,Delivered,XpressBees
CA-2016-129280,SHIP09561,Delivered,India Post
CA-2016-129280,SHIP09562,Delivered,Delhivery
CA-2016-129280,SHIP09563,Delivered,Delhivery
CA-2016-129280,SHIP09564,Delivered,Blue Dart
CA-2015-161242,SHIP09565,Delivered,Blue Dart
CA-2014-130428,SHIP09566,Delivered,Ecom Express
CA-2014-130428,SHIP09567,Delivered,Blue Dart
CA-2014-130428,SHIP09568,Delivered,Delhivery
CA-2017-104388,SHIP09569,Cancelled,Blue Dart
CA-2015-113131,SHIP09570,Delivered,Blue Dart
CA-2015-113131,SHIP09571,Cancelled,India Post
CA-2015-113131,SHIP09572,Delivered,Blue Dart
CA-2015-113131,SHIP09573,Delivered,Blue Dart
CA-2015-113131,SHIP09574,Delivered,Blue Dart
CA-2015-148495,SHIP09575,Delivered,India Post
CA-2015-143147,SHIP09576,Delivered,Blue Dart
CA-2015-143147,SHIP09577,Delivered,Delhivery
CA-2015-143147,SHIP09578,Delivered,Ecom Express
CA-2017-152975,SHIP09579,Delivered,Delhivery
CA-2017-152975,SHIP09580,Delivered,Delhivery
CA-2017-152975,SHIP09581,Delivered,DTDC
CA-2017-152975,SHIP09582,Delivered,India Post
CA-2016-107475,SHIP09583,Delivered,XpressBees
CA-2017-116127,SHIP09584,Delivered,DTDC
CA-2017-132584,SHIP09585,Delivered,DTDC
CA-2016-160598,SHIP09586,Delivered,Delhivery
CA-2016-108630,SHIP09587,Delivered,XpressBees
US-2017-129203,SHIP09588,Delivered,India Post
CA-2017-110940,SHIP09589,Cancelled,DTDC
CA-2014-119172,SHIP09590,Delivered,XpressBees
CA-2014-119172,SHIP09591,Delivered,XpressBees
US-2016-105452,SHIP09592,Cancelled,Delhivery
US-2016-105452,SHIP09593,Delivered,Blue Dart
CA-2017-108931,SHIP09594,Delivered,Ecom Express
CA-2017-108931,SHIP09595,Cancelled,India Post
CA-2017-104619,SHIP09596,Delivered,Delhivery
CA-2017-104619,SHIP09597,Delivered,Blue Dart
CA-2017-104619,SHIP09598,Delivered,DTDC
CA-2015-149517,SHIP09599,Delivered,Ecom Express
CA-2015-116841,SHIP09600,Delivered,Blue Dart
CA-2017-107797,SHIP09601,In Transit,Ecom Express
CA-2016-117604,SHIP09602,Delivered,XpressBees
CA-2014-130155,SHIP09603,Delivered,XpressBees
CA-2016-129861,SHIP09604,Delivered,XpressBees
CA-2015-138625,SHIP09605,Delivered,Delhivery
US-2017-122672,SHIP09606,Delivered,XpressBees
US-2017-122672,SHIP09607,Delivered,India Post
CA-2017-117128,SHIP09608,Delivered,Blue Dart
CA-2017-117128,SHIP09609,Cancelled,Blue Dart
CA-2016-130638,SHIP09610,Delivered,Blue Dart
CA-2016-130638,SHIP09611,In Transit,XpressBees
CA-2017-144365,SHIP09612,Delivered,Delhivery
CA-2016-110086,SHIP09613,Delivered,XpressBees
CA-2014-128524,SHIP09614,Delivered,DTDC
CA-2014-128524,SHIP09615,Delivered,Delhivery
CA-2014-128524,SHIP09616,Delivered,Ecom Express
CA-2016-140256,SHIP09617,Delivered,XpressBees
CA-2017-160633,SHIP09618,Delivered,Ecom Express
CA-2017-160633,SHIP09619,Returned,DTDC
CA-2017-160633,SHIP09620,Delivered,Delhivery
CA-2014-115133,SHIP09621,Delivered,Blue Dart
CA-2014-115133,SHIP09622,Delivered,Delhivery
CA-2014-115133,SHIP09623,Delivered,Blue Dart
CA-2017-137449,SHIP09624,Delivered,Blue Dart
CA-2017-137449,SHIP09625,Cancelled,Blue Dart
CA-2017-137449,SHIP09626,Delivered,DTDC
CA-2017-103520,SHIP09627,Delivered,Ecom Express
CA-2014-139283,SHIP09628,Delivered,Ecom Express
CA-2014-118192,SHIP09629,Delivered,Ecom Express
CA-2014-118192,SHIP09630,Cancelled,India Post
CA-2016-168844,SHIP09631,Cancelled,Blue Dart
CA-2016-168844,SHIP09632,Delivered,Delhivery
CA-2017-154809,SHIP09633,Delivered,Delhivery
CA-2014-151330,SHIP09634,Delivered,XpressBees
CA-2014-151330,SHIP09635,Delivered,India Post
CA-2014-151330,SHIP09636,Cancelled,India Post
CA-2014-124702,SHIP09637,Delivered,India Post
CA-2014-124702,SHIP09638,Cancelled,Delhivery
US-2017-125808,SHIP09639,Delivered,Blue Dart
CA-2015-116638,SHIP09640,Delivered,XpressBees
CA-2014-104563,SHIP09641,In Transit,Blue Dart
CA-2014-104563,SHIP09642,Delivered,DTDC
CA-2014-104563,SHIP09643,Returned,XpressBees
CA-2014-104563,SHIP09644,Delivered,DTDC
US-2017-107979,SHIP09645,Delivered,Delhivery
US-2017-107979,SHIP09646,Returned,XpressBees
US-2017-107979,SHIP09647,Delivered,XpressBees
CA-2014-150518,SHIP09648,Delivered,DTDC
CA-2014-150518,SHIP09649,Delivered,Ecom Express
CA-2016-107104,SHIP09650,Delivered,Ecom Express
CA-2016-107104,SHIP09651,Delivered,DTDC
CA-2016-107104,SHIP09652,Delivered,DTDC
CA-2016-107104,SHIP09653,Returned,XpressBees
CA-2017-161893,SHIP09654,Delivered,XpressBees
CA-2017-161893,SHIP09655,Delivered,Ecom Express
CA-2014-156160,SHIP09656,Delivered,India Post
CA-2014-156160,SHIP09657,In Transit,Blue Dart
CA-2014-156160,SHIP09658,Delivered,Ecom Express
CA-2014-156160,SHIP09659,Returned,DTDC
CA-2014-100860,SHIP09660,Delivered,XpressBees
CA-2016-160717,SHIP09661,Delivered,Delhivery
CA-2016-160717,SHIP09662,Delivered,Ecom Express
CA-2016-160717,SHIP09663,Delivered,Delhivery
CA-2017-132619,SHIP09664,Delivered,Ecom Express
US-2015-120957,SHIP09665,Delivered,XpressBees
CA-2017-157448,SHIP09666,In Transit,India Post
CA-2017-157448,SHIP09667,Returned,India Post
CA-2016-126270,SHIP09668,Delivered,India Post
CA-2016-126270,SHIP09669,Cancelled,India Post
CA-2017-145275,SHIP09670,In Transit,India Post
CA-2015-133396,SHIP09671,Delivered,India Post
US-2017-140312,SHIP09672,Delivered,XpressBees
CA-2016-114867,SHIP09673,Delivered,DTDC
CA-2016-114867,SHIP09674,Returned,DTDC
US-2014-164644,SHIP09675,Delivered,Ecom Express
CA-2016-137393,SHIP09676,Delivered,India Post
US-2014-120175,SHIP09677,In Transit,XpressBees
CA-2016-144785,SHIP09678,Delivered,XpressBees
CA-2016-144785,SHIP09679,Delivered,Delhivery
CA-2015-130113,SHIP09680,Returned,Blue Dart
CA-2015-130113,SHIP09681,In Transit,India Post
CA-2017-122770,SHIP09682,In Transit,DTDC
CA-2017-122770,SHIP09683,Delivered,India Post
CA-2017-122770,SHIP09684,Delivered,DTDC
CA-2017-122770,SHIP09685,Delivered,XpressBees
CA-2017-118668,SHIP09686,Delivered,Delhivery
CA-2017-116498,SHIP09687,Delivered,Ecom Express
US-2017-130603,SHIP09688,Delivered,India Post
US-2017-135986,SHIP09689,In Transit,Blue Dart
US-2017-135986,SHIP09690,Delivered,Ecom Express
CA-2017-140536,SHIP09691,In Transit,Blue Dart
CA-2015-130183,SHIP09692,Delivered,Blue Dart
CA-2015-107902,SHIP09693,Returned,Blue Dart
CA-2017-130148,SHIP09694,Delivered,DTDC
CA-2017-130148,SHIP09695,Returned,India Post
US-2016-151260,SHIP09696,Cancelled,Delhivery
CA-2014-144281,SHIP09697,Cancelled,India Post
CA-2016-122511,SHIP09698,In Transit,Ecom Express
CA-2017-154116,SHIP09699,Returned,Blue Dart
CA-2017-154116,SHIP09700,Cancelled,Blue Dart
CA-2017-154116,SHIP09701,Delivered,DTDC
CA-2016-105291,SHIP09702,Delivered,Delhivery
CA-2017-147032,SHIP09703,Cancelled,Blue Dart
CA-2017-147032,SHIP09704,Delivered,DTDC
CA-2017-147032,SHIP09705,Delivered,Ecom Express
CA-2017-125990,SHIP09706,Delivered,Ecom Express
CA-2016-161746,SHIP09707,Cancelled,Blue Dart
CA-2016-161746,SHIP09708,Delivered,India Post
CA-2016-161746,SHIP09709,Delivered,India Post
CA-2016-161746,SHIP09710,Delivered,India Post
CA-2014-114251,SHIP09711,Delivered,Delhivery
CA-2014-114251,SHIP09712,Delivered,Blue Dart
CA-2014-114251,SHIP09713,Delivered,Delhivery
CA-2014-114251,SHIP09714,Delivered,DTDC
CA-2014-114251,SHIP09715,Delivered,DTDC
CA-2016-116379,SHIP09716,Delivered,India Post
US-2016-144477,SHIP09717,Cancelled,India Post
CA-2016-108210,SHIP09718,Delivered,Delhivery
CA-2016-108210,SHIP09719,Delivered,Delhivery
CA-2017-166835,SHIP09720,Delivered,Delhivery
CA-2016-119641,SHIP09721,Delivered,India Post
CA-2016-105781,SHIP09722,Delivered,Blue Dart
CA-2016-105781,SHIP09723,Returned,Delhivery
CA-2014-101364,SHIP09724,Delivered,Blue Dart
CA-2015-117898,SHIP09725,Delivered,XpressBees
CA-2017-142293,SHIP09726,Cancelled,Blue Dart
CA-2017-167395,SHIP09727,Delivered,DTDC
CA-2017-167395,SHIP09728,Delivered,India Post
CA-2017-167395,SHIP09729,Delivered,Ecom Express
CA-2014-111962,SHIP09730,Delivered,India Post
CA-2014-111962,SHIP09731,Delivered,Blue Dart
CA-2017-124261,SHIP09732,Delivered,Ecom Express
CA-2014-114321,SHIP09733,Delivered,Ecom Express
CA-2014-114321,SHIP09734,Delivered,DTDC
CA-2014-114321,SHIP09735,Delivered,XpressBees
CA-2014-128062,SHIP09736,Delivered,XpressBees
US-2015-100069,SHIP09737,Delivered,Delhivery
CA-2017-129294,SHIP09738,Delivered,Ecom Express
CA-2017-129294,SHIP09739,Delivered,Delhivery
CA-2017-129294,SHIP09740,Delivered,India Post
CA-2017-129294,SHIP09741,Delivered,XpressBees
CA-2015-117086,SHIP09742,Delivered,Ecom Express
CA-2017-131303,SHIP09743,Delivered,India Post
CA-2016-137127,SHIP09744,In Transit,XpressBees
CA-2017-141782,SHIP09745,Delivered,India Post
CA-2017-137505,SHIP09746,Delivered,XpressBees
CA-2017-137505,SHIP09747,Delivered,Blue Dart
US-2014-140914,SHIP09748,Delivered,Blue Dart
US-2014-140914,SHIP09749,Delivered,Blue Dart
CA-2016-158358,SHIP09750,Delivered,Blue Dart
CA-2016-113390,SHIP09751,Delivered,Ecom Express
CA-2016-113390,SHIP09752,Delivered,India Post
US-2016-158680,SHIP09753,Delivered,XpressBees
CA-2017-113705,SHIP09754,Delivered,Ecom Express
CA-2017-113705,SHIP09755,Delivered,DTDC
CA-2017-113705,SHIP09756,Delivered,XpressBees
CA-2017-113705,SHIP09757,Delivered,Ecom Express
CA-2017-113705,SHIP09758,Delivered,Blue Dart
CA-2017-113705,SHIP09759,Delivered,Blue Dart
CA-2016-146913,SHIP09760,Delivered,Delhivery
CA-2017-159135,SHIP09761,Delivered,India Post
CA-2014-121762,SHIP09762,Delivered,XpressBees
CA-2014-121762,SHIP09763,Cancelled,Delhivery
CA-2014-121762,SHIP09764,Returned,Ecom Express
CA-2014-123855,SHIP09765,In Transit,Blue Dart
CA-2017-101959,SHIP09766,In Transit,Ecom Express
CA-2017-101959,SHIP09767,Delivered,Delhivery
CA-2017-102659,SHIP09768,Delivered,India Post
CA-2017-142328,SHIP09769,Delivered,Delhivery
CA-2016-123533,SHIP09770,Returned,Delhivery
CA-2016-123533,SHIP09771,Delivered,Blue Dart
CA-2016-123533,SHIP09772,Delivered,Ecom Express
CA-2016-104983,SHIP09773,Delivered,Ecom Express
CA-2016-160234,SHIP09774,Delivered,Delhivery
CA-2014-169019,SHIP09775,Delivered,DTDC
CA-2014-169019,SHIP09776,Returned,DTDC
CA-2014-169019,SHIP09777,Delivered,India Post
CA-2014-169019,SHIP09778,Returned,Blue Dart
CA-2014-169019,SHIP09779,Delivered,India Post
CA-2014-169019,SHIP09780,Returned,India Post
CA-2016-153178,SHIP09781,Delivered,Delhivery
CA-2016-153178,SHIP09782,Delivered,Delhivery
CA-2015-149748,SHIP09783,Returned,XpressBees
CA-2015-149748,SHIP09784,Delivered,XpressBees
CA-2015-149748,SHIP09785,In Transit,Blue Dart
CA-2015-155635,SHIP09786,Delivered,Blue Dart
US-2014-114377,SHIP09787,Delivered,XpressBees
CA-2017-144491,SHIP09788,Delivered,DTDC
CA-2017-144491,SHIP09789,Delivered,XpressBees
CA-2017-144491,SHIP09790,Delivered,Blue Dart
CA-2017-144491,SHIP09791,Returned,DTDC
CA-2014-127166,SHIP09792,Delivered,India Post
CA-2014-127166,SHIP09793,Delivered,DTDC
CA-2014-127166,SHIP09794,Delivered,India Post
CA-2014-127166,SHIP09795,Returned,XpressBees
CA-2016-125920,SHIP09796,Returned,DTDC
CA-2015-128608,SHIP09797,Delivered,DTDC
CA-2015-128608,SHIP09798,Delivered,Blue Dart
CA-2015-128608,SHIP09799,Delivered,DTDC
CA-2015-128608,SHIP09800,Cancelled,Ecom Express
CA-2015-128608,SHIP09801,Delivered,Delhivery
CA-2017-137918,SHIP09802,Delivered,India Post
CA-2015-122973,SHIP09803,Returned,XpressBees
CA-2015-122973,SHIP09804,Delivered,Blue Dart
CA-2015-122973,SHIP09805,Delivered,Blue Dart
CA-2016-136322,SHIP09806,Delivered,Delhivery
CA-2016-136322,SHIP09807,Delivered,Blue Dart
CA-2017-107209,SHIP09808,Delivered,XpressBees
CA-2017-145093,SHIP09809,In Transit,Blue Dart
US-2014-139640,SHIP09810,Delivered,Delhivery
US-2014-139640,SHIP09811,Cancelled,Blue Dart
CA-2016-117583,SHIP09812,Delivered,Blue Dart
CA-2016-117583,SHIP09813,Delivered,XpressBees
CA-2016-117583,SHIP09814,Delivered,Ecom Express
CA-2016-117583,SHIP09815,Cancelled,Delhivery
CA-2015-162201,SHIP09816,Delivered,India Post
CA-2015-162201,SHIP09817,Delivered,Blue Dart
CA-2015-162201,SHIP09818,Delivered,Ecom Express
CA-2015-162201,SHIP09819,Delivered,Blue Dart
CA-2015-162201,SHIP09820,Delivered,Ecom Express
CA-2015-162201,SHIP09821,Delivered,XpressBees
CA-2015-162201,SHIP09822,Delivered,Ecom Express
US-2014-164406,SHIP09823,Delivered,DTDC
US-2014-164406,SHIP09824,In Transit,India Post
US-2014-164406,SHIP09825,Delivered,XpressBees
US-2014-164406,SHIP09826,Delivered,India Post
US-2014-164406,SHIP09827,In Transit,Blue Dart
CA-2017-169999,SHIP09828,Cancelled,Ecom Express
CA-2017-169999,SHIP09829,Delivered,Blue Dart
US-2017-152842,SHIP09830,Delivered,Blue Dart
CA-2014-113257,SHIP09831,Delivered,Ecom Express
CA-2014-113257,SHIP09832,Delivered,Ecom Express
CA-2014-133963,SHIP09833,Delivered,Delhivery
CA-2017-130302,SHIP09834,Delivered,XpressBees
CA-2016-126627,SHIP09835,Delivered,XpressBees
CA-2016-126627,SHIP09836,Delivered,DTDC
US-2016-125402,SHIP09837,Delivered,India Post
US-2016-125402,SHIP09838,Delivered,XpressBees
US-2016-125402,SHIP09839,Delivered,DTDC
US-2016-125402,SHIP09840,Delivered,Ecom Express
US-2016-125402,SHIP09841,Cancelled,DTDC
US-2016-125402,SHIP09842,Delivered,Delhivery
US-2016-125402,SHIP09843,Delivered,DTDC
CA-2014-163867,SHIP09844,Delivered,Blue Dart
CA-2014-163867,SHIP09845,Returned,Blue Dart
CA-2014-163867,SHIP09846,In Transit,Delhivery
CA-2017-169327,SHIP09847,Delivered,Blue Dart
CA-2017-169327,SHIP09848,In Transit,India Post
CA-2017-169327,SHIP09849,Delivered,Delhivery
CA-2014-142979,SHIP09850,Delivered,XpressBees
CA-2016-158155,SHIP09851,In Transit,Delhivery
CA-2016-158155,SHIP09852,Delivered,DTDC
CA-2016-158155,SHIP09853,Delivered,Delhivery
CA-2016-158155,SHIP09854,Delivered,Ecom Express
CA-2017-138870,SHIP09855,Delivered,DTDC
CA-2017-138870,SHIP09856,Delivered,India Post
CA-2014-120950,SHIP09857,Delivered,Delhivery
CA-2015-164301,SHIP09858,Returned,Blue Dart
CA-2017-113278,SHIP09859,Delivered,Blue Dart
CA-2017-113278,SHIP09860,Delivered,XpressBees
CA-2017-113278,SHIP09861,Delivered,India Post
CA-2017-113278,SHIP09862,Returned,XpressBees
CA-2017-113278,SHIP09863,Delivered,India Post
CA-2017-113278,SHIP09864,Delivered,India Post
CA-2017-113278,SHIP09865,Delivered,India Post
CA-2017-113278,SHIP09866,Cancelled,DTDC
US-2015-116981,SHIP09867,Delivered,Blue Dart
US-2015-116981,SHIP09868,Delivered,Delhivery
CA-2014-114195,SHIP09869,Returned,India Post
CA-2014-114195,SHIP09870,Delivered,Blue Dart
CA-2014-114195,SHIP09871,Delivered,DTDC
CA-2017-146269,SHIP09872,Delivered,India Post
CA-2017-146269,SHIP09873,Delivered,Delhivery
CA-2016-100587,SHIP09874,Delivered,Blue Dart
CA-2016-166653,SHIP09875,Delivered,DTDC
CA-2015-130855,SHIP09876,Delivered,Delhivery
US-2017-166324,SHIP09877,In Transit,DTDC
US-2017-166324,SHIP09878,Delivered,Ecom Express
US-2017-166324,SHIP09879,Delivered,Ecom Express
CA-2016-122581,SHIP09880,Delivered,Delhivery
CA-2015-104297,SHIP09881,Delivered,DTDC
CA-2014-153927,SHIP09882,Delivered,Ecom Express
CA-2014-153927,SHIP09883,Delivered,India Post
CA-2014-112291,SHIP09884,Delivered,DTDC
CA-2014-112291,SHIP09885,Delivered,Blue Dart
CA-2014-112291,SHIP09886,Delivered,Blue Dart
CA-2014-146997,SHIP09887,Returned,Blue Dart
CA-2017-169607,SHIP09888,Delivered,Ecom Express
CA-2015-127544,SHIP09889,Delivered,XpressBees
CA-2017-166499,SHIP09890,Cancelled,India Post
US-2016-115441,SHIP09891,Delivered,India Post
US-2016-115441,SHIP09892,Delivered,Ecom Express
US-2016-115441,SHIP09893,Cancelled,XpressBees
US-2016-115441,SHIP09894,Delivered,India Post
US-2016-115441,SHIP09895,Returned,Ecom Express
CA-2014-115049,SHIP09896,Returned,Blue Dart
CA-2014-156342,SHIP09897,In Transit,DTDC
CA-2016-112830,SHIP09898,Delivered,XpressBees
CA-2016-112830,SHIP09899,Delivered,India Post
US-2014-117380,SHIP09900,Delivered,XpressBees
CA-2017-117646,SHIP09901,Delivered,Blue Dart
CA-2017-117646,SHIP09902,In Transit,Delhivery
CA-2017-117646,SHIP09903,Cancelled,Blue Dart
CA-2014-122609,SHIP09904,Delivered,DTDC
CA-2014-122609,SHIP09905,Delivered,XpressBees
US-2015-129007,SHIP09906,Delivered,Blue Dart
US-2015-129007,SHIP09907,Returned,DTDC
US-2015-129007,SHIP09908,Delivered,India Post
US-2015-129007,SHIP09909,Delivered,Blue Dart
US-2015-129007,SHIP09910,Delivered,Blue Dart
US-2015-129007,SHIP09911,Delivered,DTDC
US-2014-157231,SHIP09912,Delivered,Blue Dart
CA-2015-132388,SHIP09913,Delivered,DTDC
CA-2015-132388,SHIP09914,Delivered,Ecom Express
CA-2017-160927,SHIP09915,Delivered,XpressBees
CA-2017-160927,SHIP09916,Delivered,XpressBees
CA-2017-160927,SHIP09917,Delivered,Blue Dart
CA-2017-160927,SHIP09918,Delivered,DTDC
CA-2015-105508,SHIP09919,Returned,Delhivery
CA-2016-149272,SHIP09920,Delivered,XpressBees
CA-2016-149272,SHIP09921,Delivered,DTDC
CA-2014-111360,SHIP09922,Delivered,XpressBees
US-2017-162124,SHIP09923,In Transit,India Post
CA-2015-159534,SHIP09924,Cancelled,Delhivery
CA-2015-159534,SHIP09925,Delivered,XpressBees
CA-2015-159534,SHIP09926,Delivered,XpressBees
CA-2015-159534,SHIP09927,Delivered,Delhivery
CA-2015-159534,SHIP09928,Delivered,Delhivery
CA-2016-129630,SHIP09929,Returned,Ecom Express
CA-2016-129630,SHIP09930,In Transit,XpressBees
CA-2015-104948,SHIP09931,Delivered,India Post
CA-2015-104948,SHIP09932,Delivered,DTDC
CA-2015-104948,SHIP09933,Cancelled,Blue Dart
CA-2014-166555,SHIP09934,Delivered,DTDC
CA-2016-114405,SHIP09935,Delivered,XpressBees
CA-2016-114405,SHIP09936,Delivered,India Post
CA-2017-132955,SHIP09937,Returned,Delhivery
CA-2016-164889,SHIP09938,Delivered,Ecom Express
CA-2016-169824,SHIP09939,Delivered,Ecom Express
CA-2016-169824,SHIP09940,Delivered,DTDC
CA-2016-169824,SHIP09941,Delivered,India Post
CA-2017-164028,SHIP09942,Cancelled,India Post
CA-2014-143371,SHIP09943,Delivered,Ecom Express
CA-2014-143371,SHIP09944,Delivered,India Post
CA-2015-145415,SHIP09945,Delivered,Blue Dart
CA-2014-111157,SHIP09946,Delivered,Blue Dart
CA-2014-111157,SHIP09947,Delivered,Delhivery
CA-2017-121559,SHIP09948,Delivered,XpressBees
CA-2017-121559,SHIP09949,Returned,Blue Dart
CA-2017-121559,SHIP09950,In Transit,India Post
CA-2017-121559,SHIP09951,Returned,DTDC
CA-2017-121559,SHIP09952,Delivered,DTDC
CA-2015-141593,SHIP09953,Delivered,India Post
CA-2015-141593,SHIP09954,Cancelled,Delhivery
CA-2015-141593,SHIP09955,Delivered,India Post
CA-2015-141593,SHIP09956,Delivered,Blue Dart
US-2014-143287,SHIP09957,Delivered,DTDC
US-2014-143287,SHIP09958,Returned,DTDC
US-2014-143287,SHIP09959,Delivered,Ecom Express
CA-2017-137421,SHIP09960,Delivered,India Post
CA-2017-141446,SHIP09961,Delivered,DTDC
CA-2015-168088,SHIP09962,Delivered,Ecom Express
CA-2015-168088,SHIP09963,Delivered,XpressBees
CA-2015-143700,SHIP09964,In Transit,XpressBees
CA-2016-146374,SHIP09965,Delivered,India Post
CA-2016-146374,SHIP09966,Delivered,DTDC
CA-2016-146374,SHIP09967,Delivered,India Post
CA-2017-153871,SHIP09968,Delivered,Delhivery
CA-2017-153871,SHIP09969,Delivered,XpressBees
CA-2017-153871,SHIP09970,Returned,India Post
CA-2015-103772,SHIP09971,Returned,XpressBees
CA-2015-103772,SHIP09972,Delivered,Blue Dart
CA-2016-130225,SHIP09973,Delivered,India Post
US-2016-103674,SHIP09974,Returned,Blue Dart
US-2016-103674,SHIP09975,Returned,Blue Dart
US-2016-103674,SHIP09976,Delivered,Ecom Express
US-2016-103674,SHIP09977,Cancelled,Ecom Express
US-2016-103674,SHIP09978,Delivered,Ecom Express
US-2016-103674,SHIP09979,Cancelled,Delhivery
US-2016-103674,SHIP09980,Delivered,Blue Dart
US-2015-151435,SHIP09981,Delivered,XpressBees
CA-2017-163566,SHIP09982,In Transit,DTDC
US-2016-157728,SHIP09983,Delivered,Blue Dart
US-2016-157728,SHIP09984,In Transit,Blue Dart
CA-2015-100251,SHIP09985,In Transit,Delhivery
CA-2015-100251,SHIP09986,Delivered,India Post
CA-2016-125794,SHIP09987,Delivered,Ecom Express
CA-2017-163629,SHIP09988,Returned,India Post
CA-2017-163629,SHIP09989,Delivered,Delhivery
CA-2014-110422,SHIP09990,Delivered,Delhivery
CA-2017-121258,SHIP09991,Returned,Blue Dart
CA-2017-121258,SHIP09992,Delivered,DTDC
CA-2017-121258,SHIP09993,Delivered,Ecom Express
CA-2017-119914,SHIP09994,Delivered,DTDC
,,,
,,,
,,,
